📝 Log complet enregistré dans : /c/Users/Nicolas/Desktop/hackathon_ynov/rendu/infra/deploy_20260630_205657.log
🚀 Starting TechCorp AI Full Deployment...
📦 Pulling Git LFS files...
Updated Git hooks.
Git LFS initialized.
🔧 [Financial] Converting HuggingFace adapter to GGUF format...
Unable to find image 'python:3.11' locally
3.11: Pulling from library/python
a71398e66418: Pulling fs layer
3f59c84a7863: Pulling fs layer
aa3e9ef32f73: Pulling fs layer
5543184d4729: Pulling fs layer
0252e6abaf0f: Pulling fs layer
f40567e9ead1: Pulling fs layer
30d0db852850: Pulling fs layer
a71398e66418: Download complete
5543184d4729: Download complete
760962927049: Download complete
f40567e9ead1: Download complete
3f59c84a7863: Download complete
98d215c0b001: Download complete
30d0db852850: Download complete
aa3e9ef32f73: Download complete
aa3e9ef32f73: Pull complete
3f59c84a7863: Pull complete
30d0db852850: Pull complete
0252e6abaf0f: Download complete
0252e6abaf0f: Pull complete
5543184d4729: Pull complete
a71398e66418: Pull complete
f40567e9ead1: Pull complete
Digest: sha256:7fca2df201542db9232b551db50cf4c4930d4baad691dbc973e1720cbf1b3756
Status: Downloaded newer image for python:3.11
WARNING: Running pip as the 'root' user can result in broken permissions and conflicting behaviour with the system package manager. It is recommended to use a virtual environment instead: https://pip.pypa.io/warnings/venv

[notice] A new release of pip is available: 24.0 -> 26.1.2
[notice] To update, run: pip install --upgrade pip
INFO:lora-to-gguf:Loading base model from Hugging Face: microsoft/Phi-3-mini-4k-instruct
INFO:lora-to-gguf:Using model architecture: Phi3ForCausalLM
INFO:gguf.gguf_writer:gguf: This GGUF file is for Little Endian only
INFO:lora-to-gguf:Exporting model...
INFO:hf-to-gguf:blk.0.ffn_down.weight.lora_a, torch.float32 --> F32, shape = {8192, 8}
INFO:hf-to-gguf:blk.0.ffn_down.weight.lora_b, torch.float32 --> F32, shape = {8, 3072}
INFO:hf-to-gguf:blk.0.attn_output.weight.lora_a, torch.float32 --> F32, shape = {3072, 8}
INFO:hf-to-gguf:blk.0.attn_output.weight.lora_b, torch.float32 --> F32, shape = {8, 3072}
INFO:hf-to-gguf:blk.0.attn_qkv.weight.lora_a, torch.float32 --> F32, shape = {3072, 8}
INFO:hf-to-gguf:blk.0.attn_qkv.weight.lora_b, torch.float32 --> F32, shape = {8, 9216}
INFO:hf-to-gguf:blk.1.ffn_down.weight.lora_a, torch.float32 --> F32, shape = {8192, 8}
INFO:hf-to-gguf:blk.1.ffn_down.weight.lora_b, torch.float32 --> F32, shape = {8, 3072}
INFO:hf-to-gguf:blk.1.attn_output.weight.lora_a, torch.float32 --> F32, shape = {3072, 8}
INFO:hf-to-gguf:blk.1.attn_output.weight.lora_b, torch.float32 --> F32, shape = {8, 3072}
INFO:hf-to-gguf:blk.1.attn_qkv.weight.lora_a, torch.float32 --> F32, shape = {3072, 8}
INFO:hf-to-gguf:blk.1.attn_qkv.weight.lora_b, torch.float32 --> F32, shape = {8, 9216}
INFO:hf-to-gguf:blk.10.ffn_down.weight.lora_a, torch.float32 --> F32, shape = {8192, 8}
INFO:hf-to-gguf:blk.10.ffn_down.weight.lora_b, torch.float32 --> F32, shape = {8, 3072}
INFO:hf-to-gguf:blk.10.attn_output.weight.lora_a, torch.float32 --> F32, shape = {3072, 8}
INFO:hf-to-gguf:blk.10.attn_output.weight.lora_b, torch.float32 --> F32, shape = {8, 3072}
INFO:hf-to-gguf:blk.10.attn_qkv.weight.lora_a, torch.float32 --> F32, shape = {3072, 8}
INFO:hf-to-gguf:blk.10.attn_qkv.weight.lora_b, torch.float32 --> F32, shape = {8, 9216}
INFO:hf-to-gguf:blk.11.ffn_down.weight.lora_a, torch.float32 --> F32, shape = {8192, 8}
INFO:hf-to-gguf:blk.11.ffn_down.weight.lora_b, torch.float32 --> F32, shape = {8, 3072}
INFO:hf-to-gguf:blk.11.attn_output.weight.lora_a, torch.float32 --> F32, shape = {3072, 8}
INFO:hf-to-gguf:blk.11.attn_output.weight.lora_b, torch.float32 --> F32, shape = {8, 3072}
INFO:hf-to-gguf:blk.11.attn_qkv.weight.lora_a, torch.float32 --> F32, shape = {3072, 8}
INFO:hf-to-gguf:blk.11.attn_qkv.weight.lora_b, torch.float32 --> F32, shape = {8, 9216}
INFO:hf-to-gguf:blk.12.ffn_down.weight.lora_a, torch.float32 --> F32, shape = {8192, 8}
INFO:hf-to-gguf:blk.12.ffn_down.weight.lora_b, torch.float32 --> F32, shape = {8, 3072}
INFO:hf-to-gguf:blk.12.attn_output.weight.lora_a, torch.float32 --> F32, shape = {3072, 8}
INFO:hf-to-gguf:blk.12.attn_output.weight.lora_b, torch.float32 --> F32, shape = {8, 3072}
INFO:hf-to-gguf:blk.12.attn_qkv.weight.lora_a, torch.float32 --> F32, shape = {3072, 8}
INFO:hf-to-gguf:blk.12.attn_qkv.weight.lora_b, torch.float32 --> F32, shape = {8, 9216}
INFO:hf-to-gguf:blk.13.ffn_down.weight.lora_a, torch.float32 --> F32, shape = {8192, 8}
INFO:hf-to-gguf:blk.13.ffn_down.weight.lora_b, torch.float32 --> F32, shape = {8, 3072}
INFO:hf-to-gguf:blk.13.attn_output.weight.lora_a, torch.float32 --> F32, shape = {3072, 8}
INFO:hf-to-gguf:blk.13.attn_output.weight.lora_b, torch.float32 --> F32, shape = {8, 3072}
INFO:hf-to-gguf:blk.13.attn_qkv.weight.lora_a, torch.float32 --> F32, shape = {3072, 8}
INFO:hf-to-gguf:blk.13.attn_qkv.weight.lora_b, torch.float32 --> F32, shape = {8, 9216}
INFO:hf-to-gguf:blk.14.ffn_down.weight.lora_a, torch.float32 --> F32, shape = {8192, 8}
INFO:hf-to-gguf:blk.14.ffn_down.weight.lora_b, torch.float32 --> F32, shape = {8, 3072}
INFO:hf-to-gguf:blk.14.attn_output.weight.lora_a, torch.float32 --> F32, shape = {3072, 8}
INFO:hf-to-gguf:blk.14.attn_output.weight.lora_b, torch.float32 --> F32, shape = {8, 3072}
INFO:hf-to-gguf:blk.14.attn_qkv.weight.lora_a, torch.float32 --> F32, shape = {3072, 8}
INFO:hf-to-gguf:blk.14.attn_qkv.weight.lora_b, torch.float32 --> F32, shape = {8, 9216}
INFO:hf-to-gguf:blk.15.ffn_down.weight.lora_a, torch.float32 --> F32, shape = {8192, 8}
INFO:hf-to-gguf:blk.15.ffn_down.weight.lora_b, torch.float32 --> F32, shape = {8, 3072}
INFO:hf-to-gguf:blk.15.attn_output.weight.lora_a, torch.float32 --> F32, shape = {3072, 8}
INFO:hf-to-gguf:blk.15.attn_output.weight.lora_b, torch.float32 --> F32, shape = {8, 3072}
INFO:hf-to-gguf:blk.15.attn_qkv.weight.lora_a, torch.float32 --> F32, shape = {3072, 8}
INFO:hf-to-gguf:blk.15.attn_qkv.weight.lora_b, torch.float32 --> F32, shape = {8, 9216}
INFO:hf-to-gguf:blk.16.ffn_down.weight.lora_a, torch.float32 --> F32, shape = {8192, 8}
INFO:hf-to-gguf:blk.16.ffn_down.weight.lora_b, torch.float32 --> F32, shape = {8, 3072}
INFO:hf-to-gguf:blk.16.attn_output.weight.lora_a, torch.float32 --> F32, shape = {3072, 8}
INFO:hf-to-gguf:blk.16.attn_output.weight.lora_b, torch.float32 --> F32, shape = {8, 3072}
INFO:hf-to-gguf:blk.16.attn_qkv.weight.lora_a, torch.float32 --> F32, shape = {3072, 8}
INFO:hf-to-gguf:blk.16.attn_qkv.weight.lora_b, torch.float32 --> F32, shape = {8, 9216}
INFO:hf-to-gguf:blk.17.ffn_down.weight.lora_a, torch.float32 --> F32, shape = {8192, 8}
INFO:hf-to-gguf:blk.17.ffn_down.weight.lora_b, torch.float32 --> F32, shape = {8, 3072}
INFO:hf-to-gguf:blk.17.attn_output.weight.lora_a, torch.float32 --> F32, shape = {3072, 8}
INFO:hf-to-gguf:blk.17.attn_output.weight.lora_b, torch.float32 --> F32, shape = {8, 3072}
INFO:hf-to-gguf:blk.17.attn_qkv.weight.lora_a, torch.float32 --> F32, shape = {3072, 8}
INFO:hf-to-gguf:blk.17.attn_qkv.weight.lora_b, torch.float32 --> F32, shape = {8, 9216}
INFO:hf-to-gguf:blk.18.ffn_down.weight.lora_a, torch.float32 --> F32, shape = {8192, 8}
INFO:hf-to-gguf:blk.18.ffn_down.weight.lora_b, torch.float32 --> F32, shape = {8, 3072}
INFO:hf-to-gguf:blk.18.attn_output.weight.lora_a, torch.float32 --> F32, shape = {3072, 8}
INFO:hf-to-gguf:blk.18.attn_output.weight.lora_b, torch.float32 --> F32, shape = {8, 3072}
INFO:hf-to-gguf:blk.18.attn_qkv.weight.lora_a, torch.float32 --> F32, shape = {3072, 8}
INFO:hf-to-gguf:blk.18.attn_qkv.weight.lora_b, torch.float32 --> F32, shape = {8, 9216}
INFO:hf-to-gguf:blk.19.ffn_down.weight.lora_a, torch.float32 --> F32, shape = {8192, 8}
INFO:hf-to-gguf:blk.19.ffn_down.weight.lora_b, torch.float32 --> F32, shape = {8, 3072}
INFO:hf-to-gguf:blk.19.attn_output.weight.lora_a, torch.float32 --> F32, shape = {3072, 8}
INFO:hf-to-gguf:blk.19.attn_output.weight.lora_b, torch.float32 --> F32, shape = {8, 3072}
INFO:hf-to-gguf:blk.19.attn_qkv.weight.lora_a, torch.float32 --> F32, shape = {3072, 8}
INFO:hf-to-gguf:blk.19.attn_qkv.weight.lora_b, torch.float32 --> F32, shape = {8, 9216}
INFO:hf-to-gguf:blk.2.ffn_down.weight.lora_a, torch.float32 --> F32, shape = {8192, 8}
INFO:hf-to-gguf:blk.2.ffn_down.weight.lora_b, torch.float32 --> F32, shape = {8, 3072}
INFO:hf-to-gguf:blk.2.attn_output.weight.lora_a, torch.float32 --> F32, shape = {3072, 8}
INFO:hf-to-gguf:blk.2.attn_output.weight.lora_b, torch.float32 --> F32, shape = {8, 3072}
INFO:hf-to-gguf:blk.2.attn_qkv.weight.lora_a, torch.float32 --> F32, shape = {3072, 8}
INFO:hf-to-gguf:blk.2.attn_qkv.weight.lora_b, torch.float32 --> F32, shape = {8, 9216}
INFO:hf-to-gguf:blk.20.ffn_down.weight.lora_a, torch.float32 --> F32, shape = {8192, 8}
INFO:hf-to-gguf:blk.20.ffn_down.weight.lora_b, torch.float32 --> F32, shape = {8, 3072}
INFO:hf-to-gguf:blk.20.attn_output.weight.lora_a, torch.float32 --> F32, shape = {3072, 8}
INFO:hf-to-gguf:blk.20.attn_output.weight.lora_b, torch.float32 --> F32, shape = {8, 3072}
INFO:hf-to-gguf:blk.20.attn_qkv.weight.lora_a, torch.float32 --> F32, shape = {3072, 8}
INFO:hf-to-gguf:blk.20.attn_qkv.weight.lora_b, torch.float32 --> F32, shape = {8, 9216}
INFO:hf-to-gguf:blk.21.ffn_down.weight.lora_a, torch.float32 --> F32, shape = {8192, 8}
INFO:hf-to-gguf:blk.21.ffn_down.weight.lora_b, torch.float32 --> F32, shape = {8, 3072}
INFO:hf-to-gguf:blk.21.attn_output.weight.lora_a, torch.float32 --> F32, shape = {3072, 8}
INFO:hf-to-gguf:blk.21.attn_output.weight.lora_b, torch.float32 --> F32, shape = {8, 3072}
INFO:hf-to-gguf:blk.21.attn_qkv.weight.lora_a, torch.float32 --> F32, shape = {3072, 8}
INFO:hf-to-gguf:blk.21.attn_qkv.weight.lora_b, torch.float32 --> F32, shape = {8, 9216}
INFO:hf-to-gguf:blk.22.ffn_down.weight.lora_a, torch.float32 --> F32, shape = {8192, 8}
INFO:hf-to-gguf:blk.22.ffn_down.weight.lora_b, torch.float32 --> F32, shape = {8, 3072}
INFO:hf-to-gguf:blk.22.attn_output.weight.lora_a, torch.float32 --> F32, shape = {3072, 8}
INFO:hf-to-gguf:blk.22.attn_output.weight.lora_b, torch.float32 --> F32, shape = {8, 3072}
INFO:hf-to-gguf:blk.22.attn_qkv.weight.lora_a, torch.float32 --> F32, shape = {3072, 8}
INFO:hf-to-gguf:blk.22.attn_qkv.weight.lora_b, torch.float32 --> F32, shape = {8, 9216}
INFO:hf-to-gguf:blk.23.ffn_down.weight.lora_a, torch.float32 --> F32, shape = {8192, 8}
INFO:hf-to-gguf:blk.23.ffn_down.weight.lora_b, torch.float32 --> F32, shape = {8, 3072}
INFO:hf-to-gguf:blk.23.attn_output.weight.lora_a, torch.float32 --> F32, shape = {3072, 8}
INFO:hf-to-gguf:blk.23.attn_output.weight.lora_b, torch.float32 --> F32, shape = {8, 3072}
INFO:hf-to-gguf:blk.23.attn_qkv.weight.lora_a, torch.float32 --> F32, shape = {3072, 8}
INFO:hf-to-gguf:blk.23.attn_qkv.weight.lora_b, torch.float32 --> F32, shape = {8, 9216}
INFO:hf-to-gguf:blk.24.ffn_down.weight.lora_a, torch.float32 --> F32, shape = {8192, 8}
INFO:hf-to-gguf:blk.24.ffn_down.weight.lora_b, torch.float32 --> F32, shape = {8, 3072}
INFO:hf-to-gguf:blk.24.attn_output.weight.lora_a, torch.float32 --> F32, shape = {3072, 8}
INFO:hf-to-gguf:blk.24.attn_output.weight.lora_b, torch.float32 --> F32, shape = {8, 3072}
INFO:hf-to-gguf:blk.24.attn_qkv.weight.lora_a, torch.float32 --> F32, shape = {3072, 8}
INFO:hf-to-gguf:blk.24.attn_qkv.weight.lora_b, torch.float32 --> F32, shape = {8, 9216}
INFO:hf-to-gguf:blk.25.ffn_down.weight.lora_a, torch.float32 --> F32, shape = {8192, 8}
INFO:hf-to-gguf:blk.25.ffn_down.weight.lora_b, torch.float32 --> F32, shape = {8, 3072}
INFO:hf-to-gguf:blk.25.attn_output.weight.lora_a, torch.float32 --> F32, shape = {3072, 8}
INFO:hf-to-gguf:blk.25.attn_output.weight.lora_b, torch.float32 --> F32, shape = {8, 3072}
INFO:hf-to-gguf:blk.25.attn_qkv.weight.lora_a, torch.float32 --> F32, shape = {3072, 8}
INFO:hf-to-gguf:blk.25.attn_qkv.weight.lora_b, torch.float32 --> F32, shape = {8, 9216}
INFO:hf-to-gguf:blk.26.ffn_down.weight.lora_a, torch.float32 --> F32, shape = {8192, 8}
INFO:hf-to-gguf:blk.26.ffn_down.weight.lora_b, torch.float32 --> F32, shape = {8, 3072}
INFO:hf-to-gguf:blk.26.attn_output.weight.lora_a, torch.float32 --> F32, shape = {3072, 8}
INFO:hf-to-gguf:blk.26.attn_output.weight.lora_b, torch.float32 --> F32, shape = {8, 3072}
INFO:hf-to-gguf:blk.26.attn_qkv.weight.lora_a, torch.float32 --> F32, shape = {3072, 8}
INFO:hf-to-gguf:blk.26.attn_qkv.weight.lora_b, torch.float32 --> F32, shape = {8, 9216}
INFO:hf-to-gguf:blk.27.ffn_down.weight.lora_a, torch.float32 --> F32, shape = {8192, 8}
INFO:hf-to-gguf:blk.27.ffn_down.weight.lora_b, torch.float32 --> F32, shape = {8, 3072}
INFO:hf-to-gguf:blk.27.attn_output.weight.lora_a, torch.float32 --> F32, shape = {3072, 8}
INFO:hf-to-gguf:blk.27.attn_output.weight.lora_b, torch.float32 --> F32, shape = {8, 3072}
INFO:hf-to-gguf:blk.27.attn_qkv.weight.lora_a, torch.float32 --> F32, shape = {3072, 8}
INFO:hf-to-gguf:blk.27.attn_qkv.weight.lora_b, torch.float32 --> F32, shape = {8, 9216}
INFO:hf-to-gguf:blk.28.ffn_down.weight.lora_a, torch.float32 --> F32, shape = {8192, 8}
INFO:hf-to-gguf:blk.28.ffn_down.weight.lora_b, torch.float32 --> F32, shape = {8, 3072}
INFO:hf-to-gguf:blk.28.attn_output.weight.lora_a, torch.float32 --> F32, shape = {3072, 8}
INFO:hf-to-gguf:blk.28.attn_output.weight.lora_b, torch.float32 --> F32, shape = {8, 3072}
INFO:hf-to-gguf:blk.28.attn_qkv.weight.lora_a, torch.float32 --> F32, shape = {3072, 8}
INFO:hf-to-gguf:blk.28.attn_qkv.weight.lora_b, torch.float32 --> F32, shape = {8, 9216}
INFO:hf-to-gguf:blk.29.ffn_down.weight.lora_a, torch.float32 --> F32, shape = {8192, 8}
INFO:hf-to-gguf:blk.29.ffn_down.weight.lora_b, torch.float32 --> F32, shape = {8, 3072}
INFO:hf-to-gguf:blk.29.attn_output.weight.lora_a, torch.float32 --> F32, shape = {3072, 8}
INFO:hf-to-gguf:blk.29.attn_output.weight.lora_b, torch.float32 --> F32, shape = {8, 3072}
INFO:hf-to-gguf:blk.29.attn_qkv.weight.lora_a, torch.float32 --> F32, shape = {3072, 8}
INFO:hf-to-gguf:blk.29.attn_qkv.weight.lora_b, torch.float32 --> F32, shape = {8, 9216}
INFO:hf-to-gguf:blk.3.ffn_down.weight.lora_a, torch.float32 --> F32, shape = {8192, 8}
INFO:hf-to-gguf:blk.3.ffn_down.weight.lora_b, torch.float32 --> F32, shape = {8, 3072}
INFO:hf-to-gguf:blk.3.attn_output.weight.lora_a, torch.float32 --> F32, shape = {3072, 8}
INFO:hf-to-gguf:blk.3.attn_output.weight.lora_b, torch.float32 --> F32, shape = {8, 3072}
INFO:hf-to-gguf:blk.3.attn_qkv.weight.lora_a, torch.float32 --> F32, shape = {3072, 8}
INFO:hf-to-gguf:blk.3.attn_qkv.weight.lora_b, torch.float32 --> F32, shape = {8, 9216}
INFO:hf-to-gguf:blk.30.ffn_down.weight.lora_a, torch.float32 --> F32, shape = {8192, 8}
INFO:hf-to-gguf:blk.30.ffn_down.weight.lora_b, torch.float32 --> F32, shape = {8, 3072}
INFO:hf-to-gguf:blk.30.attn_output.weight.lora_a, torch.float32 --> F32, shape = {3072, 8}
INFO:hf-to-gguf:blk.30.attn_output.weight.lora_b, torch.float32 --> F32, shape = {8, 3072}
INFO:hf-to-gguf:blk.30.attn_qkv.weight.lora_a, torch.float32 --> F32, shape = {3072, 8}
INFO:hf-to-gguf:blk.30.attn_qkv.weight.lora_b, torch.float32 --> F32, shape = {8, 9216}
INFO:hf-to-gguf:blk.31.ffn_down.weight.lora_a, torch.float32 --> F32, shape = {8192, 8}
INFO:hf-to-gguf:blk.31.ffn_down.weight.lora_b, torch.float32 --> F32, shape = {8, 3072}
INFO:hf-to-gguf:blk.31.attn_output.weight.lora_a, torch.float32 --> F32, shape = {3072, 8}
INFO:hf-to-gguf:blk.31.attn_output.weight.lora_b, torch.float32 --> F32, shape = {8, 3072}
INFO:hf-to-gguf:blk.31.attn_qkv.weight.lora_a, torch.float32 --> F32, shape = {3072, 8}
INFO:hf-to-gguf:blk.31.attn_qkv.weight.lora_b, torch.float32 --> F32, shape = {8, 9216}
INFO:hf-to-gguf:blk.4.ffn_down.weight.lora_a, torch.float32 --> F32, shape = {8192, 8}
INFO:hf-to-gguf:blk.4.ffn_down.weight.lora_b, torch.float32 --> F32, shape = {8, 3072}
INFO:hf-to-gguf:blk.4.attn_output.weight.lora_a, torch.float32 --> F32, shape = {3072, 8}
INFO:hf-to-gguf:blk.4.attn_output.weight.lora_b, torch.float32 --> F32, shape = {8, 3072}
INFO:hf-to-gguf:blk.4.attn_qkv.weight.lora_a, torch.float32 --> F32, shape = {3072, 8}
INFO:hf-to-gguf:blk.4.attn_qkv.weight.lora_b, torch.float32 --> F32, shape = {8, 9216}
INFO:hf-to-gguf:blk.5.ffn_down.weight.lora_a, torch.float32 --> F32, shape = {8192, 8}
INFO:hf-to-gguf:blk.5.ffn_down.weight.lora_b, torch.float32 --> F32, shape = {8, 3072}
INFO:hf-to-gguf:blk.5.attn_output.weight.lora_a, torch.float32 --> F32, shape = {3072, 8}
INFO:hf-to-gguf:blk.5.attn_output.weight.lora_b, torch.float32 --> F32, shape = {8, 3072}
INFO:hf-to-gguf:blk.5.attn_qkv.weight.lora_a, torch.float32 --> F32, shape = {3072, 8}
INFO:hf-to-gguf:blk.5.attn_qkv.weight.lora_b, torch.float32 --> F32, shape = {8, 9216}
INFO:hf-to-gguf:blk.6.ffn_down.weight.lora_a, torch.float32 --> F32, shape = {8192, 8}
INFO:hf-to-gguf:blk.6.ffn_down.weight.lora_b, torch.float32 --> F32, shape = {8, 3072}
INFO:hf-to-gguf:blk.6.attn_output.weight.lora_a, torch.float32 --> F32, shape = {3072, 8}
INFO:hf-to-gguf:blk.6.attn_output.weight.lora_b, torch.float32 --> F32, shape = {8, 3072}
INFO:hf-to-gguf:blk.6.attn_qkv.weight.lora_a, torch.float32 --> F32, shape = {3072, 8}
INFO:hf-to-gguf:blk.6.attn_qkv.weight.lora_b, torch.float32 --> F32, shape = {8, 9216}
INFO:hf-to-gguf:blk.7.ffn_down.weight.lora_a, torch.float32 --> F32, shape = {8192, 8}
INFO:hf-to-gguf:blk.7.ffn_down.weight.lora_b, torch.float32 --> F32, shape = {8, 3072}
INFO:hf-to-gguf:blk.7.attn_output.weight.lora_a, torch.float32 --> F32, shape = {3072, 8}
INFO:hf-to-gguf:blk.7.attn_output.weight.lora_b, torch.float32 --> F32, shape = {8, 3072}
INFO:hf-to-gguf:blk.7.attn_qkv.weight.lora_a, torch.float32 --> F32, shape = {3072, 8}
INFO:hf-to-gguf:blk.7.attn_qkv.weight.lora_b, torch.float32 --> F32, shape = {8, 9216}
INFO:hf-to-gguf:blk.8.ffn_down.weight.lora_a, torch.float32 --> F32, shape = {8192, 8}
INFO:hf-to-gguf:blk.8.ffn_down.weight.lora_b, torch.float32 --> F32, shape = {8, 3072}
INFO:hf-to-gguf:blk.8.attn_output.weight.lora_a, torch.float32 --> F32, shape = {3072, 8}
INFO:hf-to-gguf:blk.8.attn_output.weight.lora_b, torch.float32 --> F32, shape = {8, 3072}
INFO:hf-to-gguf:blk.8.attn_qkv.weight.lora_a, torch.float32 --> F32, shape = {3072, 8}
INFO:hf-to-gguf:blk.8.attn_qkv.weight.lora_b, torch.float32 --> F32, shape = {8, 9216}
INFO:hf-to-gguf:blk.9.ffn_down.weight.lora_a, torch.float32 --> F32, shape = {8192, 8}
INFO:hf-to-gguf:blk.9.ffn_down.weight.lora_b, torch.float32 --> F32, shape = {8, 3072}
INFO:hf-to-gguf:blk.9.attn_output.weight.lora_a, torch.float32 --> F32, shape = {3072, 8}
INFO:hf-to-gguf:blk.9.attn_output.weight.lora_b, torch.float32 --> F32, shape = {8, 3072}
INFO:hf-to-gguf:blk.9.attn_qkv.weight.lora_a, torch.float32 --> F32, shape = {3072, 8}
INFO:hf-to-gguf:blk.9.attn_qkv.weight.lora_b, torch.float32 --> F32, shape = {8, 9216}
INFO:hf-to-gguf:Set meta model
INFO:hf-to-gguf:Set model parameters
INFO:hf-to-gguf:Set model quantization version
INFO:hf-to-gguf:Set model tokenizer
INFO:gguf.gguf_writer:Writing the following files:
INFO:gguf.gguf_writer:phi3_financial/adapter.gguf: n_tensors = 192, total_size = 30.4M
Writing:   0%|          | 0.00/30.4M [00:00<?, ?byte/s]Writing:  39%|███▉      | 12.0M/30.4M [00:00<00:00, 119Mbyte/s]Writing:  80%|███████▉  | 24.2M/30.4M [00:00<00:00, 121Mbyte/s]Writing: 100%|██████████| 30.4M/30.4M [00:00<00:00, 120Mbyte/s]
INFO:lora-to-gguf:Model successfully exported to phi3_financial/adapter.gguf
🧠 [Medical] Merging base model and LoRA adapter, then converting to GGUF...
📦 [Medical] Installation des dépendances Python (peut prendre quelques minutes)...
Collecting transformers==4.46.3
  Downloading transformers-4.46.3-py3-none-any.whl.metadata (44 kB)
     ━━━━━━━━━━━━━━━━━━━━━━━━━━━━━━━━━━━━━━━━ 44.1/44.1 kB 1.6 MB/s eta 0:00:00
Collecting trl==0.12.1
  Downloading trl-0.12.1-py3-none-any.whl.metadata (10 kB)
Collecting peft==0.13.2
  Downloading peft-0.13.2-py3-none-any.whl.metadata (13 kB)
Collecting accelerate==1.1.1
  Downloading accelerate-1.1.1-py3-none-any.whl.metadata (19 kB)
Collecting datasets==3.1.0
  Downloading datasets-3.1.0-py3-none-any.whl.metadata (20 kB)
Collecting filelock (from transformers==4.46.3)
  Downloading filelock-3.29.4-py3-none-any.whl.metadata (2.0 kB)
Collecting huggingface-hub<1.0,>=0.23.2 (from transformers==4.46.3)
  Downloading huggingface_hub-0.36.2-py3-none-any.whl.metadata (15 kB)
Collecting numpy>=1.17 (from transformers==4.46.3)
  Downloading numpy-2.4.6-cp311-cp311-manylinux_2_27_x86_64.manylinux_2_28_x86_64.whl.metadata (6.6 kB)
Collecting packaging>=20.0 (from transformers==4.46.3)
  Downloading packaging-26.2-py3-none-any.whl.metadata (3.5 kB)
Collecting pyyaml>=5.1 (from transformers==4.46.3)
  Downloading pyyaml-6.0.3-cp311-cp311-manylinux2014_x86_64.manylinux_2_17_x86_64.manylinux_2_28_x86_64.whl.metadata (2.4 kB)
Collecting regex!=2019.12.17 (from transformers==4.46.3)
  Downloading regex-2026.6.28-cp311-cp311-manylinux2014_x86_64.manylinux_2_17_x86_64.manylinux_2_28_x86_64.whl.metadata (40 kB)
     ━━━━━━━━━━━━━━━━━━━━━━━━━━━━━━━━━━━━━━━━ 40.5/40.5 kB 3.8 MB/s eta 0:00:00
Collecting requests (from transformers==4.46.3)
  Downloading requests-2.34.2-py3-none-any.whl.metadata (4.8 kB)
Collecting tokenizers<0.21,>=0.20 (from transformers==4.46.3)
  Downloading tokenizers-0.20.3-cp311-cp311-manylinux_2_17_x86_64.manylinux2014_x86_64.whl.metadata (6.7 kB)
Collecting safetensors>=0.4.1 (from transformers==4.46.3)
  Downloading safetensors-0.8.0-cp310-abi3-manylinux_2_17_x86_64.manylinux2014_x86_64.whl.metadata (4.2 kB)
Collecting tqdm>=4.27 (from transformers==4.46.3)
  Downloading tqdm-4.68.3-py3-none-any.whl.metadata (57 kB)
     ━━━━━━━━━━━━━━━━━━━━━━━━━━━━━━━━━━━━━━━━ 57.4/57.4 kB 5.4 MB/s eta 0:00:00
Collecting rich (from trl==0.12.1)
  Downloading rich-15.0.0-py3-none-any.whl.metadata (18 kB)
Collecting psutil (from peft==0.13.2)
  Downloading psutil-7.2.2-cp36-abi3-manylinux2010_x86_64.manylinux_2_12_x86_64.manylinux_2_28_x86_64.whl.metadata (22 kB)
Collecting torch>=1.13.0 (from peft==0.13.2)
  Downloading torch-2.12.1-cp311-cp311-manylinux_2_28_x86_64.whl.metadata (31 kB)
Collecting pyarrow>=15.0.0 (from datasets==3.1.0)
  Downloading pyarrow-24.0.0-cp311-cp311-manylinux_2_28_x86_64.whl.metadata (3.0 kB)
Collecting dill<0.3.9,>=0.3.0 (from datasets==3.1.0)
  Downloading dill-0.3.8-py3-none-any.whl.metadata (10 kB)
Collecting pandas (from datasets==3.1.0)
  Downloading pandas-3.0.3-cp311-cp311-manylinux_2_24_x86_64.manylinux_2_28_x86_64.whl.metadata (79 kB)
     ━━━━━━━━━━━━━━━━━━━━━━━━━━━━━━━━━━━━━━━━ 79.5/79.5 kB 6.8 MB/s eta 0:00:00
Collecting xxhash (from datasets==3.1.0)
  Downloading xxhash-3.8.0-cp311-cp311-manylinux2014_x86_64.manylinux_2_17_x86_64.manylinux_2_28_x86_64.whl.metadata (14 kB)
Collecting multiprocess<0.70.17 (from datasets==3.1.0)
  Downloading multiprocess-0.70.16-py311-none-any.whl.metadata (7.2 kB)
Collecting fsspec<=2024.9.0,>=2023.1.0 (from fsspec[http]<=2024.9.0,>=2023.1.0->datasets==3.1.0)
  Downloading fsspec-2024.9.0-py3-none-any.whl.metadata (11 kB)
Collecting aiohttp (from datasets==3.1.0)
  Downloading aiohttp-3.14.1-cp311-cp311-manylinux2014_x86_64.manylinux_2_17_x86_64.manylinux_2_28_x86_64.whl.metadata (8.3 kB)
Collecting aiohappyeyeballs>=2.5.0 (from aiohttp->datasets==3.1.0)
  Downloading aiohappyeyeballs-2.6.2-py3-none-any.whl.metadata (5.9 kB)
Collecting aiosignal>=1.4.0 (from aiohttp->datasets==3.1.0)
  Downloading aiosignal-1.4.0-py3-none-any.whl.metadata (3.7 kB)
Collecting attrs>=17.3.0 (from aiohttp->datasets==3.1.0)
  Downloading attrs-26.1.0-py3-none-any.whl.metadata (8.8 kB)
Collecting frozenlist>=1.1.1 (from aiohttp->datasets==3.1.0)
  Downloading frozenlist-1.8.0-cp311-cp311-manylinux1_x86_64.manylinux_2_28_x86_64.manylinux_2_5_x86_64.whl.metadata (20 kB)
Collecting multidict<7.0,>=4.5 (from aiohttp->datasets==3.1.0)
  Downloading multidict-6.7.1-cp311-cp311-manylinux2014_x86_64.manylinux_2_17_x86_64.manylinux_2_28_x86_64.whl.metadata (5.3 kB)
Collecting propcache>=0.2.0 (from aiohttp->datasets==3.1.0)
  Downloading propcache-0.5.2-cp311-cp311-manylinux2014_x86_64.manylinux_2_17_x86_64.manylinux_2_28_x86_64.whl.metadata (16 kB)
Collecting typing_extensions>=4.4 (from aiohttp->datasets==3.1.0)
  Downloading typing_extensions-4.15.0-py3-none-any.whl.metadata (3.3 kB)
Collecting yarl<2.0,>=1.17.0 (from aiohttp->datasets==3.1.0)
  Downloading yarl-1.24.2-cp311-cp311-manylinux2014_x86_64.manylinux_2_17_x86_64.manylinux_2_28_x86_64.whl.metadata (94 kB)
     ━━━━━━━━━━━━━━━━━━━━━━━━━━━━━━━━━━━━━━━━ 94.2/94.2 kB 6.7 MB/s eta 0:00:00
Collecting hf-xet<2.0.0,>=1.1.3 (from huggingface-hub<1.0,>=0.23.2->transformers==4.46.3)
  Downloading hf_xet-1.5.1-cp37-abi3-manylinux2014_x86_64.manylinux_2_17_x86_64.whl.metadata (4.9 kB)
Collecting charset_normalizer<4,>=2 (from requests->transformers==4.46.3)
  Downloading charset_normalizer-3.4.7-cp311-cp311-manylinux2014_x86_64.manylinux_2_17_x86_64.manylinux_2_28_x86_64.whl.metadata (40 kB)
     ━━━━━━━━━━━━━━━━━━━━━━━━━━━━━━━━━━━━━━━━ 40.9/40.9 kB 5.9 MB/s eta 0:00:00
Collecting idna<4,>=2.5 (from requests->transformers==4.46.3)
  Downloading idna-3.18-py3-none-any.whl.metadata (6.1 kB)
Collecting urllib3<3,>=1.26 (from requests->transformers==4.46.3)
  Downloading urllib3-2.7.0-py3-none-any.whl.metadata (6.9 kB)
Collecting certifi>=2023.5.7 (from requests->transformers==4.46.3)
  Downloading certifi-2026.6.17-py3-none-any.whl.metadata (2.5 kB)
Requirement already satisfied: setuptools<82 in /usr/local/lib/python3.11/site-packages (from torch>=1.13.0->peft==0.13.2) (79.0.1)
Collecting sympy>=1.13.3 (from torch>=1.13.0->peft==0.13.2)
  Downloading sympy-1.14.0-py3-none-any.whl.metadata (12 kB)
Collecting networkx>=2.5.1 (from torch>=1.13.0->peft==0.13.2)
  Downloading networkx-3.6.1-py3-none-any.whl.metadata (6.8 kB)
Collecting jinja2 (from torch>=1.13.0->peft==0.13.2)
  Downloading jinja2-3.1.6-py3-none-any.whl.metadata (2.9 kB)
Collecting cuda-toolkit==13.0.2 (from cuda-toolkit[cudart,cufft,cufile,cupti,curand,cusolver,cusparse,nvjitlink,nvrtc,nvtx]==13.0.2; platform_system == "Linux"->torch>=1.13.0->peft==0.13.2)
  Downloading cuda_toolkit-13.0.2-py2.py3-none-any.whl.metadata (9.4 kB)
Collecting nvidia-cublas<=13.1.1.3,>=13.1.0.3 (from torch>=1.13.0->peft==0.13.2)
  Downloading nvidia_cublas-13.1.1.3-py3-none-manylinux_2_27_x86_64.whl.metadata (1.8 kB)
Collecting cuda-bindings<14,>=13.0.3 (from torch>=1.13.0->peft==0.13.2)
  Downloading cuda_bindings-13.3.1-cp311-cp311-manylinux_2_24_x86_64.manylinux_2_28_x86_64.whl.metadata (2.5 kB)
Collecting nvidia-cudnn-cu13==9.20.0.48 (from torch>=1.13.0->peft==0.13.2)
  Downloading nvidia_cudnn_cu13-9.20.0.48-py3-none-manylinux_2_27_x86_64.whl.metadata (1.9 kB)
Collecting nvidia-cusparselt-cu13==0.8.1 (from torch>=1.13.0->peft==0.13.2)
  Downloading nvidia_cusparselt_cu13-0.8.1-py3-none-manylinux2014_x86_64.whl.metadata (12 kB)
Collecting nvidia-nccl-cu13==2.29.7 (from torch>=1.13.0->peft==0.13.2)
  Downloading nvidia_nccl_cu13-2.29.7-py3-none-manylinux_2_18_x86_64.whl.metadata (2.1 kB)
Collecting nvidia-nvshmem-cu13==3.4.5 (from torch>=1.13.0->peft==0.13.2)
  Downloading nvidia_nvshmem_cu13-3.4.5-py3-none-manylinux2014_x86_64.manylinux_2_17_x86_64.whl.metadata (2.1 kB)
Collecting triton==3.7.1 (from torch>=1.13.0->peft==0.13.2)
  Downloading triton-3.7.1-cp311-cp311-manylinux_2_27_x86_64.manylinux_2_28_x86_64.whl.metadata (1.7 kB)
Collecting nvidia-cuda-runtime==13.0.96.* (from cuda-toolkit[cudart,cufft,cufile,cupti,curand,cusolver,cusparse,nvjitlink,nvrtc,nvtx]==13.0.2; platform_system == "Linux"->torch>=1.13.0->peft==0.13.2)
  Downloading nvidia_cuda_runtime-13.0.96-py3-none-manylinux2014_x86_64.manylinux_2_17_x86_64.whl.metadata (1.7 kB)
Collecting nvidia-cufft==12.0.0.61.* (from cuda-toolkit[cudart,cufft,cufile,cupti,curand,cusolver,cusparse,nvjitlink,nvrtc,nvtx]==13.0.2; platform_system == "Linux"->torch>=1.13.0->peft==0.13.2)
  Downloading nvidia_cufft-12.0.0.61-py3-none-manylinux2014_x86_64.manylinux_2_17_x86_64.whl.metadata (1.8 kB)
Collecting nvidia-cufile==1.15.1.6.* (from cuda-toolkit[cudart,cufft,cufile,cupti,curand,cusolver,cusparse,nvjitlink,nvrtc,nvtx]==13.0.2; platform_system == "Linux"->torch>=1.13.0->peft==0.13.2)
  Downloading nvidia_cufile-1.15.1.6-py3-none-manylinux2014_x86_64.manylinux_2_17_x86_64.whl.metadata (1.7 kB)
Collecting nvidia-cuda-cupti==13.0.85.* (from cuda-toolkit[cudart,cufft,cufile,cupti,curand,cusolver,cusparse,nvjitlink,nvrtc,nvtx]==13.0.2; platform_system == "Linux"->torch>=1.13.0->peft==0.13.2)
  Downloading nvidia_cuda_cupti-13.0.85-py3-none-manylinux_2_25_x86_64.whl.metadata (1.7 kB)
Collecting nvidia-curand==10.4.0.35.* (from cuda-toolkit[cudart,cufft,cufile,cupti,curand,cusolver,cusparse,nvjitlink,nvrtc,nvtx]==13.0.2; platform_system == "Linux"->torch>=1.13.0->peft==0.13.2)
  Downloading nvidia_curand-10.4.0.35-py3-none-manylinux_2_27_x86_64.whl.metadata (1.7 kB)
Collecting nvidia-cusolver==12.0.4.66.* (from cuda-toolkit[cudart,cufft,cufile,cupti,curand,cusolver,cusparse,nvjitlink,nvrtc,nvtx]==13.0.2; platform_system == "Linux"->torch>=1.13.0->peft==0.13.2)
  Downloading nvidia_cusolver-12.0.4.66-py3-none-manylinux_2_27_x86_64.whl.metadata (1.8 kB)
Collecting nvidia-cusparse==12.6.3.3.* (from cuda-toolkit[cudart,cufft,cufile,cupti,curand,cusolver,cusparse,nvjitlink,nvrtc,nvtx]==13.0.2; platform_system == "Linux"->torch>=1.13.0->peft==0.13.2)
  Downloading nvidia_cusparse-12.6.3.3-py3-none-manylinux2014_x86_64.manylinux_2_17_x86_64.whl.metadata (1.8 kB)
Collecting nvidia-nvjitlink==13.0.88.* (from cuda-toolkit[cudart,cufft,cufile,cupti,curand,cusolver,cusparse,nvjitlink,nvrtc,nvtx]==13.0.2; platform_system == "Linux"->torch>=1.13.0->peft==0.13.2)
  Downloading nvidia_nvjitlink-13.0.88-py3-none-manylinux2010_x86_64.manylinux_2_12_x86_64.whl.metadata (1.7 kB)
Collecting nvidia-cuda-nvrtc==13.0.88.* (from cuda-toolkit[cudart,cufft,cufile,cupti,curand,cusolver,cusparse,nvjitlink,nvrtc,nvtx]==13.0.2; platform_system == "Linux"->torch>=1.13.0->peft==0.13.2)
  Downloading nvidia_cuda_nvrtc-13.0.88-py3-none-manylinux2010_x86_64.manylinux_2_12_x86_64.whl.metadata (1.7 kB)
Collecting nvidia-nvtx==13.0.85.* (from cuda-toolkit[cudart,cufft,cufile,cupti,curand,cusolver,cusparse,nvjitlink,nvrtc,nvtx]==13.0.2; platform_system == "Linux"->torch>=1.13.0->peft==0.13.2)
  Downloading nvidia_nvtx-13.0.85-py3-none-manylinux1_x86_64.manylinux_2_5_x86_64.whl.metadata (1.8 kB)
Collecting python-dateutil>=2.8.2 (from pandas->datasets==3.1.0)
  Downloading python_dateutil-2.9.0.post0-py2.py3-none-any.whl.metadata (8.4 kB)
Collecting markdown-it-py>=2.2.0 (from rich->trl==0.12.1)
  Downloading markdown_it_py-4.2.0-py3-none-any.whl.metadata (7.4 kB)
Collecting pygments<3.0.0,>=2.13.0 (from rich->trl==0.12.1)
  Downloading pygments-2.20.0-py3-none-any.whl.metadata (2.5 kB)
Collecting cuda-pathfinder>=1.4.2 (from cuda-bindings<14,>=13.0.3->torch>=1.13.0->peft==0.13.2)
  Downloading cuda_pathfinder-1.5.6-py3-none-any.whl.metadata (1.9 kB)
Collecting mdurl~=0.1 (from markdown-it-py>=2.2.0->rich->trl==0.12.1)
  Downloading mdurl-0.1.2-py3-none-any.whl.metadata (1.6 kB)
Collecting six>=1.5 (from python-dateutil>=2.8.2->pandas->datasets==3.1.0)
  Downloading six-1.17.0-py2.py3-none-any.whl.metadata (1.7 kB)
Collecting mpmath<1.4,>=1.1.0 (from sympy>=1.13.3->torch>=1.13.0->peft==0.13.2)
  Downloading mpmath-1.3.0-py3-none-any.whl.metadata (8.6 kB)
Collecting MarkupSafe>=2.0 (from jinja2->torch>=1.13.0->peft==0.13.2)
  Downloading markupsafe-3.0.3-cp311-cp311-manylinux2014_x86_64.manylinux_2_17_x86_64.manylinux_2_28_x86_64.whl.metadata (2.7 kB)
Downloading transformers-4.46.3-py3-none-any.whl (10.0 MB)
   ━━━━━━━━━━━━━━━━━━━━━━━━━━━━━━━━━━━━━━━━ 10.0/10.0 MB 16.4 MB/s eta 0:00:00
Downloading trl-0.12.1-py3-none-any.whl (310 kB)
   ━━━━━━━━━━━━━━━━━━━━━━━━━━━━━━━━━━━━━━━━ 310.9/310.9 kB 18.8 MB/s eta 0:00:00
Downloading peft-0.13.2-py3-none-any.whl (320 kB)
   ━━━━━━━━━━━━━━━━━━━━━━━━━━━━━━━━━━━━━━━━ 320.7/320.7 kB 11.4 MB/s eta 0:00:00
Downloading accelerate-1.1.1-py3-none-any.whl (333 kB)
   ━━━━━━━━━━━━━━━━━━━━━━━━━━━━━━━━━━━━━━━━ 333.2/333.2 kB 12.8 MB/s eta 0:00:00
Downloading datasets-3.1.0-py3-none-any.whl (480 kB)
   ━━━━━━━━━━━━━━━━━━━━━━━━━━━━━━━━━━━━━━━━ 480.6/480.6 kB 18.1 MB/s eta 0:00:00
Downloading dill-0.3.8-py3-none-any.whl (116 kB)
   ━━━━━━━━━━━━━━━━━━━━━━━━━━━━━━━━━━━━━━━━ 116.3/116.3 kB 11.2 MB/s eta 0:00:00
Downloading fsspec-2024.9.0-py3-none-any.whl (179 kB)
   ━━━━━━━━━━━━━━━━━━━━━━━━━━━━━━━━━━━━━━━━ 179.3/179.3 kB 14.4 MB/s eta 0:00:00
Downloading aiohttp-3.14.1-cp311-cp311-manylinux2014_x86_64.manylinux_2_17_x86_64.manylinux_2_28_x86_64.whl (1.8 MB)
   ━━━━━━━━━━━━━━━━━━━━━━━━━━━━━━━━━━━━━━━━ 1.8/1.8 MB 15.1 MB/s eta 0:00:00
Downloading huggingface_hub-0.36.2-py3-none-any.whl (566 kB)
   ━━━━━━━━━━━━━━━━━━━━━━━━━━━━━━━━━━━━━━━━ 566.4/566.4 kB 28.6 MB/s eta 0:00:00
Downloading multiprocess-0.70.16-py311-none-any.whl (143 kB)
   ━━━━━━━━━━━━━━━━━━━━━━━━━━━━━━━━━━━━━━━━ 143.5/143.5 kB 12.8 MB/s eta 0:00:00
Downloading numpy-2.4.6-cp311-cp311-manylinux_2_27_x86_64.manylinux_2_28_x86_64.whl (16.9 MB)
   ━━━━━━━━━━━━━━━━━━━━━━━━━━━━━━━━━━━━━━━━ 16.9/16.9 MB 16.5 MB/s eta 0:00:00
Downloading packaging-26.2-py3-none-any.whl (100 kB)
   ━━━━━━━━━━━━━━━━━━━━━━━━━━━━━━━━━━━━━━━━ 100.2/100.2 kB 8.4 MB/s eta 0:00:00
Downloading pyarrow-24.0.0-cp311-cp311-manylinux_2_28_x86_64.whl (48.8 MB)
   ━━━━━━━━━━━━━━━━━━━━━━━━━━━━━━━━━━━━━━━━ 48.8/48.8 MB 15.2 MB/s eta 0:00:00
Downloading pyyaml-6.0.3-cp311-cp311-manylinux2014_x86_64.manylinux_2_17_x86_64.manylinux_2_28_x86_64.whl (806 kB)
   ━━━━━━━━━━━━━━━━━━━━━━━━━━━━━━━━━━━━━━━━ 806.6/806.6 kB 14.3 MB/s eta 0:00:00
Downloading regex-2026.6.28-cp311-cp311-manylinux2014_x86_64.manylinux_2_17_x86_64.manylinux_2_28_x86_64.whl (799 kB)
   ━━━━━━━━━━━━━━━━━━━━━━━━━━━━━━━━━━━━━━━━ 799.9/799.9 kB 19.9 MB/s eta 0:00:00
Downloading requests-2.34.2-py3-none-any.whl (73 kB)
   ━━━━━━━━━━━━━━━━━━━━━━━━━━━━━━━━━━━━━━━━ 73.1/73.1 kB 5.4 MB/s eta 0:00:00
Downloading safetensors-0.8.0-cp310-abi3-manylinux_2_17_x86_64.manylinux2014_x86_64.whl (516 kB)
   ━━━━━━━━━━━━━━━━━━━━━━━━━━━━━━━━━━━━━━━━ 516.0/516.0 kB 18.3 MB/s eta 0:00:00
Downloading tokenizers-0.20.3-cp311-cp311-manylinux_2_17_x86_64.manylinux2014_x86_64.whl (3.0 MB)
   ━━━━━━━━━━━━━━━━━━━━━━━━━━━━━━━━━━━━━━━━ 3.0/3.0 MB 22.6 MB/s eta 0:00:00
Downloading torch-2.12.1-cp311-cp311-manylinux_2_28_x86_64.whl (532.2 MB)
   ━━━━━━━━━━━━━━━━━━━━━━━━━━━━━━━━━━━━━━━━ 532.2/532.2 MB 7.1 MB/s eta 0:00:00
Downloading cuda_toolkit-13.0.2-py2.py3-none-any.whl (2.4 kB)
Downloading nvidia_cudnn_cu13-9.20.0.48-py3-none-manylinux_2_27_x86_64.whl (366.2 MB)
   ━━━━━━━━━━━━━━━━━━━━━━━━━━━━━━━━━━━━━━━━ 366.2/366.2 MB 9.2 MB/s eta 0:00:00
Downloading nvidia_cusparselt_cu13-0.8.1-py3-none-manylinux2014_x86_64.whl (170.1 MB)
   ━━━━━━━━━━━━━━━━━━━━━━━━━━━━━━━━━━━━━━━━ 170.1/170.1 MB 11.3 MB/s eta 0:00:00
Downloading nvidia_nccl_cu13-2.29.7-py3-none-manylinux_2_18_x86_64.whl (206.0 MB)
   ━━━━━━━━━━━━━━━━━━━━━━━━━━━━━━━━━━━━━━━━ 206.0/206.0 MB 11.4 MB/s eta 0:00:00
Downloading nvidia_nvshmem_cu13-3.4.5-py3-none-manylinux2014_x86_64.manylinux_2_17_x86_64.whl (60.4 MB)
   ━━━━━━━━━━━━━━━━━━━━━━━━━━━━━━━━━━━━━━━━ 60.4/60.4 MB 15.1 MB/s eta 0:00:00
Downloading triton-3.7.1-cp311-cp311-manylinux_2_27_x86_64.manylinux_2_28_x86_64.whl (197.7 MB)
   ━━━━━━━━━━━━━━━━━━━━━━━━━━━━━━━━━━━━━━━━ 197.7/197.7 MB 10.7 MB/s eta 0:00:00
Downloading nvidia_cuda_cupti-13.0.85-py3-none-manylinux_2_25_x86_64.whl (10.7 MB)
   ━━━━━━━━━━━━━━━━━━━━━━━━━━━━━━━━━━━━━━━━ 10.7/10.7 MB 16.4 MB/s eta 0:00:00
Downloading nvidia_cuda_nvrtc-13.0.88-py3-none-manylinux2010_x86_64.manylinux_2_12_x86_64.whl (90.2 MB)
   ━━━━━━━━━━━━━━━━━━━━━━━━━━━━━━━━━━━━━━━━ 90.2/90.2 MB 12.8 MB/s eta 0:00:00
Downloading nvidia_cuda_runtime-13.0.96-py3-none-manylinux2014_x86_64.manylinux_2_17_x86_64.whl (2.2 MB)
   ━━━━━━━━━━━━━━━━━━━━━━━━━━━━━━━━━━━━━━━━ 2.2/2.2 MB 15.3 MB/s eta 0:00:00
Downloading nvidia_cufft-12.0.0.61-py3-none-manylinux2014_x86_64.manylinux_2_17_x86_64.whl (214.1 MB)
   ━━━━━━━━━━━━━━━━━━━━━━━━━━━━━━━━━━━━━━━━ 214.1/214.1 MB 9.8 MB/s eta 0:00:00
Downloading nvidia_cufile-1.15.1.6-py3-none-manylinux2014_x86_64.manylinux_2_17_x86_64.whl (1.2 MB)
   ━━━━━━━━━━━━━━━━━━━━━━━━━━━━━━━━━━━━━━━━ 1.2/1.2 MB 12.7 MB/s eta 0:00:00
Downloading nvidia_curand-10.4.0.35-py3-none-manylinux_2_27_x86_64.whl (59.5 MB)
   ━━━━━━━━━━━━━━━━━━━━━━━━━━━━━━━━━━━━━━━━ 59.5/59.5 MB 12.8 MB/s eta 0:00:00
Downloading nvidia_cusolver-12.0.4.66-py3-none-manylinux_2_27_x86_64.whl (200.9 MB)
   ━━━━━━━━━━━━━━━━━━━━━━━━━━━━━━━━━━━━━━━━ 200.9/200.9 MB 10.3 MB/s eta 0:00:00
Downloading nvidia_cusparse-12.6.3.3-py3-none-manylinux2014_x86_64.manylinux_2_17_x86_64.whl (145.9 MB)
   ━━━━━━━━━━━━━━━━━━━━━━━━━━━━━━━━━━━━━━━━ 145.9/145.9 MB 10.6 MB/s eta 0:00:00
Downloading nvidia_nvjitlink-13.0.88-py3-none-manylinux2010_x86_64.manylinux_2_12_x86_64.whl (40.7 MB)
   ━━━━━━━━━━━━━━━━━━━━━━━━━━━━━━━━━━━━━━━━ 40.7/40.7 MB 13.5 MB/s eta 0:00:00
Downloading nvidia_nvtx-13.0.85-py3-none-manylinux1_x86_64.manylinux_2_5_x86_64.whl (148 kB)
   ━━━━━━━━━━━━━━━━━━━━━━━━━━━━━━━━━━━━━━━━ 148.0/148.0 kB 8.6 MB/s eta 0:00:00
Downloading tqdm-4.68.3-py3-none-any.whl (78 kB)
   ━━━━━━━━━━━━━━━━━━━━━━━━━━━━━━━━━━━━━━━━ 78.3/78.3 kB 5.1 MB/s eta 0:00:00
Downloading filelock-3.29.4-py3-none-any.whl (42 kB)
   ━━━━━━━━━━━━━━━━━━━━━━━━━━━━━━━━━━━━━━━━ 42.8/42.8 kB 4.6 MB/s eta 0:00:00
Downloading pandas-3.0.3-cp311-cp311-manylinux_2_24_x86_64.manylinux_2_28_x86_64.whl (11.3 MB)
   ━━━━━━━━━━━━━━━━━━━━━━━━━━━━━━━━━━━━━━━━ 11.3/11.3 MB 13.3 MB/s eta 0:00:00
Downloading psutil-7.2.2-cp36-abi3-manylinux2010_x86_64.manylinux_2_12_x86_64.manylinux_2_28_x86_64.whl (155 kB)
   ━━━━━━━━━━━━━━━━━━━━━━━━━━━━━━━━━━━━━━━━ 155.6/155.6 kB 9.0 MB/s eta 0:00:00
Downloading rich-15.0.0-py3-none-any.whl (310 kB)
   ━━━━━━━━━━━━━━━━━━━━━━━━━━━━━━━━━━━━━━━━ 310.7/310.7 kB 11.7 MB/s eta 0:00:00
Downloading xxhash-3.8.0-cp311-cp311-manylinux2014_x86_64.manylinux_2_17_x86_64.manylinux_2_28_x86_64.whl (220 kB)
   ━━━━━━━━━━━━━━━━━━━━━━━━━━━━━━━━━━━━━━━━ 220.0/220.0 kB 10.0 MB/s eta 0:00:00
Downloading aiohappyeyeballs-2.6.2-py3-none-any.whl (15 kB)
Downloading aiosignal-1.4.0-py3-none-any.whl (7.5 kB)
Downloading attrs-26.1.0-py3-none-any.whl (67 kB)
   ━━━━━━━━━━━━━━━━━━━━━━━━━━━━━━━━━━━━━━━━ 67.5/67.5 kB 6.3 MB/s eta 0:00:00
Downloading certifi-2026.6.17-py3-none-any.whl (133 kB)
   ━━━━━━━━━━━━━━━━━━━━━━━━━━━━━━━━━━━━━━━━ 133.3/133.3 kB 9.9 MB/s eta 0:00:00
Downloading charset_normalizer-3.4.7-cp311-cp311-manylinux2014_x86_64.manylinux_2_17_x86_64.manylinux_2_28_x86_64.whl (214 kB)
   ━━━━━━━━━━━━━━━━━━━━━━━━━━━━━━━━━━━━━━━━ 214.1/214.1 kB 10.5 MB/s eta 0:00:00
Downloading cuda_bindings-13.3.1-cp311-cp311-manylinux_2_24_x86_64.manylinux_2_28_x86_64.whl (6.7 MB)
   ━━━━━━━━━━━━━━━━━━━━━━━━━━━━━━━━━━━━━━━━ 6.7/6.7 MB 14.4 MB/s eta 0:00:00
Downloading frozenlist-1.8.0-cp311-cp311-manylinux1_x86_64.manylinux_2_28_x86_64.manylinux_2_5_x86_64.whl (231 kB)
   ━━━━━━━━━━━━━━━━━━━━━━━━━━━━━━━━━━━━━━━━ 231.1/231.1 kB 13.1 MB/s eta 0:00:00
Downloading hf_xet-1.5.1-cp37-abi3-manylinux2014_x86_64.manylinux_2_17_x86_64.whl (4.5 MB)
   ━━━━━━━━━━━━━━━━━━━━━━━━━━━━━━━━━━━━━━━━ 4.5/4.5 MB 14.2 MB/s eta 0:00:00
Downloading idna-3.18-py3-none-any.whl (65 kB)
   ━━━━━━━━━━━━━━━━━━━━━━━━━━━━━━━━━━━━━━━━ 65.5/65.5 kB 6.2 MB/s eta 0:00:00
Downloading markdown_it_py-4.2.0-py3-none-any.whl (91 kB)
   ━━━━━━━━━━━━━━━━━━━━━━━━━━━━━━━━━━━━━━━━ 91.7/91.7 kB 6.9 MB/s eta 0:00:00
Downloading multidict-6.7.1-cp311-cp311-manylinux2014_x86_64.manylinux_2_17_x86_64.manylinux_2_28_x86_64.whl (246 kB)
   ━━━━━━━━━━━━━━━━━━━━━━━━━━━━━━━━━━━━━━━━ 246.3/246.3 kB 11.0 MB/s eta 0:00:00
Downloading networkx-3.6.1-py3-none-any.whl (2.1 MB)
   ━━━━━━━━━━━━━━━━━━━━━━━━━━━━━━━━━━━━━━━━ 2.1/2.1 MB 14.2 MB/s eta 0:00:00
Downloading nvidia_cublas-13.1.1.3-py3-none-manylinux_2_27_x86_64.whl (423.1 MB)
   ━━━━━━━━━━━━━━━━━━━━━━━━━━━━━━━━━━━━━━━━ 423.1/423.1 MB 7.5 MB/s eta 0:00:00
Downloading propcache-0.5.2-cp311-cp311-manylinux2014_x86_64.manylinux_2_17_x86_64.manylinux_2_28_x86_64.whl (58 kB)
   ━━━━━━━━━━━━━━━━━━━━━━━━━━━━━━━━━━━━━━━━ 58.9/58.9 kB 5.5 MB/s eta 0:00:00
Downloading pygments-2.20.0-py3-none-any.whl (1.2 MB)
   ━━━━━━━━━━━━━━━━━━━━━━━━━━━━━━━━━━━━━━━━ 1.2/1.2 MB 14.9 MB/s eta 0:00:00
Downloading python_dateutil-2.9.0.post0-py2.py3-none-any.whl (229 kB)
   ━━━━━━━━━━━━━━━━━━━━━━━━━━━━━━━━━━━━━━━━ 229.9/229.9 kB 14.7 MB/s eta 0:00:00
Downloading sympy-1.14.0-py3-none-any.whl (6.3 MB)
   ━━━━━━━━━━━━━━━━━━━━━━━━━━━━━━━━━━━━━━━━ 6.3/6.3 MB 14.1 MB/s eta 0:00:00
Downloading typing_extensions-4.15.0-py3-none-any.whl (44 kB)
   ━━━━━━━━━━━━━━━━━━━━━━━━━━━━━━━━━━━━━━━━ 44.6/44.6 kB 5.1 MB/s eta 0:00:00
Downloading urllib3-2.7.0-py3-none-any.whl (131 kB)
   ━━━━━━━━━━━━━━━━━━━━━━━━━━━━━━━━━━━━━━━━ 131.1/131.1 kB 11.5 MB/s eta 0:00:00
Downloading yarl-1.24.2-cp311-cp311-manylinux2014_x86_64.manylinux_2_17_x86_64.manylinux_2_28_x86_64.whl (106 kB)
   ━━━━━━━━━━━━━━━━━━━━━━━━━━━━━━━━━━━━━━━━ 106.4/106.4 kB 9.8 MB/s eta 0:00:00
Downloading jinja2-3.1.6-py3-none-any.whl (134 kB)
   ━━━━━━━━━━━━━━━━━━━━━━━━━━━━━━━━━━━━━━━━ 134.9/134.9 kB 8.7 MB/s eta 0:00:00
Downloading cuda_pathfinder-1.5.6-py3-none-any.whl (52 kB)
   ━━━━━━━━━━━━━━━━━━━━━━━━━━━━━━━━━━━━━━━━ 53.0/53.0 kB 7.0 MB/s eta 0:00:00
Downloading markupsafe-3.0.3-cp311-cp311-manylinux2014_x86_64.manylinux_2_17_x86_64.manylinux_2_28_x86_64.whl (22 kB)
Downloading mdurl-0.1.2-py3-none-any.whl (10.0 kB)
Downloading mpmath-1.3.0-py3-none-any.whl (536 kB)
   ━━━━━━━━━━━━━━━━━━━━━━━━━━━━━━━━━━━━━━━━ 536.2/536.2 kB 12.4 MB/s eta 0:00:00
Downloading six-1.17.0-py2.py3-none-any.whl (11 kB)
Installing collected packages: nvidia-cusparselt-cu13, mpmath, cuda-toolkit, xxhash, urllib3, typing_extensions, triton, tqdm, sympy, six, safetensors, regex, pyyaml, pygments, pyarrow, psutil, propcache, packaging, nvidia-nvtx, nvidia-nvshmem-cu13, nvidia-nvjitlink, nvidia-nccl-cu13, nvidia-curand, nvidia-cufile, nvidia-cuda-runtime, nvidia-cuda-nvrtc, nvidia-cuda-cupti, numpy, networkx, multidict, mdurl, MarkupSafe, idna, hf-xet, fsspec, frozenlist, filelock, dill, cuda-pathfinder, charset_normalizer, certifi, attrs, aiohappyeyeballs, yarl, requests, python-dateutil, nvidia-cusparse, nvidia-cufft, nvidia-cublas, multiprocess, markdown-it-py, jinja2, cuda-bindings, aiosignal, rich, pandas, nvidia-cusolver, nvidia-cudnn-cu13, huggingface-hub, aiohttp, tokenizers, transformers, torch, datasets, accelerate, trl, peft
Successfully installed MarkupSafe-3.0.3 accelerate-1.1.1 aiohappyeyeballs-2.6.2 aiohttp-3.14.1 aiosignal-1.4.0 attrs-26.1.0 certifi-2026.6.17 charset_normalizer-3.4.7 cuda-bindings-13.3.1 cuda-pathfinder-1.5.6 cuda-toolkit-13.0.2 datasets-3.1.0 dill-0.3.8 filelock-3.29.4 frozenlist-1.8.0 fsspec-2024.9.0 hf-xet-1.5.1 huggingface-hub-0.36.2 idna-3.18 jinja2-3.1.6 markdown-it-py-4.2.0 mdurl-0.1.2 mpmath-1.3.0 multidict-6.7.1 multiprocess-0.70.16 networkx-3.6.1 numpy-2.4.6 nvidia-cublas-13.1.1.3 nvidia-cuda-cupti-13.0.85 nvidia-cuda-nvrtc-13.0.88 nvidia-cuda-runtime-13.0.96 nvidia-cudnn-cu13-9.20.0.48 nvidia-cufft-12.0.0.61 nvidia-cufile-1.15.1.6 nvidia-curand-10.4.0.35 nvidia-cusolver-12.0.4.66 nvidia-cusparse-12.6.3.3 nvidia-cusparselt-cu13-0.8.1 nvidia-nccl-cu13-2.29.7 nvidia-nvjitlink-13.0.88 nvidia-nvshmem-cu13-3.4.5 nvidia-nvtx-13.0.85 packaging-26.2 pandas-3.0.3 peft-0.13.2 propcache-0.5.2 psutil-7.2.2 pyarrow-24.0.0 pygments-2.20.0 python-dateutil-2.9.0.post0 pyyaml-6.0.3 regex-2026.6.28 requests-2.34.2 rich-15.0.0 safetensors-0.8.0 six-1.17.0 sympy-1.14.0 tokenizers-0.20.3 torch-2.12.1 tqdm-4.68.3 transformers-4.46.3 triton-3.7.1 trl-0.12.1 typing_extensions-4.15.0 urllib3-2.7.0 xxhash-3.8.0 yarl-1.24.2
WARNING: Running pip as the 'root' user can result in broken permissions and conflicting behaviour with the system package manager. It is recommended to use a virtual environment instead: https://pip.pypa.io/warnings/venv

[notice] A new release of pip is available: 24.0 -> 26.1.2
[notice] To update, run: pip install --upgrade pip
🔀 [Medical] Fusion du modèle de base et de l'adaptateur LoRA...
A new version of the following files was downloaded from https://huggingface.co/microsoft/Phi-3.5-mini-instruct:
- configuration_phi3.py
. Make sure to double-check they do not contain any added malicious code. To avoid downloading new versions of the code file, you can pin a revision.
A new version of the following files was downloaded from https://huggingface.co/microsoft/Phi-3.5-mini-instruct:
- modeling_phi3.py
. Make sure to double-check they do not contain any added malicious code. To avoid downloading new versions of the code file, you can pin a revision.
`flash-attention` package not found, consider installing for better performance: No module named 'flash_attn'.
Current `flash-attention` does not support `window_size`. Either upgrade or use `attn_implementation='eager'`.
Downloading shards:   0%|          | 0/2 [00:00<?, ?it/s]Downloading shards:  50%|█████     | 1/2 [01:14<01:14, 74.15s/it]Downloading shards: 100%|██████████| 2/2 [01:55<00:00, 54.63s/it]Downloading shards: 100%|██████████| 2/2 [01:55<00:00, 57.56s/it]
Loading checkpoint shards:   0%|          | 0/2 [00:00<?, ?it/s]Loading checkpoint shards:  50%|█████     | 1/2 [00:01<00:01,  1.99s/it]Loading checkpoint shards: 100%|██████████| 2/2 [00:09<00:00,  5.48s/it]Loading checkpoint shards: 100%|██████████| 2/2 [00:09<00:00,  4.96s/it]
⏳ Début de la fusion sur le CPU...
✅ Fusion terminée et sauvegardée avec succès !
✅ [Medical] Fusion terminée.
📥 Clonage de llama.cpp...
Cloning into 'llama.cpp'...
Updating files:   9% (295/3011)Updating files:  10% (302/3011)Updating files:  11% (332/3011)Updating files:  12% (362/3011)Updating files:  12% (371/3011)Updating files:  13% (392/3011)Updating files:  14% (422/3011)Updating files:  15% (452/3011)Updating files:  15% (472/3011)Updating files:  16% (482/3011)Updating files:  17% (512/3011)Updating files:  18% (542/3011)Updating files:  19% (573/3011)Updating files:  20% (603/3011)Updating files:  21% (633/3011)Updating files:  21% (661/3011)Updating files:  22% (663/3011)Updating files:  23% (693/3011)Updating files:  24% (723/3011)Updating files:  25% (753/3011)Updating files:  26% (783/3011)Updating files:  27% (813/3011)Updating files:  28% (844/3011)Updating files:  29% (874/3011)Updating files:  29% (884/3011)Updating files:  30% (904/3011)Updating files:  31% (934/3011)Updating files:  32% (964/3011)Updating files:  33% (994/3011)Updating files:  34% (1024/3011)Updating files:  35% (1054/3011)Updating files:  35% (1079/3011)Updating files:  36% (1084/3011)Updating files:  37% (1115/3011)Updating files:  38% (1145/3011)Updating files:  39% (1175/3011)Updating files:  40% (1205/3011)Updating files:  41% (1235/3011)Updating files:  42% (1265/3011)Updating files:  42% (1284/3011)Updating files:  43% (1295/3011)Updating files:  44% (1325/3011)Updating files:  45% (1355/3011)Updating files:  46% (1386/3011)Updating files:  47% (1416/3011)Updating files:  48% (1446/3011)Updating files:  49% (1476/3011)Updating files:  49% (1492/3011)Updating files:  50% (1506/3011)Updating files:  51% (1536/3011)Updating files:  52% (1566/3011)Updating files:  53% (1596/3011)Updating files:  54% (1626/3011)Updating files:  55% (1657/3011)Updating files:  56% (1687/3011)Updating files:  56% (1696/3011)Updating files:  57% (1717/3011)Updating files:  58% (1747/3011)Updating files:  58% (1748/3011)Updating files:  58% (1771/3011)Updating files:  59% (1777/3011)Updating files:  60% (1807/3011)Updating files:  61% (1837/3011)Updating files:  62% (1867/3011)Updating files:  63% (1897/3011)Updating files:  64% (1928/3011)Updating files:  65% (1958/3011)Updating files:  66% (1988/3011)Updating files:  66% (2010/3011)Updating files:  67% (2018/3011)Updating files:  68% (2048/3011)Updating files:  69% (2078/3011)Updating files:  70% (2108/3011)Updating files:  71% (2138/3011)Updating files:  72% (2168/3011)Updating files:  73% (2199/3011)Updating files:  74% (2229/3011)Updating files:  75% (2259/3011)Updating files:  75% (2282/3011)Updating files:  76% (2289/3011)Updating files:  77% (2319/3011)Updating files:  78% (2349/3011)Updating files:  79% (2379/3011)Updating files:  80% (2409/3011)Updating files:  80% (2425/3011)Updating files:  80% (2431/3011)Updating files:  81% (2439/3011)Updating files:  82% (2470/3011)Updating files:  83% (2500/3011)Updating files:  83% (2507/3011)Updating files:  84% (2530/3011)Updating files:  85% (2560/3011)Updating files:  86% (2590/3011)Updating files:  86% (2615/3011)Updating files:  87% (2620/3011)Updating files:  88% (2650/3011)Updating files:  89% (2680/3011)Updating files:  90% (2710/3011)Updating files:  90% (2728/3011)Updating files:  91% (2741/3011)Updating files:  92% (2771/3011)Updating files:  93% (2801/3011)Updating files:  94% (2831/3011)Updating files:  95% (2861/3011)Updating files:  96% (2891/3011)Updating files:  96% (2895/3011)Updating files:  97% (2921/3011)Updating files:  98% (2951/3011)Updating files:  99% (2981/3011)Updating files: 100% (3011/3011)Updating files: 100% (3011/3011), done.
📦 [Medical] Installation des dépendances llama.cpp...
Looking in indexes: https://pypi.org/simple, https://download.pytorch.org/whl/cpu, https://download.pytorch.org/whl/nightly, https://download.pytorch.org/whl/cpu, https://download.pytorch.org/whl/nightly, https://download.pytorch.org/whl/cpu, https://download.pytorch.org/whl/nightly
Ignoring torch: markers 'platform_machine == "s390x"' don't match your environment
Ignoring torch: markers 'platform_machine == "s390x"' don't match your environment
Collecting numpy~=1.26.4 (from -r llama.cpp/./requirements/requirements-convert_legacy_llama.txt (line 1))
  Downloading numpy-1.26.4-cp311-cp311-manylinux_2_17_x86_64.manylinux2014_x86_64.whl.metadata (61 kB)
     ━━━━━━━━━━━━━━━━━━━━━━━━━━━━━━━━━━━━━━━━ 61.0/61.0 kB 2.0 MB/s eta 0:00:00
Collecting sentencepiece<0.3.0,>=0.1.98 (from -r llama.cpp/./requirements/requirements-convert_legacy_llama.txt (line 2))
  Downloading https://download.pytorch.org/whl/nightly/sentencepiece-0.2.1-cp311-cp311-manylinux_2_27_x86_64.manylinux_2_28_x86_64.whl.metadata (10 kB)
Collecting transformers==4.57.6 (from -r llama.cpp/./requirements/requirements-convert_legacy_llama.txt (line 4))
  Downloading transformers-4.57.6-py3-none-any.whl.metadata (43 kB)
     ━━━━━━━━━━━━━━━━━━━━━━━━━━━━━━━━━━━━━━━━ 44.0/44.0 kB 5.1 MB/s eta 0:00:00
Collecting gguf>=0.1.0 (from -r llama.cpp/./requirements/requirements-convert_legacy_llama.txt (line 6))
  Downloading gguf-0.19.0-py3-none-any.whl.metadata (4.1 kB)
Collecting protobuf<5.0.0,>=4.21.0 (from -r llama.cpp/./requirements/requirements-convert_legacy_llama.txt (line 7))
  Downloading protobuf-4.25.9-cp37-abi3-manylinux2014_x86_64.whl.metadata (541 bytes)
Collecting torch==2.11.0 (from -r llama.cpp/./requirements/requirements-convert_hf_to_gguf.txt (line 5))
  Downloading https://download-r2.pytorch.org/whl/cpu/torch-2.11.0%2Bcpu-cp311-cp311-manylinux_2_28_x86_64.whl.metadata (29 kB)
Collecting aiohttp~=3.9.3 (from -r llama.cpp/./requirements/requirements-tool_bench.txt (line 1))
  Downloading https://download.pytorch.org/whl/nightly/aiohttp-3.9.5-cp311-cp311-manylinux_2_17_x86_64.manylinux2014_x86_64.whl (1.3 MB)
     ━━━━━━━━━━━━━━━━━━━━━━━━━━━━━━━━━━━━━━━━ 1.3/1.3 MB 13.6 MB/s eta 0:00:00
Collecting pytest~=8.3.3 (from -r llama.cpp/./requirements/requirements-tool_bench.txt (line 2))
  Downloading pytest-8.3.5-py3-none-any.whl.metadata (7.6 kB)
Collecting matplotlib~=3.10.0 (from -r llama.cpp/./requirements/requirements-tool_bench.txt (line 3))
  Downloading matplotlib-3.10.9-cp311-cp311-manylinux2014_x86_64.manylinux_2_17_x86_64.whl.metadata (52 kB)
     ━━━━━━━━━━━━━━━━━━━━━━━━━━━━━━━━━━━━━━━━ 52.8/52.8 kB 5.7 MB/s eta 0:00:00
Collecting openai~=2.14.0 (from -r llama.cpp/./requirements/requirements-tool_bench.txt (line 5))
  Downloading openai-2.14.0-py3-none-any.whl.metadata (29 kB)
Collecting pandas~=2.2.3 (from -r llama.cpp/./requirements/requirements-tool_bench.txt (line 6))
  Downloading https://download.pytorch.org/whl/nightly/pandas-2.2.3-cp311-cp311-manylinux_2_17_x86_64.manylinux2014_x86_64.whl (13.1 MB)
     ━━━━━━━━━━━━━━━━━━━━━━━━━━━━━━━━━━━━━━━━ 13.1/13.1 MB 13.5 MB/s eta 0:00:00
Collecting prometheus-client~=0.20.0 (from -r llama.cpp/./requirements/requirements-tool_bench.txt (line 7))
  Downloading prometheus_client-0.20.0-py3-none-any.whl.metadata (1.8 kB)
Collecting requests~=2.32.3 (from -r llama.cpp/./requirements/requirements-tool_bench.txt (line 8))
  Downloading requests-2.32.5-py3-none-any.whl.metadata (4.9 kB)
Collecting wget~=3.2 (from -r llama.cpp/./requirements/requirements-tool_bench.txt (line 9))
  Downloading wget-3.2.zip (10 kB)
  Preparing metadata (setup.py): started
  Preparing metadata (setup.py): finished with status 'done'
Collecting typer~=0.24.1 (from -r llama.cpp/./requirements/requirements-tool_bench.txt (line 10))
  Downloading typer-0.24.2-py3-none-any.whl.metadata (15 kB)
Collecting seaborn~=0.13.2 (from -r llama.cpp/./requirements/requirements-tool_bench.txt (line 11))
  Downloading seaborn-0.13.2-py3-none-any.whl.metadata (5.4 kB)
Requirement already satisfied: filelock in /usr/local/lib/python3.11/site-packages (from transformers==4.57.6->-r llama.cpp/./requirements/requirements-convert_legacy_llama.txt (line 4)) (3.29.4)
Requirement already satisfied: huggingface-hub<1.0,>=0.34.0 in /usr/local/lib/python3.11/site-packages (from transformers==4.57.6->-r llama.cpp/./requirements/requirements-convert_legacy_llama.txt (line 4)) (0.36.2)
Requirement already satisfied: packaging>=20.0 in /usr/local/lib/python3.11/site-packages (from transformers==4.57.6->-r llama.cpp/./requirements/requirements-convert_legacy_llama.txt (line 4)) (26.2)
Requirement already satisfied: pyyaml>=5.1 in /usr/local/lib/python3.11/site-packages (from transformers==4.57.6->-r llama.cpp/./requirements/requirements-convert_legacy_llama.txt (line 4)) (6.0.3)
Requirement already satisfied: regex!=2019.12.17 in /usr/local/lib/python3.11/site-packages (from transformers==4.57.6->-r llama.cpp/./requirements/requirements-convert_legacy_llama.txt (line 4)) (2026.6.28)
Collecting tokenizers<=0.23.0,>=0.22.0 (from transformers==4.57.6->-r llama.cpp/./requirements/requirements-convert_legacy_llama.txt (line 4))
  Downloading tokenizers-0.22.2-cp39-abi3-manylinux_2_17_x86_64.manylinux2014_x86_64.whl.metadata (7.3 kB)
Requirement already satisfied: safetensors>=0.4.3 in /usr/local/lib/python3.11/site-packages (from transformers==4.57.6->-r llama.cpp/./requirements/requirements-convert_legacy_llama.txt (line 4)) (0.8.0)
Requirement already satisfied: tqdm>=4.27 in /usr/local/lib/python3.11/site-packages (from transformers==4.57.6->-r llama.cpp/./requirements/requirements-convert_legacy_llama.txt (line 4)) (4.68.3)
Requirement already satisfied: typing-extensions>=4.10.0 in /usr/local/lib/python3.11/site-packages (from torch==2.11.0->-r llama.cpp/./requirements/requirements-convert_hf_to_gguf.txt (line 5)) (4.15.0)
Requirement already satisfied: setuptools<82 in /usr/local/lib/python3.11/site-packages (from torch==2.11.0->-r llama.cpp/./requirements/requirements-convert_hf_to_gguf.txt (line 5)) (79.0.1)
Requirement already satisfied: sympy>=1.13.3 in /usr/local/lib/python3.11/site-packages (from torch==2.11.0->-r llama.cpp/./requirements/requirements-convert_hf_to_gguf.txt (line 5)) (1.14.0)
Requirement already satisfied: networkx>=2.5.1 in /usr/local/lib/python3.11/site-packages (from torch==2.11.0->-r llama.cpp/./requirements/requirements-convert_hf_to_gguf.txt (line 5)) (3.6.1)
Requirement already satisfied: jinja2 in /usr/local/lib/python3.11/site-packages (from torch==2.11.0->-r llama.cpp/./requirements/requirements-convert_hf_to_gguf.txt (line 5)) (3.1.6)
Requirement already satisfied: fsspec>=0.8.5 in /usr/local/lib/python3.11/site-packages (from torch==2.11.0->-r llama.cpp/./requirements/requirements-convert_hf_to_gguf.txt (line 5)) (2024.9.0)
Requirement already satisfied: aiosignal>=1.1.2 in /usr/local/lib/python3.11/site-packages (from aiohttp~=3.9.3->-r llama.cpp/./requirements/requirements-tool_bench.txt (line 1)) (1.4.0)
Requirement already satisfied: attrs>=17.3.0 in /usr/local/lib/python3.11/site-packages (from aiohttp~=3.9.3->-r llama.cpp/./requirements/requirements-tool_bench.txt (line 1)) (26.1.0)
Requirement already satisfied: frozenlist>=1.1.1 in /usr/local/lib/python3.11/site-packages (from aiohttp~=3.9.3->-r llama.cpp/./requirements/requirements-tool_bench.txt (line 1)) (1.8.0)
Requirement already satisfied: multidict<7.0,>=4.5 in /usr/local/lib/python3.11/site-packages (from aiohttp~=3.9.3->-r llama.cpp/./requirements/requirements-tool_bench.txt (line 1)) (6.7.1)
Requirement already satisfied: yarl<2.0,>=1.0 in /usr/local/lib/python3.11/site-packages (from aiohttp~=3.9.3->-r llama.cpp/./requirements/requirements-tool_bench.txt (line 1)) (1.24.2)
Collecting iniconfig (from pytest~=8.3.3->-r llama.cpp/./requirements/requirements-tool_bench.txt (line 2))
  Downloading iniconfig-2.3.0-py3-none-any.whl.metadata (2.5 kB)
Collecting pluggy<2,>=1.5 (from pytest~=8.3.3->-r llama.cpp/./requirements/requirements-tool_bench.txt (line 2))
  Downloading pluggy-1.6.0-py3-none-any.whl.metadata (4.8 kB)
Collecting contourpy>=1.0.1 (from matplotlib~=3.10.0->-r llama.cpp/./requirements/requirements-tool_bench.txt (line 3))
  Downloading contourpy-1.3.3-cp311-cp311-manylinux_2_27_x86_64.manylinux_2_28_x86_64.whl.metadata (5.5 kB)
Collecting cycler>=0.10 (from matplotlib~=3.10.0->-r llama.cpp/./requirements/requirements-tool_bench.txt (line 3))
  Downloading https://download.pytorch.org/whl/nightly/cycler-0.12.1-py3-none-any.whl (8.3 kB)
Collecting fonttools>=4.22.0 (from matplotlib~=3.10.0->-r llama.cpp/./requirements/requirements-tool_bench.txt (line 3))
  Downloading fonttools-4.63.0-cp311-cp311-manylinux2014_x86_64.manylinux_2_17_x86_64.whl.metadata (118 kB)
     ━━━━━━━━━━━━━━━━━━━━━━━━━━━━━━━━━━━━━━━ 118.7/118.7 kB 5.0 MB/s eta 0:00:00
Collecting kiwisolver>=1.3.1 (from matplotlib~=3.10.0->-r llama.cpp/./requirements/requirements-tool_bench.txt (line 3))
  Downloading kiwisolver-1.5.0-cp311-cp311-manylinux2014_x86_64.manylinux_2_17_x86_64.whl.metadata (5.1 kB)
Collecting pillow>=8 (from matplotlib~=3.10.0->-r llama.cpp/./requirements/requirements-tool_bench.txt (line 3))
  Downloading pillow-12.2.0-cp311-cp311-manylinux_2_27_x86_64.manylinux_2_28_x86_64.whl.metadata (8.8 kB)
Collecting pyparsing>=3 (from matplotlib~=3.10.0->-r llama.cpp/./requirements/requirements-tool_bench.txt (line 3))
  Downloading pyparsing-3.3.2-py3-none-any.whl.metadata (5.8 kB)
Requirement already satisfied: python-dateutil>=2.7 in /usr/local/lib/python3.11/site-packages (from matplotlib~=3.10.0->-r llama.cpp/./requirements/requirements-tool_bench.txt (line 3)) (2.9.0.post0)
Collecting anyio<5,>=3.5.0 (from openai~=2.14.0->-r llama.cpp/./requirements/requirements-tool_bench.txt (line 5))
  Downloading anyio-4.14.1-py3-none-any.whl.metadata (4.6 kB)
Collecting distro<2,>=1.7.0 (from openai~=2.14.0->-r llama.cpp/./requirements/requirements-tool_bench.txt (line 5))
  Downloading https://download.pytorch.org/whl/nightly/distro-1.9.0-py3-none-any.whl.metadata (6.8 kB)
Collecting httpx<1,>=0.23.0 (from openai~=2.14.0->-r llama.cpp/./requirements/requirements-tool_bench.txt (line 5))
  Downloading https://download.pytorch.org/whl/nightly/httpx-0.28.1-py3-none-any.whl.metadata (7.1 kB)
Collecting jiter<1,>=0.10.0 (from openai~=2.14.0->-r llama.cpp/./requirements/requirements-tool_bench.txt (line 5))
  Downloading jiter-0.16.0-cp311-cp311-manylinux_2_17_x86_64.manylinux2014_x86_64.whl.metadata (5.2 kB)
Collecting pydantic<3,>=1.9.0 (from openai~=2.14.0->-r llama.cpp/./requirements/requirements-tool_bench.txt (line 5))
  Downloading pydantic-2.13.4-py3-none-any.whl.metadata (109 kB)
     ━━━━━━━━━━━━━━━━━━━━━━━━━━━━━━━━━━━━━━ 109.4/109.4 kB 10.9 MB/s eta 0:00:00
Collecting sniffio (from openai~=2.14.0->-r llama.cpp/./requirements/requirements-tool_bench.txt (line 5))
  Downloading https://download.pytorch.org/whl/nightly/sniffio-1.3.1-py3-none-any.whl.metadata (3.9 kB)
Collecting pytz>=2020.1 (from pandas~=2.2.3->-r llama.cpp/./requirements/requirements-tool_bench.txt (line 6))
  Downloading pytz-2026.2-py2.py3-none-any.whl.metadata (22 kB)
Collecting tzdata>=2022.7 (from pandas~=2.2.3->-r llama.cpp/./requirements/requirements-tool_bench.txt (line 6))
  Downloading tzdata-2026.2-py2.py3-none-any.whl.metadata (1.4 kB)
Requirement already satisfied: charset_normalizer<4,>=2 in /usr/local/lib/python3.11/site-packages (from requests~=2.32.3->-r llama.cpp/./requirements/requirements-tool_bench.txt (line 8)) (3.4.7)
Requirement already satisfied: idna<4,>=2.5 in /usr/local/lib/python3.11/site-packages (from requests~=2.32.3->-r llama.cpp/./requirements/requirements-tool_bench.txt (line 8)) (3.18)
Requirement already satisfied: urllib3<3,>=1.21.1 in /usr/local/lib/python3.11/site-packages (from requests~=2.32.3->-r llama.cpp/./requirements/requirements-tool_bench.txt (line 8)) (2.7.0)
Requirement already satisfied: certifi>=2017.4.17 in /usr/local/lib/python3.11/site-packages (from requests~=2.32.3->-r llama.cpp/./requirements/requirements-tool_bench.txt (line 8)) (2026.6.17)
Collecting click>=8.2.1 (from typer~=0.24.1->-r llama.cpp/./requirements/requirements-tool_bench.txt (line 10))
  Downloading click-8.4.2-py3-none-any.whl.metadata (2.6 kB)
Collecting shellingham>=1.3.0 (from typer~=0.24.1->-r llama.cpp/./requirements/requirements-tool_bench.txt (line 10))
  Downloading https://download.pytorch.org/whl/nightly/shellingham-1.5.4-py2.py3-none-any.whl.metadata (3.5 kB)
Requirement already satisfied: rich>=12.3.0 in /usr/local/lib/python3.11/site-packages (from typer~=0.24.1->-r llama.cpp/./requirements/requirements-tool_bench.txt (line 10)) (15.0.0)
Collecting annotated-doc>=0.0.2 (from typer~=0.24.1->-r llama.cpp/./requirements/requirements-tool_bench.txt (line 10))
  Downloading annotated_doc-0.0.4-py3-none-any.whl.metadata (6.6 kB)
Collecting httpcore==1.* (from httpx<1,>=0.23.0->openai~=2.14.0->-r llama.cpp/./requirements/requirements-tool_bench.txt (line 5))
  Downloading https://download.pytorch.org/whl/nightly/httpcore-1.0.9-py3-none-any.whl.metadata (21 kB)
Collecting h11>=0.16 (from httpcore==1.*->httpx<1,>=0.23.0->openai~=2.14.0->-r llama.cpp/./requirements/requirements-tool_bench.txt (line 5))
  Downloading https://download.pytorch.org/whl/nightly/h11-0.16.0-py3-none-any.whl.metadata (8.3 kB)
Requirement already satisfied: hf-xet<2.0.0,>=1.1.3 in /usr/local/lib/python3.11/site-packages (from huggingface-hub<1.0,>=0.34.0->transformers==4.57.6->-r llama.cpp/./requirements/requirements-convert_legacy_llama.txt (line 4)) (1.5.1)
Collecting annotated-types>=0.6.0 (from pydantic<3,>=1.9.0->openai~=2.14.0->-r llama.cpp/./requirements/requirements-tool_bench.txt (line 5))
  Downloading https://download.pytorch.org/whl/nightly/annotated_types-0.7.0-py3-none-any.whl.metadata (15 kB)
Collecting pydantic-core==2.46.4 (from pydantic<3,>=1.9.0->openai~=2.14.0->-r llama.cpp/./requirements/requirements-tool_bench.txt (line 5))
  Downloading pydantic_core-2.46.4-cp311-cp311-manylinux_2_17_x86_64.manylinux2014_x86_64.whl.metadata (6.6 kB)
Collecting typing-inspection>=0.4.2 (from pydantic<3,>=1.9.0->openai~=2.14.0->-r llama.cpp/./requirements/requirements-tool_bench.txt (line 5))
  Downloading typing_inspection-0.4.2-py3-none-any.whl.metadata (2.6 kB)
Requirement already satisfied: six>=1.5 in /usr/local/lib/python3.11/site-packages (from python-dateutil>=2.7->matplotlib~=3.10.0->-r llama.cpp/./requirements/requirements-tool_bench.txt (line 3)) (1.17.0)
Requirement already satisfied: markdown-it-py>=2.2.0 in /usr/local/lib/python3.11/site-packages (from rich>=12.3.0->typer~=0.24.1->-r llama.cpp/./requirements/requirements-tool_bench.txt (line 10)) (4.2.0)
Requirement already satisfied: pygments<3.0.0,>=2.13.0 in /usr/local/lib/python3.11/site-packages (from rich>=12.3.0->typer~=0.24.1->-r llama.cpp/./requirements/requirements-tool_bench.txt (line 10)) (2.20.0)
Requirement already satisfied: mpmath<1.4,>=1.1.0 in /usr/local/lib/python3.11/site-packages (from sympy>=1.13.3->torch==2.11.0->-r llama.cpp/./requirements/requirements-convert_hf_to_gguf.txt (line 5)) (1.3.0)
Requirement already satisfied: propcache>=0.2.1 in /usr/local/lib/python3.11/site-packages (from yarl<2.0,>=1.0->aiohttp~=3.9.3->-r llama.cpp/./requirements/requirements-tool_bench.txt (line 1)) (0.5.2)
Requirement already satisfied: MarkupSafe>=2.0 in /usr/local/lib/python3.11/site-packages (from jinja2->torch==2.11.0->-r llama.cpp/./requirements/requirements-convert_hf_to_gguf.txt (line 5)) (3.0.3)
Requirement already satisfied: mdurl~=0.1 in /usr/local/lib/python3.11/site-packages (from markdown-it-py>=2.2.0->rich>=12.3.0->typer~=0.24.1->-r llama.cpp/./requirements/requirements-tool_bench.txt (line 10)) (0.1.2)
Downloading transformers-4.57.6-py3-none-any.whl (12.0 MB)
   ━━━━━━━━━━━━━━━━━━━━━━━━━━━━━━━━━━━━━━━━ 12.0/12.0 MB 14.5 MB/s eta 0:00:00
Downloading https://download-r2.pytorch.org/whl/cpu/torch-2.11.0%2Bcpu-cp311-cp311-manylinux_2_28_x86_64.whl (190.2 MB)
   ━━━━━━━━━━━━━━━━━━━━━━━━━━━━━━━━━━━━━━━━ 190.2/190.2 MB 9.8 MB/s eta 0:00:00
Downloading numpy-1.26.4-cp311-cp311-manylinux_2_17_x86_64.manylinux2014_x86_64.whl (18.3 MB)
   ━━━━━━━━━━━━━━━━━━━━━━━━━━━━━━━━━━━━━━━━ 18.3/18.3 MB 13.1 MB/s eta 0:00:00
Downloading https://download.pytorch.org/whl/nightly/sentencepiece-0.2.1-cp311-cp311-manylinux_2_27_x86_64.manylinux_2_28_x86_64.whl (1.4 MB)
   ━━━━━━━━━━━━━━━━━━━━━━━━━━━━━━━━━━━━━━━━ 1.4/1.4 MB 13.0 MB/s eta 0:00:00
Downloading gguf-0.19.0-py3-none-any.whl (118 kB)
   ━━━━━━━━━━━━━━━━━━━━━━━━━━━━━━━━━━━━━━━━ 118.5/118.5 kB 7.6 MB/s eta 0:00:00
Downloading protobuf-4.25.9-cp37-abi3-manylinux2014_x86_64.whl (295 kB)
   ━━━━━━━━━━━━━━━━━━━━━━━━━━━━━━━━━━━━━━━━ 295.2/295.2 kB 11.9 MB/s eta 0:00:00
Downloading pytest-8.3.5-py3-none-any.whl (343 kB)
   ━━━━━━━━━━━━━━━━━━━━━━━━━━━━━━━━━━━━━━━━ 343.6/343.6 kB 11.4 MB/s eta 0:00:00
Downloading matplotlib-3.10.9-cp311-cp311-manylinux2014_x86_64.manylinux_2_17_x86_64.whl (8.8 MB)
   ━━━━━━━━━━━━━━━━━━━━━━━━━━━━━━━━━━━━━━━━ 8.8/8.8 MB 16.2 MB/s eta 0:00:00
Downloading openai-2.14.0-py3-none-any.whl (1.1 MB)
   ━━━━━━━━━━━━━━━━━━━━━━━━━━━━━━━━━━━━━━━━ 1.1/1.1 MB 27.1 MB/s eta 0:00:00
Downloading prometheus_client-0.20.0-py3-none-any.whl (54 kB)
   ━━━━━━━━━━━━━━━━━━━━━━━━━━━━━━━━━━━━━━━━ 54.5/54.5 kB 6.3 MB/s eta 0:00:00
Downloading requests-2.32.5-py3-none-any.whl (64 kB)
   ━━━━━━━━━━━━━━━━━━━━━━━━━━━━━━━━━━━━━━━━ 64.7/64.7 kB 7.6 MB/s eta 0:00:00
Downloading typer-0.24.2-py3-none-any.whl (55 kB)
   ━━━━━━━━━━━━━━━━━━━━━━━━━━━━━━━━━━━━━━━━ 56.0/56.0 kB 6.7 MB/s eta 0:00:00
Downloading seaborn-0.13.2-py3-none-any.whl (294 kB)
   ━━━━━━━━━━━━━━━━━━━━━━━━━━━━━━━━━━━━━━━━ 294.9/294.9 kB 13.5 MB/s eta 0:00:00
Downloading annotated_doc-0.0.4-py3-none-any.whl (5.3 kB)
Downloading anyio-4.14.1-py3-none-any.whl (124 kB)
   ━━━━━━━━━━━━━━━━━━━━━━━━━━━━━━━━━━━━━━━━ 124.9/124.9 kB 12.1 MB/s eta 0:00:00
Downloading click-8.4.2-py3-none-any.whl (119 kB)
   ━━━━━━━━━━━━━━━━━━━━━━━━━━━━━━━━━━━━━━━━ 119.2/119.2 kB 10.7 MB/s eta 0:00:00
Downloading contourpy-1.3.3-cp311-cp311-manylinux_2_27_x86_64.manylinux_2_28_x86_64.whl (355 kB)
   ━━━━━━━━━━━━━━━━━━━━━━━━━━━━━━━━━━━━━━━━ 355.2/355.2 kB 16.0 MB/s eta 0:00:00
Downloading https://download.pytorch.org/whl/nightly/distro-1.9.0-py3-none-any.whl (20 kB)
Downloading fonttools-4.63.0-cp311-cp311-manylinux2014_x86_64.manylinux_2_17_x86_64.whl (5.1 MB)
   ━━━━━━━━━━━━━━━━━━━━━━━━━━━━━━━━━━━━━━━━ 5.1/5.1 MB 13.3 MB/s eta 0:00:00
Downloading https://download.pytorch.org/whl/nightly/httpx-0.28.1-py3-none-any.whl (73 kB)
   ━━━━━━━━━━━━━━━━━━━━━━━━━━━━━━━━━━━━━━━━ 73.5/73.5 kB 7.9 MB/s eta 0:00:00
Downloading https://download.pytorch.org/whl/nightly/httpcore-1.0.9-py3-none-any.whl (78 kB)
   ━━━━━━━━━━━━━━━━━━━━━━━━━━━━━━━━━━━━━━━━ 78.8/78.8 kB 6.7 MB/s eta 0:00:00
Downloading jiter-0.16.0-cp311-cp311-manylinux_2_17_x86_64.manylinux2014_x86_64.whl (347 kB)
   ━━━━━━━━━━━━━━━━━━━━━━━━━━━━━━━━━━━━━━━━ 347.1/347.1 kB 13.1 MB/s eta 0:00:00
Downloading kiwisolver-1.5.0-cp311-cp311-manylinux2014_x86_64.manylinux_2_17_x86_64.whl (1.4 MB)
   ━━━━━━━━━━━━━━━━━━━━━━━━━━━━━━━━━━━━━━━━ 1.4/1.4 MB 15.2 MB/s eta 0:00:00
Downloading pillow-12.2.0-cp311-cp311-manylinux_2_27_x86_64.manylinux_2_28_x86_64.whl (7.1 MB)
   ━━━━━━━━━━━━━━━━━━━━━━━━━━━━━━━━━━━━━━━━ 7.1/7.1 MB 16.5 MB/s eta 0:00:00
Downloading pluggy-1.6.0-py3-none-any.whl (20 kB)
Downloading pydantic-2.13.4-py3-none-any.whl (472 kB)
   ━━━━━━━━━━━━━━━━━━━━━━━━━━━━━━━━━━━━━━━━ 472.3/472.3 kB 15.0 MB/s eta 0:00:00
Downloading pydantic_core-2.46.4-cp311-cp311-manylinux_2_17_x86_64.manylinux2014_x86_64.whl (2.1 MB)
   ━━━━━━━━━━━━━━━━━━━━━━━━━━━━━━━━━━━━━━━━ 2.1/2.1 MB 13.9 MB/s eta 0:00:00
Downloading pyparsing-3.3.2-py3-none-any.whl (122 kB)
   ━━━━━━━━━━━━━━━━━━━━━━━━━━━━━━━━━━━━━━━━ 122.8/122.8 kB 7.6 MB/s eta 0:00:00
Downloading pytz-2026.2-py2.py3-none-any.whl (510 kB)
   ━━━━━━━━━━━━━━━━━━━━━━━━━━━━━━━━━━━━━━━━ 510.1/510.1 kB 10.5 MB/s eta 0:00:00
Downloading https://download.pytorch.org/whl/nightly/shellingham-1.5.4-py2.py3-none-any.whl (9.8 kB)
Downloading tokenizers-0.22.2-cp39-abi3-manylinux_2_17_x86_64.manylinux2014_x86_64.whl (3.3 MB)
   ━━━━━━━━━━━━━━━━━━━━━━━━━━━━━━━━━━━━━━━━ 3.3/3.3 MB 12.4 MB/s eta 0:00:00
Downloading tzdata-2026.2-py2.py3-none-any.whl (349 kB)
   ━━━━━━━━━━━━━━━━━━━━━━━━━━━━━━━━━━━━━━━━ 349.3/349.3 kB 17.2 MB/s eta 0:00:00
Downloading iniconfig-2.3.0-py3-none-any.whl (7.5 kB)
Downloading https://download.pytorch.org/whl/nightly/sniffio-1.3.1-py3-none-any.whl (10 kB)
Downloading https://download.pytorch.org/whl/nightly/annotated_types-0.7.0-py3-none-any.whl (13 kB)
Downloading typing_inspection-0.4.2-py3-none-any.whl (14 kB)
Downloading https://download.pytorch.org/whl/nightly/h11-0.16.0-py3-none-any.whl (37 kB)
Building wheels for collected packages: wget
  Building wheel for wget (setup.py): started
  Building wheel for wget (setup.py): finished with status 'done'
  Created wheel for wget: filename=wget-3.2-py3-none-any.whl size=9687 sha256=3217a2f069adeed094a35319cd53de0bee6ab0105c54a95178d7cabff1dd0c67
  Stored in directory: /root/.cache/pip/wheels/40/b3/0f/a40dbd1c6861731779f62cc4babcb234387e11d697df70ee97
Successfully built wget
Installing collected packages: wget, pytz, tzdata, typing-inspection, sniffio, shellingham, sentencepiece, requests, pyparsing, pydantic-core, protobuf, prometheus-client, pluggy, pillow, numpy, kiwisolver, jiter, iniconfig, h11, fonttools, distro, cycler, click, anyio, annotated-types, annotated-doc, torch, pytest, pydantic, pandas, httpcore, gguf, contourpy, aiohttp, typer, tokenizers, matplotlib, httpx, transformers, seaborn, openai
  Attempting uninstall: requests
    Found existing installation: requests 2.34.2
    Uninstalling requests-2.34.2:
      Successfully uninstalled requests-2.34.2
  Attempting uninstall: numpy
    Found existing installation: numpy 2.4.6
    Uninstalling numpy-2.4.6:
      Successfully uninstalled numpy-2.4.6
  Attempting uninstall: torch
    Found existing installation: torch 2.12.1
    Uninstalling torch-2.12.1:
      Successfully uninstalled torch-2.12.1
  Attempting uninstall: pandas
    Found existing installation: pandas 3.0.3
    Uninstalling pandas-3.0.3:
      Successfully uninstalled pandas-3.0.3
  Attempting uninstall: aiohttp
    Found existing installation: aiohttp 3.14.1
    Uninstalling aiohttp-3.14.1:
      Successfully uninstalled aiohttp-3.14.1
  Attempting uninstall: tokenizers
    Found existing installation: tokenizers 0.20.3
    Uninstalling tokenizers-0.20.3:
      Successfully uninstalled tokenizers-0.20.3
  Attempting uninstall: transformers
    Found existing installation: transformers 4.46.3
    Uninstalling transformers-4.46.3:
      Successfully uninstalled transformers-4.46.3
Successfully installed aiohttp-3.9.5 annotated-doc-0.0.4 annotated-types-0.7.0 anyio-4.14.1 click-8.4.2 contourpy-1.3.3 cycler-0.12.1 distro-1.9.0 fonttools-4.63.0 gguf-0.19.0 h11-0.16.0 httpcore-1.0.9 httpx-0.28.1 iniconfig-2.3.0 jiter-0.16.0 kiwisolver-1.5.0 matplotlib-3.10.9 numpy-1.26.4 openai-2.14.0 pandas-2.2.3 pillow-12.2.0 pluggy-1.6.0 prometheus-client-0.20.0 protobuf-4.25.9 pydantic-2.13.4 pydantic-core-2.46.4 pyparsing-3.3.2 pytest-8.3.5 pytz-2026.2 requests-2.32.5 seaborn-0.13.2 sentencepiece-0.2.1 shellingham-1.5.4 sniffio-1.3.1 tokenizers-0.22.2 torch-2.11.0+cpu transformers-4.57.6 typer-0.24.2 typing-inspection-0.4.2 tzdata-2026.2 wget-3.2
WARNING: Running pip as the 'root' user can result in broken permissions and conflicting behaviour with the system package manager. It is recommended to use a virtual environment instead: https://pip.pypa.io/warnings/venv

[notice] A new release of pip is available: 24.0 -> 26.1.2
[notice] To update, run: pip install --upgrade pip
📥 Téléchargement du tokenizer.model manquant...
🔧 [Medical] Conversion en GGUF...
INFO:hf-to-gguf:Loading model: medical_model_merged
INFO:hf-to-gguf:Model architecture: Phi3ForCausalLM
INFO:hf-to-gguf:gguf: loading model weight map from 'model.safetensors.index.json'
INFO:hf-to-gguf:gguf: indexing model part 'model-00001-of-00004.safetensors'
INFO:hf-to-gguf:gguf: indexing model part 'model-00002-of-00004.safetensors'
INFO:hf-to-gguf:gguf: indexing model part 'model-00003-of-00004.safetensors'
INFO:hf-to-gguf:gguf: indexing model part 'model-00004-of-00004.safetensors'
INFO:gguf.gguf_writer:gguf: This GGUF file is for Little Endian only
INFO:hf-to-gguf:Exporting model...
INFO:hf-to-gguf:rope_factors_long.weight,  torch.float32 --> F32, shape = {48}
INFO:hf-to-gguf:rope_factors_short.weight, torch.float32 --> F32, shape = {48}
INFO:hf-to-gguf:token_embd.weight,         torch.float32 --> F16, shape = {3072, 32064}
INFO:hf-to-gguf:blk.0.attn_norm.weight,    torch.float32 --> F32, shape = {3072}
INFO:hf-to-gguf:blk.0.ffn_down.weight,     torch.float32 --> F16, shape = {8192, 3072}
INFO:hf-to-gguf:blk.0.ffn_up.weight,       torch.float32 --> F16, shape = {3072, 16384}
INFO:hf-to-gguf:blk.0.ffn_norm.weight,     torch.float32 --> F32, shape = {3072}
INFO:hf-to-gguf:blk.0.attn_output.weight,  torch.float32 --> F16, shape = {3072, 3072}
INFO:hf-to-gguf:blk.0.attn_qkv.weight,     torch.float32 --> F16, shape = {3072, 9216}
INFO:hf-to-gguf:blk.1.attn_norm.weight,    torch.float32 --> F32, shape = {3072}
INFO:hf-to-gguf:blk.1.ffn_down.weight,     torch.float32 --> F16, shape = {8192, 3072}
INFO:hf-to-gguf:blk.1.ffn_up.weight,       torch.float32 --> F16, shape = {3072, 16384}
INFO:hf-to-gguf:blk.1.ffn_norm.weight,     torch.float32 --> F32, shape = {3072}
INFO:hf-to-gguf:blk.1.attn_output.weight,  torch.float32 --> F16, shape = {3072, 3072}
INFO:hf-to-gguf:blk.1.attn_qkv.weight,     torch.float32 --> F16, shape = {3072, 9216}
INFO:hf-to-gguf:blk.10.attn_output.weight, torch.float32 --> F16, shape = {3072, 3072}
INFO:hf-to-gguf:blk.2.attn_norm.weight,    torch.float32 --> F32, shape = {3072}
INFO:hf-to-gguf:blk.2.ffn_down.weight,     torch.float32 --> F16, shape = {8192, 3072}
INFO:hf-to-gguf:blk.2.ffn_up.weight,       torch.float32 --> F16, shape = {3072, 16384}
INFO:hf-to-gguf:blk.2.ffn_norm.weight,     torch.float32 --> F32, shape = {3072}
INFO:hf-to-gguf:blk.2.attn_output.weight,  torch.float32 --> F16, shape = {3072, 3072}
INFO:hf-to-gguf:blk.2.attn_qkv.weight,     torch.float32 --> F16, shape = {3072, 9216}
INFO:hf-to-gguf:blk.3.attn_norm.weight,    torch.float32 --> F32, shape = {3072}
INFO:hf-to-gguf:blk.3.ffn_down.weight,     torch.float32 --> F16, shape = {8192, 3072}
INFO:hf-to-gguf:blk.3.ffn_up.weight,       torch.float32 --> F16, shape = {3072, 16384}
INFO:hf-to-gguf:blk.3.ffn_norm.weight,     torch.float32 --> F32, shape = {3072}
INFO:hf-to-gguf:blk.3.attn_output.weight,  torch.float32 --> F16, shape = {3072, 3072}
INFO:hf-to-gguf:blk.3.attn_qkv.weight,     torch.float32 --> F16, shape = {3072, 9216}
INFO:hf-to-gguf:blk.4.attn_norm.weight,    torch.float32 --> F32, shape = {3072}
INFO:hf-to-gguf:blk.4.ffn_down.weight,     torch.float32 --> F16, shape = {8192, 3072}
INFO:hf-to-gguf:blk.4.ffn_up.weight,       torch.float32 --> F16, shape = {3072, 16384}
INFO:hf-to-gguf:blk.4.ffn_norm.weight,     torch.float32 --> F32, shape = {3072}
INFO:hf-to-gguf:blk.4.attn_output.weight,  torch.float32 --> F16, shape = {3072, 3072}
INFO:hf-to-gguf:blk.4.attn_qkv.weight,     torch.float32 --> F16, shape = {3072, 9216}
INFO:hf-to-gguf:blk.5.attn_norm.weight,    torch.float32 --> F32, shape = {3072}
INFO:hf-to-gguf:blk.5.ffn_down.weight,     torch.float32 --> F16, shape = {8192, 3072}
INFO:hf-to-gguf:blk.5.ffn_up.weight,       torch.float32 --> F16, shape = {3072, 16384}
INFO:hf-to-gguf:blk.5.ffn_norm.weight,     torch.float32 --> F32, shape = {3072}
INFO:hf-to-gguf:blk.5.attn_output.weight,  torch.float32 --> F16, shape = {3072, 3072}
INFO:hf-to-gguf:blk.5.attn_qkv.weight,     torch.float32 --> F16, shape = {3072, 9216}
INFO:hf-to-gguf:blk.6.attn_norm.weight,    torch.float32 --> F32, shape = {3072}
INFO:hf-to-gguf:blk.6.ffn_down.weight,     torch.float32 --> F16, shape = {8192, 3072}
INFO:hf-to-gguf:blk.6.ffn_up.weight,       torch.float32 --> F16, shape = {3072, 16384}
INFO:hf-to-gguf:blk.6.ffn_norm.weight,     torch.float32 --> F32, shape = {3072}
INFO:hf-to-gguf:blk.6.attn_output.weight,  torch.float32 --> F16, shape = {3072, 3072}
INFO:hf-to-gguf:blk.6.attn_qkv.weight,     torch.float32 --> F16, shape = {3072, 9216}
INFO:hf-to-gguf:blk.7.attn_norm.weight,    torch.float32 --> F32, shape = {3072}
INFO:hf-to-gguf:blk.7.ffn_down.weight,     torch.float32 --> F16, shape = {8192, 3072}
INFO:hf-to-gguf:blk.7.ffn_up.weight,       torch.float32 --> F16, shape = {3072, 16384}
INFO:hf-to-gguf:blk.7.ffn_norm.weight,     torch.float32 --> F32, shape = {3072}
INFO:hf-to-gguf:blk.7.attn_output.weight,  torch.float32 --> F16, shape = {3072, 3072}
INFO:hf-to-gguf:blk.7.attn_qkv.weight,     torch.float32 --> F16, shape = {3072, 9216}
INFO:hf-to-gguf:blk.8.attn_norm.weight,    torch.float32 --> F32, shape = {3072}
INFO:hf-to-gguf:blk.8.ffn_down.weight,     torch.float32 --> F16, shape = {8192, 3072}
INFO:hf-to-gguf:blk.8.ffn_up.weight,       torch.float32 --> F16, shape = {3072, 16384}
INFO:hf-to-gguf:blk.8.ffn_norm.weight,     torch.float32 --> F32, shape = {3072}
INFO:hf-to-gguf:blk.8.attn_output.weight,  torch.float32 --> F16, shape = {3072, 3072}
INFO:hf-to-gguf:blk.8.attn_qkv.weight,     torch.float32 --> F16, shape = {3072, 9216}
INFO:hf-to-gguf:blk.9.attn_norm.weight,    torch.float32 --> F32, shape = {3072}
INFO:hf-to-gguf:blk.9.ffn_down.weight,     torch.float32 --> F16, shape = {8192, 3072}
INFO:hf-to-gguf:blk.9.ffn_up.weight,       torch.float32 --> F16, shape = {3072, 16384}
INFO:hf-to-gguf:blk.9.ffn_norm.weight,     torch.float32 --> F32, shape = {3072}
INFO:hf-to-gguf:blk.9.attn_output.weight,  torch.float32 --> F16, shape = {3072, 3072}
INFO:hf-to-gguf:blk.9.attn_qkv.weight,     torch.float32 --> F16, shape = {3072, 9216}
INFO:hf-to-gguf:blk.10.attn_norm.weight,   torch.float32 --> F32, shape = {3072}
INFO:hf-to-gguf:blk.10.ffn_down.weight,    torch.float32 --> F16, shape = {8192, 3072}
INFO:hf-to-gguf:blk.10.ffn_up.weight,      torch.float32 --> F16, shape = {3072, 16384}
INFO:hf-to-gguf:blk.10.ffn_norm.weight,    torch.float32 --> F32, shape = {3072}
INFO:hf-to-gguf:blk.10.attn_qkv.weight,    torch.float32 --> F16, shape = {3072, 9216}
INFO:hf-to-gguf:blk.11.attn_norm.weight,   torch.float32 --> F32, shape = {3072}
INFO:hf-to-gguf:blk.11.ffn_down.weight,    torch.float32 --> F16, shape = {8192, 3072}
INFO:hf-to-gguf:blk.11.ffn_up.weight,      torch.float32 --> F16, shape = {3072, 16384}
INFO:hf-to-gguf:blk.11.ffn_norm.weight,    torch.float32 --> F32, shape = {3072}
INFO:hf-to-gguf:blk.11.attn_output.weight, torch.float32 --> F16, shape = {3072, 3072}
INFO:hf-to-gguf:blk.11.attn_qkv.weight,    torch.float32 --> F16, shape = {3072, 9216}
INFO:hf-to-gguf:blk.12.attn_norm.weight,   torch.float32 --> F32, shape = {3072}
INFO:hf-to-gguf:blk.12.ffn_down.weight,    torch.float32 --> F16, shape = {8192, 3072}
INFO:hf-to-gguf:blk.12.ffn_up.weight,      torch.float32 --> F16, shape = {3072, 16384}
INFO:hf-to-gguf:blk.12.ffn_norm.weight,    torch.float32 --> F32, shape = {3072}
INFO:hf-to-gguf:blk.12.attn_output.weight, torch.float32 --> F16, shape = {3072, 3072}
INFO:hf-to-gguf:blk.12.attn_qkv.weight,    torch.float32 --> F16, shape = {3072, 9216}
INFO:hf-to-gguf:blk.13.attn_norm.weight,   torch.float32 --> F32, shape = {3072}
INFO:hf-to-gguf:blk.13.ffn_down.weight,    torch.float32 --> F16, shape = {8192, 3072}
INFO:hf-to-gguf:blk.13.ffn_up.weight,      torch.float32 --> F16, shape = {3072, 16384}
INFO:hf-to-gguf:blk.13.ffn_norm.weight,    torch.float32 --> F32, shape = {3072}
INFO:hf-to-gguf:blk.13.attn_output.weight, torch.float32 --> F16, shape = {3072, 3072}
INFO:hf-to-gguf:blk.13.attn_qkv.weight,    torch.float32 --> F16, shape = {3072, 9216}
INFO:hf-to-gguf:blk.14.attn_norm.weight,   torch.float32 --> F32, shape = {3072}
INFO:hf-to-gguf:blk.14.ffn_down.weight,    torch.float32 --> F16, shape = {8192, 3072}
INFO:hf-to-gguf:blk.14.ffn_up.weight,      torch.float32 --> F16, shape = {3072, 16384}
INFO:hf-to-gguf:blk.14.ffn_norm.weight,    torch.float32 --> F32, shape = {3072}
INFO:hf-to-gguf:blk.14.attn_output.weight, torch.float32 --> F16, shape = {3072, 3072}
INFO:hf-to-gguf:blk.14.attn_qkv.weight,    torch.float32 --> F16, shape = {3072, 9216}
INFO:hf-to-gguf:blk.15.attn_norm.weight,   torch.float32 --> F32, shape = {3072}
INFO:hf-to-gguf:blk.15.ffn_down.weight,    torch.float32 --> F16, shape = {8192, 3072}
INFO:hf-to-gguf:blk.15.ffn_up.weight,      torch.float32 --> F16, shape = {3072, 16384}
INFO:hf-to-gguf:blk.15.ffn_norm.weight,    torch.float32 --> F32, shape = {3072}
INFO:hf-to-gguf:blk.15.attn_output.weight, torch.float32 --> F16, shape = {3072, 3072}
INFO:hf-to-gguf:blk.15.attn_qkv.weight,    torch.float32 --> F16, shape = {3072, 9216}
INFO:hf-to-gguf:blk.16.attn_norm.weight,   torch.float32 --> F32, shape = {3072}
INFO:hf-to-gguf:blk.16.ffn_down.weight,    torch.float32 --> F16, shape = {8192, 3072}
INFO:hf-to-gguf:blk.16.ffn_up.weight,      torch.float32 --> F16, shape = {3072, 16384}
INFO:hf-to-gguf:blk.16.ffn_norm.weight,    torch.float32 --> F32, shape = {3072}
INFO:hf-to-gguf:blk.16.attn_output.weight, torch.float32 --> F16, shape = {3072, 3072}
INFO:hf-to-gguf:blk.16.attn_qkv.weight,    torch.float32 --> F16, shape = {3072, 9216}
INFO:hf-to-gguf:blk.17.attn_norm.weight,   torch.float32 --> F32, shape = {3072}
INFO:hf-to-gguf:blk.17.ffn_down.weight,    torch.float32 --> F16, shape = {8192, 3072}
INFO:hf-to-gguf:blk.17.ffn_up.weight,      torch.float32 --> F16, shape = {3072, 16384}
INFO:hf-to-gguf:blk.17.ffn_norm.weight,    torch.float32 --> F32, shape = {3072}
INFO:hf-to-gguf:blk.17.attn_output.weight, torch.float32 --> F16, shape = {3072, 3072}
INFO:hf-to-gguf:blk.17.attn_qkv.weight,    torch.float32 --> F16, shape = {3072, 9216}
INFO:hf-to-gguf:blk.18.attn_norm.weight,   torch.float32 --> F32, shape = {3072}
INFO:hf-to-gguf:blk.18.ffn_down.weight,    torch.float32 --> F16, shape = {8192, 3072}
INFO:hf-to-gguf:blk.18.ffn_up.weight,      torch.float32 --> F16, shape = {3072, 16384}
INFO:hf-to-gguf:blk.18.ffn_norm.weight,    torch.float32 --> F32, shape = {3072}
INFO:hf-to-gguf:blk.18.attn_output.weight, torch.float32 --> F16, shape = {3072, 3072}
INFO:hf-to-gguf:blk.18.attn_qkv.weight,    torch.float32 --> F16, shape = {3072, 9216}
INFO:hf-to-gguf:blk.19.attn_norm.weight,   torch.float32 --> F32, shape = {3072}
INFO:hf-to-gguf:blk.19.ffn_down.weight,    torch.float32 --> F16, shape = {8192, 3072}
INFO:hf-to-gguf:blk.19.ffn_up.weight,      torch.float32 --> F16, shape = {3072, 16384}
INFO:hf-to-gguf:blk.19.ffn_norm.weight,    torch.float32 --> F32, shape = {3072}
INFO:hf-to-gguf:blk.19.attn_output.weight, torch.float32 --> F16, shape = {3072, 3072}
INFO:hf-to-gguf:blk.19.attn_qkv.weight,    torch.float32 --> F16, shape = {3072, 9216}
INFO:hf-to-gguf:blk.20.attn_norm.weight,   torch.float32 --> F32, shape = {3072}
INFO:hf-to-gguf:blk.20.ffn_down.weight,    torch.float32 --> F16, shape = {8192, 3072}
INFO:hf-to-gguf:blk.20.ffn_up.weight,      torch.float32 --> F16, shape = {3072, 16384}
INFO:hf-to-gguf:blk.20.ffn_norm.weight,    torch.float32 --> F32, shape = {3072}
INFO:hf-to-gguf:blk.20.attn_output.weight, torch.float32 --> F16, shape = {3072, 3072}
INFO:hf-to-gguf:blk.20.attn_qkv.weight,    torch.float32 --> F16, shape = {3072, 9216}
INFO:hf-to-gguf:blk.21.attn_output.weight, torch.float32 --> F16, shape = {3072, 3072}
INFO:hf-to-gguf:blk.21.attn_norm.weight,   torch.float32 --> F32, shape = {3072}
INFO:hf-to-gguf:blk.21.ffn_down.weight,    torch.float32 --> F16, shape = {8192, 3072}
INFO:hf-to-gguf:blk.21.ffn_up.weight,      torch.float32 --> F16, shape = {3072, 16384}
INFO:hf-to-gguf:blk.21.ffn_norm.weight,    torch.float32 --> F32, shape = {3072}
INFO:hf-to-gguf:blk.21.attn_qkv.weight,    torch.float32 --> F16, shape = {3072, 9216}
INFO:hf-to-gguf:blk.22.attn_norm.weight,   torch.float32 --> F32, shape = {3072}
INFO:hf-to-gguf:blk.22.ffn_down.weight,    torch.float32 --> F16, shape = {8192, 3072}
INFO:hf-to-gguf:blk.22.ffn_up.weight,      torch.float32 --> F16, shape = {3072, 16384}
INFO:hf-to-gguf:blk.22.ffn_norm.weight,    torch.float32 --> F32, shape = {3072}
INFO:hf-to-gguf:blk.22.attn_output.weight, torch.float32 --> F16, shape = {3072, 3072}
INFO:hf-to-gguf:blk.22.attn_qkv.weight,    torch.float32 --> F16, shape = {3072, 9216}
INFO:hf-to-gguf:blk.23.attn_norm.weight,   torch.float32 --> F32, shape = {3072}
INFO:hf-to-gguf:blk.23.ffn_down.weight,    torch.float32 --> F16, shape = {8192, 3072}
INFO:hf-to-gguf:blk.23.ffn_up.weight,      torch.float32 --> F16, shape = {3072, 16384}
INFO:hf-to-gguf:blk.23.ffn_norm.weight,    torch.float32 --> F32, shape = {3072}
INFO:hf-to-gguf:blk.23.attn_output.weight, torch.float32 --> F16, shape = {3072, 3072}
INFO:hf-to-gguf:blk.23.attn_qkv.weight,    torch.float32 --> F16, shape = {3072, 9216}
INFO:hf-to-gguf:blk.24.attn_norm.weight,   torch.float32 --> F32, shape = {3072}
INFO:hf-to-gguf:blk.24.ffn_down.weight,    torch.float32 --> F16, shape = {8192, 3072}
INFO:hf-to-gguf:blk.24.ffn_up.weight,      torch.float32 --> F16, shape = {3072, 16384}
INFO:hf-to-gguf:blk.24.ffn_norm.weight,    torch.float32 --> F32, shape = {3072}
INFO:hf-to-gguf:blk.24.attn_output.weight, torch.float32 --> F16, shape = {3072, 3072}
INFO:hf-to-gguf:blk.24.attn_qkv.weight,    torch.float32 --> F16, shape = {3072, 9216}
INFO:hf-to-gguf:blk.25.attn_norm.weight,   torch.float32 --> F32, shape = {3072}
INFO:hf-to-gguf:blk.25.ffn_down.weight,    torch.float32 --> F16, shape = {8192, 3072}
INFO:hf-to-gguf:blk.25.ffn_up.weight,      torch.float32 --> F16, shape = {3072, 16384}
INFO:hf-to-gguf:blk.25.ffn_norm.weight,    torch.float32 --> F32, shape = {3072}
INFO:hf-to-gguf:blk.25.attn_output.weight, torch.float32 --> F16, shape = {3072, 3072}
INFO:hf-to-gguf:blk.25.attn_qkv.weight,    torch.float32 --> F16, shape = {3072, 9216}
INFO:hf-to-gguf:blk.26.attn_norm.weight,   torch.float32 --> F32, shape = {3072}
INFO:hf-to-gguf:blk.26.ffn_down.weight,    torch.float32 --> F16, shape = {8192, 3072}
INFO:hf-to-gguf:blk.26.ffn_up.weight,      torch.float32 --> F16, shape = {3072, 16384}
INFO:hf-to-gguf:blk.26.ffn_norm.weight,    torch.float32 --> F32, shape = {3072}
INFO:hf-to-gguf:blk.26.attn_output.weight, torch.float32 --> F16, shape = {3072, 3072}
INFO:hf-to-gguf:blk.26.attn_qkv.weight,    torch.float32 --> F16, shape = {3072, 9216}
INFO:hf-to-gguf:blk.27.attn_norm.weight,   torch.float32 --> F32, shape = {3072}
INFO:hf-to-gguf:blk.27.ffn_down.weight,    torch.float32 --> F16, shape = {8192, 3072}
INFO:hf-to-gguf:blk.27.ffn_up.weight,      torch.float32 --> F16, shape = {3072, 16384}
INFO:hf-to-gguf:blk.27.ffn_norm.weight,    torch.float32 --> F32, shape = {3072}
INFO:hf-to-gguf:blk.27.attn_output.weight, torch.float32 --> F16, shape = {3072, 3072}
INFO:hf-to-gguf:blk.27.attn_qkv.weight,    torch.float32 --> F16, shape = {3072, 9216}
INFO:hf-to-gguf:blk.28.attn_norm.weight,   torch.float32 --> F32, shape = {3072}
INFO:hf-to-gguf:blk.28.ffn_down.weight,    torch.float32 --> F16, shape = {8192, 3072}
INFO:hf-to-gguf:blk.28.ffn_up.weight,      torch.float32 --> F16, shape = {3072, 16384}
INFO:hf-to-gguf:blk.28.ffn_norm.weight,    torch.float32 --> F32, shape = {3072}
INFO:hf-to-gguf:blk.28.attn_output.weight, torch.float32 --> F16, shape = {3072, 3072}
INFO:hf-to-gguf:blk.28.attn_qkv.weight,    torch.float32 --> F16, shape = {3072, 9216}
INFO:hf-to-gguf:blk.29.attn_norm.weight,   torch.float32 --> F32, shape = {3072}
INFO:hf-to-gguf:blk.29.ffn_down.weight,    torch.float32 --> F16, shape = {8192, 3072}
INFO:hf-to-gguf:blk.29.ffn_up.weight,      torch.float32 --> F16, shape = {3072, 16384}
INFO:hf-to-gguf:blk.29.ffn_norm.weight,    torch.float32 --> F32, shape = {3072}
INFO:hf-to-gguf:blk.29.attn_output.weight, torch.float32 --> F16, shape = {3072, 3072}
INFO:hf-to-gguf:blk.29.attn_qkv.weight,    torch.float32 --> F16, shape = {3072, 9216}
INFO:hf-to-gguf:blk.30.attn_norm.weight,   torch.float32 --> F32, shape = {3072}
INFO:hf-to-gguf:blk.30.ffn_down.weight,    torch.float32 --> F16, shape = {8192, 3072}
INFO:hf-to-gguf:blk.30.ffn_up.weight,      torch.float32 --> F16, shape = {3072, 16384}
INFO:hf-to-gguf:blk.30.ffn_norm.weight,    torch.float32 --> F32, shape = {3072}
INFO:hf-to-gguf:blk.30.attn_output.weight, torch.float32 --> F16, shape = {3072, 3072}
INFO:hf-to-gguf:blk.30.attn_qkv.weight,    torch.float32 --> F16, shape = {3072, 9216}
INFO:hf-to-gguf:blk.31.attn_norm.weight,   torch.float32 --> F32, shape = {3072}
INFO:hf-to-gguf:blk.31.ffn_down.weight,    torch.float32 --> F16, shape = {8192, 3072}
INFO:hf-to-gguf:blk.31.ffn_up.weight,      torch.float32 --> F16, shape = {3072, 16384}
INFO:hf-to-gguf:blk.31.ffn_norm.weight,    torch.float32 --> F32, shape = {3072}
INFO:hf-to-gguf:blk.31.attn_output.weight, torch.float32 --> F16, shape = {3072, 3072}
INFO:hf-to-gguf:blk.31.attn_qkv.weight,    torch.float32 --> F16, shape = {3072, 9216}
INFO:hf-to-gguf:output_norm.weight,        torch.float32 --> F32, shape = {3072}
INFO:hf-to-gguf:output.weight,             torch.float32 --> F16, shape = {3072, 32064}
INFO:hf-to-gguf:Set meta model
INFO:hf-to-gguf:Set model parameters
INFO:hf-to-gguf:Set model quantization version
INFO:hf-to-gguf:Set model tokenizer
INFO:gguf.vocab:Setting special token type bos to 1
INFO:gguf.vocab:Setting special token type eos to 32000
INFO:gguf.vocab:Setting special token type unk to 0
INFO:gguf.vocab:Setting special token type pad to 32000
INFO:gguf.vocab:Setting add_bos_token to False
INFO:gguf.vocab:Setting add_eos_token to False
INFO:gguf.vocab:Setting chat_template to {% for message in messages %}{% if message['role'] == 'system' and message['content'] %}{{'<|system|>
' + message['content'] + '<|end|>
'}}{% elif message['role'] == 'user' %}{{'<|user|>
' + message['content'] + '<|end|>
'}}{% elif message['role'] == 'assistant' %}{{'<|assistant|>
' + message['content'] + '<|end|>
'}}{% endif %}{% endfor %}{% if add_generation_prompt %}{{ '<|assistant|>
' }}{% else %}{{ eos_token }}{% endif %}
INFO:gguf.gguf_writer:Writing the following files:
INFO:gguf.gguf_writer:medical-model-f16.gguf: n_tensors = 197, total_size = 7.6G
Writing:   0%|          | 0.00/7.64G [00:00<?, ?byte/s]Writing:   3%|▎         | 197M/7.64G [00:03<02:07, 58.5Mbyte/s]Writing:   3%|▎         | 247M/7.64G [00:04<02:05, 58.7Mbyte/s]Writing:   5%|▍         | 348M/7.64G [00:05<02:02, 59.6Mbyte/s]Writing:   5%|▍         | 367M/7.64G [00:06<02:02, 59.3Mbyte/s]Writing:   6%|▌         | 424M/7.64G [00:07<01:59, 60.2Mbyte/s]Writing:   6%|▌         | 474M/7.64G [00:07<01:59, 60.0Mbyte/s]Writing:   8%|▊         | 575M/7.64G [00:09<01:58, 59.7Mbyte/s]Writing:   8%|▊         | 593M/7.64G [00:09<01:58, 59.3Mbyte/s]Writing:   9%|▊         | 650M/7.64G [00:10<01:57, 59.3Mbyte/s]Writing:   9%|▉         | 669M/7.64G [00:11<01:58, 59.0Mbyte/s]Writing:   9%|▉         | 719M/7.64G [00:12<01:58, 58.6Mbyte/s]Writing:  11%|█         | 820M/7.64G [00:13<01:57, 57.8Mbyte/s]Writing:  11%|█         | 839M/7.64G [00:14<01:59, 56.8Mbyte/s]Writing:  12%|█▏        | 895M/7.64G [00:15<01:56, 57.8Mbyte/s]Writing:  12%|█▏        | 946M/7.64G [00:16<01:55, 58.1Mbyte/s]Writing:  14%|█▎        | 1.05G/7.64G [00:17<01:53, 58.0Mbyte/s]Writing:  14%|█▍        | 1.07G/7.64G [00:18<01:53, 57.9Mbyte/s]Writing:  15%|█▍        | 1.12G/7.64G [00:19<01:50, 58.9Mbyte/s]Writing:  15%|█▌        | 1.17G/7.64G [00:19<01:48, 59.5Mbyte/s]Writing:  17%|█▋        | 1.27G/7.64G [00:22<01:59, 53.4Mbyte/s]Writing:  17%|█▋        | 1.29G/7.64G [00:22<01:59, 53.3Mbyte/s]Writing:  18%|█▊        | 1.35G/7.64G [00:23<01:52, 55.9Mbyte/s]Writing:  18%|█▊        | 1.40G/7.64G [00:24<01:49, 56.9Mbyte/s]Writing:  20%|█▉        | 1.50G/7.64G [00:25<01:44, 58.8Mbyte/s]Writing:  20%|█▉        | 1.52G/7.64G [00:26<01:44, 58.5Mbyte/s]Writing:  21%|██        | 1.57G/7.64G [00:27<01:43, 58.7Mbyte/s]Writing:  21%|██▏       | 1.63G/7.64G [00:27<01:44, 57.7Mbyte/s]Writing:  23%|██▎       | 1.73G/7.64G [00:29<01:41, 58.2Mbyte/s]Writing:  23%|██▎       | 1.74G/7.64G [00:30<01:41, 58.0Mbyte/s]Writing:  24%|██▎       | 1.80G/7.64G [00:30<01:39, 58.8Mbyte/s]Writing:  24%|██▍       | 1.85G/7.64G [00:31<01:37, 59.3Mbyte/s]Writing:  26%|██▌       | 1.95G/7.64G [00:33<01:34, 60.5Mbyte/s]Writing:  26%|██▌       | 1.97G/7.64G [00:33<01:34, 60.0Mbyte/s]Writing:  27%|██▋       | 2.03G/7.64G [00:34<01:33, 60.3Mbyte/s]Writing:  27%|██▋       | 2.08G/7.64G [00:35<01:31, 60.6Mbyte/s]Writing:  29%|██▊       | 2.18G/7.64G [00:37<01:31, 59.4Mbyte/s]Writing:  29%|██▉       | 2.20G/7.64G [00:37<01:32, 58.8Mbyte/s]Writing:  29%|██▉       | 2.25G/7.64G [00:38<01:29, 59.9Mbyte/s]Writing:  30%|███       | 2.30G/7.64G [00:39<01:29, 59.9Mbyte/s]Writing:  31%|███▏      | 2.41G/7.64G [00:40<01:26, 60.8Mbyte/s]Writing:  32%|███▏      | 2.42G/7.64G [00:41<01:26, 60.4Mbyte/s]Writing:  32%|███▏      | 2.48G/7.64G [00:42<01:24, 61.0Mbyte/s]Writing:  33%|███▎      | 2.53G/7.64G [00:43<01:23, 61.1Mbyte/s]Writing:  34%|███▍      | 2.63G/7.64G [00:44<01:21, 61.3Mbyte/s]Writing:  35%|███▌      | 2.69G/7.64G [00:45<01:21, 60.8Mbyte/s]Writing:  36%|███▌      | 2.74G/7.64G [00:46<01:20, 60.6Mbyte/s]Writing:  37%|███▋      | 2.84G/7.64G [00:48<01:18, 60.9Mbyte/s]Writing:  37%|███▋      | 2.86G/7.64G [00:48<01:19, 60.2Mbyte/s]Writing:  38%|███▊      | 2.92G/7.64G [00:49<01:17, 60.8Mbyte/s]Writing:  39%|███▉      | 2.97G/7.64G [00:50<01:18, 59.9Mbyte/s]Writing:  40%|████      | 3.07G/7.64G [00:51<01:15, 60.8Mbyte/s]Writing:  40%|████      | 3.09G/7.64G [00:52<01:15, 60.1Mbyte/s]Writing:  41%|████      | 3.14G/7.64G [00:53<01:15, 60.0Mbyte/s]Writing:  42%|████▏     | 3.19G/7.64G [00:53<01:14, 60.0Mbyte/s]Writing:  43%|████▎     | 3.29G/7.64G [00:55<01:12, 59.8Mbyte/s]Writing:  43%|████▎     | 3.31G/7.64G [00:55<01:13, 59.3Mbyte/s]Writing:  44%|████▍     | 3.37G/7.64G [00:56<01:11, 59.8Mbyte/s]Writing:  45%|████▍     | 3.42G/7.64G [00:57<01:10, 60.3Mbyte/s]Writing:  46%|████▌     | 3.52G/7.64G [00:59<01:08, 60.4Mbyte/s]Writing:  46%|████▋     | 3.54G/7.64G [00:59<01:08, 60.0Mbyte/s]Writing:  47%|████▋     | 3.59G/7.64G [01:00<01:07, 59.8Mbyte/s]Writing:  48%|████▊     | 3.65G/7.64G [01:01<01:07, 59.4Mbyte/s]Writing:  49%|████▉     | 3.75G/7.64G [01:03<01:06, 59.0Mbyte/s]Writing:  49%|████▉     | 3.76G/7.64G [01:03<01:06, 58.5Mbyte/s]Writing:  50%|████▉     | 3.82G/7.64G [01:04<01:04, 59.3Mbyte/s]Writing:  51%|█████     | 3.87G/7.64G [01:05<01:03, 59.8Mbyte/s]Writing:  52%|█████▏    | 3.97G/7.64G [01:07<01:00, 60.4Mbyte/s]Writing:  52%|█████▏    | 3.99G/7.64G [01:07<01:01, 59.8Mbyte/s]Writing:  53%|█████▎    | 4.05G/7.64G [01:08<00:59, 60.0Mbyte/s]Writing:  54%|█████▎    | 4.10G/7.64G [01:09<00:59, 59.8Mbyte/s]Writing:  55%|█████▍    | 4.20G/7.64G [01:10<00:56, 60.8Mbyte/s]Writing:  55%|█████▌    | 4.22G/7.64G [01:11<00:56, 60.5Mbyte/s]Writing:  56%|█████▌    | 4.27G/7.64G [01:12<00:55, 61.1Mbyte/s]Writing:  57%|█████▋    | 4.32G/7.64G [01:12<00:55, 60.2Mbyte/s]Writing:  58%|█████▊    | 4.43G/7.64G [01:14<00:52, 61.7Mbyte/s]Writing:  58%|█████▊    | 4.44G/7.64G [01:14<00:52, 61.2Mbyte/s]Writing:  59%|█████▉    | 4.50G/7.64G [01:15<00:51, 61.4Mbyte/s]Writing:  60%|█████▉    | 4.55G/7.64G [01:16<00:50, 60.9Mbyte/s]Writing:  61%|██████    | 4.65G/7.64G [01:18<00:49, 60.8Mbyte/s]Writing:  61%|██████    | 4.67G/7.64G [01:18<00:49, 60.3Mbyte/s]Writing:  62%|██████▏   | 4.73G/7.64G [01:19<00:48, 59.9Mbyte/s]Writing:  63%|██████▎   | 4.78G/7.64G [01:20<00:47, 60.1Mbyte/s]Writing:  64%|██████▍   | 4.88G/7.64G [01:21<00:45, 60.5Mbyte/s]Writing:  64%|██████▍   | 4.90G/7.64G [01:22<00:46, 59.6Mbyte/s]Writing:  65%|██████▍   | 4.95G/7.64G [01:23<00:45, 59.6Mbyte/s]Writing:  65%|██████▌   | 4.97G/7.64G [01:23<00:45, 59.2Mbyte/s]Writing:  66%|██████▌   | 5.02G/7.64G [01:24<00:44, 59.3Mbyte/s]Writing:  67%|██████▋   | 5.12G/7.64G [01:26<00:42, 59.2Mbyte/s]Writing:  68%|██████▊   | 5.18G/7.64G [01:27<00:41, 59.2Mbyte/s]Writing:  68%|██████▊   | 5.23G/7.64G [01:27<00:40, 59.0Mbyte/s]Writing:  70%|██████▉   | 5.33G/7.64G [01:29<00:38, 59.6Mbyte/s]Writing:  70%|███████   | 5.35G/7.64G [01:29<00:38, 59.0Mbyte/s]Writing:  71%|███████   | 5.41G/7.64G [01:30<00:37, 59.7Mbyte/s]Writing:  71%|███████▏  | 5.46G/7.64G [01:31<00:36, 59.4Mbyte/s]Writing:  73%|███████▎  | 5.56G/7.64G [01:33<00:34, 60.2Mbyte/s]Writing:  73%|███████▎  | 5.58G/7.64G [01:33<00:34, 59.4Mbyte/s]Writing:  74%|███████▎  | 5.63G/7.64G [01:34<00:34, 59.1Mbyte/s]Writing:  74%|███████▍  | 5.68G/7.64G [01:35<00:33, 58.5Mbyte/s]Writing:  76%|███████▌  | 5.78G/7.64G [01:37<00:31, 59.1Mbyte/s]Writing:  76%|███████▌  | 5.80G/7.64G [01:37<00:31, 58.6Mbyte/s]Writing:  77%|███████▋  | 5.86G/7.64G [01:38<00:30, 59.1Mbyte/s]Writing:  77%|███████▋  | 5.91G/7.64G [01:39<00:29, 58.8Mbyte/s]Writing:  79%|███████▊  | 6.01G/7.64G [01:41<00:27, 59.2Mbyte/s]Writing:  79%|███████▉  | 6.03G/7.64G [01:41<00:27, 58.7Mbyte/s]Writing:  80%|███████▉  | 6.09G/7.64G [01:42<00:26, 58.7Mbyte/s]Writing:  80%|████████  | 6.14G/7.64G [01:43<00:25, 58.9Mbyte/s]Writing:  82%|████████▏ | 6.24G/7.64G [01:45<00:23, 58.8Mbyte/s]Writing:  82%|████████▏ | 6.26G/7.64G [01:45<00:23, 58.2Mbyte/s]Writing:  83%|████████▎ | 6.31G/7.64G [01:46<00:22, 58.7Mbyte/s]Writing:  83%|████████▎ | 6.36G/7.64G [01:47<00:21, 59.0Mbyte/s]Writing:  85%|████████▍ | 6.46G/7.64G [01:48<00:19, 59.2Mbyte/s]Writing:  85%|████████▍ | 6.48G/7.64G [01:49<00:19, 58.9Mbyte/s]Writing:  86%|████████▌ | 6.54G/7.64G [01:50<00:18, 59.2Mbyte/s]Writing:  86%|████████▌ | 6.59G/7.64G [01:51<00:17, 58.7Mbyte/s]Writing:  88%|████████▊ | 6.69G/7.64G [01:52<00:16, 59.4Mbyte/s]Writing:  88%|████████▊ | 6.71G/7.64G [01:53<00:15, 58.8Mbyte/s]Writing:  89%|████████▊ | 6.77G/7.64G [01:53<00:14, 59.2Mbyte/s]Writing:  89%|████████▉ | 6.82G/7.64G [01:54<00:13, 59.4Mbyte/s]Writing:  91%|█████████ | 6.92G/7.64G [01:56<00:12, 59.6Mbyte/s]Writing:  91%|█████████ | 6.94G/7.64G [01:56<00:11, 59.1Mbyte/s]Writing:  91%|█████████▏| 6.99G/7.64G [01:57<00:10, 59.6Mbyte/s]Writing:  92%|█████████▏| 7.04G/7.64G [01:58<00:10, 59.5Mbyte/s]Writing:  93%|█████████▎| 7.14G/7.64G [02:00<00:08, 59.9Mbyte/s]Writing:  94%|█████████▎| 7.16G/7.64G [02:00<00:08, 59.6Mbyte/s]Writing:  94%|█████████▍| 7.22G/7.64G [02:01<00:07, 59.5Mbyte/s]Writing:  95%|█████████▌| 7.27G/7.64G [02:02<00:06, 59.0Mbyte/s]Writing:  96%|█████████▋| 7.37G/7.64G [02:04<00:04, 59.1Mbyte/s]Writing:  97%|█████████▋| 7.39G/7.64G [02:04<00:04, 58.3Mbyte/s]Writing:  97%|█████████▋| 7.45G/7.64G [02:05<00:03, 58.4Mbyte/s]Writing: 100%|██████████| 7.64G/7.64G [02:08<00:00, 57.4Mbyte/s]Writing: 100%|██████████| 7.64G/7.64G [02:08<00:00, 59.3Mbyte/s]
INFO:hf-to-gguf:Model successfully exported to medical-model-f16.gguf
✅ [Medical] Conversion GGUF terminée : medical-model-f16.gguf
🐳 Starting Docker containers...
 Image remigeslin/socket-chat:latest Pulling 
 Image ollama/ollama:latest Pulling 
 fff4e2c1b189 Pulling fs layer 0B
 6e50ed39b2be Pulling fs layer 0B
 45eaae822cf3 Pulling fs layer 0B
 b2cbbfe903b0 Pulling fs layer 0B
 6a0ac1617861 Pulling fs layer 0B
 4b0caa347e21 Pulling fs layer 0B
 4feea04c1543 Pulling fs layer 0B
 127fc97ab075 Pulling fs layer 0B
 66c32841953f Pulling fs layer 0B
 91b478fc626e Pulling fs layer 0B
 a8d5efa81962 Pulling fs layer 0B
 cd1b38f90317 Pulling fs layer 0B
 cb259a83ac3d Pulling fs layer 0B
 45eaae822cf3 Downloading 93B
 45eaae822cf3 Download complete 0B
 91b478fc626e Downloading 2.097MB
 6e50ed39b2be Download complete 0B
 4b0caa347e21 Download complete 0B
 fff4e2c1b189 Download complete 0B
 91b478fc626e Downloading 3.146MB
 6a0ac1617861 Downloading 1.049MB
 66c32841953f Download complete 0B
 127fc97ab075 Downloading 1.049MB
 b2cbbfe903b0 Download complete 0B
 4feea04c1543 Downloading 1.049MB
 a8d5efa81962 Downloading 1.049MB
 91b478fc626e Downloading 4.194MB
 4feea04c1543 Downloading 1.049MB
 6a0ac1617861 Downloading 1.049MB
 127fc97ab075 Downloading 1.049MB
 91b478fc626e Downloading 5.243MB
 cb259a83ac3d Downloading 1.049MB
 a8d5efa81962 Downloading 2.097MB
 4feea04c1543 Downloading 2.097MB
 6a0ac1617861 Downloading 2.097MB
 127fc97ab075 Downloading 2.097MB
 a8d5efa81962 Downloading 3.146MB
 91b478fc626e Downloading 5.243MB
 cb259a83ac3d Downloading 2.097MB
 4feea04c1543 Downloading 3.146MB
 6a0ac1617861 Downloading 3.146MB
 127fc97ab075 Downloading 3.146MB
 91b478fc626e Downloading 5.243MB
 cd1b38f90317 Downloading 1.049MB
 cb259a83ac3d Downloading 2.097MB
 a8d5efa81962 Downloading 4.194MB
 a8d5efa81962 Downloading 4.194MB
 91b478fc626e Downloading 6.291MB
 cd1b38f90317 Downloading 2.097MB
 cb259a83ac3d Downloading 3.146MB
 127fc97ab075 Downloading 4.194MB
 4feea04c1543 Downloading 4.194MB
 6a0ac1617861 Download complete 0B
 6a0ac1617861 Extracting 1B
 91b478fc626e Downloading 6.291MB
 cd1b38f90317 Downloading 2.097MB
 cb259a83ac3d Downloading 4.194MB
 a8d5efa81962 Downloading 5.243MB
 4feea04c1543 Downloading 5.243MB
 127fc97ab075 Downloading 5.243MB
 6a0ac1617861 Extracting 1B
 91b478fc626e Downloading 6.291MB
 cd1b38f90317 Downloading 3.146MB
 cb259a83ac3d Downloading 5.243MB
 a8d5efa81962 Downloading 6.291MB
 127fc97ab075 Downloading 6.291MB
 4feea04c1543 Downloading 6.291MB
 6a0ac1617861 Pull complete 0B
 91b478fc626e Downloading 7.34MB
 cd1b38f90317 Downloading 3.146MB
 cb259a83ac3d Downloading 6.291MB
 a8d5efa81962 Downloading 7.34MB
 127fc97ab075 Downloading 7.34MB
 4feea04c1543 Downloading 6.291MB
 91b478fc626e Downloading 7.34MB
 cd1b38f90317 Downloading 4.194MB
 cb259a83ac3d Downloading 7.34MB
 a8d5efa81962 Downloading 8.389MB
 4feea04c1543 Downloading 7.34MB
 127fc97ab075 Downloading 8.389MB
 cd1b38f90317 Downloading 4.194MB
 cb259a83ac3d Downloading 8.389MB
 a8d5efa81962 Downloading 9.437MB
 91b478fc626e Downloading 8.389MB
 4feea04c1543 Downloading 8.389MB
 127fc97ab075 Downloading 9.437MB
 a8d5efa81962 Downloading 10.49MB
 91b478fc626e Downloading 8.389MB
 cd1b38f90317 Downloading 5.243MB
 cb259a83ac3d Downloading 9.437MB
 127fc97ab075 Downloading 10.49MB
 4feea04c1543 Downloading 9.437MB
 91b478fc626e Downloading 9.437MB
 cd1b38f90317 Downloading 5.243MB
 cb259a83ac3d Downloading 10.49MB
 a8d5efa81962 Downloading 11.53MB
 4feea04c1543 Downloading 10.49MB
 127fc97ab075 Downloading 11.53MB
 91b478fc626e Downloading 9.437MB
 cd1b38f90317 Downloading 6.291MB
 cb259a83ac3d Downloading 11.53MB
 a8d5efa81962 Downloading 12.58MB
 127fc97ab075 Downloading 12.58MB
 4feea04c1543 Downloading 11.53MB
 cb259a83ac3d Downloading 12.58MB
 a8d5efa81962 Download complete 0B
 91b478fc626e Downloading 10.49MB
 cd1b38f90317 Downloading 7.34MB
 127fc97ab075 Downloading 13.63MB
 4feea04c1543 Downloading 12.58MB
 4feea04c1543 Downloading 13.63MB
 127fc97ab075 Downloading 14.68MB
 cd1b38f90317 Downloading 8.389MB
 cb259a83ac3d Downloading 13.63MB
 91b478fc626e Downloading 11.53MB
 91b478fc626e Downloading 12.58MB
 cd1b38f90317 Downloading 8.389MB
 cb259a83ac3d Downloading 14.68MB
 127fc97ab075 Downloading 15.73MB
 4feea04c1543 Downloading 14.68MB
 91b478fc626e Downloading 13.63MB
 cd1b38f90317 Downloading 8.389MB
 cb259a83ac3d Downloading 16.78MB
 4feea04c1543 Downloading 16.78MB
 127fc97ab075 Downloading 16.78MB
 91b478fc626e Downloading 14.68MB
 cd1b38f90317 Downloading 8.389MB
 cb259a83ac3d Downloading 17.83MB
 127fc97ab075 Download complete 0B
 4feea04c1543 Downloading 17.83MB
 91b478fc626e Downloading 15.73MB
 cd1b38f90317 Downloading 10.49MB
 cb259a83ac3d Downloading 18.87MB
 4feea04c1543 Downloading 18.87MB
 91b478fc626e Downloading 16.78MB
 cd1b38f90317 Downloading 10.49MB
 cb259a83ac3d Downloading 20.97MB
 4feea04c1543 Downloading 20.97MB
 91b478fc626e Downloading 17.83MB
 cd1b38f90317 Downloading 10.49MB
 cb259a83ac3d Downloading 22.02MB
 4feea04c1543 Downloading 22.02MB
 91b478fc626e Downloading 19.92MB
 cd1b38f90317 Downloading 11.53MB
 cb259a83ac3d Downloading 24.12MB
 4feea04c1543 Downloading 24.12MB
 cb259a83ac3d Downloading 25.17MB
 91b478fc626e Downloading 20.97MB
 cd1b38f90317 Downloading 13.63MB
 4feea04c1543 Downloading 25.17MB
 91b478fc626e Downloading 22.02MB
 cd1b38f90317 Downloading 14.68MB
 cb259a83ac3d Downloading 26.21MB
 4feea04c1543 Downloading 26.21MB
 91b478fc626e Downloading 23.07MB
 cd1b38f90317 Downloading 14.68MB
 cb259a83ac3d Downloading 28.31MB
 4feea04c1543 Downloading 28.31MB
 91b478fc626e Downloading 25.17MB
 cd1b38f90317 Downloading 15.73MB
 cb259a83ac3d Download complete 0B
 cb259a83ac3d Extracting 1B
 4feea04c1543 Downloading 29.36MB
 cd1b38f90317 Downloading 16.78MB
 91b478fc626e Downloading 26.21MB
 4feea04c1543 Downloading 31.46MB
 cb259a83ac3d Extracting 1B
 91b478fc626e Downloading 27.26MB
 cd1b38f90317 Downloading 18.87MB
 cb259a83ac3d Extracting 1B
 4feea04c1543 Downloading 32.51MB
 91b478fc626e Downloading 27.26MB
 cd1b38f90317 Downloading 20.97MB
 4feea04c1543 Downloading 34.6MB
 cb259a83ac3d Extracting 1B
 91b478fc626e Downloading 28.31MB
 cd1b38f90317 Downloading 22.02MB
 cb259a83ac3d Extracting 1B
 4feea04c1543 Downloading 37.75MB
 91b478fc626e Downloading 28.31MB
 cd1b38f90317 Downloading 23.07MB
 cb259a83ac3d Extracting 1B
 4feea04c1543 Downloading 39.85MB
 91b478fc626e Downloading 28.31MB
 cd1b38f90317 Downloading 26.21MB
 cb259a83ac3d Extracting 1B
 4feea04c1543 Downloading 40.89MB
 91b478fc626e Downloading 29.36MB
 cd1b38f90317 Downloading 29.36MB
 cb259a83ac3d Extracting 1B
 4feea04c1543 Download complete 0B
 4feea04c1543 Extracting 1B
 91b478fc626e Downloading 29.36MB
 cd1b38f90317 Downloading 31.46MB
 cb259a83ac3d Extracting 1B
 4feea04c1543 Extracting 1B
 91b478fc626e Downloading 30.41MB
 cd1b38f90317 Downloading 34.6MB
 cb259a83ac3d Extracting 1B
 4feea04c1543 Extracting 1B
 91b478fc626e Downloading 31.46MB
 cd1b38f90317 Downloading 36.7MB
 cb259a83ac3d Extracting 1B
 4feea04c1543 Extracting 1B
 91b478fc626e Downloading 33.55MB
 cd1b38f90317 Downloading 38.8MB
 cb259a83ac3d Extracting 2B
 4feea04c1543 Extracting 1B
 91b478fc626e Downloading 35.65MB
 cd1b38f90317 Downloading 39.85MB
 cb259a83ac3d Pull complete 0B
 4feea04c1543 Extracting 1B
 91b478fc626e Downloading 37.75MB
 cd1b38f90317 Downloading 41.94MB
 4feea04c1543 Extracting 1B
 91b478fc626e Downloading 39.85MB
 cd1b38f90317 Downloading 44.04MB
 4feea04c1543 Extracting 1B
 91b478fc626e Downloading 42.99MB
 cd1b38f90317 Downloading 45.09MB
 4feea04c1543 Extracting 1B
 91b478fc626e Downloading 45.09MB
 cd1b38f90317 Downloading 46.14MB
 4feea04c1543 Extracting 1B
 91b478fc626e Downloading 46.14MB
 cd1b38f90317 Downloading 48.23MB
 4feea04c1543 Extracting 1B
 91b478fc626e Downloading 48.23MB
 cd1b38f90317 Downloading 50.33MB
 4feea04c1543 Extracting 2B
 91b478fc626e Downloading 50.33MB
 cd1b38f90317 Downloading 52.43MB
 4feea04c1543 Extracting 2B
 91b478fc626e Downloading 50.33MB
 cd1b38f90317 Downloading 56.62MB
 b2cbbfe903b0 Pull complete 0B
 4feea04c1543 Pull complete 0B
 91b478fc626e Downloading 50.33MB
 cd1b38f90317 Downloading 60.82MB
 45eaae822cf3 Pull complete 0B
 6e50ed39b2be Pull complete 0B
 4b0caa347e21 Pull complete 0B
 fff4e2c1b189 Pull complete 0B
 127fc97ab075 Extracting 1B
 91b478fc626e Downloading 50.33MB
 cd1b38f90317 Downloading 65.01MB
 127fc97ab075 Extracting 1B
 91b478fc626e Downloading 52.43MB
 cd1b38f90317 Downloading 67.11MB
 127fc97ab075 Extracting 1B
 91b478fc626e Downloading 53.48MB
 cd1b38f90317 Downloading 69.21MB
 127fc97ab075 Extracting 1B
 91b478fc626e Downloading 55.57MB
 cd1b38f90317 Downloading 71.3MB
 127fc97ab075 Extracting 1B
 91b478fc626e Downloading 56.62MB
 cd1b38f90317 Downloading 73.4MB
 127fc97ab075 Extracting 1B
 66c32841953f Pull complete 0B
 127fc97ab075 Pull complete 0B
 Image remigeslin/socket-chat:latest Pulled 
 91b478fc626e Downloading 58.72MB
 cd1b38f90317 Downloading 75.5MB
 91b478fc626e Downloading 60.82MB
 cd1b38f90317 Downloading 76.55MB
 91b478fc626e Downloading 62.91MB
 cd1b38f90317 Downloading 78.64MB
 91b478fc626e Downloading 65.01MB
 cd1b38f90317 Downloading 80.74MB
 91b478fc626e Downloading 68.16MB
 cd1b38f90317 Downloading 82.84MB
 91b478fc626e Downloading 69.21MB
 cd1b38f90317 Downloading 84.93MB
 cd1b38f90317 Downloading 87.03MB
 91b478fc626e Downloading 71.3MB
 91b478fc626e Downloading 73.4MB
 cd1b38f90317 Downloading 89.13MB
 91b478fc626e Downloading 74.45MB
 cd1b38f90317 Downloading 91.23MB
 91b478fc626e Downloading 76.55MB
 cd1b38f90317 Downloading 93.32MB
 91b478fc626e Downloading 77.59MB
 cd1b38f90317 Downloading 94.37MB
 91b478fc626e Downloading 80.74MB
 cd1b38f90317 Downloading 96.47MB
 91b478fc626e Downloading 81.79MB
 cd1b38f90317 Downloading 99.61MB
 91b478fc626e Downloading 83.89MB
 cd1b38f90317 Downloading 100.7MB
 91b478fc626e Downloading 84.93MB
 cd1b38f90317 Downloading 103.8MB
 91b478fc626e Downloading 88.08MB
 cd1b38f90317 Download complete 0B
 cd1b38f90317 Extracting 1B
 91b478fc626e Downloading 90.18MB
 cd1b38f90317 Extracting 1B
 91b478fc626e Downloading 92.27MB
 cd1b38f90317 Extracting 1B
 91b478fc626e Downloading 94.37MB
 cd1b38f90317 Extracting 1B
 91b478fc626e Downloading 97.52MB
 cd1b38f90317 Extracting 1B
 91b478fc626e Downloading 100.7MB
 cd1b38f90317 Extracting 1B
 91b478fc626e Downloading 103.8MB
 cd1b38f90317 Extracting 1B
 91b478fc626e Downloading 107MB
 cd1b38f90317 Extracting 1B
 91b478fc626e Downloading 109.1MB
 cd1b38f90317 Extracting 1B
 91b478fc626e Downloading 112.2MB
 cd1b38f90317 Extracting 1B
 91b478fc626e Downloading 114.3MB
 cd1b38f90317 Extracting 1B
 91b478fc626e Downloading 118.5MB
 cd1b38f90317 Extracting 2B
 91b478fc626e Downloading 119.5MB
 cd1b38f90317 Extracting 2B
 91b478fc626e Downloading 122.7MB
 cd1b38f90317 Extracting 2B
 91b478fc626e Downloading 124.8MB
 cd1b38f90317 Extracting 2B
 91b478fc626e Downloading 126.9MB
 cd1b38f90317 Extracting 2B
 91b478fc626e Downloading 127.9MB
 cd1b38f90317 Extracting 2B
 91b478fc626e Downloading 130MB
 cd1b38f90317 Pull complete 0B
 91b478fc626e Downloading 132.1MB
 a8d5efa81962 Extracting 1B
 91b478fc626e Downloading 135.3MB
 a8d5efa81962 Pull complete 0B
 91b478fc626e Downloading 136.3MB
 91b478fc626e Downloading 138.4MB
 91b478fc626e Downloading 140.5MB
 91b478fc626e Downloading 141.6MB
 91b478fc626e Downloading 143.7MB
 91b478fc626e Downloading 144.7MB
 91b478fc626e Downloading 146.8MB
 91b478fc626e Downloading 147.8MB
 91b478fc626e Downloading 149.9MB
 91b478fc626e Downloading 151MB
 91b478fc626e Downloading 153.1MB
 91b478fc626e Downloading 154.1MB
 91b478fc626e Downloading 155.2MB
 91b478fc626e Downloading 157.3MB
 91b478fc626e Downloading 158.3MB
 91b478fc626e Downloading 160.4MB
 91b478fc626e Downloading 162.5MB
 91b478fc626e Downloading 163.6MB
 91b478fc626e Downloading 164.6MB
 91b478fc626e Downloading 166.7MB
 91b478fc626e Downloading 167.8MB
 91b478fc626e Downloading 170.9MB
 91b478fc626e Downloading 173MB
 91b478fc626e Downloading 174.1MB
 91b478fc626e Downloading 176.2MB
 91b478fc626e Downloading 177.2MB
 91b478fc626e Downloading 179.3MB
 91b478fc626e Downloading 180.4MB
 91b478fc626e Downloading 182.5MB
 91b478fc626e Downloading 183.5MB
 91b478fc626e Downloading 185.6MB
 91b478fc626e Downloading 186.6MB
 91b478fc626e Downloading 188.7MB
 91b478fc626e Downloading 189.8MB
 91b478fc626e Downloading 191.9MB
 91b478fc626e Downloading 194MB
 91b478fc626e Downloading 195MB
 91b478fc626e Downloading 197.1MB
 91b478fc626e Downloading 198.2MB
 91b478fc626e Downloading 199.2MB
 91b478fc626e Downloading 201.3MB
 91b478fc626e Downloading 202.4MB
 91b478fc626e Downloading 203.4MB
 91b478fc626e Downloading 205.5MB
 91b478fc626e Downloading 207.6MB
 91b478fc626e Downloading 208.7MB
 91b478fc626e Downloading 210.8MB
 91b478fc626e Downloading 212.9MB
 91b478fc626e Downloading 213.9MB
 91b478fc626e Downloading 216MB
 91b478fc626e Downloading 217.1MB
 91b478fc626e Downloading 218.1MB
 91b478fc626e Downloading 219.2MB
 91b478fc626e Downloading 221.2MB
 91b478fc626e Downloading 222.3MB
 91b478fc626e Downloading 224.4MB
 91b478fc626e Downloading 225.4MB
 91b478fc626e Downloading 227.5MB
 91b478fc626e Downloading 229.6MB
 91b478fc626e Downloading 230.7MB
 91b478fc626e Downloading 231.7MB
 91b478fc626e Downloading 233.8MB
 91b478fc626e Downloading 234.9MB
 91b478fc626e Downloading 237MB
 91b478fc626e Downloading 238MB
 91b478fc626e Downloading 240.1MB
 91b478fc626e Downloading 241.2MB
 91b478fc626e Downloading 242.2MB
 91b478fc626e Downloading 244.3MB
 91b478fc626e Downloading 245.4MB
 91b478fc626e Downloading 247.5MB
 91b478fc626e Downloading 248.5MB
 91b478fc626e Downloading 250.6MB
 91b478fc626e Downloading 251.7MB
 91b478fc626e Downloading 253.8MB
 91b478fc626e Downloading 255.9MB
 91b478fc626e Downloading 256.9MB
 91b478fc626e Downloading 257.9MB
 91b478fc626e Downloading 260MB
 91b478fc626e Downloading 262.1MB
 91b478fc626e Downloading 263.2MB
 91b478fc626e Downloading 265.3MB
 91b478fc626e Downloading 267.4MB
 91b478fc626e Downloading 268.4MB
 91b478fc626e Downloading 271.6MB
 91b478fc626e Downloading 272.6MB
 91b478fc626e Downloading 274.7MB
 91b478fc626e Downloading 276.8MB
 91b478fc626e Downloading 277.9MB
 91b478fc626e Downloading 280MB
 91b478fc626e Downloading 281MB
 91b478fc626e Downloading 283.1MB
 91b478fc626e Downloading 285.2MB
 91b478fc626e Downloading 286.3MB
 91b478fc626e Downloading 288.4MB
 91b478fc626e Downloading 289.4MB
 91b478fc626e Downloading 291.5MB
 91b478fc626e Downloading 292.6MB
 91b478fc626e Downloading 294.6MB
 91b478fc626e Downloading 295.7MB
 91b478fc626e Downloading 296.7MB
 91b478fc626e Downloading 298.8MB
 91b478fc626e Downloading 299.9MB
 91b478fc626e Downloading 302MB
 91b478fc626e Downloading 304.1MB
 91b478fc626e Downloading 305.1MB
 91b478fc626e Downloading 306.2MB
 91b478fc626e Downloading 308.3MB
 91b478fc626e Downloading 309.3MB
 91b478fc626e Downloading 310.4MB
 91b478fc626e Downloading 312.5MB
 91b478fc626e Downloading 313.5MB
 91b478fc626e Downloading 315.6MB
 91b478fc626e Downloading 316.7MB
 91b478fc626e Downloading 318.8MB
 91b478fc626e Downloading 320.9MB
 91b478fc626e Downloading 321.9MB
 91b478fc626e Downloading 323MB
 91b478fc626e Downloading 325.1MB
 91b478fc626e Downloading 326.1MB
 91b478fc626e Downloading 328.2MB
 91b478fc626e Downloading 330.3MB
 91b478fc626e Downloading 332.4MB
 91b478fc626e Downloading 333.4MB
 91b478fc626e Downloading 335.5MB
 91b478fc626e Downloading 336.6MB
 91b478fc626e Downloading 337.6MB
 91b478fc626e Downloading 339.7MB
 91b478fc626e Downloading 340.8MB
 91b478fc626e Downloading 341.8MB
 91b478fc626e Downloading 342.9MB
 91b478fc626e Downloading 346MB
 91b478fc626e Downloading 347.1MB
 91b478fc626e Downloading 348.1MB
 91b478fc626e Downloading 350.2MB
 91b478fc626e Downloading 351.3MB
 91b478fc626e Downloading 352.3MB
 91b478fc626e Downloading 354.4MB
 91b478fc626e Downloading 355.5MB
 91b478fc626e Downloading 356.5MB
 91b478fc626e Downloading 358.6MB
 91b478fc626e Downloading 359.7MB
 91b478fc626e Downloading 361.8MB
 91b478fc626e Downloading 362.8MB
 91b478fc626e Downloading 364.9MB
 91b478fc626e Downloading 366MB
 91b478fc626e Downloading 368.1MB
 91b478fc626e Downloading 369.1MB
 91b478fc626e Downloading 371.2MB
 91b478fc626e Downloading 373.3MB
 91b478fc626e Downloading 374.3MB
 91b478fc626e Downloading 376.4MB
 91b478fc626e Downloading 377.5MB
 91b478fc626e Downloading 378.5MB
 91b478fc626e Downloading 380.6MB
 91b478fc626e Downloading 382.7MB
 91b478fc626e Downloading 383.8MB
 91b478fc626e Downloading 385.9MB
 91b478fc626e Downloading 386.9MB
 91b478fc626e Downloading 389MB
 91b478fc626e Downloading 390.1MB
 91b478fc626e Downloading 392.2MB
 91b478fc626e Downloading 394.3MB
 91b478fc626e Downloading 395.3MB
 91b478fc626e Downloading 397.4MB
 91b478fc626e Downloading 399.5MB
 91b478fc626e Downloading 400.6MB
 91b478fc626e Downloading 402.7MB
 91b478fc626e Downloading 403.7MB
 91b478fc626e Downloading 405.8MB
 91b478fc626e Downloading 407.9MB
 91b478fc626e Downloading 408.9MB
 91b478fc626e Downloading 411MB
 91b478fc626e Downloading 412.1MB
 91b478fc626e Downloading 414.2MB
 91b478fc626e Downloading 415.2MB
 91b478fc626e Downloading 417.3MB
 91b478fc626e Downloading 418.4MB
 91b478fc626e Downloading 420.5MB
 91b478fc626e Downloading 422.6MB
 91b478fc626e Downloading 423.6MB
 91b478fc626e Downloading 424.7MB
 91b478fc626e Downloading 426.8MB
 91b478fc626e Downloading 427.8MB
 91b478fc626e Downloading 429.9MB
 91b478fc626e Downloading 431MB
 91b478fc626e Downloading 435.2MB
 91b478fc626e Downloading 436.2MB
 91b478fc626e Downloading 438.3MB
 91b478fc626e Downloading 439.4MB
 91b478fc626e Downloading 441.5MB
 91b478fc626e Downloading 443.5MB
 91b478fc626e Downloading 444.6MB
 91b478fc626e Downloading 446.7MB
 91b478fc626e Downloading 447.7MB
 91b478fc626e Downloading 449.8MB
 91b478fc626e Downloading 450.9MB
 91b478fc626e Downloading 451.9MB
 91b478fc626e Downloading 454MB
 91b478fc626e Downloading 455.1MB
 91b478fc626e Downloading 457.2MB
 91b478fc626e Downloading 459.3MB
 91b478fc626e Downloading 460.3MB
 91b478fc626e Downloading 462.4MB
 91b478fc626e Downloading 463.5MB
 91b478fc626e Downloading 465.6MB
 91b478fc626e Downloading 466.6MB
 91b478fc626e Downloading 467.7MB
 91b478fc626e Downloading 469.8MB
 91b478fc626e Downloading 470.8MB
 91b478fc626e Downloading 471.9MB
 91b478fc626e Downloading 474MB
 91b478fc626e Downloading 475MB
 91b478fc626e Downloading 477.1MB
 91b478fc626e Downloading 479.2MB
 91b478fc626e Downloading 480.2MB
 91b478fc626e Downloading 481.3MB
 91b478fc626e Downloading 483.4MB
 91b478fc626e Downloading 484.4MB
 91b478fc626e Downloading 486.5MB
 91b478fc626e Downloading 488.6MB
 91b478fc626e Downloading 489.7MB
 91b478fc626e Downloading 491.8MB
 91b478fc626e Downloading 492.8MB
 91b478fc626e Downloading 494.9MB
 91b478fc626e Downloading 497MB
 91b478fc626e Downloading 498.1MB
 91b478fc626e Downloading 500.2MB
 91b478fc626e Downloading 501.2MB
 91b478fc626e Downloading 502.3MB
 91b478fc626e Downloading 504.4MB
 91b478fc626e Downloading 506.5MB
 91b478fc626e Downloading 509.6MB
 91b478fc626e Downloading 510.7MB
 91b478fc626e Downloading 511.7MB
 91b478fc626e Downloading 513.8MB
 91b478fc626e Downloading 514.9MB
 91b478fc626e Downloading 515.9MB
 91b478fc626e Downloading 516.9MB
 91b478fc626e Downloading 519MB
 91b478fc626e Downloading 520.1MB
 91b478fc626e Downloading 522.2MB
 91b478fc626e Downloading 523.2MB
 91b478fc626e Downloading 525.3MB
 91b478fc626e Downloading 526.4MB
 91b478fc626e Downloading 528.5MB
 91b478fc626e Downloading 529.5MB
 91b478fc626e Downloading 530.6MB
 91b478fc626e Downloading 532.7MB
 91b478fc626e Downloading 533.7MB
 91b478fc626e Downloading 535.8MB
 91b478fc626e Downloading 536.9MB
 91b478fc626e Downloading 537.9MB
 91b478fc626e Downloading 539MB
 91b478fc626e Downloading 541.1MB
 91b478fc626e Downloading 542.1MB
 91b478fc626e Downloading 544.2MB
 91b478fc626e Downloading 545.3MB
 91b478fc626e Downloading 547.4MB
 91b478fc626e Downloading 548.4MB
 91b478fc626e Downloading 549.5MB
 91b478fc626e Downloading 551.6MB
 91b478fc626e Downloading 552.6MB
 91b478fc626e Downloading 553.6MB
 91b478fc626e Downloading 555.7MB
 91b478fc626e Downloading 556.8MB
 91b478fc626e Downloading 557.8MB
 91b478fc626e Downloading 559.9MB
 91b478fc626e Downloading 562MB
 91b478fc626e Downloading 563.1MB
 91b478fc626e Downloading 564.1MB
 91b478fc626e Downloading 566.2MB
 91b478fc626e Downloading 567.3MB
 91b478fc626e Downloading 568.3MB
 91b478fc626e Downloading 569.4MB
 91b478fc626e Downloading 571.5MB
 91b478fc626e Downloading 572.5MB
 91b478fc626e Downloading 573.6MB
 91b478fc626e Downloading 575.7MB
 91b478fc626e Downloading 577.8MB
 91b478fc626e Downloading 578.8MB
 91b478fc626e Downloading 579.9MB
 91b478fc626e Downloading 582MB
 91b478fc626e Downloading 583MB
 91b478fc626e Downloading 585.1MB
 91b478fc626e Downloading 587.2MB
 91b478fc626e Downloading 588.3MB
 91b478fc626e Downloading 590.3MB
 91b478fc626e Downloading 592.4MB
 91b478fc626e Downloading 593.5MB
 91b478fc626e Downloading 594.5MB
 91b478fc626e Downloading 596.6MB
 91b478fc626e Downloading 598.7MB
 91b478fc626e Downloading 599.8MB
 91b478fc626e Downloading 600.8MB
 91b478fc626e Downloading 602.9MB
 91b478fc626e Downloading 604MB
 91b478fc626e Downloading 607.1MB
 91b478fc626e Downloading 608.2MB
 91b478fc626e Downloading 609.2MB
 91b478fc626e Downloading 611.3MB
 91b478fc626e Downloading 612.4MB
 91b478fc626e Downloading 613.4MB
 91b478fc626e Downloading 615.5MB
 91b478fc626e Downloading 616.6MB
 91b478fc626e Downloading 617.6MB
 91b478fc626e Downloading 619.7MB
 91b478fc626e Downloading 620.8MB
 91b478fc626e Downloading 621.8MB
 91b478fc626e Downloading 623.9MB
 91b478fc626e Downloading 625MB
 91b478fc626e Downloading 626MB
 91b478fc626e Downloading 628.1MB
 91b478fc626e Downloading 630.2MB
 91b478fc626e Downloading 631.2MB
 91b478fc626e Downloading 632.3MB
 91b478fc626e Downloading 634.4MB
 91b478fc626e Downloading 635.4MB
 91b478fc626e Downloading 637.5MB
 91b478fc626e Downloading 638.6MB
 91b478fc626e Downloading 640.7MB
 91b478fc626e Downloading 642.8MB
 91b478fc626e Downloading 643.8MB
 91b478fc626e Downloading 645.9MB
 91b478fc626e Downloading 648MB
 91b478fc626e Downloading 649.1MB
 91b478fc626e Downloading 650.1MB
 91b478fc626e Downloading 652.2MB
 91b478fc626e Downloading 653.3MB
 91b478fc626e Downloading 654.3MB
 91b478fc626e Downloading 656.4MB
 91b478fc626e Downloading 657.5MB
 91b478fc626e Downloading 659.6MB
 91b478fc626e Downloading 660.6MB
 91b478fc626e Downloading 662.7MB
 91b478fc626e Downloading 664.8MB
 91b478fc626e Downloading 665.8MB
 91b478fc626e Downloading 666.9MB
 91b478fc626e Downloading 669MB
 91b478fc626e Downloading 670MB
 91b478fc626e Downloading 672.1MB
 91b478fc626e Downloading 674.2MB
 91b478fc626e Downloading 675.3MB
 91b478fc626e Downloading 676.3MB
 91b478fc626e Downloading 678.4MB
 91b478fc626e Downloading 679.5MB
 91b478fc626e Downloading 680.5MB
 91b478fc626e Downloading 682.6MB
 91b478fc626e Downloading 683.7MB
 91b478fc626e Downloading 685.8MB
 91b478fc626e Downloading 686.8MB
 91b478fc626e Downloading 688.9MB
 91b478fc626e Downloading 690MB
 91b478fc626e Downloading 692.1MB
 91b478fc626e Downloading 694.2MB
 91b478fc626e Downloading 695.2MB
 91b478fc626e Downloading 696.3MB
 91b478fc626e Downloading 698.4MB
 91b478fc626e Downloading 699.4MB
 91b478fc626e Downloading 700.4MB
 91b478fc626e Downloading 702.5MB
 91b478fc626e Downloading 703.6MB
 91b478fc626e Downloading 704.6MB
 91b478fc626e Downloading 706.7MB
 91b478fc626e Downloading 707.8MB
 91b478fc626e Downloading 709.9MB
 91b478fc626e Downloading 710.9MB
 91b478fc626e Downloading 712MB
 91b478fc626e Downloading 714.1MB
 91b478fc626e Downloading 715.1MB
 91b478fc626e Downloading 716.2MB
 91b478fc626e Downloading 717.2MB
 91b478fc626e Downloading 719.3MB
 91b478fc626e Downloading 720.4MB
 91b478fc626e Downloading 722.5MB
 91b478fc626e Downloading 723.5MB
 91b478fc626e Downloading 724.6MB
 91b478fc626e Downloading 725.6MB
 91b478fc626e Downloading 727.7MB
 91b478fc626e Downloading 728.8MB
 91b478fc626e Downloading 729.8MB
 91b478fc626e Downloading 730.9MB
 91b478fc626e Downloading 733MB
 91b478fc626e Downloading 734MB
 91b478fc626e Downloading 735.1MB
 91b478fc626e Downloading 737.1MB
 91b478fc626e Downloading 738.2MB
 91b478fc626e Downloading 740.3MB
 91b478fc626e Downloading 741.3MB
 91b478fc626e Downloading 742.4MB
 91b478fc626e Downloading 744.5MB
 91b478fc626e Downloading 745.5MB
 91b478fc626e Downloading 748.7MB
 91b478fc626e Downloading 749.7MB
 91b478fc626e Downloading 750.8MB
 91b478fc626e Downloading 752.9MB
 91b478fc626e Downloading 753.9MB
 91b478fc626e Downloading 755MB
 91b478fc626e Downloading 756MB
 91b478fc626e Downloading 758.1MB
 91b478fc626e Downloading 759.2MB
 91b478fc626e Downloading 760.2MB
 91b478fc626e Downloading 762.3MB
 91b478fc626e Downloading 763.4MB
 91b478fc626e Downloading 765.5MB
 91b478fc626e Downloading 766.5MB
 91b478fc626e Downloading 767.6MB
 91b478fc626e Downloading 768.6MB
 91b478fc626e Downloading 770.7MB
 91b478fc626e Downloading 771.8MB
 91b478fc626e Downloading 773.8MB
 91b478fc626e Downloading 774.9MB
 91b478fc626e Downloading 775.9MB
 91b478fc626e Downloading 778MB
 91b478fc626e Downloading 779.1MB
 91b478fc626e Downloading 780.1MB
 91b478fc626e Downloading 782.2MB
 91b478fc626e Downloading 783.3MB
 91b478fc626e Downloading 784.3MB
 91b478fc626e Downloading 785.4MB
 91b478fc626e Downloading 787.5MB
 91b478fc626e Downloading 788.5MB
 91b478fc626e Downloading 789.6MB
 91b478fc626e Downloading 791.7MB
 91b478fc626e Downloading 792.7MB
 91b478fc626e Downloading 794.8MB
 91b478fc626e Downloading 795.9MB
 91b478fc626e Downloading 796.9MB
 91b478fc626e Downloading 799MB
 91b478fc626e Downloading 800.1MB
 91b478fc626e Downloading 801.1MB
 91b478fc626e Downloading 803.2MB
 91b478fc626e Downloading 804.3MB
 91b478fc626e Downloading 805.3MB
 91b478fc626e Downloading 806.4MB
 91b478fc626e Downloading 808.5MB
 91b478fc626e Downloading 809.5MB
 91b478fc626e Downloading 811.6MB
 91b478fc626e Downloading 812.6MB
 91b478fc626e Downloading 813.7MB
 91b478fc626e Downloading 814.7MB
 91b478fc626e Downloading 816.8MB
 91b478fc626e Downloading 817.9MB
 91b478fc626e Downloading 818.9MB
 91b478fc626e Downloading 821MB
 91b478fc626e Downloading 822.1MB
 91b478fc626e Downloading 823.1MB
 91b478fc626e Downloading 824.2MB
 91b478fc626e Downloading 826.3MB
 91b478fc626e Downloading 827.3MB
 91b478fc626e Downloading 828.4MB
 91b478fc626e Downloading 829.4MB
 91b478fc626e Downloading 831.5MB
 91b478fc626e Downloading 832.6MB
 91b478fc626e Downloading 833.6MB
 91b478fc626e Downloading 835.7MB
 91b478fc626e Downloading 836.8MB
 91b478fc626e Downloading 837.8MB
 91b478fc626e Downloading 839.9MB
 91b478fc626e Downloading 842MB
 91b478fc626e Downloading 843.1MB
 91b478fc626e Downloading 844.1MB
 91b478fc626e Downloading 846.2MB
 91b478fc626e Downloading 847.2MB
 91b478fc626e Downloading 849.3MB
 91b478fc626e Downloading 850.4MB
 91b478fc626e Downloading 851.4MB
 91b478fc626e Downloading 852.5MB
 91b478fc626e Downloading 854.6MB
 91b478fc626e Downloading 855.6MB
 91b478fc626e Downloading 857.7MB
 91b478fc626e Downloading 858.8MB
 91b478fc626e Downloading 859.8MB
 91b478fc626e Downloading 861.9MB
 91b478fc626e Downloading 863MB
 91b478fc626e Downloading 864MB
 91b478fc626e Downloading 865.1MB
 91b478fc626e Downloading 867.2MB
 91b478fc626e Downloading 868.2MB
 91b478fc626e Downloading 869.3MB
 91b478fc626e Downloading 871.4MB
 91b478fc626e Downloading 872.4MB
 91b478fc626e Downloading 873.5MB
 91b478fc626e Downloading 874.5MB
 91b478fc626e Downloading 876.6MB
 91b478fc626e Downloading 877.7MB
 91b478fc626e Downloading 878.7MB
 91b478fc626e Downloading 880.8MB
 91b478fc626e Downloading 881.9MB
 91b478fc626e Downloading 882.9MB
 91b478fc626e Downloading 883.9MB
 91b478fc626e Downloading 886MB
 91b478fc626e Downloading 887.1MB
 91b478fc626e Downloading 888.1MB
 91b478fc626e Downloading 890.2MB
 91b478fc626e Downloading 891.3MB
 91b478fc626e Downloading 892.3MB
 91b478fc626e Downloading 894.4MB
 91b478fc626e Downloading 895.5MB
 91b478fc626e Downloading 896.5MB
 91b478fc626e Downloading 898.6MB
 91b478fc626e Downloading 899.7MB
 91b478fc626e Downloading 900.7MB
 91b478fc626e Downloading 901.8MB
 91b478fc626e Downloading 903.9MB
 91b478fc626e Downloading 904.9MB
 91b478fc626e Downloading 907MB
 91b478fc626e Downloading 908.1MB
 91b478fc626e Downloading 910.2MB
 91b478fc626e Downloading 911.2MB
 91b478fc626e Downloading 912.3MB
 91b478fc626e Downloading 913.3MB
 91b478fc626e Downloading 915.4MB
 91b478fc626e Downloading 916.5MB
 91b478fc626e Downloading 917.5MB
 91b478fc626e Downloading 919.6MB
 91b478fc626e Downloading 920.6MB
 91b478fc626e Downloading 921.7MB
 91b478fc626e Downloading 924.8MB
 91b478fc626e Downloading 925.9MB
 91b478fc626e Downloading 928MB
 91b478fc626e Downloading 929MB
 91b478fc626e Downloading 930.1MB
 91b478fc626e Downloading 932.2MB
 91b478fc626e Downloading 934.3MB
 91b478fc626e Downloading 935.3MB
 91b478fc626e Downloading 936.4MB
 91b478fc626e Downloading 937.4MB
 91b478fc626e Downloading 939.5MB
 91b478fc626e Downloading 940.6MB
 91b478fc626e Downloading 941.6MB
 91b478fc626e Downloading 943.7MB
 91b478fc626e Downloading 945.8MB
 91b478fc626e Downloading 946.9MB
 91b478fc626e Downloading 947.9MB
 91b478fc626e Downloading 950MB
 91b478fc626e Downloading 951.1MB
 91b478fc626e Downloading 953.2MB
 91b478fc626e Downloading 954.2MB
 91b478fc626e Downloading 955.3MB
 91b478fc626e Downloading 957.3MB
 91b478fc626e Downloading 958.4MB
 91b478fc626e Downloading 960.5MB
 91b478fc626e Downloading 961.5MB
 91b478fc626e Downloading 962.6MB
 91b478fc626e Downloading 964.7MB
 91b478fc626e Downloading 965.7MB
 91b478fc626e Downloading 966.8MB
 91b478fc626e Downloading 967.8MB
 91b478fc626e Downloading 969.9MB
 91b478fc626e Downloading 972MB
 91b478fc626e Downloading 973.1MB
 91b478fc626e Downloading 975.2MB
 91b478fc626e Downloading 976.2MB
 91b478fc626e Downloading 977.3MB
 91b478fc626e Downloading 980.4MB
 91b478fc626e Downloading 981.5MB
 91b478fc626e Downloading 983.6MB
 91b478fc626e Downloading 984.6MB
 91b478fc626e Downloading 986.7MB
 91b478fc626e Downloading 987.8MB
 91b478fc626e Downloading 989.9MB
 91b478fc626e Downloading 990.9MB
 91b478fc626e Downloading 992MB
 91b478fc626e Downloading 994.1MB
 91b478fc626e Downloading 995.1MB
 91b478fc626e Downloading 996.1MB
 91b478fc626e Downloading 998.2MB
 91b478fc626e Downloading 999.3MB
 91b478fc626e Downloading 1.001GB
 91b478fc626e Downloading 1.002GB
 91b478fc626e Downloading 1.003GB
 91b478fc626e Downloading 1.006GB
 91b478fc626e Downloading 1.007GB
 91b478fc626e Downloading 1.009GB
 91b478fc626e Downloading 1.01GB
 91b478fc626e Downloading 1.012GB
 91b478fc626e Downloading 1.013GB
 91b478fc626e Downloading 1.014GB
 91b478fc626e Downloading 1.015GB
 91b478fc626e Downloading 1.017GB
 91b478fc626e Downloading 1.018GB
 91b478fc626e Downloading 1.019GB
 91b478fc626e Downloading 1.021GB
 91b478fc626e Downloading 1.022GB
 91b478fc626e Downloading 1.024GB
 91b478fc626e Downloading 1.027GB
 91b478fc626e Downloading 1.028GB
 91b478fc626e Downloading 1.029GB
 91b478fc626e Downloading 1.031GB
 91b478fc626e Downloading 1.032GB
 91b478fc626e Downloading 1.033GB
 91b478fc626e Downloading 1.035GB
 91b478fc626e Downloading 1.036GB
 91b478fc626e Downloading 1.038GB
 91b478fc626e Downloading 1.039GB
 91b478fc626e Downloading 1.04GB
 91b478fc626e Downloading 1.042GB
 91b478fc626e Downloading 1.044GB
 91b478fc626e Downloading 1.045GB
 91b478fc626e Downloading 1.046GB
 91b478fc626e Downloading 1.049GB
 91b478fc626e Downloading 1.05GB
 91b478fc626e Downloading 1.053GB
 91b478fc626e Downloading 1.055GB
 91b478fc626e Downloading 1.056GB
 91b478fc626e Downloading 1.058GB
 91b478fc626e Downloading 1.059GB
 91b478fc626e Downloading 1.061GB
 91b478fc626e Downloading 1.062GB
 91b478fc626e Downloading 1.064GB
 91b478fc626e Downloading 1.065GB
 91b478fc626e Downloading 1.066GB
 91b478fc626e Downloading 1.068GB
 91b478fc626e Downloading 1.071GB
 91b478fc626e Downloading 1.072GB
 91b478fc626e Downloading 1.073GB
 91b478fc626e Downloading 1.075GB
 91b478fc626e Downloading 1.076GB
 91b478fc626e Downloading 1.079GB
 91b478fc626e Downloading 1.08GB
 91b478fc626e Downloading 1.081GB
 91b478fc626e Downloading 1.083GB
 91b478fc626e Downloading 1.084GB
 91b478fc626e Downloading 1.085GB
 91b478fc626e Downloading 1.086GB
 91b478fc626e Downloading 1.088GB
 91b478fc626e Downloading 1.089GB
 91b478fc626e Downloading 1.092GB
 91b478fc626e Downloading 1.093GB
 91b478fc626e Downloading 1.094GB
 91b478fc626e Downloading 1.096GB
 91b478fc626e Downloading 1.097GB
 91b478fc626e Downloading 1.098GB
 91b478fc626e Downloading 1.1GB
 91b478fc626e Downloading 1.101GB
 91b478fc626e Downloading 1.103GB
 91b478fc626e Downloading 1.104GB
 91b478fc626e Downloading 1.105GB
 91b478fc626e Downloading 1.107GB
 91b478fc626e Downloading 1.108GB
 91b478fc626e Downloading 1.11GB
 91b478fc626e Downloading 1.111GB
 91b478fc626e Downloading 1.113GB
 91b478fc626e Downloading 1.115GB
 91b478fc626e Downloading 1.116GB
 91b478fc626e Downloading 1.117GB
 91b478fc626e Downloading 1.119GB
 91b478fc626e Downloading 1.12GB
 91b478fc626e Downloading 1.121GB
 91b478fc626e Downloading 1.123GB
 91b478fc626e Downloading 1.124GB
 91b478fc626e Downloading 1.126GB
 91b478fc626e Downloading 1.127GB
 91b478fc626e Downloading 1.129GB
 91b478fc626e Downloading 1.13GB
 91b478fc626e Downloading 1.131GB
 91b478fc626e Downloading 1.132GB
 91b478fc626e Downloading 1.135GB
 91b478fc626e Downloading 1.136GB
 91b478fc626e Downloading 1.137GB
 91b478fc626e Downloading 1.138GB
 91b478fc626e Downloading 1.14GB
 91b478fc626e Downloading 1.141GB
 91b478fc626e Downloading 1.143GB
 91b478fc626e Downloading 1.144GB
 91b478fc626e Downloading 1.145GB
 91b478fc626e Downloading 1.147GB
 91b478fc626e Downloading 1.148GB
 91b478fc626e Downloading 1.149GB
 91b478fc626e Downloading 1.151GB
 91b478fc626e Downloading 1.152GB
 91b478fc626e Downloading 1.153GB
 91b478fc626e Downloading 1.154GB
 91b478fc626e Downloading 1.157GB
 91b478fc626e Downloading 1.158GB
 91b478fc626e Downloading 1.16GB
 91b478fc626e Downloading 1.161GB
 91b478fc626e Downloading 1.162GB
 91b478fc626e Downloading 1.164GB
 91b478fc626e Downloading 1.165GB
 91b478fc626e Downloading 1.167GB
 91b478fc626e Downloading 1.168GB
 91b478fc626e Downloading 1.169GB
 91b478fc626e Downloading 1.17GB
 91b478fc626e Downloading 1.172GB
 91b478fc626e Downloading 1.174GB
 91b478fc626e Downloading 1.175GB
 91b478fc626e Downloading 1.178GB
 91b478fc626e Downloading 1.179GB
 91b478fc626e Downloading 1.181GB
 91b478fc626e Downloading 1.182GB
 91b478fc626e Downloading 1.183GB
 91b478fc626e Downloading 1.185GB
 91b478fc626e Downloading 1.186GB
 91b478fc626e Downloading 1.188GB
 91b478fc626e Downloading 1.189GB
 91b478fc626e Downloading 1.191GB
 91b478fc626e Downloading 1.193GB
 91b478fc626e Downloading 1.194GB
 91b478fc626e Downloading 1.196GB
 91b478fc626e Downloading 1.197GB
 91b478fc626e Downloading 1.199GB
 91b478fc626e Downloading 1.201GB
 91b478fc626e Downloading 1.202GB
 91b478fc626e Downloading 1.203GB
 91b478fc626e Downloading 1.205GB
 91b478fc626e Downloading 1.206GB
 91b478fc626e Downloading 1.208GB
 91b478fc626e Downloading 1.209GB
 91b478fc626e Downloading 1.21GB
 91b478fc626e Downloading 1.212GB
 91b478fc626e Downloading 1.213GB
 91b478fc626e Downloading 1.215GB
 91b478fc626e Downloading 1.216GB
 91b478fc626e Downloading 1.217GB
 91b478fc626e Downloading 1.219GB
 91b478fc626e Downloading 1.221GB
 91b478fc626e Downloading 1.222GB
 91b478fc626e Downloading 1.224GB
 91b478fc626e Downloading 1.225GB
 91b478fc626e Downloading 1.226GB
 91b478fc626e Downloading 1.228GB
 91b478fc626e Downloading 1.229GB
 91b478fc626e Downloading 1.231GB
 91b478fc626e Downloading 1.232GB
 91b478fc626e Downloading 1.233GB
 91b478fc626e Downloading 1.235GB
 91b478fc626e Downloading 1.236GB
 91b478fc626e Downloading 1.238GB
 91b478fc626e Downloading 1.239GB
 91b478fc626e Downloading 1.24GB
 91b478fc626e Downloading 1.243GB
 91b478fc626e Downloading 1.245GB
 91b478fc626e Downloading 1.246GB
 91b478fc626e Downloading 1.247GB
 91b478fc626e Downloading 1.249GB
 91b478fc626e Downloading 1.25GB
 91b478fc626e Downloading 1.252GB
 91b478fc626e Downloading 1.253GB
 91b478fc626e Downloading 1.255GB
 91b478fc626e Downloading 1.256GB
 91b478fc626e Downloading 1.257GB
 91b478fc626e Downloading 1.259GB
 91b478fc626e Downloading 1.26GB
 91b478fc626e Downloading 1.261GB
 91b478fc626e Downloading 1.264GB
 91b478fc626e Downloading 1.265GB
 91b478fc626e Downloading 1.267GB
 91b478fc626e Downloading 1.268GB
 91b478fc626e Downloading 1.269GB
 91b478fc626e Downloading 1.271GB
 91b478fc626e Downloading 1.272GB
 91b478fc626e Downloading 1.273GB
 91b478fc626e Downloading 1.275GB
 91b478fc626e Downloading 1.276GB
 91b478fc626e Downloading 1.277GB
 91b478fc626e Downloading 1.278GB
 91b478fc626e Downloading 1.28GB
 91b478fc626e Downloading 1.281GB
 91b478fc626e Downloading 1.283GB
 91b478fc626e Downloading 1.285GB
 91b478fc626e Downloading 1.286GB
 91b478fc626e Downloading 1.288GB
 91b478fc626e Downloading 1.289GB
 91b478fc626e Downloading 1.29GB
 91b478fc626e Downloading 1.292GB
 91b478fc626e Downloading 1.293GB
 91b478fc626e Downloading 1.294GB
 91b478fc626e Downloading 1.296GB
 91b478fc626e Downloading 1.297GB
 91b478fc626e Downloading 1.298GB
 91b478fc626e Downloading 1.3GB
 91b478fc626e Downloading 1.301GB
 91b478fc626e Downloading 1.302GB
 91b478fc626e Downloading 1.304GB
 91b478fc626e Downloading 1.305GB
 91b478fc626e Downloading 1.307GB
 91b478fc626e Downloading 1.31GB
 91b478fc626e Downloading 1.311GB
 91b478fc626e Downloading 1.312GB
 91b478fc626e Downloading 1.314GB
 91b478fc626e Downloading 1.315GB
 91b478fc626e Downloading 1.317GB
 91b478fc626e Downloading 1.318GB
 91b478fc626e Downloading 1.319GB
 91b478fc626e Downloading 1.321GB
 91b478fc626e Downloading 1.322GB
 91b478fc626e Downloading 1.323GB
 91b478fc626e Downloading 1.325GB
 91b478fc626e Downloading 1.326GB
 91b478fc626e Downloading 1.329GB
 91b478fc626e Downloading 1.331GB
 91b478fc626e Downloading 1.332GB
 91b478fc626e Downloading 1.333GB
 91b478fc626e Downloading 1.335GB
 91b478fc626e Downloading 1.336GB
 91b478fc626e Downloading 1.337GB
 91b478fc626e Downloading 1.338GB
 91b478fc626e Downloading 1.34GB
 91b478fc626e Downloading 1.341GB
 91b478fc626e Downloading 1.343GB
 91b478fc626e Downloading 1.344GB
 91b478fc626e Downloading 1.346GB
 91b478fc626e Downloading 1.347GB
 91b478fc626e Downloading 1.348GB
 91b478fc626e Downloading 1.351GB
 91b478fc626e Downloading 1.354GB
 91b478fc626e Downloading 1.357GB
 91b478fc626e Downloading 1.358GB
 91b478fc626e Downloading 1.359GB
 91b478fc626e Downloading 1.361GB
 91b478fc626e Downloading 1.363GB
 91b478fc626e Downloading 1.364GB
 91b478fc626e Downloading 1.365GB
 91b478fc626e Downloading 1.367GB
 91b478fc626e Downloading 1.368GB
 91b478fc626e Downloading 1.369GB
 91b478fc626e Downloading 1.37GB
 91b478fc626e Downloading 1.373GB
 91b478fc626e Downloading 1.374GB
 91b478fc626e Downloading 1.376GB
 91b478fc626e Downloading 1.377GB
 91b478fc626e Downloading 1.379GB
 91b478fc626e Downloading 1.381GB
 91b478fc626e Downloading 1.382GB
 91b478fc626e Downloading 1.383GB
 91b478fc626e Downloading 1.385GB
 91b478fc626e Downloading 1.386GB
 91b478fc626e Downloading 1.388GB
 91b478fc626e Downloading 1.389GB
 91b478fc626e Downloading 1.39GB
 91b478fc626e Downloading 1.393GB
 91b478fc626e Downloading 1.394GB
 91b478fc626e Downloading 1.395GB
 91b478fc626e Downloading 1.396GB
 91b478fc626e Downloading 1.398GB
 91b478fc626e Downloading 1.4GB
 91b478fc626e Downloading 1.401GB
 91b478fc626e Downloading 1.403GB
 91b478fc626e Downloading 1.404GB
 91b478fc626e Downloading 1.406GB
 91b478fc626e Downloading 1.407GB
 91b478fc626e Downloading 1.408GB
 91b478fc626e Downloading 1.41GB
 91b478fc626e Downloading 1.411GB
 91b478fc626e Downloading 1.412GB
 91b478fc626e Downloading 1.415GB
 91b478fc626e Downloading 1.416GB
 91b478fc626e Downloading 1.417GB
 91b478fc626e Downloading 1.419GB
 91b478fc626e Downloading 1.42GB
 91b478fc626e Downloading 1.421GB
 91b478fc626e Downloading 1.423GB
 91b478fc626e Downloading 1.424GB
 91b478fc626e Downloading 1.425GB
 91b478fc626e Downloading 1.427GB
 91b478fc626e Downloading 1.428GB
 91b478fc626e Downloading 1.429GB
 91b478fc626e Downloading 1.431GB
 91b478fc626e Downloading 1.432GB
 91b478fc626e Downloading 1.434GB
 91b478fc626e Downloading 1.436GB
 91b478fc626e Downloading 1.437GB
 91b478fc626e Downloading 1.439GB
 91b478fc626e Downloading 1.44GB
 91b478fc626e Downloading 1.441GB
 91b478fc626e Downloading 1.443GB
 91b478fc626e Downloading 1.444GB
 91b478fc626e Downloading 1.445GB
 91b478fc626e Downloading 1.447GB
 91b478fc626e Downloading 1.448GB
 91b478fc626e Downloading 1.449GB
 91b478fc626e Downloading 1.451GB
 91b478fc626e Downloading 1.452GB
 91b478fc626e Downloading 1.454GB
 91b478fc626e Downloading 1.455GB
 91b478fc626e Downloading 1.456GB
 91b478fc626e Downloading 1.458GB
 91b478fc626e Downloading 1.46GB
 91b478fc626e Downloading 1.461GB
 91b478fc626e Downloading 1.462GB
 91b478fc626e Downloading 1.464GB
 91b478fc626e Downloading 1.465GB
 91b478fc626e Downloading 1.466GB
 91b478fc626e Downloading 1.468GB
 91b478fc626e Downloading 1.469GB
 91b478fc626e Downloading 1.47GB
 91b478fc626e Downloading 1.472GB
 91b478fc626e Downloading 1.473GB
 91b478fc626e Downloading 1.475GB
 91b478fc626e Downloading 1.476GB
 91b478fc626e Downloading 1.477GB
 91b478fc626e Downloading 1.48GB
 91b478fc626e Downloading 1.481GB
 91b478fc626e Downloading 1.483GB
 91b478fc626e Downloading 1.484GB
 91b478fc626e Downloading 1.486GB
 91b478fc626e Downloading 1.488GB
 91b478fc626e Downloading 1.49GB
 91b478fc626e Downloading 1.492GB
 91b478fc626e Downloading 1.493GB
 91b478fc626e Downloading 1.495GB
 91b478fc626e Downloading 1.496GB
 91b478fc626e Downloading 1.497GB
 91b478fc626e Downloading 1.499GB
 91b478fc626e Downloading 1.501GB
 91b478fc626e Downloading 1.503GB
 91b478fc626e Downloading 1.504GB
 91b478fc626e Downloading 1.506GB
 91b478fc626e Downloading 1.507GB
 91b478fc626e Downloading 1.509GB
 91b478fc626e Downloading 1.51GB
 91b478fc626e Downloading 1.511GB
 91b478fc626e Downloading 1.513GB
 91b478fc626e Downloading 1.514GB
 91b478fc626e Downloading 1.515GB
 91b478fc626e Downloading 1.517GB
 91b478fc626e Downloading 1.518GB
 91b478fc626e Downloading 1.519GB
 91b478fc626e Downloading 1.521GB
 91b478fc626e Downloading 1.523GB
 91b478fc626e Downloading 1.525GB
 91b478fc626e Downloading 1.526GB
 91b478fc626e Downloading 1.527GB
 91b478fc626e Downloading 1.529GB
 91b478fc626e Downloading 1.53GB
 91b478fc626e Downloading 1.531GB
 91b478fc626e Downloading 1.532GB
 91b478fc626e Downloading 1.534GB
 91b478fc626e Downloading 1.535GB
 91b478fc626e Downloading 1.537GB
 91b478fc626e Downloading 1.538GB
 91b478fc626e Downloading 1.539GB
 91b478fc626e Downloading 1.54GB
 91b478fc626e Downloading 1.542GB
 91b478fc626e Downloading 1.544GB
 91b478fc626e Downloading 1.545GB
 91b478fc626e Downloading 1.547GB
 91b478fc626e Downloading 1.548GB
 91b478fc626e Downloading 1.549GB
 91b478fc626e Downloading 1.551GB
 91b478fc626e Downloading 1.552GB
 91b478fc626e Downloading 1.554GB
 91b478fc626e Downloading 1.555GB
 91b478fc626e Downloading 1.556GB
 91b478fc626e Downloading 1.558GB
 91b478fc626e Downloading 1.559GB
 91b478fc626e Downloading 1.56GB
 91b478fc626e Downloading 1.562GB
 91b478fc626e Downloading 1.563GB
 91b478fc626e Downloading 1.566GB
 91b478fc626e Downloading 1.567GB
 91b478fc626e Downloading 1.569GB
 91b478fc626e Downloading 1.57GB
 91b478fc626e Downloading 1.571GB
 91b478fc626e Downloading 1.573GB
 91b478fc626e Downloading 1.574GB
 91b478fc626e Downloading 1.575GB
 91b478fc626e Downloading 1.577GB
 91b478fc626e Downloading 1.578GB
 91b478fc626e Downloading 1.579GB
 91b478fc626e Downloading 1.58GB
 91b478fc626e Downloading 1.582GB
 91b478fc626e Downloading 1.584GB
 91b478fc626e Downloading 1.585GB
 91b478fc626e Downloading 1.588GB
 91b478fc626e Downloading 1.59GB
 91b478fc626e Downloading 1.591GB
 91b478fc626e Downloading 1.592GB
 91b478fc626e Downloading 1.593GB
 91b478fc626e Downloading 1.595GB
 91b478fc626e Downloading 1.596GB
 91b478fc626e Downloading 1.598GB
 91b478fc626e Downloading 1.599GB
 91b478fc626e Downloading 1.601GB
 91b478fc626e Downloading 1.602GB
 91b478fc626e Downloading 1.603GB
 91b478fc626e Downloading 1.605GB
 91b478fc626e Downloading 1.607GB
 91b478fc626e Downloading 1.609GB
 91b478fc626e Downloading 1.61GB
 91b478fc626e Downloading 1.612GB
 91b478fc626e Downloading 1.614GB
 91b478fc626e Downloading 1.615GB
 91b478fc626e Downloading 1.617GB
 91b478fc626e Downloading 1.618GB
 91b478fc626e Downloading 1.619GB
 91b478fc626e Downloading 1.621GB
 91b478fc626e Downloading 1.622GB
 91b478fc626e Downloading 1.624GB
 91b478fc626e Downloading 1.625GB
 91b478fc626e Downloading 1.627GB
 91b478fc626e Downloading 1.629GB
 91b478fc626e Downloading 1.632GB
 91b478fc626e Downloading 1.633GB
 91b478fc626e Downloading 1.635GB
 91b478fc626e Downloading 1.637GB
 91b478fc626e Downloading 1.638GB
 91b478fc626e Downloading 1.64GB
 91b478fc626e Downloading 1.641GB
 91b478fc626e Downloading 1.644GB
 91b478fc626e Downloading 1.645GB
 91b478fc626e Downloading 1.646GB
 91b478fc626e Downloading 1.648GB
 91b478fc626e Downloading 1.65GB
 91b478fc626e Downloading 1.652GB
 91b478fc626e Downloading 1.655GB
 91b478fc626e Downloading 1.657GB
 91b478fc626e Downloading 1.659GB
 91b478fc626e Downloading 1.661GB
 91b478fc626e Downloading 1.662GB
 91b478fc626e Downloading 1.664GB
 91b478fc626e Downloading 1.665GB
 91b478fc626e Downloading 1.667GB
 91b478fc626e Downloading 1.668GB
 91b478fc626e Downloading 1.669GB
 91b478fc626e Downloading 1.671GB
 91b478fc626e Downloading 1.674GB
 91b478fc626e Downloading 1.675GB
 91b478fc626e Downloading 1.677GB
 91b478fc626e Downloading 1.678GB
 91b478fc626e Downloading 1.679GB
 91b478fc626e Downloading 1.681GB
 91b478fc626e Downloading 1.682GB
 91b478fc626e Downloading 1.684GB
 91b478fc626e Downloading 1.685GB
 91b478fc626e Downloading 1.686GB
 91b478fc626e Downloading 1.687GB
 91b478fc626e Downloading 1.689GB
 91b478fc626e Downloading 1.691GB
 91b478fc626e Downloading 1.692GB
 91b478fc626e Downloading 1.694GB
 91b478fc626e Downloading 1.696GB
 91b478fc626e Downloading 1.697GB
 91b478fc626e Downloading 1.699GB
 91b478fc626e Downloading 1.7GB
 91b478fc626e Downloading 1.702GB
 91b478fc626e Downloading 1.703GB
 91b478fc626e Downloading 1.704GB
 91b478fc626e Downloading 1.705GB
 91b478fc626e Downloading 1.707GB
 91b478fc626e Downloading 1.708GB
 91b478fc626e Downloading 1.709GB
 91b478fc626e Downloading 1.711GB
 91b478fc626e Downloading 1.712GB
 91b478fc626e Downloading 1.714GB
 91b478fc626e Downloading 1.715GB
 91b478fc626e Downloading 1.717GB
 91b478fc626e Downloading 1.719GB
 91b478fc626e Downloading 1.72GB
 91b478fc626e Downloading 1.722GB
 91b478fc626e Downloading 1.723GB
 91b478fc626e Downloading 1.724GB
 91b478fc626e Downloading 1.726GB
 91b478fc626e Downloading 1.727GB
 91b478fc626e Downloading 1.728GB
 91b478fc626e Downloading 1.729GB
 91b478fc626e Downloading 1.731GB
 91b478fc626e Downloading 1.732GB
 91b478fc626e Downloading 1.734GB
 91b478fc626e Downloading 1.735GB
 91b478fc626e Downloading 1.736GB
 91b478fc626e Downloading 1.737GB
 91b478fc626e Downloading 1.74GB
 91b478fc626e Downloading 1.741GB
 91b478fc626e Downloading 1.742GB
 91b478fc626e Downloading 1.744GB
 91b478fc626e Downloading 1.745GB
 91b478fc626e Downloading 1.746GB
 91b478fc626e Downloading 1.748GB
 91b478fc626e Downloading 1.749GB
 91b478fc626e Downloading 1.75GB
 91b478fc626e Downloading 1.752GB
 91b478fc626e Downloading 1.753GB
 91b478fc626e Downloading 1.755GB
 91b478fc626e Downloading 1.756GB
 91b478fc626e Downloading 1.757GB
 91b478fc626e Downloading 1.758GB
 91b478fc626e Downloading 1.761GB
 91b478fc626e Downloading 1.762GB
 91b478fc626e Downloading 1.764GB
 91b478fc626e Downloading 1.766GB
 91b478fc626e Downloading 1.767GB
 91b478fc626e Downloading 1.768GB
 91b478fc626e Downloading 1.77GB
 91b478fc626e Downloading 1.771GB
 91b478fc626e Downloading 1.772GB
 91b478fc626e Downloading 1.774GB
 91b478fc626e Downloading 1.775GB
 91b478fc626e Downloading 1.776GB
 91b478fc626e Downloading 1.778GB
 91b478fc626e Downloading 1.779GB
 91b478fc626e Downloading 1.782GB
 91b478fc626e Downloading 1.783GB
 91b478fc626e Downloading 1.784GB
 91b478fc626e Downloading 1.786GB
 91b478fc626e Downloading 1.787GB
 91b478fc626e Downloading 1.789GB
 91b478fc626e Downloading 1.79GB
 91b478fc626e Downloading 1.791GB
 91b478fc626e Downloading 1.793GB
 91b478fc626e Downloading 1.794GB
 91b478fc626e Downloading 1.795GB
 91b478fc626e Downloading 1.797GB
 91b478fc626e Downloading 1.798GB
 91b478fc626e Downloading 1.799GB
 91b478fc626e Downloading 1.801GB
 91b478fc626e Downloading 1.803GB
 91b478fc626e Downloading 1.805GB
 91b478fc626e Downloading 1.806GB
 91b478fc626e Downloading 1.807GB
 91b478fc626e Downloading 1.808GB
 91b478fc626e Downloading 1.81GB
 91b478fc626e Downloading 1.812GB
 91b478fc626e Downloading 1.813GB
 91b478fc626e Downloading 1.814GB
 91b478fc626e Downloading 1.816GB
 91b478fc626e Downloading 1.817GB
 91b478fc626e Downloading 1.819GB
 91b478fc626e Downloading 1.82GB
 91b478fc626e Downloading 1.821GB
 91b478fc626e Downloading 1.823GB
 91b478fc626e Downloading 1.825GB
 91b478fc626e Downloading 1.827GB
 91b478fc626e Downloading 1.828GB
 91b478fc626e Downloading 1.83GB
 91b478fc626e Downloading 1.831GB
 91b478fc626e Downloading 1.833GB
 91b478fc626e Downloading 1.834GB
 91b478fc626e Downloading 1.836GB
 91b478fc626e Downloading 1.837GB
 91b478fc626e Downloading 1.839GB
 91b478fc626e Downloading 1.84GB
 91b478fc626e Downloading 1.841GB
 91b478fc626e Downloading 1.843GB
 91b478fc626e Downloading 1.844GB
 91b478fc626e Downloading 1.847GB
 91b478fc626e Downloading 1.848GB
 91b478fc626e Downloading 1.85GB
 91b478fc626e Downloading 1.851GB
 91b478fc626e Downloading 1.852GB
 91b478fc626e Downloading 1.854GB
 91b478fc626e Downloading 1.855GB
 91b478fc626e Downloading 1.856GB
 91b478fc626e Downloading 1.858GB
 91b478fc626e Downloading 1.859GB
 91b478fc626e Downloading 1.86GB
 91b478fc626e Downloading 1.861GB
 91b478fc626e Downloading 1.863GB
 91b478fc626e Downloading 1.864GB
 91b478fc626e Downloading 1.866GB
 91b478fc626e Downloading 1.868GB
 91b478fc626e Downloading 1.869GB
 91b478fc626e Downloading 1.871GB
 91b478fc626e Downloading 1.872GB
 91b478fc626e Downloading 1.874GB
 91b478fc626e Downloading 1.875GB
 91b478fc626e Downloading 1.876GB
 91b478fc626e Downloading 1.878GB
 91b478fc626e Downloading 1.879GB
 91b478fc626e Downloading 1.88GB
 91b478fc626e Downloading 1.882GB
 91b478fc626e Downloading 1.883GB
 91b478fc626e Downloading 1.884GB
 91b478fc626e Downloading 1.885GB
 91b478fc626e Downloading 1.887GB
 91b478fc626e Downloading 1.888GB
 91b478fc626e Downloading 1.891GB
 91b478fc626e Downloading 1.892GB
 91b478fc626e Downloading 1.894GB
 91b478fc626e Downloading 1.895GB
 91b478fc626e Downloading 1.897GB
 91b478fc626e Downloading 1.898GB
 91b478fc626e Downloading 1.9GB
 91b478fc626e Downloading 1.901GB
 91b478fc626e Downloading 1.902GB
 91b478fc626e Downloading 1.904GB
 91b478fc626e Downloading 1.905GB
 91b478fc626e Downloading 1.907GB
 91b478fc626e Downloading 1.909GB
 91b478fc626e Downloading 1.911GB
 91b478fc626e Downloading 1.912GB
 91b478fc626e Downloading 1.914GB
 91b478fc626e Downloading 1.915GB
 91b478fc626e Downloading 1.916GB
 91b478fc626e Downloading 1.918GB
 91b478fc626e Downloading 1.919GB
 91b478fc626e Downloading 1.921GB
 91b478fc626e Downloading 1.922GB
 91b478fc626e Downloading 1.923GB
 91b478fc626e Downloading 1.925GB
 91b478fc626e Downloading 1.926GB
 91b478fc626e Downloading 1.928GB
 91b478fc626e Downloading 1.929GB
 91b478fc626e Downloading 1.931GB
 91b478fc626e Downloading 1.933GB
 91b478fc626e Downloading 1.935GB
 91b478fc626e Downloading 1.936GB
 91b478fc626e Downloading 1.938GB
 91b478fc626e Downloading 1.939GB
 91b478fc626e Downloading 1.94GB
 91b478fc626e Downloading 1.942GB
 91b478fc626e Downloading 1.943GB
 91b478fc626e Downloading 1.945GB
 91b478fc626e Downloading 1.946GB
 91b478fc626e Downloading 1.948GB
 91b478fc626e Downloading 1.949GB
 91b478fc626e Downloading 1.951GB
 91b478fc626e Downloading 1.952GB
 91b478fc626e Downloading 1.955GB
 91b478fc626e Downloading 1.956GB
 91b478fc626e Downloading 1.957GB
 91b478fc626e Downloading 1.958GB
 91b478fc626e Downloading 1.96GB
 91b478fc626e Downloading 1.961GB
 91b478fc626e Downloading 1.962GB
 91b478fc626e Downloading 1.964GB
 91b478fc626e Downloading 1.965GB
 91b478fc626e Downloading 1.966GB
 91b478fc626e Downloading 1.968GB
 91b478fc626e Downloading 1.969GB
 91b478fc626e Downloading 1.97GB
 91b478fc626e Downloading 1.972GB
 91b478fc626e Downloading 1.973GB
 91b478fc626e Downloading 1.976GB
 91b478fc626e Downloading 1.977GB
 91b478fc626e Downloading 1.978GB
 91b478fc626e Downloading 1.98GB
 91b478fc626e Downloading 1.981GB
 91b478fc626e Downloading 1.982GB
 91b478fc626e Downloading 1.983GB
 91b478fc626e Downloading 1.985GB
 91b478fc626e Downloading 1.986GB
 91b478fc626e Downloading 1.988GB
 91b478fc626e Downloading 1.99GB
 91b478fc626e Downloading 1.992GB
 91b478fc626e Downloading 1.993GB
 91b478fc626e Downloading 1.995GB
 91b478fc626e Downloading 1.996GB
 91b478fc626e Downloading 1.998GB
 91b478fc626e Downloading 2GB
 91b478fc626e Downloading 2.001GB
 91b478fc626e Downloading 2.002GB
 91b478fc626e Downloading 2.004GB
 91b478fc626e Downloading 2.006GB
 91b478fc626e Downloading 2.007GB
 91b478fc626e Downloading 2.008GB
 91b478fc626e Downloading 2.01GB
 91b478fc626e Downloading 2.011GB
 91b478fc626e Downloading 2.012GB
 91b478fc626e Downloading 2.013GB
 91b478fc626e Downloading 2.015GB
 91b478fc626e Downloading 2.016GB
 91b478fc626e Downloading 2.019GB
 91b478fc626e Downloading 2.02GB
 91b478fc626e Downloading 2.021GB
 91b478fc626e Downloading 2.023GB
 91b478fc626e Downloading 2.024GB
 91b478fc626e Downloading 2.025GB
 91b478fc626e Downloading 2.027GB
 91b478fc626e Downloading 2.028GB
 91b478fc626e Downloading 2.029GB
 91b478fc626e Downloading 2.03GB
 91b478fc626e Downloading 2.032GB
 91b478fc626e Downloading 2.033GB
 91b478fc626e Downloading 2.035GB
 91b478fc626e Downloading 2.036GB
 91b478fc626e Downloading 2.037GB
 91b478fc626e Downloading 2.039GB
 91b478fc626e Downloading 2.041GB
 91b478fc626e Downloading 2.042GB
 91b478fc626e Downloading 2.044GB
 91b478fc626e Downloading 2.045GB
 91b478fc626e Downloading 2.046GB
 91b478fc626e Downloading 2.047GB
 91b478fc626e Downloading 2.049GB
 91b478fc626e Downloading 2.051GB
 91b478fc626e Downloading 2.052GB
 91b478fc626e Downloading 2.054GB
 91b478fc626e Downloading 2.055GB
 91b478fc626e Downloading 2.056GB
 91b478fc626e Downloading 2.058GB
 91b478fc626e Downloading 2.059GB
 91b478fc626e Downloading 2.062GB
 91b478fc626e Downloading 2.063GB
 91b478fc626e Downloading 2.064GB
 91b478fc626e Downloading 2.066GB
 91b478fc626e Downloading 2.067GB
 91b478fc626e Downloading 2.068GB
 91b478fc626e Downloading 2.07GB
 91b478fc626e Downloading 2.071GB
 91b478fc626e Downloading 2.072GB
 91b478fc626e Downloading 2.074GB
 91b478fc626e Downloading 2.076GB
 91b478fc626e Downloading 2.077GB
 91b478fc626e Downloading 2.078GB
 91b478fc626e Downloading 2.08GB
 91b478fc626e Downloading 2.081GB
 91b478fc626e Downloading 2.082GB
 91b478fc626e Downloading 2.084GB
 91b478fc626e Downloading 2.086GB
 91b478fc626e Downloading 2.087GB
 91b478fc626e Downloading 2.088GB
 91b478fc626e Downloading 2.09GB
 91b478fc626e Downloading 2.091GB
 91b478fc626e Downloading 2.093GB
 91b478fc626e Downloading 2.094GB
 91b478fc626e Downloading 2.095GB
 91b478fc626e Downloading 2.096GB
 91b478fc626e Downloading 2.098GB
 91b478fc626e Downloading 2.099GB
 91b478fc626e Downloading 2.1GB
 91b478fc626e Downloading 2.102GB
 91b478fc626e Downloading 2.103GB
 91b478fc626e Downloading 2.106GB
 91b478fc626e Downloading 2.107GB
 91b478fc626e Downloading 2.108GB
 91b478fc626e Downloading 2.11GB
 91b478fc626e Downloading 2.111GB
 91b478fc626e Downloading 2.112GB
 91b478fc626e Downloading 2.114GB
 91b478fc626e Downloading 2.115GB
 91b478fc626e Downloading 2.116GB
 91b478fc626e Downloading 2.118GB
 91b478fc626e Downloading 2.119GB
 91b478fc626e Downloading 2.12GB
 91b478fc626e Downloading 2.121GB
 91b478fc626e Downloading 2.123GB
 91b478fc626e Downloading 2.124GB
 91b478fc626e Downloading 2.125GB
 91b478fc626e Downloading 2.127GB
 91b478fc626e Downloading 2.129GB
 91b478fc626e Downloading 2.13GB
 91b478fc626e Downloading 2.132GB
 91b478fc626e Downloading 2.133GB
 91b478fc626e Downloading 2.134GB
 91b478fc626e Downloading 2.136GB
 91b478fc626e Downloading 2.137GB
 91b478fc626e Downloading 2.139GB
 91b478fc626e Downloading 2.14GB
 91b478fc626e Downloading 2.141GB
 91b478fc626e Downloading 2.142GB
 91b478fc626e Downloading 2.144GB
 91b478fc626e Downloading 2.145GB
 91b478fc626e Downloading 2.146GB
 91b478fc626e Downloading 2.149GB
 91b478fc626e Downloading 2.15GB
 91b478fc626e Downloading 2.152GB
 91b478fc626e Downloading 2.153GB
 91b478fc626e Downloading 2.154GB
 91b478fc626e Downloading 2.156GB
 91b478fc626e Downloading 2.157GB
 91b478fc626e Downloading 2.159GB
 91b478fc626e Downloading 2.16GB
 91b478fc626e Downloading 2.161GB
 91b478fc626e Downloading 2.163GB
 91b478fc626e Downloading 2.164GB
 91b478fc626e Downloading 2.165GB
 91b478fc626e Downloading 2.166GB
 91b478fc626e Downloading 2.168GB
 91b478fc626e Downloading 2.17GB
 91b478fc626e Downloading 2.171GB
 91b478fc626e Downloading 2.173GB
 91b478fc626e Downloading 2.174GB
 91b478fc626e Downloading 2.175GB
 91b478fc626e Downloading 2.177GB
 91b478fc626e Downloading 2.178GB
 91b478fc626e Downloading 2.179GB
 91b478fc626e Downloading 2.181GB
 91b478fc626e Downloading 2.182GB
 91b478fc626e Downloading 2.184GB
 91b478fc626e Downloading 2.185GB
 91b478fc626e Downloading 2.186GB
 91b478fc626e Downloading 2.187GB
 91b478fc626e Downloading 2.189GB
 91b478fc626e Downloading 2.19GB
 91b478fc626e Downloading 2.192GB
 91b478fc626e Downloading 2.194GB
 91b478fc626e Downloading 2.195GB
 91b478fc626e Downloading 2.196GB
 91b478fc626e Downloading 2.198GB
 91b478fc626e Downloading 2.199GB
 91b478fc626e Downloading 2.2GB
 91b478fc626e Downloading 2.201GB
 91b478fc626e Downloading 2.203GB
 91b478fc626e Downloading 2.204GB
 91b478fc626e Downloading 2.206GB
 91b478fc626e Downloading 2.207GB
 91b478fc626e Downloading 2.208GB
 91b478fc626e Downloading 2.21GB
 91b478fc626e Downloading 2.211GB
 91b478fc626e Downloading 2.214GB
 91b478fc626e Downloading 2.215GB
 91b478fc626e Downloading 2.216GB
 91b478fc626e Downloading 2.218GB
 91b478fc626e Downloading 2.219GB
 91b478fc626e Downloading 2.22GB
 91b478fc626e Downloading 2.221GB
 91b478fc626e Downloading 2.223GB
 91b478fc626e Downloading 2.224GB
 91b478fc626e Downloading 2.225GB
 91b478fc626e Downloading 2.227GB
 91b478fc626e Downloading 2.228GB
 91b478fc626e Downloading 2.229GB
 91b478fc626e Downloading 2.23GB
 91b478fc626e Downloading 2.232GB
 91b478fc626e Downloading 2.233GB
 91b478fc626e Downloading 2.235GB
 91b478fc626e Downloading 2.237GB
 91b478fc626e Downloading 2.238GB
 91b478fc626e Downloading 2.24GB
 91b478fc626e Downloading 2.242GB
 91b478fc626e Downloading 2.243GB
 91b478fc626e Downloading 2.245GB
 91b478fc626e Downloading 2.246GB
 91b478fc626e Downloading 2.247GB
 91b478fc626e Downloading 2.249GB
 91b478fc626e Downloading 2.25GB
 91b478fc626e Downloading 2.251GB
 91b478fc626e Downloading 2.253GB
 91b478fc626e Downloading 2.254GB
 91b478fc626e Downloading 2.257GB
 91b478fc626e Downloading 2.258GB
 91b478fc626e Downloading 2.259GB
 91b478fc626e Downloading 2.261GB
 91b478fc626e Downloading 2.262GB
 91b478fc626e Downloading 2.263GB
 91b478fc626e Downloading 2.265GB
 91b478fc626e Downloading 2.266GB
 91b478fc626e Downloading 2.267GB
 91b478fc626e Downloading 2.268GB
 91b478fc626e Downloading 2.27GB
 91b478fc626e Downloading 2.271GB
 91b478fc626e Downloading 2.272GB
 91b478fc626e Downloading 2.274GB
 91b478fc626e Downloading 2.275GB
 91b478fc626e Downloading 2.276GB
 91b478fc626e Downloading 2.279GB
 91b478fc626e Downloading 2.28GB
 91b478fc626e Downloading 2.281GB
 91b478fc626e Downloading 2.283GB
 91b478fc626e Downloading 2.284GB
 91b478fc626e Downloading 2.285GB
 91b478fc626e Downloading 2.287GB
 91b478fc626e Downloading 2.288GB
 91b478fc626e Downloading 2.29GB
 91b478fc626e Downloading 2.291GB
 91b478fc626e Downloading 2.292GB
 91b478fc626e Downloading 2.293GB
 91b478fc626e Downloading 2.295GB
 91b478fc626e Downloading 2.296GB
 91b478fc626e Downloading 2.3GB
 91b478fc626e Downloading 2.301GB
 91b478fc626e Downloading 2.303GB
 91b478fc626e Downloading 2.304GB
 91b478fc626e Downloading 2.305GB
 91b478fc626e Downloading 2.306GB
 91b478fc626e Downloading 2.308GB
 91b478fc626e Downloading 2.309GB
 91b478fc626e Downloading 2.31GB
 91b478fc626e Downloading 2.312GB
 91b478fc626e Downloading 2.313GB
 91b478fc626e Downloading 2.314GB
 91b478fc626e Downloading 2.315GB
 91b478fc626e Downloading 2.316GB
 91b478fc626e Downloading 2.318GB
 91b478fc626e Downloading 2.319GB
 91b478fc626e Downloading 2.32GB
 91b478fc626e Downloading 2.323GB
 91b478fc626e Downloading 2.324GB
 91b478fc626e Downloading 2.325GB
 91b478fc626e Downloading 2.327GB
 91b478fc626e Downloading 2.328GB
 91b478fc626e Downloading 2.329GB
 91b478fc626e Downloading 2.331GB
 91b478fc626e Downloading 2.332GB
 91b478fc626e Downloading 2.333GB
 91b478fc626e Downloading 2.334GB
 91b478fc626e Downloading 2.336GB
 91b478fc626e Downloading 2.337GB
 91b478fc626e Downloading 2.339GB
 91b478fc626e Downloading 2.34GB
 91b478fc626e Downloading 2.341GB
 91b478fc626e Downloading 2.344GB
 91b478fc626e Downloading 2.345GB
 91b478fc626e Downloading 2.346GB
 91b478fc626e Downloading 2.348GB
 91b478fc626e Downloading 2.349GB
 91b478fc626e Downloading 2.35GB
 91b478fc626e Downloading 2.351GB
 91b478fc626e Downloading 2.353GB
 91b478fc626e Downloading 2.354GB
 91b478fc626e Downloading 2.355GB
 91b478fc626e Downloading 2.357GB
 91b478fc626e Downloading 2.358GB
 91b478fc626e Downloading 2.36GB
 91b478fc626e Downloading 2.361GB
 91b478fc626e Downloading 2.362GB
 91b478fc626e Downloading 2.365GB
 91b478fc626e Downloading 2.366GB
 91b478fc626e Downloading 2.367GB
 91b478fc626e Downloading 2.369GB
 91b478fc626e Downloading 2.37GB
 91b478fc626e Downloading 2.372GB
 91b478fc626e Downloading 2.373GB
 91b478fc626e Downloading 2.374GB
 91b478fc626e Downloading 2.375GB
 91b478fc626e Downloading 2.377GB
 91b478fc626e Downloading 2.378GB
 91b478fc626e Downloading 2.379GB
 91b478fc626e Downloading 2.38GB
 91b478fc626e Downloading 2.382GB
 91b478fc626e Downloading 2.383GB
 91b478fc626e Downloading 2.384GB
 91b478fc626e Downloading 2.387GB
 91b478fc626e Downloading 2.388GB
 91b478fc626e Downloading 2.389GB
 91b478fc626e Downloading 2.391GB
 91b478fc626e Downloading 2.392GB
 91b478fc626e Downloading 2.393GB
 91b478fc626e Downloading 2.395GB
 91b478fc626e Downloading 2.396GB
 91b478fc626e Downloading 2.398GB
 91b478fc626e Downloading 2.399GB
 91b478fc626e Downloading 2.4GB
 91b478fc626e Downloading 2.401GB
 91b478fc626e Downloading 2.403GB
 91b478fc626e Downloading 2.404GB
 91b478fc626e Downloading 2.406GB
 91b478fc626e Downloading 2.409GB
 91b478fc626e Downloading 2.41GB
 91b478fc626e Downloading 2.412GB
 91b478fc626e Downloading 2.414GB
 91b478fc626e Downloading 2.415GB
 91b478fc626e Downloading 2.416GB
 91b478fc626e Downloading 2.418GB
 91b478fc626e Downloading 2.419GB
 91b478fc626e Downloading 2.42GB
 91b478fc626e Downloading 2.422GB
 91b478fc626e Downloading 2.423GB
 91b478fc626e Downloading 2.424GB
 91b478fc626e Downloading 2.425GB
 91b478fc626e Downloading 2.427GB
 91b478fc626e Downloading 2.429GB
 91b478fc626e Downloading 2.43GB
 91b478fc626e Downloading 2.432GB
 91b478fc626e Downloading 2.434GB
 91b478fc626e Downloading 2.435GB
 91b478fc626e Downloading 2.437GB
 91b478fc626e Downloading 2.438GB
 91b478fc626e Downloading 2.439GB
 91b478fc626e Downloading 2.441GB
 91b478fc626e Downloading 2.442GB
 91b478fc626e Downloading 2.443GB
 91b478fc626e Downloading 2.445GB
 91b478fc626e Downloading 2.446GB
 91b478fc626e Downloading 2.447GB
 91b478fc626e Downloading 2.449GB
 91b478fc626e Downloading 2.451GB
 91b478fc626e Downloading 2.453GB
 91b478fc626e Downloading 2.454GB
 91b478fc626e Downloading 2.455GB
 91b478fc626e Downloading 2.456GB
 91b478fc626e Downloading 2.458GB
 91b478fc626e Downloading 2.459GB
 91b478fc626e Downloading 2.46GB
 91b478fc626e Downloading 2.462GB
 91b478fc626e Downloading 2.463GB
 91b478fc626e Downloading 2.464GB
 91b478fc626e Downloading 2.466GB
 91b478fc626e Downloading 2.467GB
 91b478fc626e Downloading 2.468GB
 91b478fc626e Downloading 2.469GB
 91b478fc626e Downloading 2.471GB
 91b478fc626e Downloading 2.474GB
 91b478fc626e Downloading 2.475GB
 91b478fc626e Downloading 2.476GB
 91b478fc626e Downloading 2.477GB
 91b478fc626e Downloading 2.479GB
 91b478fc626e Downloading 2.48GB
 91b478fc626e Downloading 2.482GB
 91b478fc626e Downloading 2.483GB
 91b478fc626e Downloading 2.484GB
 91b478fc626e Downloading 2.486GB
 91b478fc626e Downloading 2.487GB
 91b478fc626e Downloading 2.489GB
 91b478fc626e Downloading 2.49GB
 91b478fc626e Downloading 2.491GB
 91b478fc626e Downloading 2.494GB
 91b478fc626e Downloading 2.495GB
 91b478fc626e Downloading 2.496GB
 91b478fc626e Downloading 2.498GB
 91b478fc626e Downloading 2.499GB
 91b478fc626e Downloading 2.5GB
 91b478fc626e Downloading 2.502GB
 91b478fc626e Downloading 2.503GB
 91b478fc626e Downloading 2.504GB
 91b478fc626e Downloading 2.506GB
 91b478fc626e Downloading 2.507GB
 91b478fc626e Downloading 2.509GB
 91b478fc626e Downloading 2.51GB
 91b478fc626e Downloading 2.513GB
 91b478fc626e Downloading 2.514GB
 91b478fc626e Downloading 2.517GB
 91b478fc626e Downloading 2.518GB
 91b478fc626e Downloading 2.519GB
 91b478fc626e Downloading 2.52GB
 91b478fc626e Downloading 2.522GB
 91b478fc626e Downloading 2.523GB
 91b478fc626e Downloading 2.524GB
 91b478fc626e Downloading 2.526GB
 91b478fc626e Downloading 2.527GB
 91b478fc626e Downloading 2.528GB
 91b478fc626e Downloading 2.529GB
 91b478fc626e Downloading 2.531GB
 91b478fc626e Downloading 2.532GB
 91b478fc626e Downloading 2.533GB
 91b478fc626e Downloading 2.535GB
 91b478fc626e Downloading 2.537GB
 91b478fc626e Downloading 2.538GB
 91b478fc626e Downloading 2.54GB
 91b478fc626e Downloading 2.541GB
 91b478fc626e Downloading 2.542GB
 91b478fc626e Downloading 2.543GB
 91b478fc626e Downloading 2.545GB
 91b478fc626e Downloading 2.546GB
 91b478fc626e Downloading 2.547GB
 91b478fc626e Downloading 2.549GB
 91b478fc626e Downloading 2.55GB
 91b478fc626e Downloading 2.551GB
 91b478fc626e Downloading 2.553GB
 91b478fc626e Downloading 2.554GB
 91b478fc626e Downloading 2.555GB
 91b478fc626e Downloading 2.557GB
 91b478fc626e Downloading 2.559GB
 91b478fc626e Downloading 2.56GB
 91b478fc626e Downloading 2.562GB
 91b478fc626e Downloading 2.563GB
 91b478fc626e Downloading 2.565GB
 91b478fc626e Downloading 2.566GB
 91b478fc626e Downloading 2.567GB
 91b478fc626e Downloading 2.569GB
 91b478fc626e Downloading 2.57GB
 91b478fc626e Downloading 2.571GB
 91b478fc626e Downloading 2.573GB
 91b478fc626e Downloading 2.574GB
 91b478fc626e Downloading 2.575GB
 91b478fc626e Downloading 2.577GB
 91b478fc626e Downloading 2.578GB
 91b478fc626e Downloading 2.579GB
 91b478fc626e Downloading 2.582GB
 91b478fc626e Downloading 2.583GB
 91b478fc626e Downloading 2.584GB
 91b478fc626e Downloading 2.586GB
 91b478fc626e Downloading 2.587GB
 91b478fc626e Downloading 2.588GB
 91b478fc626e Downloading 2.59GB
 91b478fc626e Downloading 2.591GB
 91b478fc626e Downloading 2.592GB
 91b478fc626e Downloading 2.594GB
 91b478fc626e Downloading 2.595GB
 91b478fc626e Downloading 2.596GB
 91b478fc626e Downloading 2.598GB
 91b478fc626e Downloading 2.599GB
 91b478fc626e Downloading 2.6GB
 91b478fc626e Downloading 2.602GB
 91b478fc626e Downloading 2.604GB
 91b478fc626e Downloading 2.605GB
 91b478fc626e Downloading 2.607GB
 91b478fc626e Downloading 2.608GB
 91b478fc626e Downloading 2.609GB
 91b478fc626e Downloading 2.61GB
 91b478fc626e Downloading 2.612GB
 91b478fc626e Downloading 2.613GB
 91b478fc626e Downloading 2.615GB
 91b478fc626e Downloading 2.616GB
 91b478fc626e Downloading 2.617GB
 91b478fc626e Downloading 2.619GB
 91b478fc626e Downloading 2.62GB
 91b478fc626e Downloading 2.621GB
 91b478fc626e Downloading 2.624GB
 91b478fc626e Downloading 2.625GB
 91b478fc626e Downloading 2.626GB
 91b478fc626e Downloading 2.628GB
 91b478fc626e Downloading 2.629GB
 91b478fc626e Downloading 2.63GB
 91b478fc626e Downloading 2.632GB
 91b478fc626e Downloading 2.633GB
 91b478fc626e Downloading 2.634GB
 91b478fc626e Downloading 2.636GB
 91b478fc626e Downloading 2.637GB
 91b478fc626e Downloading 2.638GB
 91b478fc626e Downloading 2.64GB
 91b478fc626e Downloading 2.641GB
 91b478fc626e Downloading 2.642GB
 91b478fc626e Downloading 2.645GB
 91b478fc626e Downloading 2.646GB
 91b478fc626e Downloading 2.647GB
 91b478fc626e Downloading 2.649GB
 91b478fc626e Downloading 2.65GB
 91b478fc626e Downloading 2.651GB
 91b478fc626e Downloading 2.653GB
 91b478fc626e Downloading 2.654GB
 91b478fc626e Downloading 2.655GB
 91b478fc626e Downloading 2.657GB
 91b478fc626e Downloading 2.658GB
 91b478fc626e Downloading 2.659GB
 91b478fc626e Downloading 2.661GB
 91b478fc626e Downloading 2.662GB
 91b478fc626e Downloading 2.663GB
 91b478fc626e Downloading 2.664GB
 91b478fc626e Downloading 2.667GB
 91b478fc626e Downloading 2.668GB
 91b478fc626e Downloading 2.67GB
 91b478fc626e Downloading 2.671GB
 91b478fc626e Downloading 2.672GB
 91b478fc626e Downloading 2.673GB
 91b478fc626e Downloading 2.675GB
 91b478fc626e Downloading 2.676GB
 91b478fc626e Downloading 2.677GB
 91b478fc626e Downloading 2.679GB
 91b478fc626e Downloading 2.68GB
 91b478fc626e Downloading 2.681GB
 91b478fc626e Downloading 2.682GB
 91b478fc626e Downloading 2.684GB
 91b478fc626e Downloading 2.685GB
 91b478fc626e Downloading 2.688GB
 91b478fc626e Downloading 2.689GB
 91b478fc626e Downloading 2.69GB
 91b478fc626e Downloading 2.692GB
 91b478fc626e Downloading 2.693GB
 91b478fc626e Downloading 2.695GB
 91b478fc626e Downloading 2.696GB
 91b478fc626e Downloading 2.697GB
 91b478fc626e Downloading 2.699GB
 91b478fc626e Downloading 2.7GB
 91b478fc626e Downloading 2.703GB
 91b478fc626e Downloading 2.704GB
 91b478fc626e Downloading 2.705GB
 91b478fc626e Downloading 2.707GB
 91b478fc626e Downloading 2.708GB
 91b478fc626e Downloading 2.71GB
 91b478fc626e Downloading 2.712GB
 91b478fc626e Downloading 2.713GB
 91b478fc626e Downloading 2.714GB
 91b478fc626e Downloading 2.715GB
 91b478fc626e Downloading 2.717GB
 91b478fc626e Downloading 2.718GB
 91b478fc626e Downloading 2.719GB
 91b478fc626e Downloading 2.721GB
 91b478fc626e Downloading 2.722GB
 91b478fc626e Downloading 2.723GB
 91b478fc626e Downloading 2.725GB
 91b478fc626e Downloading 2.726GB
 91b478fc626e Downloading 2.727GB
 91b478fc626e Downloading 2.729GB
 91b478fc626e Downloading 2.73GB
 91b478fc626e Downloading 2.732GB
 91b478fc626e Downloading 2.734GB
 91b478fc626e Downloading 2.735GB
 91b478fc626e Downloading 2.736GB
 91b478fc626e Downloading 2.738GB
 91b478fc626e Downloading 2.739GB
 91b478fc626e Downloading 2.74GB
 91b478fc626e Downloading 2.741GB
 91b478fc626e Downloading 2.743GB
 91b478fc626e Downloading 2.744GB
 91b478fc626e Downloading 2.745GB
 91b478fc626e Downloading 2.746GB
 91b478fc626e Downloading 2.748GB
 91b478fc626e Downloading 2.749GB
 91b478fc626e Downloading 2.751GB
 91b478fc626e Downloading 2.753GB
 91b478fc626e Downloading 2.754GB
 91b478fc626e Downloading 2.755GB
 91b478fc626e Downloading 2.757GB
 91b478fc626e Downloading 2.758GB
 91b478fc626e Downloading 2.759GB
 91b478fc626e Downloading 2.761GB
 91b478fc626e Downloading 2.762GB
 91b478fc626e Downloading 2.763GB
 91b478fc626e Downloading 2.765GB
 91b478fc626e Downloading 2.766GB
 91b478fc626e Downloading 2.768GB
 91b478fc626e Downloading 2.77GB
 91b478fc626e Downloading 2.771GB
 91b478fc626e Downloading 2.772GB
 91b478fc626e Downloading 2.775GB
 91b478fc626e Downloading 2.776GB
 91b478fc626e Downloading 2.777GB
 91b478fc626e Downloading 2.779GB
 91b478fc626e Downloading 2.78GB
 91b478fc626e Downloading 2.781GB
 91b478fc626e Downloading 2.783GB
 91b478fc626e Downloading 2.784GB
 91b478fc626e Downloading 2.786GB
 91b478fc626e Downloading 2.787GB
 91b478fc626e Downloading 2.788GB
 91b478fc626e Downloading 2.789GB
 91b478fc626e Downloading 2.791GB
 91b478fc626e Downloading 2.792GB
 91b478fc626e Downloading 2.794GB
 91b478fc626e Downloading 2.796GB
 91b478fc626e Downloading 2.797GB
 91b478fc626e Downloading 2.798GB
 91b478fc626e Downloading 2.8GB
 91b478fc626e Downloading 2.801GB
 91b478fc626e Downloading 2.802GB
 91b478fc626e Downloading 2.804GB
 91b478fc626e Downloading 2.805GB
 91b478fc626e Downloading 2.806GB
 91b478fc626e Downloading 2.807GB
 91b478fc626e Downloading 2.809GB
 91b478fc626e Downloading 2.81GB
 91b478fc626e Downloading 2.811GB
 91b478fc626e Downloading 2.813GB
 91b478fc626e Downloading 2.814GB
 91b478fc626e Downloading 2.815GB
 91b478fc626e Downloading 2.816GB
 91b478fc626e Downloading 2.819GB
 91b478fc626e Downloading 2.82GB
 91b478fc626e Downloading 2.822GB
 91b478fc626e Downloading 2.823GB
 91b478fc626e Downloading 2.824GB
 91b478fc626e Downloading 2.826GB
 91b478fc626e Downloading 2.827GB
 91b478fc626e Downloading 2.828GB
 91b478fc626e Downloading 2.83GB
 91b478fc626e Downloading 2.831GB
 91b478fc626e Downloading 2.832GB
 91b478fc626e Downloading 2.834GB
 91b478fc626e Downloading 2.835GB
 91b478fc626e Downloading 2.836GB
 91b478fc626e Downloading 2.837GB
 91b478fc626e Downloading 2.84GB
 91b478fc626e Downloading 2.841GB
 91b478fc626e Downloading 2.842GB
 91b478fc626e Downloading 2.844GB
 91b478fc626e Downloading 2.845GB
 91b478fc626e Downloading 2.846GB
 91b478fc626e Downloading 2.848GB
 91b478fc626e Downloading 2.849GB
 91b478fc626e Downloading 2.85GB
 91b478fc626e Downloading 2.852GB
 91b478fc626e Downloading 2.853GB
 91b478fc626e Downloading 2.854GB
 91b478fc626e Downloading 2.855GB
 91b478fc626e Downloading 2.857GB
 91b478fc626e Downloading 2.858GB
 91b478fc626e Downloading 2.861GB
 91b478fc626e Downloading 2.862GB
 91b478fc626e Downloading 2.863GB
 91b478fc626e Downloading 2.865GB
 91b478fc626e Downloading 2.866GB
 91b478fc626e Downloading 2.867GB
 91b478fc626e Downloading 2.868GB
 91b478fc626e Downloading 2.87GB
 91b478fc626e Downloading 2.871GB
 91b478fc626e Downloading 2.872GB
 91b478fc626e Downloading 2.873GB
 91b478fc626e Downloading 2.875GB
 91b478fc626e Downloading 2.876GB
 91b478fc626e Downloading 2.877GB
 91b478fc626e Downloading 2.878GB
 91b478fc626e Downloading 2.88GB
 91b478fc626e Downloading 2.881GB
 91b478fc626e Downloading 2.884GB
 91b478fc626e Downloading 2.885GB
 91b478fc626e Downloading 2.886GB
 91b478fc626e Downloading 2.888GB
 91b478fc626e Downloading 2.889GB
 91b478fc626e Downloading 2.89GB
 91b478fc626e Downloading 2.891GB
 91b478fc626e Downloading 2.893GB
 91b478fc626e Downloading 2.894GB
 91b478fc626e Downloading 2.895GB
 91b478fc626e Downloading 2.897GB
 91b478fc626e Downloading 2.898GB
 91b478fc626e Downloading 2.899GB
 91b478fc626e Downloading 2.9GB
 91b478fc626e Downloading 2.902GB
 91b478fc626e Downloading 2.904GB
 91b478fc626e Downloading 2.905GB
 91b478fc626e Downloading 2.906GB
 91b478fc626e Downloading 2.908GB
 91b478fc626e Downloading 2.909GB
 91b478fc626e Downloading 2.91GB
 91b478fc626e Downloading 2.911GB
 91b478fc626e Downloading 2.913GB
 91b478fc626e Downloading 2.914GB
 91b478fc626e Downloading 2.915GB
 91b478fc626e Downloading 2.917GB
 91b478fc626e Downloading 2.918GB
 91b478fc626e Downloading 2.919GB
 91b478fc626e Downloading 2.921GB
 91b478fc626e Downloading 2.922GB
 91b478fc626e Downloading 2.924GB
 91b478fc626e Downloading 2.926GB
 91b478fc626e Downloading 2.927GB
 91b478fc626e Downloading 2.928GB
 91b478fc626e Downloading 2.93GB
 91b478fc626e Downloading 2.931GB
 91b478fc626e Downloading 2.932GB
 91b478fc626e Downloading 2.934GB
 91b478fc626e Downloading 2.935GB
 91b478fc626e Downloading 2.937GB
 91b478fc626e Downloading 2.938GB
 91b478fc626e Downloading 2.94GB
 91b478fc626e Downloading 2.941GB
 91b478fc626e Downloading 2.942GB
 91b478fc626e Downloading 2.944GB
 91b478fc626e Downloading 2.945GB
 91b478fc626e Downloading 2.946GB
 91b478fc626e Downloading 2.949GB
 91b478fc626e Downloading 2.95GB
 91b478fc626e Downloading 2.952GB
 91b478fc626e Downloading 2.953GB
 91b478fc626e Downloading 2.954GB
 91b478fc626e Downloading 2.956GB
 91b478fc626e Downloading 2.957GB
 91b478fc626e Downloading 2.958GB
 91b478fc626e Downloading 2.96GB
 91b478fc626e Downloading 2.961GB
 91b478fc626e Downloading 2.962GB
 91b478fc626e Downloading 2.963GB
 91b478fc626e Downloading 2.965GB
 91b478fc626e Downloading 2.966GB
 91b478fc626e Downloading 2.967GB
 91b478fc626e Downloading 2.97GB
 91b478fc626e Downloading 2.971GB
 91b478fc626e Downloading 2.972GB
 91b478fc626e Downloading 2.974GB
 91b478fc626e Downloading 2.975GB
 91b478fc626e Downloading 2.977GB
 91b478fc626e Downloading 2.978GB
 91b478fc626e Downloading 2.98GB
 91b478fc626e Downloading 2.981GB
 91b478fc626e Downloading 2.983GB
 91b478fc626e Downloading 2.984GB
 91b478fc626e Downloading 2.985GB
 91b478fc626e Downloading 2.986GB
 91b478fc626e Downloading 2.988GB
 91b478fc626e Downloading 2.989GB
 91b478fc626e Downloading 2.992GB
 91b478fc626e Downloading 2.993GB
 91b478fc626e Downloading 2.994GB
 91b478fc626e Downloading 2.996GB
 91b478fc626e Downloading 2.997GB
 91b478fc626e Downloading 2.999GB
 91b478fc626e Downloading 3GB
 91b478fc626e Downloading 3.001GB
 91b478fc626e Downloading 3.003GB
 91b478fc626e Downloading 3.004GB
 91b478fc626e Downloading 3.005GB
 91b478fc626e Downloading 3.007GB
 91b478fc626e Downloading 3.008GB
 91b478fc626e Downloading 3.009GB
 91b478fc626e Downloading 3.012GB
 91b478fc626e Downloading 3.014GB
 91b478fc626e Downloading 3.015GB
 91b478fc626e Downloading 3.016GB
 91b478fc626e Downloading 3.018GB
 91b478fc626e Downloading 3.019GB
 91b478fc626e Downloading 3.02GB
 91b478fc626e Downloading 3.022GB
 91b478fc626e Downloading 3.023GB
 91b478fc626e Downloading 3.024GB
 91b478fc626e Downloading 3.025GB
 91b478fc626e Downloading 3.027GB
 91b478fc626e Downloading 3.028GB
 91b478fc626e Downloading 3.03GB
 91b478fc626e Downloading 3.031GB
 91b478fc626e Downloading 3.032GB
 91b478fc626e Downloading 3.035GB
 91b478fc626e Downloading 3.036GB
 91b478fc626e Downloading 3.037GB
 91b478fc626e Downloading 3.038GB
 91b478fc626e Downloading 3.04GB
 91b478fc626e Downloading 3.041GB
 91b478fc626e Downloading 3.042GB
 91b478fc626e Downloading 3.044GB
 91b478fc626e Downloading 3.045GB
 91b478fc626e Downloading 3.046GB
 91b478fc626e Downloading 3.048GB
 91b478fc626e Downloading 3.049GB
 91b478fc626e Downloading 3.05GB
 91b478fc626e Downloading 3.052GB
 91b478fc626e Downloading 3.053GB
 91b478fc626e Downloading 3.055GB
 91b478fc626e Downloading 3.057GB
 91b478fc626e Downloading 3.058GB
 91b478fc626e Downloading 3.059GB
 91b478fc626e Downloading 3.06GB
 91b478fc626e Downloading 3.062GB
 91b478fc626e Downloading 3.063GB
 91b478fc626e Downloading 3.064GB
 91b478fc626e Downloading 3.066GB
 91b478fc626e Downloading 3.067GB
 91b478fc626e Downloading 3.068GB
 91b478fc626e Downloading 3.069GB
 91b478fc626e Downloading 3.071GB
 91b478fc626e Downloading 3.072GB
 91b478fc626e Downloading 3.073GB
 91b478fc626e Downloading 3.075GB
 91b478fc626e Downloading 3.077GB
 91b478fc626e Downloading 3.078GB
 91b478fc626e Downloading 3.08GB
 91b478fc626e Downloading 3.081GB
 91b478fc626e Downloading 3.082GB
 91b478fc626e Downloading 3.083GB
 91b478fc626e Downloading 3.085GB
 91b478fc626e Downloading 3.086GB
 91b478fc626e Downloading 3.088GB
 91b478fc626e Downloading 3.089GB
 91b478fc626e Downloading 3.09GB
 91b478fc626e Downloading 3.091GB
 91b478fc626e Downloading 3.093GB
 91b478fc626e Downloading 3.094GB
 91b478fc626e Downloading 3.095GB
 91b478fc626e Downloading 3.097GB
 91b478fc626e Downloading 3.1GB
 91b478fc626e Downloading 3.102GB
 91b478fc626e Downloading 3.103GB
 91b478fc626e Downloading 3.105GB
 91b478fc626e Downloading 3.106GB
 91b478fc626e Download complete 0B
 91b478fc626e Extracting 1B
 91b478fc626e Extracting 1B
 91b478fc626e Extracting 1B
 91b478fc626e Extracting 1B
 91b478fc626e Extracting 1B
 91b478fc626e Extracting 1B
 91b478fc626e Extracting 1B
 91b478fc626e Extracting 1B
 91b478fc626e Extracting 1B
 91b478fc626e Extracting 1B
 91b478fc626e Extracting 1B
 91b478fc626e Extracting 2B
 91b478fc626e Extracting 2B
 91b478fc626e Extracting 2B
 91b478fc626e Extracting 2B
 91b478fc626e Extracting 2B
 91b478fc626e Extracting 2B
 91b478fc626e Extracting 2B
 91b478fc626e Extracting 2B
 91b478fc626e Extracting 2B
 91b478fc626e Extracting 3B
 91b478fc626e Extracting 3B
 91b478fc626e Extracting 3B
 91b478fc626e Extracting 3B
 91b478fc626e Extracting 3B
 91b478fc626e Extracting 3B
 91b478fc626e Extracting 3B
 91b478fc626e Extracting 3B
 91b478fc626e Extracting 3B
 91b478fc626e Extracting 3B
 91b478fc626e Extracting 4B
 91b478fc626e Extracting 4B
 91b478fc626e Extracting 4B
 91b478fc626e Extracting 4B
 91b478fc626e Extracting 4B
 91b478fc626e Extracting 4B
 91b478fc626e Extracting 4B
 91b478fc626e Extracting 4B
 91b478fc626e Extracting 4B
 91b478fc626e Extracting 4B
 91b478fc626e Extracting 4B
 91b478fc626e Extracting 5B
 91b478fc626e Extracting 5B
 91b478fc626e Extracting 5B
 91b478fc626e Extracting 5B
 91b478fc626e Extracting 5B
 91b478fc626e Extracting 5B
 91b478fc626e Extracting 5B
 91b478fc626e Extracting 5B
 91b478fc626e Extracting 5B
 91b478fc626e Extracting 5B
 91b478fc626e Extracting 6B
 91b478fc626e Extracting 6B
 91b478fc626e Extracting 6B
 91b478fc626e Extracting 6B
 91b478fc626e Extracting 6B
 91b478fc626e Extracting 6B
 91b478fc626e Extracting 6B
 91b478fc626e Extracting 6B
 91b478fc626e Extracting 6B
 91b478fc626e Extracting 6B
 91b478fc626e Extracting 7B
 91b478fc626e Extracting 7B
 91b478fc626e Extracting 7B
 91b478fc626e Extracting 7B
 91b478fc626e Extracting 7B
 91b478fc626e Extracting 7B
 91b478fc626e Extracting 7B
 91b478fc626e Extracting 7B
 91b478fc626e Extracting 7B
 91b478fc626e Extracting 7B
 91b478fc626e Extracting 8B
 91b478fc626e Extracting 8B
 91b478fc626e Extracting 8B
 91b478fc626e Extracting 8B
 91b478fc626e Extracting 8B
 91b478fc626e Extracting 8B
 91b478fc626e Extracting 8B
 91b478fc626e Extracting 8B
 91b478fc626e Extracting 8B
 91b478fc626e Extracting 8B
 91b478fc626e Extracting 9B
 91b478fc626e Extracting 9B
 91b478fc626e Extracting 9B
 91b478fc626e Extracting 9B
 91b478fc626e Extracting 9B
 91b478fc626e Extracting 9B
 91b478fc626e Extracting 9B
 91b478fc626e Extracting 9B
 91b478fc626e Extracting 9B
 91b478fc626e Extracting 10B
 91b478fc626e Extracting 10B
 91b478fc626e Extracting 10B
 91b478fc626e Extracting 10B
 91b478fc626e Extracting 10B
 91b478fc626e Extracting 10B
 91b478fc626e Extracting 10B
 91b478fc626e Extracting 10B
 91b478fc626e Extracting 10B
 91b478fc626e Extracting 10B
 91b478fc626e Extracting 11B
 91b478fc626e Extracting 11B
 91b478fc626e Extracting 11B
 91b478fc626e Extracting 11B
 91b478fc626e Extracting 11B
 91b478fc626e Extracting 11B
 91b478fc626e Extracting 11B
 91b478fc626e Extracting 11B
 91b478fc626e Extracting 11B
 91b478fc626e Extracting 11B
 91b478fc626e Extracting 12B
 91b478fc626e Extracting 12B
 91b478fc626e Extracting 12B
 91b478fc626e Extracting 12B
 91b478fc626e Extracting 12B
 91b478fc626e Extracting 12B
 91b478fc626e Extracting 12B
 91b478fc626e Extracting 12B
 91b478fc626e Extracting 12B
 91b478fc626e Extracting 12B
 91b478fc626e Extracting 13B
 91b478fc626e Extracting 13B
 91b478fc626e Extracting 13B
 91b478fc626e Extracting 13B
 91b478fc626e Extracting 13B
 91b478fc626e Extracting 13B
 91b478fc626e Extracting 13B
 91b478fc626e Extracting 13B
 91b478fc626e Extracting 13B
 91b478fc626e Extracting 13B
 91b478fc626e Extracting 13B
 91b478fc626e Extracting 14B
 91b478fc626e Extracting 14B
 91b478fc626e Extracting 14B
 91b478fc626e Extracting 14B
 91b478fc626e Extracting 14B
 91b478fc626e Extracting 14B
 91b478fc626e Extracting 14B
 91b478fc626e Pull complete 0B
 Image ollama/ollama:latest Pulled 
 Network infra_default Creating 
 Network infra_default Created 
 Container techcorp_ollama Creating 
 Container techcorp_ollama Created 
 Container techcorp_frontend Creating 
 Container techcorp_frontend Created 
 Container techcorp_ollama Starting 
 Container techcorp_ollama Started 
 Container techcorp_frontend Starting 
 Container techcorp_frontend Started 
⏳ Waiting for Ollama server to initialize...
✅ Ollama est prêt !
💼 Injecting the Financial audited model configuration...
[?2026h[?25l[1Ggathering model components ⠋ [K[?25h[?2026l[?2026h[?25l[1Ggathering model components ⠙ [K[?25h[?2026l[?2026h[?25l[1Ggathering model components [K
copying file sha256:055cfc12dd09f75a50737d62cbb323008095bf81e7dd1d075b30e6a7c129f6d3 0% ⠋ [K[?25h[?2026l[?2026h[?25l[A[1Ggathering model components [K
copying file sha256:055cfc12dd09f75a50737d62cbb323008095bf81e7dd1d075b30e6a7c129f6d3 42% ⠙ [K[?25h[?2026l[?2026h[?25l[A[1Ggathering model components [K
copying file sha256:055cfc12dd09f75a50737d62cbb323008095bf81e7dd1d075b30e6a7c129f6d3 62% ⠹ [K[?25h[?2026l[?2026h[?25l[A[1Ggathering model components [K
copying file sha256:055cfc12dd09f75a50737d62cbb323008095bf81e7dd1d075b30e6a7c129f6d3 92% ⠸ [K[?25h[?2026l[?2026h[?25l[A[1Ggathering model components [K
copying file sha256:055cfc12dd09f75a50737d62cbb323008095bf81e7dd1d075b30e6a7c129f6d3 100% [K
pulling manifest ⠋ [K[?25h[?2026l[?2026h[?25l[A[A[1Ggathering model components [K
copying file sha256:055cfc12dd09f75a50737d62cbb323008095bf81e7dd1d075b30e6a7c129f6d3 100% [K
pulling manifest ⠙ [K[?25h[?2026l[?2026h[?25l[A[A[1Ggathering model components [K
copying file sha256:055cfc12dd09f75a50737d62cbb323008095bf81e7dd1d075b30e6a7c129f6d3 100% [K
pulling manifest ⠹ [K[?25h[?2026l[?2026h[?25l[A[A[1Ggathering model components [K
copying file sha256:055cfc12dd09f75a50737d62cbb323008095bf81e7dd1d075b30e6a7c129f6d3 100% [K
pulling manifest ⠸ [K[?25h[?2026l[?2026h[?25l[A[A[1Ggathering model components [K
copying file sha256:055cfc12dd09f75a50737d62cbb323008095bf81e7dd1d075b30e6a7c129f6d3 100% [K
pulling manifest ⠼ [K[?25h[?2026l[?2026h[?25l[A[A[1Ggathering model components [K
copying file sha256:055cfc12dd09f75a50737d62cbb323008095bf81e7dd1d075b30e6a7c129f6d3 100% [K
pulling manifest ⠴ [K[?25h[?2026l[?2026h[?25l[A[A[1Ggathering model components [K
copying file sha256:055cfc12dd09f75a50737d62cbb323008095bf81e7dd1d075b30e6a7c129f6d3 100% [K
pulling manifest ⠦ [K[?25h[?2026l[?2026h[?25l[A[A[1Ggathering model components [K
copying file sha256:055cfc12dd09f75a50737d62cbb323008095bf81e7dd1d075b30e6a7c129f6d3 100% [K
pulling manifest ⠧ [K[?25h[?2026l[?2026h[?25l[A[A[1Ggathering model components [K
copying file sha256:055cfc12dd09f75a50737d62cbb323008095bf81e7dd1d075b30e6a7c129f6d3 100% [K
pulling manifest ⠇ [K[?25h[?2026l[?2026h[?25l[A[A[1Ggathering model components [K
copying file sha256:055cfc12dd09f75a50737d62cbb323008095bf81e7dd1d075b30e6a7c129f6d3 100% [K
pulling manifest ⠏ [K[?25h[?2026l[?2026h[?25l[A[A[1Ggathering model components [K
copying file sha256:055cfc12dd09f75a50737d62cbb323008095bf81e7dd1d075b30e6a7c129f6d3 100% [K
pulling manifest ⠋ [K
pulling b5374915da53   0% ▕                   ▏    0 B/2.2 GB                  [K[?25h[?2026l[?2026h[?25l[A[A[A[1Ggathering model components [K
copying file sha256:055cfc12dd09f75a50737d62cbb323008095bf81e7dd1d075b30e6a7c129f6d3 100% [K
pulling manifest ⠙ [K
pulling b5374915da53   0% ▕                   ▏    0 B/2.2 GB                  [K[?25h[?2026l[?2026h[?25l[A[A[A[1Ggathering model components [K
copying file sha256:055cfc12dd09f75a50737d62cbb323008095bf81e7dd1d075b30e6a7c129f6d3 100% [K
pulling manifest ⠹ [K
pulling b5374915da53   0% ▕                   ▏    0 B/2.2 GB                  [K[?25h[?2026l[?2026h[?25l[A[A[A[1Ggathering model components [K
copying file sha256:055cfc12dd09f75a50737d62cbb323008095bf81e7dd1d075b30e6a7c129f6d3 100% [K
pulling manifest ⠸ [K
pulling b5374915da53   0% ▕                   ▏    0 B/2.2 GB                  [K[?25h[?2026l[?2026h[?25l[A[A[A[1Ggathering model components [K
copying file sha256:055cfc12dd09f75a50737d62cbb323008095bf81e7dd1d075b30e6a7c129f6d3 100% [K
pulling manifest ⠼ [K
pulling b5374915da53   0% ▕                   ▏  10 KB/2.2 GB                  [K[?25h[?2026l[?2026h[?25l[A[A[A[1Ggathering model components [K
copying file sha256:055cfc12dd09f75a50737d62cbb323008095bf81e7dd1d075b30e6a7c129f6d3 100% [K
pulling manifest ⠴ [K
pulling b5374915da53   0% ▕                   ▏  14 KB/2.2 GB                  [K[?25h[?2026l[?2026h[?25l[A[A[A[1Ggathering model components [K
copying file sha256:055cfc12dd09f75a50737d62cbb323008095bf81e7dd1d075b30e6a7c129f6d3 100% [K
pulling manifest ⠦ [K
pulling b5374915da53   0% ▕                   ▏  18 KB/2.2 GB                  [K[?25h[?2026l[?2026h[?25l[A[A[A[1Ggathering model components [K
copying file sha256:055cfc12dd09f75a50737d62cbb323008095bf81e7dd1d075b30e6a7c129f6d3 100% [K
pulling manifest ⠧ [K
pulling b5374915da53   0% ▕                   ▏  19 KB/2.2 GB                  [K[?25h[?2026l[?2026h[?25l[A[A[A[1Ggathering model components [K
copying file sha256:055cfc12dd09f75a50737d62cbb323008095bf81e7dd1d075b30e6a7c129f6d3 100% [K
pulling manifest ⠇ [K
pulling b5374915da53   0% ▕                   ▏  35 KB/2.2 GB                  [K[?25h[?2026l[?2026h[?25l[A[A[A[1Ggathering model components [K
copying file sha256:055cfc12dd09f75a50737d62cbb323008095bf81e7dd1d075b30e6a7c129f6d3 100% [K
pulling manifest ⠏ [K
pulling b5374915da53   0% ▕                   ▏  46 KB/2.2 GB                  [K[?25h[?2026l[?2026h[?25l[A[A[A[1Ggathering model components [K
copying file sha256:055cfc12dd09f75a50737d62cbb323008095bf81e7dd1d075b30e6a7c129f6d3 100% [K
pulling manifest ⠋ [K
pulling b5374915da53   0% ▕                   ▏  50 KB/2.2 GB   50 KB/s  11h53m[K[?25h[?2026l[?2026h[?25l[A[A[A[1Ggathering model components [K
copying file sha256:055cfc12dd09f75a50737d62cbb323008095bf81e7dd1d075b30e6a7c129f6d3 100% [K
pulling manifest ⠙ [K
pulling b5374915da53   0% ▕                   ▏ 419 KB/2.2 GB   50 KB/s  11h53m[K[?25h[?2026l[?2026h[?25l[A[A[A[1Ggathering model components [K
copying file sha256:055cfc12dd09f75a50737d62cbb323008095bf81e7dd1d075b30e6a7c129f6d3 100% [K
pulling manifest ⠹ [K
pulling b5374915da53   0% ▕                   ▏ 6.3 MB/2.2 GB   50 KB/s  11h51m[K[?25h[?2026l[?2026h[?25l[A[A[A[1Ggathering model components [K
copying file sha256:055cfc12dd09f75a50737d62cbb323008095bf81e7dd1d075b30e6a7c129f6d3 100% [K
pulling manifest ⠸ [K
pulling b5374915da53   0% ▕                   ▏ 9.0 MB/2.2 GB   50 KB/s  11h50m[K[?25h[?2026l[?2026h[?25l[A[A[A[1Ggathering model components [K
copying file sha256:055cfc12dd09f75a50737d62cbb323008095bf81e7dd1d075b30e6a7c129f6d3 100% [K
pulling manifest ⠼ [K
pulling b5374915da53   1% ▕                   ▏  14 MB/2.2 GB   50 KB/s  11h48m[K[?25h[?2026l[?2026h[?25l[A[A[A[1Ggathering model components [K
copying file sha256:055cfc12dd09f75a50737d62cbb323008095bf81e7dd1d075b30e6a7c129f6d3 100% [K
pulling manifest ⠴ [K
pulling b5374915da53   1% ▕                   ▏  20 MB/2.2 GB   50 KB/s  11h47m[K[?25h[?2026l[?2026h[?25l[A[A[A[1Ggathering model components [K
copying file sha256:055cfc12dd09f75a50737d62cbb323008095bf81e7dd1d075b30e6a7c129f6d3 100% [K
pulling manifest ⠦ [K
pulling b5374915da53   1% ▕                   ▏  23 MB/2.2 GB   50 KB/s  11h45m[K[?25h[?2026l[?2026h[?25l[A[A[A[1Ggathering model components [K
copying file sha256:055cfc12dd09f75a50737d62cbb323008095bf81e7dd1d075b30e6a7c129f6d3 100% [K
pulling manifest ⠧ [K
pulling b5374915da53   1% ▕                   ▏  29 MB/2.2 GB   50 KB/s  11h43m[K[?25h[?2026l[?2026h[?25l[A[A[A[1Ggathering model components [K
copying file sha256:055cfc12dd09f75a50737d62cbb323008095bf81e7dd1d075b30e6a7c129f6d3 100% [K
pulling manifest ⠇ [K
pulling b5374915da53   2% ▕                   ▏  35 MB/2.2 GB   50 KB/s  11h42m[K[?25h[?2026l[?2026h[?25l[A[A[A[1Ggathering model components [K
copying file sha256:055cfc12dd09f75a50737d62cbb323008095bf81e7dd1d075b30e6a7c129f6d3 100% [K
pulling manifest ⠏ [K
pulling b5374915da53   2% ▕                   ▏  38 MB/2.2 GB   50 KB/s  11h40m[K[?25h[?2026l[?2026h[?25l[A[A[A[1Ggathering model components [K
copying file sha256:055cfc12dd09f75a50737d62cbb323008095bf81e7dd1d075b30e6a7c129f6d3 100% [K
pulling manifest ⠋ [K
pulling b5374915da53   2% ▕                   ▏  45 MB/2.2 GB   22 MB/s   1m33s[K[?25h[?2026l[?2026h[?25l[A[A[A[1Ggathering model components [K
copying file sha256:055cfc12dd09f75a50737d62cbb323008095bf81e7dd1d075b30e6a7c129f6d3 100% [K
pulling manifest ⠙ [K
pulling b5374915da53   2% ▕                   ▏  52 MB/2.2 GB   22 MB/s   1m32s[K[?25h[?2026l[?2026h[?25l[A[A[A[1Ggathering model components [K
copying file sha256:055cfc12dd09f75a50737d62cbb323008095bf81e7dd1d075b30e6a7c129f6d3 100% [K
pulling manifest ⠹ [K
pulling b5374915da53   3% ▕                   ▏  55 MB/2.2 GB   22 MB/s   1m32s[K[?25h[?2026l[?2026h[?25l[A[A[A[1Ggathering model components [K
copying file sha256:055cfc12dd09f75a50737d62cbb323008095bf81e7dd1d075b30e6a7c129f6d3 100% [K
pulling manifest ⠸ [K
pulling b5374915da53   3% ▕                   ▏  62 MB/2.2 GB   22 MB/s   1m32s[K[?25h[?2026l[?2026h[?25l[A[A[A[1Ggathering model components [K
copying file sha256:055cfc12dd09f75a50737d62cbb323008095bf81e7dd1d075b30e6a7c129f6d3 100% [K
pulling manifest ⠼ [K
pulling b5374915da53   3% ▕                   ▏  67 MB/2.2 GB   22 MB/s   1m32s[K[?25h[?2026l[?2026h[?25l[A[A[A[1Ggathering model components [K
copying file sha256:055cfc12dd09f75a50737d62cbb323008095bf81e7dd1d075b30e6a7c129f6d3 100% [K
pulling manifest ⠴ [K
pulling b5374915da53   3% ▕                   ▏  70 MB/2.2 GB   22 MB/s   1m32s[K[?25h[?2026l[?2026h[?25l[A[A[A[1Ggathering model components [K
copying file sha256:055cfc12dd09f75a50737d62cbb323008095bf81e7dd1d075b30e6a7c129f6d3 100% [K
pulling manifest ⠦ [K
pulling b5374915da53   4% ▕                   ▏  76 MB/2.2 GB   22 MB/s   1m31s[K[?25h[?2026l[?2026h[?25l[A[A[A[1Ggathering model components [K
copying file sha256:055cfc12dd09f75a50737d62cbb323008095bf81e7dd1d075b30e6a7c129f6d3 100% [K
pulling manifest ⠧ [K
pulling b5374915da53   4% ▕                   ▏  82 MB/2.2 GB   22 MB/s   1m31s[K[?25h[?2026l[?2026h[?25l[A[A[A[1Ggathering model components [K
copying file sha256:055cfc12dd09f75a50737d62cbb323008095bf81e7dd1d075b30e6a7c129f6d3 100% [K
pulling manifest ⠇ [K
pulling b5374915da53   4% ▕                   ▏  85 MB/2.2 GB   22 MB/s   1m31s[K[?25h[?2026l[?2026h[?25l[A[A[A[1Ggathering model components [K
copying file sha256:055cfc12dd09f75a50737d62cbb323008095bf81e7dd1d075b30e6a7c129f6d3 100% [K
pulling manifest ⠏ [K
pulling b5374915da53   4% ▕                   ▏  90 MB/2.2 GB   22 MB/s   1m31s[K[?25h[?2026l[?2026h[?25l[A[A[A[1Ggathering model components [K
copying file sha256:055cfc12dd09f75a50737d62cbb323008095bf81e7dd1d075b30e6a7c129f6d3 100% [K
pulling manifest ⠋ [K
pulling b5374915da53   4% ▕                   ▏  96 MB/2.2 GB   32 MB/s    1m4s[K[?25h[?2026l[?2026h[?25l[A[A[A[1Ggathering model components [K
copying file sha256:055cfc12dd09f75a50737d62cbb323008095bf81e7dd1d075b30e6a7c129f6d3 100% [K
pulling manifest ⠙ [K
pulling b5374915da53   5% ▕                   ▏ 100 MB/2.2 GB   32 MB/s    1m4s[K[?25h[?2026l[?2026h[?25l[A[A[A[1Ggathering model components [K
copying file sha256:055cfc12dd09f75a50737d62cbb323008095bf81e7dd1d075b30e6a7c129f6d3 100% [K
pulling manifest ⠹ [K
pulling b5374915da53   5% ▕                   ▏ 107 MB/2.2 GB   32 MB/s    1m4s[K[?25h[?2026l[?2026h[?25l[A[A[A[1Ggathering model components [K
copying file sha256:055cfc12dd09f75a50737d62cbb323008095bf81e7dd1d075b30e6a7c129f6d3 100% [K
pulling manifest ⠸ [K
pulling b5374915da53   5% ▕                   ▏ 113 MB/2.2 GB   32 MB/s    1m3s[K[?25h[?2026l[?2026h[?25l[A[A[A[1Ggathering model components [K
copying file sha256:055cfc12dd09f75a50737d62cbb323008095bf81e7dd1d075b30e6a7c129f6d3 100% [K
pulling manifest ⠼ [K
pulling b5374915da53   5% ▕█                  ▏ 117 MB/2.2 GB   32 MB/s    1m3s[K[?25h[?2026l[?2026h[?25l[A[A[A[1Ggathering model components [K
copying file sha256:055cfc12dd09f75a50737d62cbb323008095bf81e7dd1d075b30e6a7c129f6d3 100% [K
pulling manifest ⠴ [K
pulling b5374915da53   6% ▕█                  ▏ 124 MB/2.2 GB   32 MB/s    1m3s[K[?25h[?2026l[?2026h[?25l[A[A[A[1Ggathering model components [K
copying file sha256:055cfc12dd09f75a50737d62cbb323008095bf81e7dd1d075b30e6a7c129f6d3 100% [K
pulling manifest ⠦ [K
pulling b5374915da53   6% ▕█                  ▏ 130 MB/2.2 GB   32 MB/s    1m3s[K[?25h[?2026l[?2026h[?25l[A[A[A[1Ggathering model components [K
copying file sha256:055cfc12dd09f75a50737d62cbb323008095bf81e7dd1d075b30e6a7c129f6d3 100% [K
pulling manifest ⠧ [K
pulling b5374915da53   6% ▕█                  ▏ 133 MB/2.2 GB   32 MB/s    1m3s[K[?25h[?2026l[?2026h[?25l[A[A[A[1Ggathering model components [K
copying file sha256:055cfc12dd09f75a50737d62cbb323008095bf81e7dd1d075b30e6a7c129f6d3 100% [K
pulling manifest ⠇ [K
pulling b5374915da53   6% ▕█                  ▏ 140 MB/2.2 GB   32 MB/s    1m3s[K[?25h[?2026l[?2026h[?25l[A[A[A[1Ggathering model components [K
copying file sha256:055cfc12dd09f75a50737d62cbb323008095bf81e7dd1d075b30e6a7c129f6d3 100% [K
pulling manifest ⠏ [K
pulling b5374915da53   7% ▕█                  ▏ 147 MB/2.2 GB   32 MB/s    1m2s[K[?25h[?2026l[?2026h[?25l[A[A[A[1Ggathering model components [K
copying file sha256:055cfc12dd09f75a50737d62cbb323008095bf81e7dd1d075b30e6a7c129f6d3 100% [K
pulling manifest ⠋ [K
pulling b5374915da53   7% ▕█                  ▏ 150 MB/2.2 GB   32 MB/s    1m2s[K[?25h[?2026l[?2026h[?25l[A[A[A[1Ggathering model components [K
copying file sha256:055cfc12dd09f75a50737d62cbb323008095bf81e7dd1d075b30e6a7c129f6d3 100% [K
pulling manifest ⠙ [K
pulling b5374915da53   7% ▕█                  ▏ 157 MB/2.2 GB   38 MB/s     52s[K[?25h[?2026l[?2026h[?25l[A[A[A[1Ggathering model components [K
copying file sha256:055cfc12dd09f75a50737d62cbb323008095bf81e7dd1d075b30e6a7c129f6d3 100% [K
pulling manifest ⠹ [K
pulling b5374915da53   8% ▕█                  ▏ 163 MB/2.2 GB   38 MB/s     52s[K[?25h[?2026l[?2026h[?25l[A[A[A[1Ggathering model components [K
copying file sha256:055cfc12dd09f75a50737d62cbb323008095bf81e7dd1d075b30e6a7c129f6d3 100% [K
pulling manifest ⠸ [K
pulling b5374915da53   8% ▕█                  ▏ 167 MB/2.2 GB   38 MB/s     52s[K[?25h[?2026l[?2026h[?25l[A[A[A[1Ggathering model components [K
copying file sha256:055cfc12dd09f75a50737d62cbb323008095bf81e7dd1d075b30e6a7c129f6d3 100% [K
pulling manifest ⠼ [K
pulling b5374915da53   8% ▕█                  ▏ 173 MB/2.2 GB   38 MB/s     51s[K[?25h[?2026l[?2026h[?25l[A[A[A[1Ggathering model components [K
copying file sha256:055cfc12dd09f75a50737d62cbb323008095bf81e7dd1d075b30e6a7c129f6d3 100% [K
pulling manifest ⠴ [K
pulling b5374915da53   8% ▕█                  ▏ 180 MB/2.2 GB   38 MB/s     51s[K[?25h[?2026l[?2026h[?25l[A[A[A[1Ggathering model components [K
copying file sha256:055cfc12dd09f75a50737d62cbb323008095bf81e7dd1d075b30e6a7c129f6d3 100% [K
pulling manifest ⠦ [K
pulling b5374915da53   8% ▕█                  ▏ 183 MB/2.2 GB   38 MB/s     51s[K[?25h[?2026l[?2026h[?25l[A[A[A[1Ggathering model components [K
copying file sha256:055cfc12dd09f75a50737d62cbb323008095bf81e7dd1d075b30e6a7c129f6d3 100% [K
pulling manifest ⠧ [K
pulling b5374915da53   9% ▕█                  ▏ 190 MB/2.2 GB   38 MB/s     51s[K[?25h[?2026l[?2026h[?25l[A[A[A[1Ggathering model components [K
copying file sha256:055cfc12dd09f75a50737d62cbb323008095bf81e7dd1d075b30e6a7c129f6d3 100% [K
pulling manifest ⠇ [K
pulling b5374915da53   9% ▕█                  ▏ 196 MB/2.2 GB   38 MB/s     51s[K[?25h[?2026l[?2026h[?25l[A[A[A[1Ggathering model components [K
copying file sha256:055cfc12dd09f75a50737d62cbb323008095bf81e7dd1d075b30e6a7c129f6d3 100% [K
pulling manifest ⠏ [K
pulling b5374915da53   9% ▕█                  ▏ 199 MB/2.2 GB   38 MB/s     51s[K[?25h[?2026l[?2026h[?25l[A[A[A[1Ggathering model components [K
copying file sha256:055cfc12dd09f75a50737d62cbb323008095bf81e7dd1d075b30e6a7c129f6d3 100% [K
pulling manifest ⠋ [K
pulling b5374915da53   9% ▕█                  ▏ 206 MB/2.2 GB   38 MB/s     51s[K[?25h[?2026l[?2026h[?25l[A[A[A[1Ggathering model components [K
copying file sha256:055cfc12dd09f75a50737d62cbb323008095bf81e7dd1d075b30e6a7c129f6d3 100% [K
pulling manifest ⠙ [K
pulling b5374915da53  10% ▕█                  ▏ 212 MB/2.2 GB   41 MB/s     46s[K[?25h[?2026l[?2026h[?25l[A[A[A[1Ggathering model components [K
copying file sha256:055cfc12dd09f75a50737d62cbb323008095bf81e7dd1d075b30e6a7c129f6d3 100% [K
pulling manifest ⠹ [K
pulling b5374915da53  10% ▕█                  ▏ 215 MB/2.2 GB   41 MB/s     46s[K[?25h[?2026l[?2026h[?25l[A[A[A[1Ggathering model components [K
copying file sha256:055cfc12dd09f75a50737d62cbb323008095bf81e7dd1d075b30e6a7c129f6d3 100% [K
pulling manifest ⠸ [K
pulling b5374915da53  10% ▕█                  ▏ 222 MB/2.2 GB   41 MB/s     46s[K[?25h[?2026l[?2026h[?25l[A[A[A[1Ggathering model components [K
copying file sha256:055cfc12dd09f75a50737d62cbb323008095bf81e7dd1d075b30e6a7c129f6d3 100% [K
pulling manifest ⠼ [K
pulling b5374915da53  11% ▕█                  ▏ 228 MB/2.2 GB   41 MB/s     46s[K[?25h[?2026l[?2026h[?25l[A[A[A[1Ggathering model components [K
copying file sha256:055cfc12dd09f75a50737d62cbb323008095bf81e7dd1d075b30e6a7c129f6d3 100% [K
pulling manifest ⠴ [K
pulling b5374915da53  11% ▕██                 ▏ 232 MB/2.2 GB   41 MB/s     46s[K[?25h[?2026l[?2026h[?25l[A[A[A[1Ggathering model components [K
copying file sha256:055cfc12dd09f75a50737d62cbb323008095bf81e7dd1d075b30e6a7c129f6d3 100% [K
pulling manifest ⠦ [K
pulling b5374915da53  11% ▕██                 ▏ 238 MB/2.2 GB   41 MB/s     46s[K[?25h[?2026l[?2026h[?25l[A[A[A[1Ggathering model components [K
copying file sha256:055cfc12dd09f75a50737d62cbb323008095bf81e7dd1d075b30e6a7c129f6d3 100% [K
pulling manifest ⠧ [K
pulling b5374915da53  11% ▕██                 ▏ 245 MB/2.2 GB   41 MB/s     46s[K[?25h[?2026l[?2026h[?25l[A[A[A[1Ggathering model components [K
copying file sha256:055cfc12dd09f75a50737d62cbb323008095bf81e7dd1d075b30e6a7c129f6d3 100% [K
pulling manifest ⠇ [K
pulling b5374915da53  11% ▕██                 ▏ 248 MB/2.2 GB   41 MB/s     45s[K[?25h[?2026l[?2026h[?25l[A[A[A[1Ggathering model components [K
copying file sha256:055cfc12dd09f75a50737d62cbb323008095bf81e7dd1d075b30e6a7c129f6d3 100% [K
pulling manifest ⠏ [K
pulling b5374915da53  12% ▕██                 ▏ 254 MB/2.2 GB   41 MB/s     45s[K[?25h[?2026l[?2026h[?25l[A[A[A[1Ggathering model components [K
copying file sha256:055cfc12dd09f75a50737d62cbb323008095bf81e7dd1d075b30e6a7c129f6d3 100% [K
pulling manifest ⠋ [K
pulling b5374915da53  12% ▕██                 ▏ 261 MB/2.2 GB   41 MB/s     45s[K[?25h[?2026l[?2026h[?25l[A[A[A[1Ggathering model components [K
copying file sha256:055cfc12dd09f75a50737d62cbb323008095bf81e7dd1d075b30e6a7c129f6d3 100% [K
pulling manifest ⠙ [K
pulling b5374915da53  12% ▕██                 ▏ 264 MB/2.2 GB   44 MB/s     43s[K[?25h[?2026l[?2026h[?25l[A[A[A[1Ggathering model components [K
copying file sha256:055cfc12dd09f75a50737d62cbb323008095bf81e7dd1d075b30e6a7c129f6d3 100% [K
pulling manifest ⠹ [K
pulling b5374915da53  12% ▕██                 ▏ 271 MB/2.2 GB   44 MB/s     43s[K[?25h[?2026l[?2026h[?25l[A[A[A[1Ggathering model components [K
copying file sha256:055cfc12dd09f75a50737d62cbb323008095bf81e7dd1d075b30e6a7c129f6d3 100% [K
pulling manifest ⠸ [K
pulling b5374915da53  13% ▕██                 ▏ 278 MB/2.2 GB   44 MB/s     43s[K[?25h[?2026l[?2026h[?25l[A[A[A[1Ggathering model components [K
copying file sha256:055cfc12dd09f75a50737d62cbb323008095bf81e7dd1d075b30e6a7c129f6d3 100% [K
pulling manifest ⠼ [K
pulling b5374915da53  13% ▕██                 ▏ 281 MB/2.2 GB   44 MB/s     42s[K[?25h[?2026l[?2026h[?25l[A[A[A[1Ggathering model components [K
copying file sha256:055cfc12dd09f75a50737d62cbb323008095bf81e7dd1d075b30e6a7c129f6d3 100% [K
pulling manifest ⠴ [K
pulling b5374915da53  13% ▕██                 ▏ 287 MB/2.2 GB   44 MB/s     42s[K[?25h[?2026l[?2026h[?25l[A[A[A[1Ggathering model components [K
copying file sha256:055cfc12dd09f75a50737d62cbb323008095bf81e7dd1d075b30e6a7c129f6d3 100% [K
pulling manifest ⠦ [K
pulling b5374915da53  14% ▕██                 ▏ 294 MB/2.2 GB   44 MB/s     42s[K[?25h[?2026l[?2026h[?25l[A[A[A[1Ggathering model components [K
copying file sha256:055cfc12dd09f75a50737d62cbb323008095bf81e7dd1d075b30e6a7c129f6d3 100% [K
pulling manifest ⠧ [K
pulling b5374915da53  14% ▕██                 ▏ 297 MB/2.2 GB   44 MB/s     42s[K[?25h[?2026l[?2026h[?25l[A[A[A[1Ggathering model components [K
copying file sha256:055cfc12dd09f75a50737d62cbb323008095bf81e7dd1d075b30e6a7c129f6d3 100% [K
pulling manifest ⠇ [K
pulling b5374915da53  14% ▕██                 ▏ 303 MB/2.2 GB   44 MB/s     42s[K[?25h[?2026l[?2026h[?25l[A[A[A[1Ggathering model components [K
copying file sha256:055cfc12dd09f75a50737d62cbb323008095bf81e7dd1d075b30e6a7c129f6d3 100% [K
pulling manifest ⠏ [K
pulling b5374915da53  14% ▕██                 ▏ 308 MB/2.2 GB   44 MB/s     42s[K[?25h[?2026l[?2026h[?25l[A[A[A[1Ggathering model components [K
copying file sha256:055cfc12dd09f75a50737d62cbb323008095bf81e7dd1d075b30e6a7c129f6d3 100% [K
pulling manifest ⠋ [K
pulling b5374915da53  14% ▕██                 ▏ 311 MB/2.2 GB   44 MB/s     42s[K[?25h[?2026l[?2026h[?25l[A[A[A[1Ggathering model components [K
copying file sha256:055cfc12dd09f75a50737d62cbb323008095bf81e7dd1d075b30e6a7c129f6d3 100% [K
pulling manifest ⠙ [K
pulling b5374915da53  15% ▕██                 ▏ 318 MB/2.2 GB   45 MB/s     40s[K[?25h[?2026l[?2026h[?25l[A[A[A[1Ggathering model components [K
copying file sha256:055cfc12dd09f75a50737d62cbb323008095bf81e7dd1d075b30e6a7c129f6d3 100% [K
pulling manifest ⠹ [K
pulling b5374915da53  15% ▕██                 ▏ 324 MB/2.2 GB   45 MB/s     40s[K[?25h[?2026l[?2026h[?25l[A[A[A[1Ggathering model components [K
copying file sha256:055cfc12dd09f75a50737d62cbb323008095bf81e7dd1d075b30e6a7c129f6d3 100% [K
pulling manifest ⠸ [K
pulling b5374915da53  15% ▕██                 ▏ 327 MB/2.2 GB   45 MB/s     40s[K[?25h[?2026l[?2026h[?25l[A[A[A[1Ggathering model components [K
copying file sha256:055cfc12dd09f75a50737d62cbb323008095bf81e7dd1d075b30e6a7c129f6d3 100% [K
pulling manifest ⠼ [K
pulling b5374915da53  15% ▕██                 ▏ 334 MB/2.2 GB   45 MB/s     40s[K[?25h[?2026l[?2026h[?25l[A[A[A[1Ggathering model components [K
copying file sha256:055cfc12dd09f75a50737d62cbb323008095bf81e7dd1d075b30e6a7c129f6d3 100% [K
pulling manifest ⠴ [K
pulling b5374915da53  16% ▕██                 ▏ 340 MB/2.2 GB   45 MB/s     40s[K[?25h[?2026l[?2026h[?25l[A[A[A[1Ggathering model components [K
copying file sha256:055cfc12dd09f75a50737d62cbb323008095bf81e7dd1d075b30e6a7c129f6d3 100% [K
pulling manifest ⠦ [K
pulling b5374915da53  16% ▕██                 ▏ 342 MB/2.2 GB   45 MB/s     40s[K[?25h[?2026l[?2026h[?25l[A[A[A[1Ggathering model components [K
copying file sha256:055cfc12dd09f75a50737d62cbb323008095bf81e7dd1d075b30e6a7c129f6d3 100% [K
pulling manifest ⠧ [K
pulling b5374915da53  16% ▕███                ▏ 347 MB/2.2 GB   45 MB/s     40s[K[?25h[?2026l[?2026h[?25l[A[A[A[1Ggathering model components [K
copying file sha256:055cfc12dd09f75a50737d62cbb323008095bf81e7dd1d075b30e6a7c129f6d3 100% [K
pulling manifest ⠇ [K
pulling b5374915da53  16% ▕███                ▏ 353 MB/2.2 GB   45 MB/s     40s[K[?25h[?2026l[?2026h[?25l[A[A[A[1Ggathering model components [K
copying file sha256:055cfc12dd09f75a50737d62cbb323008095bf81e7dd1d075b30e6a7c129f6d3 100% [K
pulling manifest ⠏ [K
pulling b5374915da53  16% ▕███                ▏ 356 MB/2.2 GB   45 MB/s     39s[K[?25h[?2026l[?2026h[?25l[A[A[A[1Ggathering model components [K
copying file sha256:055cfc12dd09f75a50737d62cbb323008095bf81e7dd1d075b30e6a7c129f6d3 100% [K
pulling manifest ⠋ [K
pulling b5374915da53  17% ▕███                ▏ 363 MB/2.2 GB   45 MB/s     39s[K[?25h[?2026l[?2026h[?25l[A[A[A[1Ggathering model components [K
copying file sha256:055cfc12dd09f75a50737d62cbb323008095bf81e7dd1d075b30e6a7c129f6d3 100% [K
pulling manifest ⠙ [K
pulling b5374915da53  17% ▕███                ▏ 369 MB/2.2 GB   46 MB/s     39s[K[?25h[?2026l[?2026h[?25l[A[A[A[1Ggathering model components [K
copying file sha256:055cfc12dd09f75a50737d62cbb323008095bf81e7dd1d075b30e6a7c129f6d3 100% [K
pulling manifest ⠹ [K
pulling b5374915da53  17% ▕███                ▏ 372 MB/2.2 GB   46 MB/s     39s[K[?25h[?2026l[?2026h[?25l[A[A[A[1Ggathering model components [K
copying file sha256:055cfc12dd09f75a50737d62cbb323008095bf81e7dd1d075b30e6a7c129f6d3 100% [K
pulling manifest ⠸ [K
pulling b5374915da53  17% ▕███                ▏ 378 MB/2.2 GB   46 MB/s     38s[K[?25h[?2026l[?2026h[?25l[A[A[A[1Ggathering model components [K
copying file sha256:055cfc12dd09f75a50737d62cbb323008095bf81e7dd1d075b30e6a7c129f6d3 100% [K
pulling manifest ⠼ [K
pulling b5374915da53  18% ▕███                ▏ 384 MB/2.2 GB   46 MB/s     38s[K[?25h[?2026l[?2026h[?25l[A[A[A[1Ggathering model components [K
copying file sha256:055cfc12dd09f75a50737d62cbb323008095bf81e7dd1d075b30e6a7c129f6d3 100% [K
pulling manifest ⠴ [K
pulling b5374915da53  18% ▕███                ▏ 387 MB/2.2 GB   46 MB/s     38s[K[?25h[?2026l[?2026h[?25l[A[A[A[1Ggathering model components [K
copying file sha256:055cfc12dd09f75a50737d62cbb323008095bf81e7dd1d075b30e6a7c129f6d3 100% [K
pulling manifest ⠦ [K
pulling b5374915da53  18% ▕███                ▏ 393 MB/2.2 GB   46 MB/s     38s[K[?25h[?2026l[?2026h[?25l[A[A[A[1Ggathering model components [K
copying file sha256:055cfc12dd09f75a50737d62cbb323008095bf81e7dd1d075b30e6a7c129f6d3 100% [K
pulling manifest ⠧ [K
pulling b5374915da53  18% ▕███                ▏ 400 MB/2.2 GB   46 MB/s     38s[K[?25h[?2026l[?2026h[?25l[A[A[A[1Ggathering model components [K
copying file sha256:055cfc12dd09f75a50737d62cbb323008095bf81e7dd1d075b30e6a7c129f6d3 100% [K
pulling manifest ⠇ [K
pulling b5374915da53  19% ▕███                ▏ 403 MB/2.2 GB   46 MB/s     38s[K[?25h[?2026l[?2026h[?25l[A[A[A[1Ggathering model components [K
copying file sha256:055cfc12dd09f75a50737d62cbb323008095bf81e7dd1d075b30e6a7c129f6d3 100% [K
pulling manifest ⠏ [K
pulling b5374915da53  19% ▕███                ▏ 409 MB/2.2 GB   46 MB/s     38s[K[?25h[?2026l[?2026h[?25l[A[A[A[1Ggathering model components [K
copying file sha256:055cfc12dd09f75a50737d62cbb323008095bf81e7dd1d075b30e6a7c129f6d3 100% [K
pulling manifest ⠋ [K
pulling b5374915da53  19% ▕███                ▏ 416 MB/2.2 GB   46 MB/s     38s[K[?25h[?2026l[?2026h[?25l[A[A[A[1Ggathering model components [K
copying file sha256:055cfc12dd09f75a50737d62cbb323008095bf81e7dd1d075b30e6a7c129f6d3 100% [K
pulling manifest ⠙ [K
pulling b5374915da53  19% ▕███                ▏ 419 MB/2.2 GB   46 MB/s     38s[K[?25h[?2026l[?2026h[?25l[A[A[A[1Ggathering model components [K
copying file sha256:055cfc12dd09f75a50737d62cbb323008095bf81e7dd1d075b30e6a7c129f6d3 100% [K
pulling manifest ⠹ [K
pulling b5374915da53  20% ▕███                ▏ 426 MB/2.2 GB   47 MB/s     37s[K[?25h[?2026l[?2026h[?25l[A[A[A[1Ggathering model components [K
copying file sha256:055cfc12dd09f75a50737d62cbb323008095bf81e7dd1d075b30e6a7c129f6d3 100% [K
pulling manifest ⠸ [K
pulling b5374915da53  20% ▕███                ▏ 432 MB/2.2 GB   47 MB/s     37s[K[?25h[?2026l[?2026h[?25l[A[A[A[1Ggathering model components [K
copying file sha256:055cfc12dd09f75a50737d62cbb323008095bf81e7dd1d075b30e6a7c129f6d3 100% [K
pulling manifest ⠼ [K
pulling b5374915da53  20% ▕███                ▏ 435 MB/2.2 GB   47 MB/s     37s[K[?25h[?2026l[?2026h[?25l[A[A[A[1Ggathering model components [K
copying file sha256:055cfc12dd09f75a50737d62cbb323008095bf81e7dd1d075b30e6a7c129f6d3 100% [K
pulling manifest ⠴ [K
pulling b5374915da53  20% ▕███                ▏ 441 MB/2.2 GB   47 MB/s     36s[K[?25h[?2026l[?2026h[?25l[A[A[A[1Ggathering model components [K
copying file sha256:055cfc12dd09f75a50737d62cbb323008095bf81e7dd1d075b30e6a7c129f6d3 100% [K
pulling manifest ⠦ [K
pulling b5374915da53  21% ▕███                ▏ 448 MB/2.2 GB   47 MB/s     36s[K[?25h[?2026l[?2026h[?25l[A[A[A[1Ggathering model components [K
copying file sha256:055cfc12dd09f75a50737d62cbb323008095bf81e7dd1d075b30e6a7c129f6d3 100% [K
pulling manifest ⠧ [K
pulling b5374915da53  21% ▕███                ▏ 451 MB/2.2 GB   47 MB/s     36s[K[?25h[?2026l[?2026h[?25l[A[A[A[1Ggathering model components [K
copying file sha256:055cfc12dd09f75a50737d62cbb323008095bf81e7dd1d075b30e6a7c129f6d3 100% [K
pulling manifest ⠇ [K
pulling b5374915da53  21% ▕███                ▏ 457 MB/2.2 GB   47 MB/s     36s[K[?25h[?2026l[?2026h[?25l[A[A[A[1Ggathering model components [K
copying file sha256:055cfc12dd09f75a50737d62cbb323008095bf81e7dd1d075b30e6a7c129f6d3 100% [K
pulling manifest ⠏ [K
pulling b5374915da53  21% ▕████               ▏ 463 MB/2.2 GB   47 MB/s     36s[K[?25h[?2026l[?2026h[?25l[A[A[A[1Ggathering model components [K
copying file sha256:055cfc12dd09f75a50737d62cbb323008095bf81e7dd1d075b30e6a7c129f6d3 100% [K
pulling manifest ⠋ [K
pulling b5374915da53  21% ▕████               ▏ 466 MB/2.2 GB   47 MB/s     36s[K[?25h[?2026l[?2026h[?25l[A[A[A[1Ggathering model components [K
copying file sha256:055cfc12dd09f75a50737d62cbb323008095bf81e7dd1d075b30e6a7c129f6d3 100% [K
pulling manifest ⠙ [K
pulling b5374915da53  22% ▕████               ▏ 473 MB/2.2 GB   47 MB/s     36s[K[?25h[?2026l[?2026h[?25l[A[A[A[1Ggathering model components [K
copying file sha256:055cfc12dd09f75a50737d62cbb323008095bf81e7dd1d075b30e6a7c129f6d3 100% [K
pulling manifest ⠹ [K
pulling b5374915da53  22% ▕████               ▏ 479 MB/2.2 GB   52 MB/s     32s[K[?25h[?2026l[?2026h[?25l[A[A[A[1Ggathering model components [K
copying file sha256:055cfc12dd09f75a50737d62cbb323008095bf81e7dd1d075b30e6a7c129f6d3 100% [K
pulling manifest ⠸ [K
pulling b5374915da53  22% ▕████               ▏ 483 MB/2.2 GB   52 MB/s     31s[K[?25h[?2026l[?2026h[?25l[A[A[A[1Ggathering model components [K
copying file sha256:055cfc12dd09f75a50737d62cbb323008095bf81e7dd1d075b30e6a7c129f6d3 100% [K
pulling manifest ⠼ [K
pulling b5374915da53  22% ▕████               ▏ 488 MB/2.2 GB   52 MB/s     31s[K[?25h[?2026l[?2026h[?25l[A[A[A[1Ggathering model components [K
copying file sha256:055cfc12dd09f75a50737d62cbb323008095bf81e7dd1d075b30e6a7c129f6d3 100% [K
pulling manifest ⠴ [K
pulling b5374915da53  23% ▕████               ▏ 494 MB/2.2 GB   52 MB/s     31s[K[?25h[?2026l[?2026h[?25l[A[A[A[1Ggathering model components [K
copying file sha256:055cfc12dd09f75a50737d62cbb323008095bf81e7dd1d075b30e6a7c129f6d3 100% [K
pulling manifest ⠦ [K
pulling b5374915da53  23% ▕████               ▏ 497 MB/2.2 GB   52 MB/s     31s[K[?25h[?2026l[?2026h[?25l[A[A[A[1Ggathering model components [K
copying file sha256:055cfc12dd09f75a50737d62cbb323008095bf81e7dd1d075b30e6a7c129f6d3 100% [K
pulling manifest ⠧ [K
pulling b5374915da53  23% ▕████               ▏ 504 MB/2.2 GB   52 MB/s     31s[K[?25h[?2026l[?2026h[?25l[A[A[A[1Ggathering model components [K
copying file sha256:055cfc12dd09f75a50737d62cbb323008095bf81e7dd1d075b30e6a7c129f6d3 100% [K
pulling manifest ⠇ [K
pulling b5374915da53  23% ▕████               ▏ 510 MB/2.2 GB   52 MB/s     31s[K[?25h[?2026l[?2026h[?25l[A[A[A[1Ggathering model components [K
copying file sha256:055cfc12dd09f75a50737d62cbb323008095bf81e7dd1d075b30e6a7c129f6d3 100% [K
pulling manifest ⠏ [K
pulling b5374915da53  24% ▕████               ▏ 513 MB/2.2 GB   52 MB/s     31s[K[?25h[?2026l[?2026h[?25l[A[A[A[1Ggathering model components [K
copying file sha256:055cfc12dd09f75a50737d62cbb323008095bf81e7dd1d075b30e6a7c129f6d3 100% [K
pulling manifest ⠋ [K
pulling b5374915da53  24% ▕████               ▏ 520 MB/2.2 GB   52 MB/s     31s[K[?25h[?2026l[?2026h[?25l[A[A[A[1Ggathering model components [K
copying file sha256:055cfc12dd09f75a50737d62cbb323008095bf81e7dd1d075b30e6a7c129f6d3 100% [K
pulling manifest ⠙ [K
pulling b5374915da53  24% ▕████               ▏ 526 MB/2.2 GB   52 MB/s     31s[K[?25h[?2026l[?2026h[?25l[A[A[A[1Ggathering model components [K
copying file sha256:055cfc12dd09f75a50737d62cbb323008095bf81e7dd1d075b30e6a7c129f6d3 100% [K
pulling manifest ⠹ [K
pulling b5374915da53  24% ▕████               ▏ 529 MB/2.2 GB   53 MB/s     30s[K[?25h[?2026l[?2026h[?25l[A[A[A[1Ggathering model components [K
copying file sha256:055cfc12dd09f75a50737d62cbb323008095bf81e7dd1d075b30e6a7c129f6d3 100% [K
pulling manifest ⠸ [K
pulling b5374915da53  25% ▕████               ▏ 535 MB/2.2 GB   53 MB/s     30s[K[?25h[?2026l[?2026h[?25l[A[A[A[1Ggathering model components [K
copying file sha256:055cfc12dd09f75a50737d62cbb323008095bf81e7dd1d075b30e6a7c129f6d3 100% [K
pulling manifest ⠼ [K
pulling b5374915da53  25% ▕████               ▏ 542 MB/2.2 GB   53 MB/s     30s[K[?25h[?2026l[?2026h[?25l[A[A[A[1Ggathering model components [K
copying file sha256:055cfc12dd09f75a50737d62cbb323008095bf81e7dd1d075b30e6a7c129f6d3 100% [K
pulling manifest ⠴ [K
pulling b5374915da53  25% ▕████               ▏ 545 MB/2.2 GB   53 MB/s     30s[K[?25h[?2026l[?2026h[?25l[A[A[A[1Ggathering model components [K
copying file sha256:055cfc12dd09f75a50737d62cbb323008095bf81e7dd1d075b30e6a7c129f6d3 100% [K
pulling manifest ⠦ [K
pulling b5374915da53  25% ▕████               ▏ 552 MB/2.2 GB   53 MB/s     30s[K[?25h[?2026l[?2026h[?25l[A[A[A[1Ggathering model components [K
copying file sha256:055cfc12dd09f75a50737d62cbb323008095bf81e7dd1d075b30e6a7c129f6d3 100% [K
pulling manifest ⠧ [K
pulling b5374915da53  26% ▕████               ▏ 558 MB/2.2 GB   53 MB/s     30s[K[?25h[?2026l[?2026h[?25l[A[A[A[1Ggathering model components [K
copying file sha256:055cfc12dd09f75a50737d62cbb323008095bf81e7dd1d075b30e6a7c129f6d3 100% [K
pulling manifest ⠇ [K
pulling b5374915da53  26% ▕████               ▏ 561 MB/2.2 GB   53 MB/s     30s[K[?25h[?2026l[?2026h[?25l[A[A[A[1Ggathering model components [K
copying file sha256:055cfc12dd09f75a50737d62cbb323008095bf81e7dd1d075b30e6a7c129f6d3 100% [K
pulling manifest ⠏ [K
pulling b5374915da53  26% ▕████               ▏ 567 MB/2.2 GB   53 MB/s     29s[K[?25h[?2026l[?2026h[?25l[A[A[A[1Ggathering model components [K
copying file sha256:055cfc12dd09f75a50737d62cbb323008095bf81e7dd1d075b30e6a7c129f6d3 100% [K
pulling manifest ⠋ [K
pulling b5374915da53  26% ▕█████              ▏ 574 MB/2.2 GB   53 MB/s     29s[K[?25h[?2026l[?2026h[?25l[A[A[A[1Ggathering model components [K
copying file sha256:055cfc12dd09f75a50737d62cbb323008095bf81e7dd1d075b30e6a7c129f6d3 100% [K
pulling manifest ⠙ [K
pulling b5374915da53  27% ▕█████              ▏ 577 MB/2.2 GB   53 MB/s     29s[K[?25h[?2026l[?2026h[?25l[A[A[A[1Ggathering model components [K
copying file sha256:055cfc12dd09f75a50737d62cbb323008095bf81e7dd1d075b30e6a7c129f6d3 100% [K
pulling manifest ⠹ [K
pulling b5374915da53  27% ▕█████              ▏ 583 MB/2.2 GB   54 MB/s     29s[K[?25h[?2026l[?2026h[?25l[A[A[A[1Ggathering model components [K
copying file sha256:055cfc12dd09f75a50737d62cbb323008095bf81e7dd1d075b30e6a7c129f6d3 100% [K
pulling manifest ⠸ [K
pulling b5374915da53  27% ▕█████              ▏ 589 MB/2.2 GB   54 MB/s     29s[K[?25h[?2026l[?2026h[?25l[A[A[A[1Ggathering model components [K
copying file sha256:055cfc12dd09f75a50737d62cbb323008095bf81e7dd1d075b30e6a7c129f6d3 100% [K
pulling manifest ⠼ [K
pulling b5374915da53  27% ▕█████              ▏ 592 MB/2.2 GB   54 MB/s     29s[K[?25h[?2026l[?2026h[?25l[A[A[A[1Ggathering model components [K
copying file sha256:055cfc12dd09f75a50737d62cbb323008095bf81e7dd1d075b30e6a7c129f6d3 100% [K
pulling manifest ⠴ [K
pulling b5374915da53  28% ▕█████              ▏ 599 MB/2.2 GB   54 MB/s     29s[K[?25h[?2026l[?2026h[?25l[A[A[A[1Ggathering model components [K
copying file sha256:055cfc12dd09f75a50737d62cbb323008095bf81e7dd1d075b30e6a7c129f6d3 100% [K
pulling manifest ⠦ [K
pulling b5374915da53  28% ▕█████              ▏ 605 MB/2.2 GB   54 MB/s     29s[K[?25h[?2026l[?2026h[?25l[A[A[A[1Ggathering model components [K
copying file sha256:055cfc12dd09f75a50737d62cbb323008095bf81e7dd1d075b30e6a7c129f6d3 100% [K
pulling manifest ⠧ [K
pulling b5374915da53  28% ▕█████              ▏ 609 MB/2.2 GB   54 MB/s     29s[K[?25h[?2026l[?2026h[?25l[A[A[A[1Ggathering model components [K
copying file sha256:055cfc12dd09f75a50737d62cbb323008095bf81e7dd1d075b30e6a7c129f6d3 100% [K
pulling manifest ⠇ [K
pulling b5374915da53  28% ▕█████              ▏ 615 MB/2.2 GB   54 MB/s     28s[K[?25h[?2026l[?2026h[?25l[A[A[A[1Ggathering model components [K
copying file sha256:055cfc12dd09f75a50737d62cbb323008095bf81e7dd1d075b30e6a7c129f6d3 100% [K
pulling manifest ⠏ [K
pulling b5374915da53  29% ▕█████              ▏ 622 MB/2.2 GB   54 MB/s     28s[K[?25h[?2026l[?2026h[?25l[A[A[A[1Ggathering model components [K
copying file sha256:055cfc12dd09f75a50737d62cbb323008095bf81e7dd1d075b30e6a7c129f6d3 100% [K
pulling manifest ⠋ [K
pulling b5374915da53  29% ▕█████              ▏ 625 MB/2.2 GB   54 MB/s     28s[K[?25h[?2026l[?2026h[?25l[A[A[A[1Ggathering model components [K
copying file sha256:055cfc12dd09f75a50737d62cbb323008095bf81e7dd1d075b30e6a7c129f6d3 100% [K
pulling manifest ⠙ [K
pulling b5374915da53  29% ▕█████              ▏ 632 MB/2.2 GB   54 MB/s     28s[K[?25h[?2026l[?2026h[?25l[A[A[A[1Ggathering model components [K
copying file sha256:055cfc12dd09f75a50737d62cbb323008095bf81e7dd1d075b30e6a7c129f6d3 100% [K
pulling manifest ⠹ [K
pulling b5374915da53  29% ▕█████              ▏ 639 MB/2.2 GB   53 MB/s     28s[K[?25h[?2026l[?2026h[?25l[A[A[A[1Ggathering model components [K
copying file sha256:055cfc12dd09f75a50737d62cbb323008095bf81e7dd1d075b30e6a7c129f6d3 100% [K
pulling manifest ⠸ [K
pulling b5374915da53  30% ▕█████              ▏ 641 MB/2.2 GB   53 MB/s     28s[K[?25h[?2026l[?2026h[?25l[A[A[A[1Ggathering model components [K
copying file sha256:055cfc12dd09f75a50737d62cbb323008095bf81e7dd1d075b30e6a7c129f6d3 100% [K
pulling manifest ⠼ [K
pulling b5374915da53  30% ▕█████              ▏ 648 MB/2.2 GB   53 MB/s     28s[K[?25h[?2026l[?2026h[?25l[A[A[A[1Ggathering model components [K
copying file sha256:055cfc12dd09f75a50737d62cbb323008095bf81e7dd1d075b30e6a7c129f6d3 100% [K
pulling manifest ⠴ [K
pulling b5374915da53  30% ▕█████              ▏ 655 MB/2.2 GB   53 MB/s     28s[K[?25h[?2026l[?2026h[?25l[A[A[A[1Ggathering model components [K
copying file sha256:055cfc12dd09f75a50737d62cbb323008095bf81e7dd1d075b30e6a7c129f6d3 100% [K
pulling manifest ⠦ [K
pulling b5374915da53  30% ▕█████              ▏ 658 MB/2.2 GB   53 MB/s     28s[K[?25h[?2026l[?2026h[?25l[A[A[A[1Ggathering model components [K
copying file sha256:055cfc12dd09f75a50737d62cbb323008095bf81e7dd1d075b30e6a7c129f6d3 100% [K
pulling manifest ⠧ [K
pulling b5374915da53  31% ▕█████              ▏ 664 MB/2.2 GB   53 MB/s     28s[K[?25h[?2026l[?2026h[?25l[A[A[A[1Ggathering model components [K
copying file sha256:055cfc12dd09f75a50737d62cbb323008095bf81e7dd1d075b30e6a7c129f6d3 100% [K
pulling manifest ⠇ [K
pulling b5374915da53  31% ▕█████              ▏ 671 MB/2.2 GB   53 MB/s     27s[K[?25h[?2026l[?2026h[?25l[A[A[A[1Ggathering model components [K
copying file sha256:055cfc12dd09f75a50737d62cbb323008095bf81e7dd1d075b30e6a7c129f6d3 100% [K
pulling manifest ⠏ [K
pulling b5374915da53  31% ▕█████              ▏ 675 MB/2.2 GB   53 MB/s     27s[K[?25h[?2026l[?2026h[?25l[A[A[A[1Ggathering model components [K
copying file sha256:055cfc12dd09f75a50737d62cbb323008095bf81e7dd1d075b30e6a7c129f6d3 100% [K
pulling manifest ⠋ [K
pulling b5374915da53  31% ▕█████              ▏ 681 MB/2.2 GB   53 MB/s     27s[K[?25h[?2026l[?2026h[?25l[A[A[A[1Ggathering model components [K
copying file sha256:055cfc12dd09f75a50737d62cbb323008095bf81e7dd1d075b30e6a7c129f6d3 100% [K
pulling manifest ⠙ [K
pulling b5374915da53  32% ▕██████             ▏ 688 MB/2.2 GB   53 MB/s     27s[K[?25h[?2026l[?2026h[?25l[A[A[A[1Ggathering model components [K
copying file sha256:055cfc12dd09f75a50737d62cbb323008095bf81e7dd1d075b30e6a7c129f6d3 100% [K
pulling manifest ⠹ [K
pulling b5374915da53  32% ▕██████             ▏ 692 MB/2.2 GB   53 MB/s     27s[K[?25h[?2026l[?2026h[?25l[A[A[A[1Ggathering model components [K
copying file sha256:055cfc12dd09f75a50737d62cbb323008095bf81e7dd1d075b30e6a7c129f6d3 100% [K
pulling manifest ⠸ [K
pulling b5374915da53  32% ▕██████             ▏ 698 MB/2.2 GB   53 MB/s     27s[K[?25h[?2026l[?2026h[?25l[A[A[A[1Ggathering model components [K
copying file sha256:055cfc12dd09f75a50737d62cbb323008095bf81e7dd1d075b30e6a7c129f6d3 100% [K
pulling manifest ⠼ [K
pulling b5374915da53  32% ▕██████             ▏ 705 MB/2.2 GB   53 MB/s     27s[K[?25h[?2026l[?2026h[?25l[A[A[A[1Ggathering model components [K
copying file sha256:055cfc12dd09f75a50737d62cbb323008095bf81e7dd1d075b30e6a7c129f6d3 100% [K
pulling manifest ⠴ [K
pulling b5374915da53  33% ▕██████             ▏ 708 MB/2.2 GB   53 MB/s     27s[K[?25h[?2026l[?2026h[?25l[A[A[A[1Ggathering model components [K
copying file sha256:055cfc12dd09f75a50737d62cbb323008095bf81e7dd1d075b30e6a7c129f6d3 100% [K
pulling manifest ⠦ [K
pulling b5374915da53  33% ▕██████             ▏ 714 MB/2.2 GB   53 MB/s     27s[K[?25h[?2026l[?2026h[?25l[A[A[A[1Ggathering model components [K
copying file sha256:055cfc12dd09f75a50737d62cbb323008095bf81e7dd1d075b30e6a7c129f6d3 100% [K
pulling manifest ⠧ [K
pulling b5374915da53  33% ▕██████             ▏ 721 MB/2.2 GB   53 MB/s     26s[K[?25h[?2026l[?2026h[?25l[A[A[A[1Ggathering model components [K
copying file sha256:055cfc12dd09f75a50737d62cbb323008095bf81e7dd1d075b30e6a7c129f6d3 100% [K
pulling manifest ⠇ [K
pulling b5374915da53  33% ▕██████             ▏ 724 MB/2.2 GB   53 MB/s     26s[K[?25h[?2026l[?2026h[?25l[A[A[A[1Ggathering model components [K
copying file sha256:055cfc12dd09f75a50737d62cbb323008095bf81e7dd1d075b30e6a7c129f6d3 100% [K
pulling manifest ⠏ [K
pulling b5374915da53  34% ▕██████             ▏ 730 MB/2.2 GB   53 MB/s     26s[K[?25h[?2026l[?2026h[?25l[A[A[A[1Ggathering model components [K
copying file sha256:055cfc12dd09f75a50737d62cbb323008095bf81e7dd1d075b30e6a7c129f6d3 100% [K
pulling manifest ⠋ [K
pulling b5374915da53  34% ▕██████             ▏ 737 MB/2.2 GB   53 MB/s     26s[K[?25h[?2026l[?2026h[?25l[A[A[A[1Ggathering model components [K
copying file sha256:055cfc12dd09f75a50737d62cbb323008095bf81e7dd1d075b30e6a7c129f6d3 100% [K
pulling manifest ⠙ [K
pulling b5374915da53  34% ▕██████             ▏ 740 MB/2.2 GB   53 MB/s     26s[K[?25h[?2026l[?2026h[?25l[A[A[A[1Ggathering model components [K
copying file sha256:055cfc12dd09f75a50737d62cbb323008095bf81e7dd1d075b30e6a7c129f6d3 100% [K
pulling manifest ⠹ [K
pulling b5374915da53  34% ▕██████             ▏ 747 MB/2.2 GB   53 MB/s     26s[K[?25h[?2026l[?2026h[?25l[A[A[A[1Ggathering model components [K
copying file sha256:055cfc12dd09f75a50737d62cbb323008095bf81e7dd1d075b30e6a7c129f6d3 100% [K
pulling manifest ⠸ [K
pulling b5374915da53  35% ▕██████             ▏ 753 MB/2.2 GB   53 MB/s     26s[K[?25h[?2026l[?2026h[?25l[A[A[A[1Ggathering model components [K
copying file sha256:055cfc12dd09f75a50737d62cbb323008095bf81e7dd1d075b30e6a7c129f6d3 100% [K
pulling manifest ⠼ [K
pulling b5374915da53  35% ▕██████             ▏ 756 MB/2.2 GB   53 MB/s     26s[K[?25h[?2026l[?2026h[?25l[A[A[A[1Ggathering model components [K
copying file sha256:055cfc12dd09f75a50737d62cbb323008095bf81e7dd1d075b30e6a7c129f6d3 100% [K
pulling manifest ⠴ [K
pulling b5374915da53  35% ▕██████             ▏ 763 MB/2.2 GB   53 MB/s     26s[K[?25h[?2026l[?2026h[?25l[A[A[A[1Ggathering model components [K
copying file sha256:055cfc12dd09f75a50737d62cbb323008095bf81e7dd1d075b30e6a7c129f6d3 100% [K
pulling manifest ⠦ [K
pulling b5374915da53  35% ▕██████             ▏ 769 MB/2.2 GB   53 MB/s     26s[K[?25h[?2026l[?2026h[?25l[A[A[A[1Ggathering model components [K
copying file sha256:055cfc12dd09f75a50737d62cbb323008095bf81e7dd1d075b30e6a7c129f6d3 100% [K
pulling manifest ⠧ [K
pulling b5374915da53  35% ▕██████             ▏ 772 MB/2.2 GB   53 MB/s     26s[K[?25h[?2026l[?2026h[?25l[A[A[A[1Ggathering model components [K
copying file sha256:055cfc12dd09f75a50737d62cbb323008095bf81e7dd1d075b30e6a7c129f6d3 100% [K
pulling manifest ⠇ [K
pulling b5374915da53  36% ▕██████             ▏ 778 MB/2.2 GB   53 MB/s     25s[K[?25h[?2026l[?2026h[?25l[A[A[A[1Ggathering model components [K
copying file sha256:055cfc12dd09f75a50737d62cbb323008095bf81e7dd1d075b30e6a7c129f6d3 100% [K
pulling manifest ⠏ [K
pulling b5374915da53  36% ▕██████             ▏ 784 MB/2.2 GB   53 MB/s     25s[K[?25h[?2026l[?2026h[?25l[A[A[A[1Ggathering model components [K
copying file sha256:055cfc12dd09f75a50737d62cbb323008095bf81e7dd1d075b30e6a7c129f6d3 100% [K
pulling manifest ⠋ [K
pulling b5374915da53  36% ▕██████             ▏ 787 MB/2.2 GB   53 MB/s     25s[K[?25h[?2026l[?2026h[?25l[A[A[A[1Ggathering model components [K
copying file sha256:055cfc12dd09f75a50737d62cbb323008095bf81e7dd1d075b30e6a7c129f6d3 100% [K
pulling manifest ⠙ [K
pulling b5374915da53  37% ▕██████             ▏ 794 MB/2.2 GB   53 MB/s     25s[K[?25h[?2026l[?2026h[?25l[A[A[A[1Ggathering model components [K
copying file sha256:055cfc12dd09f75a50737d62cbb323008095bf81e7dd1d075b30e6a7c129f6d3 100% [K
pulling manifest ⠹ [K
pulling b5374915da53  37% ▕██████             ▏ 801 MB/2.2 GB   53 MB/s     25s[K[?25h[?2026l[?2026h[?25l[A[A[A[1Ggathering model components [K
copying file sha256:055cfc12dd09f75a50737d62cbb323008095bf81e7dd1d075b30e6a7c129f6d3 100% [K
pulling manifest ⠸ [K
pulling b5374915da53  37% ▕███████            ▏ 804 MB/2.2 GB   54 MB/s     25s[K[?25h[?2026l[?2026h[?25l[A[A[A[1Ggathering model components [K
copying file sha256:055cfc12dd09f75a50737d62cbb323008095bf81e7dd1d075b30e6a7c129f6d3 100% [K
pulling manifest ⠼ [K
pulling b5374915da53  37% ▕███████            ▏ 811 MB/2.2 GB   54 MB/s     25s[K[?25h[?2026l[?2026h[?25l[A[A[A[1Ggathering model components [K
copying file sha256:055cfc12dd09f75a50737d62cbb323008095bf81e7dd1d075b30e6a7c129f6d3 100% [K
pulling manifest ⠴ [K
pulling b5374915da53  38% ▕███████            ▏ 817 MB/2.2 GB   54 MB/s     25s[K[?25h[?2026l[?2026h[?25l[A[A[A[1Ggathering model components [K
copying file sha256:055cfc12dd09f75a50737d62cbb323008095bf81e7dd1d075b30e6a7c129f6d3 100% [K
pulling manifest ⠦ [K
pulling b5374915da53  38% ▕███████            ▏ 820 MB/2.2 GB   54 MB/s     25s[K[?25h[?2026l[?2026h[?25l[A[A[A[1Ggathering model components [K
copying file sha256:055cfc12dd09f75a50737d62cbb323008095bf81e7dd1d075b30e6a7c129f6d3 100% [K
pulling manifest ⠧ [K
pulling b5374915da53  38% ▕███████            ▏ 827 MB/2.2 GB   54 MB/s     24s[K[?25h[?2026l[?2026h[?25l[A[A[A[1Ggathering model components [K
copying file sha256:055cfc12dd09f75a50737d62cbb323008095bf81e7dd1d075b30e6a7c129f6d3 100% [K
pulling manifest ⠇ [K
pulling b5374915da53  38% ▕███████            ▏ 833 MB/2.2 GB   54 MB/s     24s[K[?25h[?2026l[?2026h[?25l[A[A[A[1Ggathering model components [K
copying file sha256:055cfc12dd09f75a50737d62cbb323008095bf81e7dd1d075b30e6a7c129f6d3 100% [K
pulling manifest ⠏ [K
pulling b5374915da53  38% ▕███████            ▏ 837 MB/2.2 GB   54 MB/s     24s[K[?25h[?2026l[?2026h[?25l[A[A[A[1Ggathering model components [K
copying file sha256:055cfc12dd09f75a50737d62cbb323008095bf81e7dd1d075b30e6a7c129f6d3 100% [K
pulling manifest ⠋ [K
pulling b5374915da53  39% ▕███████            ▏ 844 MB/2.2 GB   54 MB/s     24s[K[?25h[?2026l[?2026h[?25l[A[A[A[1Ggathering model components [K
copying file sha256:055cfc12dd09f75a50737d62cbb323008095bf81e7dd1d075b30e6a7c129f6d3 100% [K
pulling manifest ⠙ [K
pulling b5374915da53  39% ▕███████            ▏ 850 MB/2.2 GB   54 MB/s     24s[K[?25h[?2026l[?2026h[?25l[A[A[A[1Ggathering model components [K
copying file sha256:055cfc12dd09f75a50737d62cbb323008095bf81e7dd1d075b30e6a7c129f6d3 100% [K
pulling manifest ⠹ [K
pulling b5374915da53  39% ▕███████            ▏ 853 MB/2.2 GB   54 MB/s     24s[K[?25h[?2026l[?2026h[?25l[A[A[A[1Ggathering model components [K
copying file sha256:055cfc12dd09f75a50737d62cbb323008095bf81e7dd1d075b30e6a7c129f6d3 100% [K
pulling manifest ⠸ [K
pulling b5374915da53  40% ▕███████            ▏ 860 MB/2.2 GB   54 MB/s     24s[K[?25h[?2026l[?2026h[?25l[A[A[A[1Ggathering model components [K
copying file sha256:055cfc12dd09f75a50737d62cbb323008095bf81e7dd1d075b30e6a7c129f6d3 100% [K
pulling manifest ⠼ [K
pulling b5374915da53  40% ▕███████            ▏ 867 MB/2.2 GB   54 MB/s     23s[K[?25h[?2026l[?2026h[?25l[A[A[A[1Ggathering model components [K
copying file sha256:055cfc12dd09f75a50737d62cbb323008095bf81e7dd1d075b30e6a7c129f6d3 100% [K
pulling manifest ⠴ [K
pulling b5374915da53  40% ▕███████            ▏ 870 MB/2.2 GB   54 MB/s     23s[K[?25h[?2026l[?2026h[?25l[A[A[A[1Ggathering model components [K
copying file sha256:055cfc12dd09f75a50737d62cbb323008095bf81e7dd1d075b30e6a7c129f6d3 100% [K
pulling manifest ⠦ [K
pulling b5374915da53  40% ▕███████            ▏ 876 MB/2.2 GB   54 MB/s     23s[K[?25h[?2026l[?2026h[?25l[A[A[A[1Ggathering model components [K
copying file sha256:055cfc12dd09f75a50737d62cbb323008095bf81e7dd1d075b30e6a7c129f6d3 100% [K
pulling manifest ⠧ [K
pulling b5374915da53  41% ▕███████            ▏ 883 MB/2.2 GB   54 MB/s     23s[K[?25h[?2026l[?2026h[?25l[A[A[A[1Ggathering model components [K
copying file sha256:055cfc12dd09f75a50737d62cbb323008095bf81e7dd1d075b30e6a7c129f6d3 100% [K
pulling manifest ⠇ [K
pulling b5374915da53  41% ▕███████            ▏ 886 MB/2.2 GB   54 MB/s     23s[K[?25h[?2026l[?2026h[?25l[A[A[A[1Ggathering model components [K
copying file sha256:055cfc12dd09f75a50737d62cbb323008095bf81e7dd1d075b30e6a7c129f6d3 100% [K
pulling manifest ⠏ [K
pulling b5374915da53  41% ▕███████            ▏ 892 MB/2.2 GB   54 MB/s     23s[K[?25h[?2026l[?2026h[?25l[A[A[A[1Ggathering model components [K
copying file sha256:055cfc12dd09f75a50737d62cbb323008095bf81e7dd1d075b30e6a7c129f6d3 100% [K
pulling manifest ⠋ [K
pulling b5374915da53  41% ▕███████            ▏ 899 MB/2.2 GB   54 MB/s     23s[K[?25h[?2026l[?2026h[?25l[A[A[A[1Ggathering model components [K
copying file sha256:055cfc12dd09f75a50737d62cbb323008095bf81e7dd1d075b30e6a7c129f6d3 100% [K
pulling manifest ⠙ [K
pulling b5374915da53  41% ▕███████            ▏ 902 MB/2.2 GB   54 MB/s     23s[K[?25h[?2026l[?2026h[?25l[A[A[A[1Ggathering model components [K
copying file sha256:055cfc12dd09f75a50737d62cbb323008095bf81e7dd1d075b30e6a7c129f6d3 100% [K
pulling manifest ⠹ [K
pulling b5374915da53  42% ▕███████            ▏ 908 MB/2.2 GB   54 MB/s     23s[K[?25h[?2026l[?2026h[?25l[A[A[A[1Ggathering model components [K
copying file sha256:055cfc12dd09f75a50737d62cbb323008095bf81e7dd1d075b30e6a7c129f6d3 100% [K
pulling manifest ⠸ [K
pulling b5374915da53  42% ▕███████            ▏ 915 MB/2.2 GB   54 MB/s     23s[K[?25h[?2026l[?2026h[?25l[A[A[A[1Ggathering model components [K
copying file sha256:055cfc12dd09f75a50737d62cbb323008095bf81e7dd1d075b30e6a7c129f6d3 100% [K
pulling manifest ⠼ [K
pulling b5374915da53  42% ▕████████           ▏ 918 MB/2.2 GB   54 MB/s     23s[K[?25h[?2026l[?2026h[?25l[A[A[A[1Ggathering model components [K
copying file sha256:055cfc12dd09f75a50737d62cbb323008095bf81e7dd1d075b30e6a7c129f6d3 100% [K
pulling manifest ⠴ [K
pulling b5374915da53  42% ▕████████           ▏ 924 MB/2.2 GB   54 MB/s     22s[K[?25h[?2026l[?2026h[?25l[A[A[A[1Ggathering model components [K
copying file sha256:055cfc12dd09f75a50737d62cbb323008095bf81e7dd1d075b30e6a7c129f6d3 100% [K
pulling manifest ⠦ [K
pulling b5374915da53  43% ▕████████           ▏ 931 MB/2.2 GB   54 MB/s     22s[K[?25h[?2026l[?2026h[?25l[A[A[A[1Ggathering model components [K
copying file sha256:055cfc12dd09f75a50737d62cbb323008095bf81e7dd1d075b30e6a7c129f6d3 100% [K
pulling manifest ⠧ [K
pulling b5374915da53  43% ▕████████           ▏ 934 MB/2.2 GB   54 MB/s     22s[K[?25h[?2026l[?2026h[?25l[A[A[A[1Ggathering model components [K
copying file sha256:055cfc12dd09f75a50737d62cbb323008095bf81e7dd1d075b30e6a7c129f6d3 100% [K
pulling manifest ⠇ [K
pulling b5374915da53  43% ▕████████           ▏ 940 MB/2.2 GB   54 MB/s     22s[K[?25h[?2026l[?2026h[?25l[A[A[A[1Ggathering model components [K
copying file sha256:055cfc12dd09f75a50737d62cbb323008095bf81e7dd1d075b30e6a7c129f6d3 100% [K
pulling manifest ⠏ [K
pulling b5374915da53  43% ▕████████           ▏ 946 MB/2.2 GB   54 MB/s     22s[K[?25h[?2026l[?2026h[?25l[A[A[A[1Ggathering model components [K
copying file sha256:055cfc12dd09f75a50737d62cbb323008095bf81e7dd1d075b30e6a7c129f6d3 100% [K
pulling manifest ⠋ [K
pulling b5374915da53  44% ▕████████           ▏ 949 MB/2.2 GB   54 MB/s     22s[K[?25h[?2026l[?2026h[?25l[A[A[A[1Ggathering model components [K
copying file sha256:055cfc12dd09f75a50737d62cbb323008095bf81e7dd1d075b30e6a7c129f6d3 100% [K
pulling manifest ⠙ [K
pulling b5374915da53  44% ▕████████           ▏ 956 MB/2.2 GB   54 MB/s     22s[K[?25h[?2026l[?2026h[?25l[A[A[A[1Ggathering model components [K
copying file sha256:055cfc12dd09f75a50737d62cbb323008095bf81e7dd1d075b30e6a7c129f6d3 100% [K
pulling manifest ⠹ [K
pulling b5374915da53  44% ▕████████           ▏ 963 MB/2.2 GB   54 MB/s     22s[K[?25h[?2026l[?2026h[?25l[A[A[A[1Ggathering model components [K
copying file sha256:055cfc12dd09f75a50737d62cbb323008095bf81e7dd1d075b30e6a7c129f6d3 100% [K
pulling manifest ⠸ [K
pulling b5374915da53  44% ▕████████           ▏ 966 MB/2.2 GB   54 MB/s     22s[K[?25h[?2026l[?2026h[?25l[A[A[A[1Ggathering model components [K
copying file sha256:055cfc12dd09f75a50737d62cbb323008095bf81e7dd1d075b30e6a7c129f6d3 100% [K
pulling manifest ⠼ [K
pulling b5374915da53  45% ▕████████           ▏ 973 MB/2.2 GB   54 MB/s     21s[K[?25h[?2026l[?2026h[?25l[A[A[A[1Ggathering model components [K
copying file sha256:055cfc12dd09f75a50737d62cbb323008095bf81e7dd1d075b30e6a7c129f6d3 100% [K
pulling manifest ⠴ [K
pulling b5374915da53  45% ▕████████           ▏ 979 MB/2.2 GB   54 MB/s     21s[K[?25h[?2026l[?2026h[?25l[A[A[A[1Ggathering model components [K
copying file sha256:055cfc12dd09f75a50737d62cbb323008095bf81e7dd1d075b30e6a7c129f6d3 100% [K
pulling manifest ⠦ [K
pulling b5374915da53  45% ▕████████           ▏ 982 MB/2.2 GB   54 MB/s     21s[K[?25h[?2026l[?2026h[?25l[A[A[A[1Ggathering model components [K
copying file sha256:055cfc12dd09f75a50737d62cbb323008095bf81e7dd1d075b30e6a7c129f6d3 100% [K
pulling manifest ⠧ [K
pulling b5374915da53  45% ▕████████           ▏ 989 MB/2.2 GB   54 MB/s     21s[K[?25h[?2026l[?2026h[?25l[A[A[A[1Ggathering model components [K
copying file sha256:055cfc12dd09f75a50737d62cbb323008095bf81e7dd1d075b30e6a7c129f6d3 100% [K
pulling manifest ⠇ [K
pulling b5374915da53  46% ▕████████           ▏ 994 MB/2.2 GB   54 MB/s     21s[K[?25h[?2026l[?2026h[?25l[A[A[A[1Ggathering model components [K
copying file sha256:055cfc12dd09f75a50737d62cbb323008095bf81e7dd1d075b30e6a7c129f6d3 100% [K
pulling manifest ⠏ [K
pulling b5374915da53  46% ▕████████           ▏ 998 MB/2.2 GB   54 MB/s     21s[K[?25h[?2026l[?2026h[?25l[A[A[A[1Ggathering model components [K
copying file sha256:055cfc12dd09f75a50737d62cbb323008095bf81e7dd1d075b30e6a7c129f6d3 100% [K
pulling manifest ⠋ [K
pulling b5374915da53  46% ▕████████           ▏ 1.0 GB/2.2 GB   54 MB/s     21s[K[?25h[?2026l[?2026h[?25l[A[A[A[1Ggathering model components [K
copying file sha256:055cfc12dd09f75a50737d62cbb323008095bf81e7dd1d075b30e6a7c129f6d3 100% [K
pulling manifest ⠙ [K
pulling b5374915da53  46% ▕████████           ▏ 1.0 GB/2.2 GB   54 MB/s     21s[K[?25h[?2026l[?2026h[?25l[A[A[A[1Ggathering model components [K
copying file sha256:055cfc12dd09f75a50737d62cbb323008095bf81e7dd1d075b30e6a7c129f6d3 100% [K
pulling manifest ⠹ [K
pulling b5374915da53  47% ▕████████           ▏ 1.0 GB/2.2 GB   54 MB/s     21s[K[?25h[?2026l[?2026h[?25l[A[A[A[1Ggathering model components [K
copying file sha256:055cfc12dd09f75a50737d62cbb323008095bf81e7dd1d075b30e6a7c129f6d3 100% [K
pulling manifest ⠸ [K
pulling b5374915da53  47% ▕████████           ▏ 1.0 GB/2.2 GB   54 MB/s     21s[K[?25h[?2026l[?2026h[?25l[A[A[A[1Ggathering model components [K
copying file sha256:055cfc12dd09f75a50737d62cbb323008095bf81e7dd1d075b30e6a7c129f6d3 100% [K
pulling manifest ⠼ [K
pulling b5374915da53  47% ▕████████           ▏ 1.0 GB/2.2 GB   54 MB/s     20s[K[?25h[?2026l[?2026h[?25l[A[A[A[1Ggathering model components [K
copying file sha256:055cfc12dd09f75a50737d62cbb323008095bf81e7dd1d075b30e6a7c129f6d3 100% [K
pulling manifest ⠴ [K
pulling b5374915da53  47% ▕█████████          ▏ 1.0 GB/2.2 GB   54 MB/s     20s[K[?25h[?2026l[?2026h[?25l[A[A[A[1Ggathering model components [K
copying file sha256:055cfc12dd09f75a50737d62cbb323008095bf81e7dd1d075b30e6a7c129f6d3 100% [K
pulling manifest ⠦ [K
pulling b5374915da53  48% ▕█████████          ▏ 1.0 GB/2.2 GB   54 MB/s     20s[K[?25h[?2026l[?2026h[?25l[A[A[A[1Ggathering model components [K
copying file sha256:055cfc12dd09f75a50737d62cbb323008095bf81e7dd1d075b30e6a7c129f6d3 100% [K
pulling manifest ⠧ [K
pulling b5374915da53  48% ▕█████████          ▏ 1.0 GB/2.2 GB   54 MB/s     20s[K[?25h[?2026l[?2026h[?25l[A[A[A[1Ggathering model components [K
copying file sha256:055cfc12dd09f75a50737d62cbb323008095bf81e7dd1d075b30e6a7c129f6d3 100% [K
pulling manifest ⠇ [K
pulling b5374915da53  48% ▕█████████          ▏ 1.0 GB/2.2 GB   54 MB/s     20s[K[?25h[?2026l[?2026h[?25l[A[A[A[1Ggathering model components [K
copying file sha256:055cfc12dd09f75a50737d62cbb323008095bf81e7dd1d075b30e6a7c129f6d3 100% [K
pulling manifest ⠏ [K
pulling b5374915da53  48% ▕█████████          ▏ 1.1 GB/2.2 GB   54 MB/s     20s[K[?25h[?2026l[?2026h[?25l[A[A[A[1Ggathering model components [K
copying file sha256:055cfc12dd09f75a50737d62cbb323008095bf81e7dd1d075b30e6a7c129f6d3 100% [K
pulling manifest ⠋ [K
pulling b5374915da53  49% ▕█████████          ▏ 1.1 GB/2.2 GB   54 MB/s     20s[K[?25h[?2026l[?2026h[?25l[A[A[A[1Ggathering model components [K
copying file sha256:055cfc12dd09f75a50737d62cbb323008095bf81e7dd1d075b30e6a7c129f6d3 100% [K
pulling manifest ⠙ [K
pulling b5374915da53  49% ▕█████████          ▏ 1.1 GB/2.2 GB   54 MB/s     20s[K[?25h[?2026l[?2026h[?25l[A[A[A[1Ggathering model components [K
copying file sha256:055cfc12dd09f75a50737d62cbb323008095bf81e7dd1d075b30e6a7c129f6d3 100% [K
pulling manifest ⠹ [K
pulling b5374915da53  49% ▕█████████          ▏ 1.1 GB/2.2 GB   54 MB/s     20s[K[?25h[?2026l[?2026h[?25l[A[A[A[1Ggathering model components [K
copying file sha256:055cfc12dd09f75a50737d62cbb323008095bf81e7dd1d075b30e6a7c129f6d3 100% [K
pulling manifest ⠸ [K
pulling b5374915da53  49% ▕█████████          ▏ 1.1 GB/2.2 GB   54 MB/s     20s[K[?25h[?2026l[?2026h[?25l[A[A[A[1Ggathering model components [K
copying file sha256:055cfc12dd09f75a50737d62cbb323008095bf81e7dd1d075b30e6a7c129f6d3 100% [K
pulling manifest ⠼ [K
pulling b5374915da53  50% ▕█████████          ▏ 1.1 GB/2.2 GB   55 MB/s     19s[K[?25h[?2026l[?2026h[?25l[A[A[A[1Ggathering model components [K
copying file sha256:055cfc12dd09f75a50737d62cbb323008095bf81e7dd1d075b30e6a7c129f6d3 100% [K
pulling manifest ⠴ [K
pulling b5374915da53  50% ▕█████████          ▏ 1.1 GB/2.2 GB   55 MB/s     19s[K[?25h[?2026l[?2026h[?25l[A[A[A[1Ggathering model components [K
copying file sha256:055cfc12dd09f75a50737d62cbb323008095bf81e7dd1d075b30e6a7c129f6d3 100% [K
pulling manifest ⠦ [K
pulling b5374915da53  50% ▕█████████          ▏ 1.1 GB/2.2 GB   55 MB/s     19s[K[?25h[?2026l[?2026h[?25l[A[A[A[1Ggathering model components [K
copying file sha256:055cfc12dd09f75a50737d62cbb323008095bf81e7dd1d075b30e6a7c129f6d3 100% [K
pulling manifest ⠧ [K
pulling b5374915da53  50% ▕█████████          ▏ 1.1 GB/2.2 GB   55 MB/s     19s[K[?25h[?2026l[?2026h[?25l[A[A[A[1Ggathering model components [K
copying file sha256:055cfc12dd09f75a50737d62cbb323008095bf81e7dd1d075b30e6a7c129f6d3 100% [K
pulling manifest ⠇ [K
pulling b5374915da53  51% ▕█████████          ▏ 1.1 GB/2.2 GB   55 MB/s     19s[K[?25h[?2026l[?2026h[?25l[A[A[A[1Ggathering model components [K
copying file sha256:055cfc12dd09f75a50737d62cbb323008095bf81e7dd1d075b30e6a7c129f6d3 100% [K
pulling manifest ⠏ [K
pulling b5374915da53  51% ▕█████████          ▏ 1.1 GB/2.2 GB   55 MB/s     19s[K[?25h[?2026l[?2026h[?25l[A[A[A[1Ggathering model components [K
copying file sha256:055cfc12dd09f75a50737d62cbb323008095bf81e7dd1d075b30e6a7c129f6d3 100% [K
pulling manifest ⠋ [K
pulling b5374915da53  51% ▕█████████          ▏ 1.1 GB/2.2 GB   55 MB/s     19s[K[?25h[?2026l[?2026h[?25l[A[A[A[1Ggathering model components [K
copying file sha256:055cfc12dd09f75a50737d62cbb323008095bf81e7dd1d075b30e6a7c129f6d3 100% [K
pulling manifest ⠙ [K
pulling b5374915da53  51% ▕█████████          ▏ 1.1 GB/2.2 GB   55 MB/s     19s[K[?25h[?2026l[?2026h[?25l[A[A[A[1Ggathering model components [K
copying file sha256:055cfc12dd09f75a50737d62cbb323008095bf81e7dd1d075b30e6a7c129f6d3 100% [K
pulling manifest ⠹ [K
pulling b5374915da53  52% ▕█████████          ▏ 1.1 GB/2.2 GB   55 MB/s     19s[K[?25h[?2026l[?2026h[?25l[A[A[A[1Ggathering model components [K
copying file sha256:055cfc12dd09f75a50737d62cbb323008095bf81e7dd1d075b30e6a7c129f6d3 100% [K
pulling manifest ⠸ [K
pulling b5374915da53  52% ▕█████████          ▏ 1.1 GB/2.2 GB   55 MB/s     19s[K[?25h[?2026l[?2026h[?25l[A[A[A[1Ggathering model components [K
copying file sha256:055cfc12dd09f75a50737d62cbb323008095bf81e7dd1d075b30e6a7c129f6d3 100% [K
pulling manifest ⠼ [K
pulling b5374915da53  52% ▕█████████          ▏ 1.1 GB/2.2 GB   55 MB/s     18s[K[?25h[?2026l[?2026h[?25l[A[A[A[1Ggathering model components [K
copying file sha256:055cfc12dd09f75a50737d62cbb323008095bf81e7dd1d075b30e6a7c129f6d3 100% [K
pulling manifest ⠴ [K
pulling b5374915da53  52% ▕█████████          ▏ 1.1 GB/2.2 GB   55 MB/s     18s[K[?25h[?2026l[?2026h[?25l[A[A[A[1Ggathering model components [K
copying file sha256:055cfc12dd09f75a50737d62cbb323008095bf81e7dd1d075b30e6a7c129f6d3 100% [K
pulling manifest ⠦ [K
pulling b5374915da53  53% ▕█████████          ▏ 1.1 GB/2.2 GB   55 MB/s     18s[K[?25h[?2026l[?2026h[?25l[A[A[A[1Ggathering model components [K
copying file sha256:055cfc12dd09f75a50737d62cbb323008095bf81e7dd1d075b30e6a7c129f6d3 100% [K
pulling manifest ⠧ [K
pulling b5374915da53  53% ▕██████████         ▏ 1.2 GB/2.2 GB   55 MB/s     18s[K[?25h[?2026l[?2026h[?25l[A[A[A[1Ggathering model components [K
copying file sha256:055cfc12dd09f75a50737d62cbb323008095bf81e7dd1d075b30e6a7c129f6d3 100% [K
pulling manifest ⠇ [K
pulling b5374915da53  53% ▕██████████         ▏ 1.2 GB/2.2 GB   55 MB/s     18s[K[?25h[?2026l[?2026h[?25l[A[A[A[1Ggathering model components [K
copying file sha256:055cfc12dd09f75a50737d62cbb323008095bf81e7dd1d075b30e6a7c129f6d3 100% [K
pulling manifest ⠏ [K
pulling b5374915da53  53% ▕██████████         ▏ 1.2 GB/2.2 GB   55 MB/s     18s[K[?25h[?2026l[?2026h[?25l[A[A[A[1Ggathering model components [K
copying file sha256:055cfc12dd09f75a50737d62cbb323008095bf81e7dd1d075b30e6a7c129f6d3 100% [K
pulling manifest ⠋ [K
pulling b5374915da53  54% ▕██████████         ▏ 1.2 GB/2.2 GB   55 MB/s     18s[K[?25h[?2026l[?2026h[?25l[A[A[A[1Ggathering model components [K
copying file sha256:055cfc12dd09f75a50737d62cbb323008095bf81e7dd1d075b30e6a7c129f6d3 100% [K
pulling manifest ⠙ [K
pulling b5374915da53  54% ▕██████████         ▏ 1.2 GB/2.2 GB   55 MB/s     18s[K[?25h[?2026l[?2026h[?25l[A[A[A[1Ggathering model components [K
copying file sha256:055cfc12dd09f75a50737d62cbb323008095bf81e7dd1d075b30e6a7c129f6d3 100% [K
pulling manifest ⠹ [K
pulling b5374915da53  54% ▕██████████         ▏ 1.2 GB/2.2 GB   55 MB/s     18s[K[?25h[?2026l[?2026h[?25l[A[A[A[1Ggathering model components [K
copying file sha256:055cfc12dd09f75a50737d62cbb323008095bf81e7dd1d075b30e6a7c129f6d3 100% [K
pulling manifest ⠸ [K
pulling b5374915da53  54% ▕██████████         ▏ 1.2 GB/2.2 GB   55 MB/s     18s[K[?25h[?2026l[?2026h[?25l[A[A[A[1Ggathering model components [K
copying file sha256:055cfc12dd09f75a50737d62cbb323008095bf81e7dd1d075b30e6a7c129f6d3 100% [K
pulling manifest ⠼ [K
pulling b5374915da53  55% ▕██████████         ▏ 1.2 GB/2.2 GB   54 MB/s     18s[K[?25h[?2026l[?2026h[?25l[A[A[A[1Ggathering model components [K
copying file sha256:055cfc12dd09f75a50737d62cbb323008095bf81e7dd1d075b30e6a7c129f6d3 100% [K
pulling manifest ⠴ [K
pulling b5374915da53  55% ▕██████████         ▏ 1.2 GB/2.2 GB   54 MB/s     17s[K[?25h[?2026l[?2026h[?25l[A[A[A[1Ggathering model components [K
copying file sha256:055cfc12dd09f75a50737d62cbb323008095bf81e7dd1d075b30e6a7c129f6d3 100% [K
pulling manifest ⠦ [K
pulling b5374915da53  55% ▕██████████         ▏ 1.2 GB/2.2 GB   54 MB/s     17s[K[?25h[?2026l[?2026h[?25l[A[A[A[1Ggathering model components [K
copying file sha256:055cfc12dd09f75a50737d62cbb323008095bf81e7dd1d075b30e6a7c129f6d3 100% [K
pulling manifest ⠧ [K
pulling b5374915da53  55% ▕██████████         ▏ 1.2 GB/2.2 GB   54 MB/s     17s[K[?25h[?2026l[?2026h[?25l[A[A[A[1Ggathering model components [K
copying file sha256:055cfc12dd09f75a50737d62cbb323008095bf81e7dd1d075b30e6a7c129f6d3 100% [K
pulling manifest ⠇ [K
pulling b5374915da53  55% ▕██████████         ▏ 1.2 GB/2.2 GB   54 MB/s     17s[K[?25h[?2026l[?2026h[?25l[A[A[A[1Ggathering model components [K
copying file sha256:055cfc12dd09f75a50737d62cbb323008095bf81e7dd1d075b30e6a7c129f6d3 100% [K
pulling manifest ⠏ [K
pulling b5374915da53  56% ▕██████████         ▏ 1.2 GB/2.2 GB   54 MB/s     17s[K[?25h[?2026l[?2026h[?25l[A[A[A[1Ggathering model components [K
copying file sha256:055cfc12dd09f75a50737d62cbb323008095bf81e7dd1d075b30e6a7c129f6d3 100% [K
pulling manifest ⠋ [K
pulling b5374915da53  56% ▕██████████         ▏ 1.2 GB/2.2 GB   54 MB/s     17s[K[?25h[?2026l[?2026h[?25l[A[A[A[1Ggathering model components [K
copying file sha256:055cfc12dd09f75a50737d62cbb323008095bf81e7dd1d075b30e6a7c129f6d3 100% [K
pulling manifest ⠙ [K
pulling b5374915da53  56% ▕██████████         ▏ 1.2 GB/2.2 GB   54 MB/s     17s[K[?25h[?2026l[?2026h[?25l[A[A[A[1Ggathering model components [K
copying file sha256:055cfc12dd09f75a50737d62cbb323008095bf81e7dd1d075b30e6a7c129f6d3 100% [K
pulling manifest ⠹ [K
pulling b5374915da53  57% ▕██████████         ▏ 1.2 GB/2.2 GB   54 MB/s     17s[K[?25h[?2026l[?2026h[?25l[A[A[A[1Ggathering model components [K
copying file sha256:055cfc12dd09f75a50737d62cbb323008095bf81e7dd1d075b30e6a7c129f6d3 100% [K
pulling manifest ⠸ [K
pulling b5374915da53  57% ▕██████████         ▏ 1.2 GB/2.2 GB   54 MB/s     17s[K[?25h[?2026l[?2026h[?25l[A[A[A[1Ggathering model components [K
copying file sha256:055cfc12dd09f75a50737d62cbb323008095bf81e7dd1d075b30e6a7c129f6d3 100% [K
pulling manifest ⠼ [K
pulling b5374915da53  57% ▕██████████         ▏ 1.2 GB/2.2 GB   54 MB/s     17s[K[?25h[?2026l[?2026h[?25l[A[A[A[1Ggathering model components [K
copying file sha256:055cfc12dd09f75a50737d62cbb323008095bf81e7dd1d075b30e6a7c129f6d3 100% [K
pulling manifest ⠴ [K
pulling b5374915da53  57% ▕██████████         ▏ 1.2 GB/2.2 GB   54 MB/s     16s[K[?25h[?2026l[?2026h[?25l[A[A[A[1Ggathering model components [K
copying file sha256:055cfc12dd09f75a50737d62cbb323008095bf81e7dd1d075b30e6a7c129f6d3 100% [K
pulling manifest ⠦ [K
pulling b5374915da53  58% ▕██████████         ▏ 1.3 GB/2.2 GB   54 MB/s     16s[K[?25h[?2026l[?2026h[?25l[A[A[A[1Ggathering model components [K
copying file sha256:055cfc12dd09f75a50737d62cbb323008095bf81e7dd1d075b30e6a7c129f6d3 100% [K
pulling manifest ⠧ [K
pulling b5374915da53  58% ▕██████████         ▏ 1.3 GB/2.2 GB   54 MB/s     16s[K[?25h[?2026l[?2026h[?25l[A[A[A[1Ggathering model components [K
copying file sha256:055cfc12dd09f75a50737d62cbb323008095bf81e7dd1d075b30e6a7c129f6d3 100% [K
pulling manifest ⠇ [K
pulling b5374915da53  58% ▕███████████        ▏ 1.3 GB/2.2 GB   54 MB/s     16s[K[?25h[?2026l[?2026h[?25l[A[A[A[1Ggathering model components [K
copying file sha256:055cfc12dd09f75a50737d62cbb323008095bf81e7dd1d075b30e6a7c129f6d3 100% [K
pulling manifest ⠏ [K
pulling b5374915da53  58% ▕███████████        ▏ 1.3 GB/2.2 GB   54 MB/s     16s[K[?25h[?2026l[?2026h[?25l[A[A[A[1Ggathering model components [K
copying file sha256:055cfc12dd09f75a50737d62cbb323008095bf81e7dd1d075b30e6a7c129f6d3 100% [K
pulling manifest ⠋ [K
pulling b5374915da53  58% ▕███████████        ▏ 1.3 GB/2.2 GB   54 MB/s     16s[K[?25h[?2026l[?2026h[?25l[A[A[A[1Ggathering model components [K
copying file sha256:055cfc12dd09f75a50737d62cbb323008095bf81e7dd1d075b30e6a7c129f6d3 100% [K
pulling manifest ⠙ [K
pulling b5374915da53  59% ▕███████████        ▏ 1.3 GB/2.2 GB   54 MB/s     16s[K[?25h[?2026l[?2026h[?25l[A[A[A[1Ggathering model components [K
copying file sha256:055cfc12dd09f75a50737d62cbb323008095bf81e7dd1d075b30e6a7c129f6d3 100% [K
pulling manifest ⠹ [K
pulling b5374915da53  59% ▕███████████        ▏ 1.3 GB/2.2 GB   54 MB/s     16s[K[?25h[?2026l[?2026h[?25l[A[A[A[1Ggathering model components [K
copying file sha256:055cfc12dd09f75a50737d62cbb323008095bf81e7dd1d075b30e6a7c129f6d3 100% [K
pulling manifest ⠸ [K
pulling b5374915da53  59% ▕███████████        ▏ 1.3 GB/2.2 GB   54 MB/s     16s[K[?25h[?2026l[?2026h[?25l[A[A[A[1Ggathering model components [K
copying file sha256:055cfc12dd09f75a50737d62cbb323008095bf81e7dd1d075b30e6a7c129f6d3 100% [K
pulling manifest ⠼ [K
pulling b5374915da53  60% ▕███████████        ▏ 1.3 GB/2.2 GB   54 MB/s     16s[K[?25h[?2026l[?2026h[?25l[A[A[A[1Ggathering model components [K
copying file sha256:055cfc12dd09f75a50737d62cbb323008095bf81e7dd1d075b30e6a7c129f6d3 100% [K
pulling manifest ⠴ [K
pulling b5374915da53  60% ▕███████████        ▏ 1.3 GB/2.2 GB   54 MB/s     15s[K[?25h[?2026l[?2026h[?25l[A[A[A[1Ggathering model components [K
copying file sha256:055cfc12dd09f75a50737d62cbb323008095bf81e7dd1d075b30e6a7c129f6d3 100% [K
pulling manifest ⠦ [K
pulling b5374915da53  60% ▕███████████        ▏ 1.3 GB/2.2 GB   54 MB/s     15s[K[?25h[?2026l[?2026h[?25l[A[A[A[1Ggathering model components [K
copying file sha256:055cfc12dd09f75a50737d62cbb323008095bf81e7dd1d075b30e6a7c129f6d3 100% [K
pulling manifest ⠧ [K
pulling b5374915da53  60% ▕███████████        ▏ 1.3 GB/2.2 GB   54 MB/s     15s[K[?25h[?2026l[?2026h[?25l[A[A[A[1Ggathering model components [K
copying file sha256:055cfc12dd09f75a50737d62cbb323008095bf81e7dd1d075b30e6a7c129f6d3 100% [K
pulling manifest ⠇ [K
pulling b5374915da53  61% ▕███████████        ▏ 1.3 GB/2.2 GB   54 MB/s     15s[K[?25h[?2026l[?2026h[?25l[A[A[A[1Ggathering model components [K
copying file sha256:055cfc12dd09f75a50737d62cbb323008095bf81e7dd1d075b30e6a7c129f6d3 100% [K
pulling manifest ⠏ [K
pulling b5374915da53  61% ▕███████████        ▏ 1.3 GB/2.2 GB   54 MB/s     15s[K[?25h[?2026l[?2026h[?25l[A[A[A[1Ggathering model components [K
copying file sha256:055cfc12dd09f75a50737d62cbb323008095bf81e7dd1d075b30e6a7c129f6d3 100% [K
pulling manifest ⠋ [K
pulling b5374915da53  61% ▕███████████        ▏ 1.3 GB/2.2 GB   54 MB/s     15s[K[?25h[?2026l[?2026h[?25l[A[A[A[1Ggathering model components [K
copying file sha256:055cfc12dd09f75a50737d62cbb323008095bf81e7dd1d075b30e6a7c129f6d3 100% [K
pulling manifest ⠙ [K
pulling b5374915da53  61% ▕███████████        ▏ 1.3 GB/2.2 GB   54 MB/s     15s[K[?25h[?2026l[?2026h[?25l[A[A[A[1Ggathering model components [K
copying file sha256:055cfc12dd09f75a50737d62cbb323008095bf81e7dd1d075b30e6a7c129f6d3 100% [K
pulling manifest ⠹ [K
pulling b5374915da53  61% ▕███████████        ▏ 1.3 GB/2.2 GB   54 MB/s     15s[K[?25h[?2026l[?2026h[?25l[A[A[A[1Ggathering model components [K
copying file sha256:055cfc12dd09f75a50737d62cbb323008095bf81e7dd1d075b30e6a7c129f6d3 100% [K
pulling manifest ⠸ [K
pulling b5374915da53  62% ▕███████████        ▏ 1.3 GB/2.2 GB   54 MB/s     15s[K[?25h[?2026l[?2026h[?25l[A[A[A[1Ggathering model components [K
copying file sha256:055cfc12dd09f75a50737d62cbb323008095bf81e7dd1d075b30e6a7c129f6d3 100% [K
pulling manifest ⠼ [K
pulling b5374915da53  62% ▕███████████        ▏ 1.4 GB/2.2 GB   54 MB/s     15s[K[?25h[?2026l[?2026h[?25l[A[A[A[1Ggathering model components [K
copying file sha256:055cfc12dd09f75a50737d62cbb323008095bf81e7dd1d075b30e6a7c129f6d3 100% [K
pulling manifest ⠴ [K
pulling b5374915da53  62% ▕███████████        ▏ 1.4 GB/2.2 GB   54 MB/s     15s[K[?25h[?2026l[?2026h[?25l[A[A[A[1Ggathering model components [K
copying file sha256:055cfc12dd09f75a50737d62cbb323008095bf81e7dd1d075b30e6a7c129f6d3 100% [K
pulling manifest ⠦ [K
pulling b5374915da53  62% ▕███████████        ▏ 1.4 GB/2.2 GB   54 MB/s     14s[K[?25h[?2026l[?2026h[?25l[A[A[A[1Ggathering model components [K
copying file sha256:055cfc12dd09f75a50737d62cbb323008095bf81e7dd1d075b30e6a7c129f6d3 100% [K
pulling manifest ⠧ [K
pulling b5374915da53  63% ▕███████████        ▏ 1.4 GB/2.2 GB   54 MB/s     14s[K[?25h[?2026l[?2026h[?25l[A[A[A[1Ggathering model components [K
copying file sha256:055cfc12dd09f75a50737d62cbb323008095bf81e7dd1d075b30e6a7c129f6d3 100% [K
pulling manifest ⠇ [K
pulling b5374915da53  63% ▕███████████        ▏ 1.4 GB/2.2 GB   54 MB/s     14s[K[?25h[?2026l[?2026h[?25l[A[A[A[1Ggathering model components [K
copying file sha256:055cfc12dd09f75a50737d62cbb323008095bf81e7dd1d075b30e6a7c129f6d3 100% [K
pulling manifest ⠏ [K
pulling b5374915da53  63% ▕████████████       ▏ 1.4 GB/2.2 GB   54 MB/s     14s[K[?25h[?2026l[?2026h[?25l[A[A[A[1Ggathering model components [K
copying file sha256:055cfc12dd09f75a50737d62cbb323008095bf81e7dd1d075b30e6a7c129f6d3 100% [K
pulling manifest ⠋ [K
pulling b5374915da53  64% ▕████████████       ▏ 1.4 GB/2.2 GB   54 MB/s     14s[K[?25h[?2026l[?2026h[?25l[A[A[A[1Ggathering model components [K
copying file sha256:055cfc12dd09f75a50737d62cbb323008095bf81e7dd1d075b30e6a7c129f6d3 100% [K
pulling manifest ⠙ [K
pulling b5374915da53  64% ▕████████████       ▏ 1.4 GB/2.2 GB   54 MB/s     14s[K[?25h[?2026l[?2026h[?25l[A[A[A[1Ggathering model components [K
copying file sha256:055cfc12dd09f75a50737d62cbb323008095bf81e7dd1d075b30e6a7c129f6d3 100% [K
pulling manifest ⠹ [K
pulling b5374915da53  64% ▕████████████       ▏ 1.4 GB/2.2 GB   54 MB/s     14s[K[?25h[?2026l[?2026h[?25l[A[A[A[1Ggathering model components [K
copying file sha256:055cfc12dd09f75a50737d62cbb323008095bf81e7dd1d075b30e6a7c129f6d3 100% [K
pulling manifest ⠸ [K
pulling b5374915da53  64% ▕████████████       ▏ 1.4 GB/2.2 GB   54 MB/s     14s[K[?25h[?2026l[?2026h[?25l[A[A[A[1Ggathering model components [K
copying file sha256:055cfc12dd09f75a50737d62cbb323008095bf81e7dd1d075b30e6a7c129f6d3 100% [K
pulling manifest ⠼ [K
pulling b5374915da53  65% ▕████████████       ▏ 1.4 GB/2.2 GB   54 MB/s     14s[K[?25h[?2026l[?2026h[?25l[A[A[A[1Ggathering model components [K
copying file sha256:055cfc12dd09f75a50737d62cbb323008095bf81e7dd1d075b30e6a7c129f6d3 100% [K
pulling manifest ⠴ [K
pulling b5374915da53  65% ▕████████████       ▏ 1.4 GB/2.2 GB   55 MB/s     13s[K[?25h[?2026l[?2026h[?25l[A[A[A[1Ggathering model components [K
copying file sha256:055cfc12dd09f75a50737d62cbb323008095bf81e7dd1d075b30e6a7c129f6d3 100% [K
pulling manifest ⠦ [K
pulling b5374915da53  65% ▕████████████       ▏ 1.4 GB/2.2 GB   55 MB/s     13s[K[?25h[?2026l[?2026h[?25l[A[A[A[1Ggathering model components [K
copying file sha256:055cfc12dd09f75a50737d62cbb323008095bf81e7dd1d075b30e6a7c129f6d3 100% [K
pulling manifest ⠧ [K
pulling b5374915da53  65% ▕████████████       ▏ 1.4 GB/2.2 GB   55 MB/s     13s[K[?25h[?2026l[?2026h[?25l[A[A[A[1Ggathering model components [K
copying file sha256:055cfc12dd09f75a50737d62cbb323008095bf81e7dd1d075b30e6a7c129f6d3 100% [K
pulling manifest ⠇ [K
pulling b5374915da53  66% ▕████████████       ▏ 1.4 GB/2.2 GB   55 MB/s     13s[K[?25h[?2026l[?2026h[?25l[A[A[A[1Ggathering model components [K
copying file sha256:055cfc12dd09f75a50737d62cbb323008095bf81e7dd1d075b30e6a7c129f6d3 100% [K
pulling manifest ⠏ [K
pulling b5374915da53  66% ▕████████████       ▏ 1.4 GB/2.2 GB   55 MB/s     13s[K[?25h[?2026l[?2026h[?25l[A[A[A[1Ggathering model components [K
copying file sha256:055cfc12dd09f75a50737d62cbb323008095bf81e7dd1d075b30e6a7c129f6d3 100% [K
pulling manifest ⠋ [K
pulling b5374915da53  66% ▕████████████       ▏ 1.4 GB/2.2 GB   55 MB/s     13s[K[?25h[?2026l[?2026h[?25l[A[A[A[1Ggathering model components [K
copying file sha256:055cfc12dd09f75a50737d62cbb323008095bf81e7dd1d075b30e6a7c129f6d3 100% [K
pulling manifest ⠙ [K
pulling b5374915da53  66% ▕████████████       ▏ 1.4 GB/2.2 GB   55 MB/s     13s[K[?25h[?2026l[?2026h[?25l[A[A[A[1Ggathering model components [K
copying file sha256:055cfc12dd09f75a50737d62cbb323008095bf81e7dd1d075b30e6a7c129f6d3 100% [K
pulling manifest ⠹ [K
pulling b5374915da53  67% ▕████████████       ▏ 1.4 GB/2.2 GB   55 MB/s     13s[K[?25h[?2026l[?2026h[?25l[A[A[A[1Ggathering model components [K
copying file sha256:055cfc12dd09f75a50737d62cbb323008095bf81e7dd1d075b30e6a7c129f6d3 100% [K
pulling manifest ⠸ [K
pulling b5374915da53  67% ▕████████████       ▏ 1.5 GB/2.2 GB   55 MB/s     13s[K[?25h[?2026l[?2026h[?25l[A[A[A[1Ggathering model components [K
copying file sha256:055cfc12dd09f75a50737d62cbb323008095bf81e7dd1d075b30e6a7c129f6d3 100% [K
pulling manifest ⠼ [K
pulling b5374915da53  67% ▕████████████       ▏ 1.5 GB/2.2 GB   55 MB/s     13s[K[?25h[?2026l[?2026h[?25l[A[A[A[1Ggathering model components [K
copying file sha256:055cfc12dd09f75a50737d62cbb323008095bf81e7dd1d075b30e6a7c129f6d3 100% [K
pulling manifest ⠴ [K
pulling b5374915da53  67% ▕████████████       ▏ 1.5 GB/2.2 GB   54 MB/s     13s[K[?25h[?2026l[?2026h[?25l[A[A[A[1Ggathering model components [K
copying file sha256:055cfc12dd09f75a50737d62cbb323008095bf81e7dd1d075b30e6a7c129f6d3 100% [K
pulling manifest ⠦ [K
pulling b5374915da53  67% ▕████████████       ▏ 1.5 GB/2.2 GB   54 MB/s     12s[K[?25h[?2026l[?2026h[?25l[A[A[A[1Ggathering model components [K
copying file sha256:055cfc12dd09f75a50737d62cbb323008095bf81e7dd1d075b30e6a7c129f6d3 100% [K
pulling manifest ⠧ [K
pulling b5374915da53  68% ▕████████████       ▏ 1.5 GB/2.2 GB   54 MB/s     12s[K[?25h[?2026l[?2026h[?25l[A[A[A[1Ggathering model components [K
copying file sha256:055cfc12dd09f75a50737d62cbb323008095bf81e7dd1d075b30e6a7c129f6d3 100% [K
pulling manifest ⠇ [K
pulling b5374915da53  68% ▕████████████       ▏ 1.5 GB/2.2 GB   54 MB/s     12s[K[?25h[?2026l[?2026h[?25l[A[A[A[1Ggathering model components [K
copying file sha256:055cfc12dd09f75a50737d62cbb323008095bf81e7dd1d075b30e6a7c129f6d3 100% [K
pulling manifest ⠏ [K
pulling b5374915da53  68% ▕████████████       ▏ 1.5 GB/2.2 GB   54 MB/s     12s[K[?25h[?2026l[?2026h[?25l[A[A[A[1Ggathering model components [K
copying file sha256:055cfc12dd09f75a50737d62cbb323008095bf81e7dd1d075b30e6a7c129f6d3 100% [K
pulling manifest ⠋ [K
pulling b5374915da53  68% ▕████████████       ▏ 1.5 GB/2.2 GB   54 MB/s     12s[K[?25h[?2026l[?2026h[?25l[A[A[A[1Ggathering model components [K
copying file sha256:055cfc12dd09f75a50737d62cbb323008095bf81e7dd1d075b30e6a7c129f6d3 100% [K
pulling manifest ⠙ [K
pulling b5374915da53  69% ▕█████████████      ▏ 1.5 GB/2.2 GB   54 MB/s     12s[K[?25h[?2026l[?2026h[?25l[A[A[A[1Ggathering model components [K
copying file sha256:055cfc12dd09f75a50737d62cbb323008095bf81e7dd1d075b30e6a7c129f6d3 100% [K
pulling manifest ⠹ [K
pulling b5374915da53  69% ▕█████████████      ▏ 1.5 GB/2.2 GB   54 MB/s     12s[K[?25h[?2026l[?2026h[?25l[A[A[A[1Ggathering model components [K
copying file sha256:055cfc12dd09f75a50737d62cbb323008095bf81e7dd1d075b30e6a7c129f6d3 100% [K
pulling manifest ⠸ [K
pulling b5374915da53  69% ▕█████████████      ▏ 1.5 GB/2.2 GB   54 MB/s     12s[K[?25h[?2026l[?2026h[?25l[A[A[A[1Ggathering model components [K
copying file sha256:055cfc12dd09f75a50737d62cbb323008095bf81e7dd1d075b30e6a7c129f6d3 100% [K
pulling manifest ⠼ [K
pulling b5374915da53  69% ▕█████████████      ▏ 1.5 GB/2.2 GB   54 MB/s     12s[K[?25h[?2026l[?2026h[?25l[A[A[A[1Ggathering model components [K
copying file sha256:055cfc12dd09f75a50737d62cbb323008095bf81e7dd1d075b30e6a7c129f6d3 100% [K
pulling manifest ⠴ [K
pulling b5374915da53  70% ▕█████████████      ▏ 1.5 GB/2.2 GB   54 MB/s     12s[K[?25h[?2026l[?2026h[?25l[A[A[A[1Ggathering model components [K
copying file sha256:055cfc12dd09f75a50737d62cbb323008095bf81e7dd1d075b30e6a7c129f6d3 100% [K
pulling manifest ⠦ [K
pulling b5374915da53  70% ▕█████████████      ▏ 1.5 GB/2.2 GB   54 MB/s     11s[K[?25h[?2026l[?2026h[?25l[A[A[A[1Ggathering model components [K
copying file sha256:055cfc12dd09f75a50737d62cbb323008095bf81e7dd1d075b30e6a7c129f6d3 100% [K
pulling manifest ⠧ [K
pulling b5374915da53  70% ▕█████████████      ▏ 1.5 GB/2.2 GB   54 MB/s     11s[K[?25h[?2026l[?2026h[?25l[A[A[A[1Ggathering model components [K
copying file sha256:055cfc12dd09f75a50737d62cbb323008095bf81e7dd1d075b30e6a7c129f6d3 100% [K
pulling manifest ⠇ [K
pulling b5374915da53  70% ▕█████████████      ▏ 1.5 GB/2.2 GB   54 MB/s     11s[K[?25h[?2026l[?2026h[?25l[A[A[A[1Ggathering model components [K
copying file sha256:055cfc12dd09f75a50737d62cbb323008095bf81e7dd1d075b30e6a7c129f6d3 100% [K
pulling manifest ⠏ [K
pulling b5374915da53  71% ▕█████████████      ▏ 1.5 GB/2.2 GB   54 MB/s     11s[K[?25h[?2026l[?2026h[?25l[A[A[A[1Ggathering model components [K
copying file sha256:055cfc12dd09f75a50737d62cbb323008095bf81e7dd1d075b30e6a7c129f6d3 100% [K
pulling manifest ⠋ [K
pulling b5374915da53  71% ▕█████████████      ▏ 1.5 GB/2.2 GB   54 MB/s     11s[K[?25h[?2026l[?2026h[?25l[A[A[A[1Ggathering model components [K
copying file sha256:055cfc12dd09f75a50737d62cbb323008095bf81e7dd1d075b30e6a7c129f6d3 100% [K
pulling manifest ⠙ [K
pulling b5374915da53  71% ▕█████████████      ▏ 1.5 GB/2.2 GB   54 MB/s     11s[K[?25h[?2026l[?2026h[?25l[A[A[A[1Ggathering model components [K
copying file sha256:055cfc12dd09f75a50737d62cbb323008095bf81e7dd1d075b30e6a7c129f6d3 100% [K
pulling manifest ⠹ [K
pulling b5374915da53  71% ▕█████████████      ▏ 1.6 GB/2.2 GB   54 MB/s     11s[K[?25h[?2026l[?2026h[?25l[A[A[A[1Ggathering model components [K
copying file sha256:055cfc12dd09f75a50737d62cbb323008095bf81e7dd1d075b30e6a7c129f6d3 100% [K
pulling manifest ⠸ [K
pulling b5374915da53  72% ▕█████████████      ▏ 1.6 GB/2.2 GB   54 MB/s     11s[K[?25h[?2026l[?2026h[?25l[A[A[A[1Ggathering model components [K
copying file sha256:055cfc12dd09f75a50737d62cbb323008095bf81e7dd1d075b30e6a7c129f6d3 100% [K
pulling manifest ⠼ [K
pulling b5374915da53  72% ▕█████████████      ▏ 1.6 GB/2.2 GB   54 MB/s     11s[K[?25h[?2026l[?2026h[?25l[A[A[A[1Ggathering model components [K
copying file sha256:055cfc12dd09f75a50737d62cbb323008095bf81e7dd1d075b30e6a7c129f6d3 100% [K
pulling manifest ⠴ [K
pulling b5374915da53  72% ▕█████████████      ▏ 1.6 GB/2.2 GB   54 MB/s     11s[K[?25h[?2026l[?2026h[?25l[A[A[A[1Ggathering model components [K
copying file sha256:055cfc12dd09f75a50737d62cbb323008095bf81e7dd1d075b30e6a7c129f6d3 100% [K
pulling manifest ⠦ [K
pulling b5374915da53  72% ▕█████████████      ▏ 1.6 GB/2.2 GB   54 MB/s     10s[K[?25h[?2026l[?2026h[?25l[A[A[A[1Ggathering model components [K
copying file sha256:055cfc12dd09f75a50737d62cbb323008095bf81e7dd1d075b30e6a7c129f6d3 100% [K
pulling manifest ⠧ [K
pulling b5374915da53  73% ▕█████████████      ▏ 1.6 GB/2.2 GB   54 MB/s     10s[K[?25h[?2026l[?2026h[?25l[A[A[A[1Ggathering model components [K
copying file sha256:055cfc12dd09f75a50737d62cbb323008095bf81e7dd1d075b30e6a7c129f6d3 100% [K
pulling manifest ⠇ [K
pulling b5374915da53  73% ▕█████████████      ▏ 1.6 GB/2.2 GB   54 MB/s     10s[K[?25h[?2026l[?2026h[?25l[A[A[A[1Ggathering model components [K
copying file sha256:055cfc12dd09f75a50737d62cbb323008095bf81e7dd1d075b30e6a7c129f6d3 100% [K
pulling manifest ⠏ [K
pulling b5374915da53  73% ▕█████████████      ▏ 1.6 GB/2.2 GB   54 MB/s     10s[K[?25h[?2026l[?2026h[?25l[A[A[A[1Ggathering model components [K
copying file sha256:055cfc12dd09f75a50737d62cbb323008095bf81e7dd1d075b30e6a7c129f6d3 100% [K
pulling manifest ⠋ [K
pulling b5374915da53  73% ▕█████████████      ▏ 1.6 GB/2.2 GB   54 MB/s     10s[K[?25h[?2026l[?2026h[?25l[A[A[A[1Ggathering model components [K
copying file sha256:055cfc12dd09f75a50737d62cbb323008095bf81e7dd1d075b30e6a7c129f6d3 100% [K
pulling manifest ⠙ [K
pulling b5374915da53  74% ▕█████████████      ▏ 1.6 GB/2.2 GB   54 MB/s     10s[K[?25h[?2026l[?2026h[?25l[A[A[A[1Ggathering model components [K
copying file sha256:055cfc12dd09f75a50737d62cbb323008095bf81e7dd1d075b30e6a7c129f6d3 100% [K
pulling manifest ⠹ [K
pulling b5374915da53  74% ▕██████████████     ▏ 1.6 GB/2.2 GB   54 MB/s     10s[K[?25h[?2026l[?2026h[?25l[A[A[A[1Ggathering model components [K
copying file sha256:055cfc12dd09f75a50737d62cbb323008095bf81e7dd1d075b30e6a7c129f6d3 100% [K
pulling manifest ⠸ [K
pulling b5374915da53  74% ▕██████████████     ▏ 1.6 GB/2.2 GB   54 MB/s     10s[K[?25h[?2026l[?2026h[?25l[A[A[A[1Ggathering model components [K
copying file sha256:055cfc12dd09f75a50737d62cbb323008095bf81e7dd1d075b30e6a7c129f6d3 100% [K
pulling manifest ⠼ [K
pulling b5374915da53  74% ▕██████████████     ▏ 1.6 GB/2.2 GB   54 MB/s     10s[K[?25h[?2026l[?2026h[?25l[A[A[A[1Ggathering model components [K
copying file sha256:055cfc12dd09f75a50737d62cbb323008095bf81e7dd1d075b30e6a7c129f6d3 100% [K
pulling manifest ⠴ [K
pulling b5374915da53  75% ▕██████████████     ▏ 1.6 GB/2.2 GB   54 MB/s     10s[K[?25h[?2026l[?2026h[?25l[A[A[A[1Ggathering model components [K
copying file sha256:055cfc12dd09f75a50737d62cbb323008095bf81e7dd1d075b30e6a7c129f6d3 100% [K
pulling manifest ⠦ [K
pulling b5374915da53  75% ▕██████████████     ▏ 1.6 GB/2.2 GB   54 MB/s      9s[K[?25h[?2026l[?2026h[?25l[A[A[A[1Ggathering model components [K
copying file sha256:055cfc12dd09f75a50737d62cbb323008095bf81e7dd1d075b30e6a7c129f6d3 100% [K
pulling manifest ⠧ [K
pulling b5374915da53  75% ▕██████████████     ▏ 1.6 GB/2.2 GB   54 MB/s      9s[K[?25h[?2026l[?2026h[?25l[A[A[A[1Ggathering model components [K
copying file sha256:055cfc12dd09f75a50737d62cbb323008095bf81e7dd1d075b30e6a7c129f6d3 100% [K
pulling manifest ⠇ [K
pulling b5374915da53  75% ▕██████████████     ▏ 1.6 GB/2.2 GB   54 MB/s      9s[K[?25h[?2026l[?2026h[?25l[A[A[A[1Ggathering model components [K
copying file sha256:055cfc12dd09f75a50737d62cbb323008095bf81e7dd1d075b30e6a7c129f6d3 100% [K
pulling manifest ⠏ [K
pulling b5374915da53  76% ▕██████████████     ▏ 1.6 GB/2.2 GB   54 MB/s      9s[K[?25h[?2026l[?2026h[?25l[A[A[A[1Ggathering model components [K
copying file sha256:055cfc12dd09f75a50737d62cbb323008095bf81e7dd1d075b30e6a7c129f6d3 100% [K
pulling manifest ⠋ [K
pulling b5374915da53  76% ▕██████████████     ▏ 1.7 GB/2.2 GB   54 MB/s      9s[K[?25h[?2026l[?2026h[?25l[A[A[A[1Ggathering model components [K
copying file sha256:055cfc12dd09f75a50737d62cbb323008095bf81e7dd1d075b30e6a7c129f6d3 100% [K
pulling manifest ⠙ [K
pulling b5374915da53  76% ▕██████████████     ▏ 1.7 GB/2.2 GB   54 MB/s      9s[K[?25h[?2026l[?2026h[?25l[A[A[A[1Ggathering model components [K
copying file sha256:055cfc12dd09f75a50737d62cbb323008095bf81e7dd1d075b30e6a7c129f6d3 100% [K
pulling manifest ⠹ [K
pulling b5374915da53  76% ▕██████████████     ▏ 1.7 GB/2.2 GB   54 MB/s      9s[K[?25h[?2026l[?2026h[?25l[A[A[A[1Ggathering model components [K
copying file sha256:055cfc12dd09f75a50737d62cbb323008095bf81e7dd1d075b30e6a7c129f6d3 100% [K
pulling manifest ⠸ [K
pulling b5374915da53  77% ▕██████████████     ▏ 1.7 GB/2.2 GB   54 MB/s      9s[K[?25h[?2026l[?2026h[?25l[A[A[A[1Ggathering model components [K
copying file sha256:055cfc12dd09f75a50737d62cbb323008095bf81e7dd1d075b30e6a7c129f6d3 100% [K
pulling manifest ⠼ [K
pulling b5374915da53  77% ▕██████████████     ▏ 1.7 GB/2.2 GB   54 MB/s      9s[K[?25h[?2026l[?2026h[?25l[A[A[A[1Ggathering model components [K
copying file sha256:055cfc12dd09f75a50737d62cbb323008095bf81e7dd1d075b30e6a7c129f6d3 100% [K
pulling manifest ⠴ [K
pulling b5374915da53  77% ▕██████████████     ▏ 1.7 GB/2.2 GB   54 MB/s      9s[K[?25h[?2026l[?2026h[?25l[A[A[A[1Ggathering model components [K
copying file sha256:055cfc12dd09f75a50737d62cbb323008095bf81e7dd1d075b30e6a7c129f6d3 100% [K
pulling manifest ⠦ [K
pulling b5374915da53  77% ▕██████████████     ▏ 1.7 GB/2.2 GB   54 MB/s      9s[K[?25h[?2026l[?2026h[?25l[A[A[A[1Ggathering model components [K
copying file sha256:055cfc12dd09f75a50737d62cbb323008095bf81e7dd1d075b30e6a7c129f6d3 100% [K
pulling manifest ⠧ [K
pulling b5374915da53  77% ▕██████████████     ▏ 1.7 GB/2.2 GB   54 MB/s      8s[K[?25h[?2026l[?2026h[?25l[A[A[A[1Ggathering model components [K
copying file sha256:055cfc12dd09f75a50737d62cbb323008095bf81e7dd1d075b30e6a7c129f6d3 100% [K
pulling manifest ⠇ [K
pulling b5374915da53  78% ▕██████████████     ▏ 1.7 GB/2.2 GB   54 MB/s      8s[K[?25h[?2026l[?2026h[?25l[A[A[A[1Ggathering model components [K
copying file sha256:055cfc12dd09f75a50737d62cbb323008095bf81e7dd1d075b30e6a7c129f6d3 100% [K
pulling manifest ⠏ [K
pulling b5374915da53  78% ▕██████████████     ▏ 1.7 GB/2.2 GB   54 MB/s      8s[K[?25h[?2026l[?2026h[?25l[A[A[A[1Ggathering model components [K
copying file sha256:055cfc12dd09f75a50737d62cbb323008095bf81e7dd1d075b30e6a7c129f6d3 100% [K
pulling manifest ⠋ [K
pulling b5374915da53  78% ▕██████████████     ▏ 1.7 GB/2.2 GB   54 MB/s      8s[K[?25h[?2026l[?2026h[?25l[A[A[A[1Ggathering model components [K
copying file sha256:055cfc12dd09f75a50737d62cbb323008095bf81e7dd1d075b30e6a7c129f6d3 100% [K
pulling manifest ⠙ [K
pulling b5374915da53  78% ▕██████████████     ▏ 1.7 GB/2.2 GB   54 MB/s      8s[K[?25h[?2026l[?2026h[?25l[A[A[A[1Ggathering model components [K
copying file sha256:055cfc12dd09f75a50737d62cbb323008095bf81e7dd1d075b30e6a7c129f6d3 100% [K
pulling manifest ⠹ [K
pulling b5374915da53  79% ▕██████████████     ▏ 1.7 GB/2.2 GB   54 MB/s      8s[K[?25h[?2026l[?2026h[?25l[A[A[A[1Ggathering model components [K
copying file sha256:055cfc12dd09f75a50737d62cbb323008095bf81e7dd1d075b30e6a7c129f6d3 100% [K
pulling manifest ⠸ [K
pulling b5374915da53  79% ▕██████████████     ▏ 1.7 GB/2.2 GB   54 MB/s      8s[K[?25h[?2026l[?2026h[?25l[A[A[A[1Ggathering model components [K
copying file sha256:055cfc12dd09f75a50737d62cbb323008095bf81e7dd1d075b30e6a7c129f6d3 100% [K
pulling manifest ⠼ [K
pulling b5374915da53  79% ▕███████████████    ▏ 1.7 GB/2.2 GB   54 MB/s      8s[K[?25h[?2026l[?2026h[?25l[A[A[A[1Ggathering model components [K
copying file sha256:055cfc12dd09f75a50737d62cbb323008095bf81e7dd1d075b30e6a7c129f6d3 100% [K
pulling manifest ⠴ [K
pulling b5374915da53  79% ▕███████████████    ▏ 1.7 GB/2.2 GB   54 MB/s      8s[K[?25h[?2026l[?2026h[?25l[A[A[A[1Ggathering model components [K
copying file sha256:055cfc12dd09f75a50737d62cbb323008095bf81e7dd1d075b30e6a7c129f6d3 100% [K
pulling manifest ⠦ [K
pulling b5374915da53  80% ▕███████████████    ▏ 1.7 GB/2.2 GB   54 MB/s      8s[K[?25h[?2026l[?2026h[?25l[A[A[A[1Ggathering model components [K
copying file sha256:055cfc12dd09f75a50737d62cbb323008095bf81e7dd1d075b30e6a7c129f6d3 100% [K
pulling manifest ⠧ [K
pulling b5374915da53  80% ▕███████████████    ▏ 1.7 GB/2.2 GB   54 MB/s      8s[K[?25h[?2026l[?2026h[?25l[A[A[A[1Ggathering model components [K
copying file sha256:055cfc12dd09f75a50737d62cbb323008095bf81e7dd1d075b30e6a7c129f6d3 100% [K
pulling manifest ⠇ [K
pulling b5374915da53  80% ▕███████████████    ▏ 1.7 GB/2.2 GB   54 MB/s      7s[K[?25h[?2026l[?2026h[?25l[A[A[A[1Ggathering model components [K
copying file sha256:055cfc12dd09f75a50737d62cbb323008095bf81e7dd1d075b30e6a7c129f6d3 100% [K
pulling manifest ⠏ [K
pulling b5374915da53  80% ▕███████████████    ▏ 1.8 GB/2.2 GB   54 MB/s      7s[K[?25h[?2026l[?2026h[?25l[A[A[A[1Ggathering model components [K
copying file sha256:055cfc12dd09f75a50737d62cbb323008095bf81e7dd1d075b30e6a7c129f6d3 100% [K
pulling manifest ⠋ [K
pulling b5374915da53  81% ▕███████████████    ▏ 1.8 GB/2.2 GB   54 MB/s      7s[K[?25h[?2026l[?2026h[?25l[A[A[A[1Ggathering model components [K
copying file sha256:055cfc12dd09f75a50737d62cbb323008095bf81e7dd1d075b30e6a7c129f6d3 100% [K
pulling manifest ⠙ [K
pulling b5374915da53  81% ▕███████████████    ▏ 1.8 GB/2.2 GB   54 MB/s      7s[K[?25h[?2026l[?2026h[?25l[A[A[A[1Ggathering model components [K
copying file sha256:055cfc12dd09f75a50737d62cbb323008095bf81e7dd1d075b30e6a7c129f6d3 100% [K
pulling manifest ⠹ [K
pulling b5374915da53  81% ▕███████████████    ▏ 1.8 GB/2.2 GB   54 MB/s      7s[K[?25h[?2026l[?2026h[?25l[A[A[A[1Ggathering model components [K
copying file sha256:055cfc12dd09f75a50737d62cbb323008095bf81e7dd1d075b30e6a7c129f6d3 100% [K
pulling manifest ⠸ [K
pulling b5374915da53  81% ▕███████████████    ▏ 1.8 GB/2.2 GB   54 MB/s      7s[K[?25h[?2026l[?2026h[?25l[A[A[A[1Ggathering model components [K
copying file sha256:055cfc12dd09f75a50737d62cbb323008095bf81e7dd1d075b30e6a7c129f6d3 100% [K
pulling manifest ⠼ [K
pulling b5374915da53  82% ▕███████████████    ▏ 1.8 GB/2.2 GB   54 MB/s      7s[K[?25h[?2026l[?2026h[?25l[A[A[A[1Ggathering model components [K
copying file sha256:055cfc12dd09f75a50737d62cbb323008095bf81e7dd1d075b30e6a7c129f6d3 100% [K
pulling manifest ⠴ [K
pulling b5374915da53  82% ▕███████████████    ▏ 1.8 GB/2.2 GB   54 MB/s      7s[K[?25h[?2026l[?2026h[?25l[A[A[A[1Ggathering model components [K
copying file sha256:055cfc12dd09f75a50737d62cbb323008095bf81e7dd1d075b30e6a7c129f6d3 100% [K
pulling manifest ⠦ [K
pulling b5374915da53  82% ▕███████████████    ▏ 1.8 GB/2.2 GB   54 MB/s      7s[K[?25h[?2026l[?2026h[?25l[A[A[A[1Ggathering model components [K
copying file sha256:055cfc12dd09f75a50737d62cbb323008095bf81e7dd1d075b30e6a7c129f6d3 100% [K
pulling manifest ⠧ [K
pulling b5374915da53  82% ▕███████████████    ▏ 1.8 GB/2.2 GB   54 MB/s      7s[K[?25h[?2026l[?2026h[?25l[A[A[A[1Ggathering model components [K
copying file sha256:055cfc12dd09f75a50737d62cbb323008095bf81e7dd1d075b30e6a7c129f6d3 100% [K
pulling manifest ⠇ [K
pulling b5374915da53  83% ▕███████████████    ▏ 1.8 GB/2.2 GB   54 MB/s      6s[K[?25h[?2026l[?2026h[?25l[A[A[A[1Ggathering model components [K
copying file sha256:055cfc12dd09f75a50737d62cbb323008095bf81e7dd1d075b30e6a7c129f6d3 100% [K
pulling manifest ⠏ [K
pulling b5374915da53  83% ▕███████████████    ▏ 1.8 GB/2.2 GB   54 MB/s      6s[K[?25h[?2026l[?2026h[?25l[A[A[A[1Ggathering model components [K
copying file sha256:055cfc12dd09f75a50737d62cbb323008095bf81e7dd1d075b30e6a7c129f6d3 100% [K
pulling manifest ⠋ [K
pulling b5374915da53  83% ▕███████████████    ▏ 1.8 GB/2.2 GB   54 MB/s      6s[K[?25h[?2026l[?2026h[?25l[A[A[A[1Ggathering model components [K
copying file sha256:055cfc12dd09f75a50737d62cbb323008095bf81e7dd1d075b30e6a7c129f6d3 100% [K
pulling manifest ⠙ [K
pulling b5374915da53  83% ▕███████████████    ▏ 1.8 GB/2.2 GB   54 MB/s      6s[K[?25h[?2026l[?2026h[?25l[A[A[A[1Ggathering model components [K
copying file sha256:055cfc12dd09f75a50737d62cbb323008095bf81e7dd1d075b30e6a7c129f6d3 100% [K
pulling manifest ⠹ [K
pulling b5374915da53  84% ▕███████████████    ▏ 1.8 GB/2.2 GB   54 MB/s      6s[K[?25h[?2026l[?2026h[?25l[A[A[A[1Ggathering model components [K
copying file sha256:055cfc12dd09f75a50737d62cbb323008095bf81e7dd1d075b30e6a7c129f6d3 100% [K
pulling manifest ⠸ [K
pulling b5374915da53  84% ▕███████████████    ▏ 1.8 GB/2.2 GB   54 MB/s      6s[K[?25h[?2026l[?2026h[?25l[A[A[A[1Ggathering model components [K
copying file sha256:055cfc12dd09f75a50737d62cbb323008095bf81e7dd1d075b30e6a7c129f6d3 100% [K
pulling manifest ⠼ [K
pulling b5374915da53  84% ▕███████████████    ▏ 1.8 GB/2.2 GB   54 MB/s      6s[K[?25h[?2026l[?2026h[?25l[A[A[A[1Ggathering model components [K
copying file sha256:055cfc12dd09f75a50737d62cbb323008095bf81e7dd1d075b30e6a7c129f6d3 100% [K
pulling manifest ⠴ [K
pulling b5374915da53  84% ▕████████████████   ▏ 1.8 GB/2.2 GB   54 MB/s      6s[K[?25h[?2026l[?2026h[?25l[A[A[A[1Ggathering model components [K
copying file sha256:055cfc12dd09f75a50737d62cbb323008095bf81e7dd1d075b30e6a7c129f6d3 100% [K
pulling manifest ⠦ [K
pulling b5374915da53  85% ▕████████████████   ▏ 1.8 GB/2.2 GB   54 MB/s      6s[K[?25h[?2026l[?2026h[?25l[A[A[A[1Ggathering model components [K
copying file sha256:055cfc12dd09f75a50737d62cbb323008095bf81e7dd1d075b30e6a7c129f6d3 100% [K
pulling manifest ⠧ [K
pulling b5374915da53  85% ▕████████████████   ▏ 1.8 GB/2.2 GB   54 MB/s      6s[K[?25h[?2026l[?2026h[?25l[A[A[A[1Ggathering model components [K
copying file sha256:055cfc12dd09f75a50737d62cbb323008095bf81e7dd1d075b30e6a7c129f6d3 100% [K
pulling manifest ⠇ [K
pulling b5374915da53  85% ▕████████████████   ▏ 1.9 GB/2.2 GB   54 MB/s      5s[K[?25h[?2026l[?2026h[?25l[A[A[A[1Ggathering model components [K
copying file sha256:055cfc12dd09f75a50737d62cbb323008095bf81e7dd1d075b30e6a7c129f6d3 100% [K
pulling manifest ⠏ [K
pulling b5374915da53  85% ▕████████████████   ▏ 1.9 GB/2.2 GB   54 MB/s      5s[K[?25h[?2026l[?2026h[?25l[A[A[A[1Ggathering model components [K
copying file sha256:055cfc12dd09f75a50737d62cbb323008095bf81e7dd1d075b30e6a7c129f6d3 100% [K
pulling manifest ⠋ [K
pulling b5374915da53  86% ▕████████████████   ▏ 1.9 GB/2.2 GB   54 MB/s      5s[K[?25h[?2026l[?2026h[?25l[A[A[A[1Ggathering model components [K
copying file sha256:055cfc12dd09f75a50737d62cbb323008095bf81e7dd1d075b30e6a7c129f6d3 100% [K
pulling manifest ⠙ [K
pulling b5374915da53  86% ▕████████████████   ▏ 1.9 GB/2.2 GB   54 MB/s      5s[K[?25h[?2026l[?2026h[?25l[A[A[A[1Ggathering model components [K
copying file sha256:055cfc12dd09f75a50737d62cbb323008095bf81e7dd1d075b30e6a7c129f6d3 100% [K
pulling manifest ⠹ [K
pulling b5374915da53  86% ▕████████████████   ▏ 1.9 GB/2.2 GB   54 MB/s      5s[K[?25h[?2026l[?2026h[?25l[A[A[A[1Ggathering model components [K
copying file sha256:055cfc12dd09f75a50737d62cbb323008095bf81e7dd1d075b30e6a7c129f6d3 100% [K
pulling manifest ⠸ [K
pulling b5374915da53  86% ▕████████████████   ▏ 1.9 GB/2.2 GB   54 MB/s      5s[K[?25h[?2026l[?2026h[?25l[A[A[A[1Ggathering model components [K
copying file sha256:055cfc12dd09f75a50737d62cbb323008095bf81e7dd1d075b30e6a7c129f6d3 100% [K
pulling manifest ⠼ [K
pulling b5374915da53  87% ▕████████████████   ▏ 1.9 GB/2.2 GB   54 MB/s      5s[K[?25h[?2026l[?2026h[?25l[A[A[A[1Ggathering model components [K
copying file sha256:055cfc12dd09f75a50737d62cbb323008095bf81e7dd1d075b30e6a7c129f6d3 100% [K
pulling manifest ⠴ [K
pulling b5374915da53  87% ▕████████████████   ▏ 1.9 GB/2.2 GB   54 MB/s      5s[K[?25h[?2026l[?2026h[?25l[A[A[A[1Ggathering model components [K
copying file sha256:055cfc12dd09f75a50737d62cbb323008095bf81e7dd1d075b30e6a7c129f6d3 100% [K
pulling manifest ⠦ [K
pulling b5374915da53  87% ▕████████████████   ▏ 1.9 GB/2.2 GB   54 MB/s      5s[K[?25h[?2026l[?2026h[?25l[A[A[A[1Ggathering model components [K
copying file sha256:055cfc12dd09f75a50737d62cbb323008095bf81e7dd1d075b30e6a7c129f6d3 100% [K
pulling manifest ⠧ [K
pulling b5374915da53  87% ▕████████████████   ▏ 1.9 GB/2.2 GB   54 MB/s      5s[K[?25h[?2026l[?2026h[?25l[A[A[A[1Ggathering model components [K
copying file sha256:055cfc12dd09f75a50737d62cbb323008095bf81e7dd1d075b30e6a7c129f6d3 100% [K
pulling manifest ⠇ [K
pulling b5374915da53  88% ▕████████████████   ▏ 1.9 GB/2.2 GB   54 MB/s      4s[K[?25h[?2026l[?2026h[?25l[A[A[A[1Ggathering model components [K
copying file sha256:055cfc12dd09f75a50737d62cbb323008095bf81e7dd1d075b30e6a7c129f6d3 100% [K
pulling manifest ⠏ [K
pulling b5374915da53  88% ▕████████████████   ▏ 1.9 GB/2.2 GB   54 MB/s      4s[K[?25h[?2026l[?2026h[?25l[A[A[A[1Ggathering model components [K
copying file sha256:055cfc12dd09f75a50737d62cbb323008095bf81e7dd1d075b30e6a7c129f6d3 100% [K
pulling manifest ⠋ [K
pulling b5374915da53  88% ▕████████████████   ▏ 1.9 GB/2.2 GB   54 MB/s      4s[K[?25h[?2026l[?2026h[?25l[A[A[A[1Ggathering model components [K
copying file sha256:055cfc12dd09f75a50737d62cbb323008095bf81e7dd1d075b30e6a7c129f6d3 100% [K
pulling manifest ⠙ [K
pulling b5374915da53  88% ▕████████████████   ▏ 1.9 GB/2.2 GB   54 MB/s      4s[K[?25h[?2026l[?2026h[?25l[A[A[A[1Ggathering model components [K
copying file sha256:055cfc12dd09f75a50737d62cbb323008095bf81e7dd1d075b30e6a7c129f6d3 100% [K
pulling manifest ⠹ [K
pulling b5374915da53  89% ▕████████████████   ▏ 1.9 GB/2.2 GB   54 MB/s      4s[K[?25h[?2026l[?2026h[?25l[A[A[A[1Ggathering model components [K
copying file sha256:055cfc12dd09f75a50737d62cbb323008095bf81e7dd1d075b30e6a7c129f6d3 100% [K
pulling manifest ⠸ [K
pulling b5374915da53  89% ▕████████████████   ▏ 1.9 GB/2.2 GB   54 MB/s      4s[K[?25h[?2026l[?2026h[?25l[A[A[A[1Ggathering model components [K
copying file sha256:055cfc12dd09f75a50737d62cbb323008095bf81e7dd1d075b30e6a7c129f6d3 100% [K
pulling manifest ⠼ [K
pulling b5374915da53  89% ▕████████████████   ▏ 1.9 GB/2.2 GB   54 MB/s      4s[K[?25h[?2026l[?2026h[?25l[A[A[A[1Ggathering model components [K
copying file sha256:055cfc12dd09f75a50737d62cbb323008095bf81e7dd1d075b30e6a7c129f6d3 100% [K
pulling manifest ⠴ [K
pulling b5374915da53  89% ▕████████████████   ▏ 1.9 GB/2.2 GB   54 MB/s      4s[K[?25h[?2026l[?2026h[?25l[A[A[A[1Ggathering model components [K
copying file sha256:055cfc12dd09f75a50737d62cbb323008095bf81e7dd1d075b30e6a7c129f6d3 100% [K
pulling manifest ⠦ [K
pulling b5374915da53  89% ▕████████████████   ▏ 1.9 GB/2.2 GB   54 MB/s      4s[K[?25h[?2026l[?2026h[?25l[A[A[A[1Ggathering model components [K
copying file sha256:055cfc12dd09f75a50737d62cbb323008095bf81e7dd1d075b30e6a7c129f6d3 100% [K
pulling manifest ⠧ [K
pulling b5374915da53  90% ▕█████████████████  ▏ 2.0 GB/2.2 GB   54 MB/s      4s[K[?25h[?2026l[?2026h[?25l[A[A[A[1Ggathering model components [K
copying file sha256:055cfc12dd09f75a50737d62cbb323008095bf81e7dd1d075b30e6a7c129f6d3 100% [K
pulling manifest ⠇ [K
pulling b5374915da53  90% ▕█████████████████  ▏ 2.0 GB/2.2 GB   54 MB/s      4s[K[?25h[?2026l[?2026h[?25l[A[A[A[1Ggathering model components [K
copying file sha256:055cfc12dd09f75a50737d62cbb323008095bf81e7dd1d075b30e6a7c129f6d3 100% [K
pulling manifest ⠏ [K
pulling b5374915da53  90% ▕█████████████████  ▏ 2.0 GB/2.2 GB   54 MB/s      3s[K[?25h[?2026l[?2026h[?25l[A[A[A[1Ggathering model components [K
copying file sha256:055cfc12dd09f75a50737d62cbb323008095bf81e7dd1d075b30e6a7c129f6d3 100% [K
pulling manifest ⠋ [K
pulling b5374915da53  90% ▕█████████████████  ▏ 2.0 GB/2.2 GB   54 MB/s      3s[K[?25h[?2026l[?2026h[?25l[A[A[A[1Ggathering model components [K
copying file sha256:055cfc12dd09f75a50737d62cbb323008095bf81e7dd1d075b30e6a7c129f6d3 100% [K
pulling manifest ⠙ [K
pulling b5374915da53  91% ▕█████████████████  ▏ 2.0 GB/2.2 GB   54 MB/s      3s[K[?25h[?2026l[?2026h[?25l[A[A[A[1Ggathering model components [K
copying file sha256:055cfc12dd09f75a50737d62cbb323008095bf81e7dd1d075b30e6a7c129f6d3 100% [K
pulling manifest ⠹ [K
pulling b5374915da53  91% ▕█████████████████  ▏ 2.0 GB/2.2 GB   54 MB/s      3s[K[?25h[?2026l[?2026h[?25l[A[A[A[1Ggathering model components [K
copying file sha256:055cfc12dd09f75a50737d62cbb323008095bf81e7dd1d075b30e6a7c129f6d3 100% [K
pulling manifest ⠸ [K
pulling b5374915da53  91% ▕█████████████████  ▏ 2.0 GB/2.2 GB   54 MB/s      3s[K[?25h[?2026l[?2026h[?25l[A[A[A[1Ggathering model components [K
copying file sha256:055cfc12dd09f75a50737d62cbb323008095bf81e7dd1d075b30e6a7c129f6d3 100% [K
pulling manifest ⠼ [K
pulling b5374915da53  91% ▕█████████████████  ▏ 2.0 GB/2.2 GB   54 MB/s      3s[K[?25h[?2026l[?2026h[?25l[A[A[A[1Ggathering model components [K
copying file sha256:055cfc12dd09f75a50737d62cbb323008095bf81e7dd1d075b30e6a7c129f6d3 100% [K
pulling manifest ⠴ [K
pulling b5374915da53  92% ▕█████████████████  ▏ 2.0 GB/2.2 GB   54 MB/s      3s[K[?25h[?2026l[?2026h[?25l[A[A[A[1Ggathering model components [K
copying file sha256:055cfc12dd09f75a50737d62cbb323008095bf81e7dd1d075b30e6a7c129f6d3 100% [K
pulling manifest ⠦ [K
pulling b5374915da53  92% ▕█████████████████  ▏ 2.0 GB/2.2 GB   54 MB/s      3s[K[?25h[?2026l[?2026h[?25l[A[A[A[1Ggathering model components [K
copying file sha256:055cfc12dd09f75a50737d62cbb323008095bf81e7dd1d075b30e6a7c129f6d3 100% [K
pulling manifest ⠧ [K
pulling b5374915da53  92% ▕█████████████████  ▏ 2.0 GB/2.2 GB   54 MB/s      3s[K[?25h[?2026l[?2026h[?25l[A[A[A[1Ggathering model components [K
copying file sha256:055cfc12dd09f75a50737d62cbb323008095bf81e7dd1d075b30e6a7c129f6d3 100% [K
pulling manifest ⠇ [K
pulling b5374915da53  92% ▕█████████████████  ▏ 2.0 GB/2.2 GB   54 MB/s      3s[K[?25h[?2026l[?2026h[?25l[A[A[A[1Ggathering model components [K
copying file sha256:055cfc12dd09f75a50737d62cbb323008095bf81e7dd1d075b30e6a7c129f6d3 100% [K
pulling manifest ⠏ [K
pulling b5374915da53  93% ▕█████████████████  ▏ 2.0 GB/2.2 GB   54 MB/s      2s[K[?25h[?2026l[?2026h[?25l[A[A[A[1Ggathering model components [K
copying file sha256:055cfc12dd09f75a50737d62cbb323008095bf81e7dd1d075b30e6a7c129f6d3 100% [K
pulling manifest ⠋ [K
pulling b5374915da53  93% ▕█████████████████  ▏ 2.0 GB/2.2 GB   54 MB/s      2s[K[?25h[?2026l[?2026h[?25l[A[A[A[1Ggathering model components [K
copying file sha256:055cfc12dd09f75a50737d62cbb323008095bf81e7dd1d075b30e6a7c129f6d3 100% [K
pulling manifest ⠙ [K
pulling b5374915da53  93% ▕█████████████████  ▏ 2.0 GB/2.2 GB   54 MB/s      2s[K[?25h[?2026l[?2026h[?25l[A[A[A[1Ggathering model components [K
copying file sha256:055cfc12dd09f75a50737d62cbb323008095bf81e7dd1d075b30e6a7c129f6d3 100% [K
pulling manifest ⠹ [K
pulling b5374915da53  93% ▕█████████████████  ▏ 2.0 GB/2.2 GB   54 MB/s      2s[K[?25h[?2026l[?2026h[?25l[A[A[A[1Ggathering model components [K
copying file sha256:055cfc12dd09f75a50737d62cbb323008095bf81e7dd1d075b30e6a7c129f6d3 100% [K
pulling manifest ⠸ [K
pulling b5374915da53  94% ▕█████████████████  ▏ 2.0 GB/2.2 GB   54 MB/s      2s[K[?25h[?2026l[?2026h[?25l[A[A[A[1Ggathering model components [K
copying file sha256:055cfc12dd09f75a50737d62cbb323008095bf81e7dd1d075b30e6a7c129f6d3 100% [K
pulling manifest ⠼ [K
pulling b5374915da53  94% ▕█████████████████  ▏ 2.0 GB/2.2 GB   54 MB/s      2s[K[?25h[?2026l[?2026h[?25l[A[A[A[1Ggathering model components [K
copying file sha256:055cfc12dd09f75a50737d62cbb323008095bf81e7dd1d075b30e6a7c129f6d3 100% [K
pulling manifest ⠴ [K
pulling b5374915da53  94% ▕█████████████████  ▏ 2.0 GB/2.2 GB   54 MB/s      2s[K[?25h[?2026l[?2026h[?25l[A[A[A[1Ggathering model components [K
copying file sha256:055cfc12dd09f75a50737d62cbb323008095bf81e7dd1d075b30e6a7c129f6d3 100% [K
pulling manifest ⠦ [K
pulling b5374915da53  94% ▕█████████████████  ▏ 2.1 GB/2.2 GB   54 MB/s      2s[K[?25h[?2026l[?2026h[?25l[A[A[A[1Ggathering model components [K
copying file sha256:055cfc12dd09f75a50737d62cbb323008095bf81e7dd1d075b30e6a7c129f6d3 100% [K
pulling manifest ⠧ [K
pulling b5374915da53  94% ▕█████████████████  ▏ 2.1 GB/2.2 GB   54 MB/s      2s[K[?25h[?2026l[?2026h[?25l[A[A[A[1Ggathering model components [K
copying file sha256:055cfc12dd09f75a50737d62cbb323008095bf81e7dd1d075b30e6a7c129f6d3 100% [K
pulling manifest ⠇ [K
pulling b5374915da53  95% ▕█████████████████  ▏ 2.1 GB/2.2 GB   53 MB/s      2s[K[?25h[?2026l[?2026h[?25l[A[A[A[1Ggathering model components [K
copying file sha256:055cfc12dd09f75a50737d62cbb323008095bf81e7dd1d075b30e6a7c129f6d3 100% [K
pulling manifest ⠏ [K
pulling b5374915da53  95% ▕██████████████████ ▏ 2.1 GB/2.2 GB   53 MB/s      2s[K[?25h[?2026l[?2026h[?25l[A[A[A[1Ggathering model components [K
copying file sha256:055cfc12dd09f75a50737d62cbb323008095bf81e7dd1d075b30e6a7c129f6d3 100% [K
pulling manifest ⠋ [K
pulling b5374915da53  95% ▕██████████████████ ▏ 2.1 GB/2.2 GB   53 MB/s      2s[K[?25h[?2026l[?2026h[?25l[A[A[A[1Ggathering model components [K
copying file sha256:055cfc12dd09f75a50737d62cbb323008095bf81e7dd1d075b30e6a7c129f6d3 100% [K
pulling manifest ⠙ [K
pulling b5374915da53  95% ▕██████████████████ ▏ 2.1 GB/2.2 GB   53 MB/s      1s[K[?25h[?2026l[?2026h[?25l[A[A[A[1Ggathering model components [K
copying file sha256:055cfc12dd09f75a50737d62cbb323008095bf81e7dd1d075b30e6a7c129f6d3 100% [K
pulling manifest ⠹ [K
pulling b5374915da53  96% ▕██████████████████ ▏ 2.1 GB/2.2 GB   53 MB/s      1s[K[?25h[?2026l[?2026h[?25l[A[A[A[1Ggathering model components [K
copying file sha256:055cfc12dd09f75a50737d62cbb323008095bf81e7dd1d075b30e6a7c129f6d3 100% [K
pulling manifest ⠸ [K
pulling b5374915da53  96% ▕██████████████████ ▏ 2.1 GB/2.2 GB   53 MB/s      1s[K[?25h[?2026l[?2026h[?25l[A[A[A[1Ggathering model components [K
copying file sha256:055cfc12dd09f75a50737d62cbb323008095bf81e7dd1d075b30e6a7c129f6d3 100% [K
pulling manifest ⠼ [K
pulling b5374915da53  96% ▕██████████████████ ▏ 2.1 GB/2.2 GB   53 MB/s      1s[K[?25h[?2026l[?2026h[?25l[A[A[A[1Ggathering model components [K
copying file sha256:055cfc12dd09f75a50737d62cbb323008095bf81e7dd1d075b30e6a7c129f6d3 100% [K
pulling manifest ⠴ [K
pulling b5374915da53  96% ▕██████████████████ ▏ 2.1 GB/2.2 GB   53 MB/s      1s[K[?25h[?2026l[?2026h[?25l[A[A[A[1Ggathering model components [K
copying file sha256:055cfc12dd09f75a50737d62cbb323008095bf81e7dd1d075b30e6a7c129f6d3 100% [K
pulling manifest ⠦ [K
pulling b5374915da53  96% ▕██████████████████ ▏ 2.1 GB/2.2 GB   53 MB/s      1s[K[?25h[?2026l[?2026h[?25l[A[A[A[1Ggathering model components [K
copying file sha256:055cfc12dd09f75a50737d62cbb323008095bf81e7dd1d075b30e6a7c129f6d3 100% [K
pulling manifest ⠧ [K
pulling b5374915da53  97% ▕██████████████████ ▏ 2.1 GB/2.2 GB   53 MB/s      1s[K[?25h[?2026l[?2026h[?25l[A[A[A[1Ggathering model components [K
copying file sha256:055cfc12dd09f75a50737d62cbb323008095bf81e7dd1d075b30e6a7c129f6d3 100% [K
pulling manifest ⠇ [K
pulling b5374915da53  97% ▕██████████████████ ▏ 2.1 GB/2.2 GB   53 MB/s      1s[K[?25h[?2026l[?2026h[?25l[A[A[A[1Ggathering model components [K
copying file sha256:055cfc12dd09f75a50737d62cbb323008095bf81e7dd1d075b30e6a7c129f6d3 100% [K
pulling manifest ⠏ [K
pulling b5374915da53  97% ▕██████████████████ ▏ 2.1 GB/2.2 GB   53 MB/s      1s[K[?25h[?2026l[?2026h[?25l[A[A[A[1Ggathering model components [K
copying file sha256:055cfc12dd09f75a50737d62cbb323008095bf81e7dd1d075b30e6a7c129f6d3 100% [K
pulling manifest ⠋ [K
pulling b5374915da53  97% ▕██████████████████ ▏ 2.1 GB/2.2 GB   53 MB/s      1s[K[?25h[?2026l[?2026h[?25l[A[A[A[1Ggathering model components [K
copying file sha256:055cfc12dd09f75a50737d62cbb323008095bf81e7dd1d075b30e6a7c129f6d3 100% [K
pulling manifest ⠙ [K
pulling b5374915da53  98% ▕██████████████████ ▏ 2.1 GB/2.2 GB   53 MB/s      0s[K[?25h[?2026l[?2026h[?25l[A[A[A[1Ggathering model components [K
copying file sha256:055cfc12dd09f75a50737d62cbb323008095bf81e7dd1d075b30e6a7c129f6d3 100% [K
pulling manifest ⠹ [K
pulling b5374915da53  98% ▕██████████████████ ▏ 2.1 GB/2.2 GB   53 MB/s      0s[K[?25h[?2026l[?2026h[?25l[A[A[A[1Ggathering model components [K
copying file sha256:055cfc12dd09f75a50737d62cbb323008095bf81e7dd1d075b30e6a7c129f6d3 100% [K
pulling manifest ⠸ [K
pulling b5374915da53  98% ▕██████████████████ ▏ 2.1 GB/2.2 GB   53 MB/s      0s[K[?25h[?2026l[?2026h[?25l[A[A[A[1Ggathering model components [K
copying file sha256:055cfc12dd09f75a50737d62cbb323008095bf81e7dd1d075b30e6a7c129f6d3 100% [K
pulling manifest ⠼ [K
pulling b5374915da53  98% ▕██████████████████ ▏ 2.1 GB/2.2 GB   53 MB/s      0s[K[?25h[?2026l[?2026h[?25l[A[A[A[1Ggathering model components [K
copying file sha256:055cfc12dd09f75a50737d62cbb323008095bf81e7dd1d075b30e6a7c129f6d3 100% [K
pulling manifest ⠴ [K
pulling b5374915da53  98% ▕██████████████████ ▏ 2.1 GB/2.2 GB   53 MB/s      0s[K[?25h[?2026l[?2026h[?25l[A[A[A[1Ggathering model components [K
copying file sha256:055cfc12dd09f75a50737d62cbb323008095bf81e7dd1d075b30e6a7c129f6d3 100% [K
pulling manifest ⠦ [K
pulling b5374915da53  99% ▕██████████████████ ▏ 2.1 GB/2.2 GB   53 MB/s      0s[K[?25h[?2026l[?2026h[?25l[A[A[A[1Ggathering model components [K
copying file sha256:055cfc12dd09f75a50737d62cbb323008095bf81e7dd1d075b30e6a7c129f6d3 100% [K
pulling manifest ⠧ [K
pulling b5374915da53  99% ▕██████████████████ ▏ 2.2 GB/2.2 GB   53 MB/s      0s[K[?25h[?2026l[?2026h[?25l[A[A[A[1Ggathering model components [K
copying file sha256:055cfc12dd09f75a50737d62cbb323008095bf81e7dd1d075b30e6a7c129f6d3 100% [K
pulling manifest ⠇ [K
pulling b5374915da53  99% ▕██████████████████ ▏ 2.2 GB/2.2 GB   52 MB/s      0s[K[?25h[?2026l[?2026h[?25l[A[A[A[1Ggathering model components [K
copying file sha256:055cfc12dd09f75a50737d62cbb323008095bf81e7dd1d075b30e6a7c129f6d3 100% [K
pulling manifest ⠏ [K
pulling b5374915da53  99% ▕██████████████████ ▏ 2.2 GB/2.2 GB   52 MB/s      0s[K[?25h[?2026l[?2026h[?25l[A[A[A[1Ggathering model components [K
copying file sha256:055cfc12dd09f75a50737d62cbb323008095bf81e7dd1d075b30e6a7c129f6d3 100% [K
pulling manifest ⠋ [K
pulling b5374915da53 100% ▕██████████████████ ▏ 2.2 GB/2.2 GB   52 MB/s      0s[K[?25h[?2026l[?2026h[?25l[A[A[A[1Ggathering model components [K
copying file sha256:055cfc12dd09f75a50737d62cbb323008095bf81e7dd1d075b30e6a7c129f6d3 100% [K
pulling manifest ⠙ [K
pulling b5374915da53 100% ▕██████████████████ ▏ 2.2 GB/2.2 GB   52 MB/s      0s[K[?25h[?2026l[?2026h[?25l[A[A[A[1Ggathering model components [K
copying file sha256:055cfc12dd09f75a50737d62cbb323008095bf81e7dd1d075b30e6a7c129f6d3 100% [K
pulling manifest ⠹ [K
pulling b5374915da53 100% ▕██████████████████ ▏ 2.2 GB/2.2 GB   52 MB/s      0s[K[?25h[?2026l[?2026h[?25l[A[A[A[1Ggathering model components [K
copying file sha256:055cfc12dd09f75a50737d62cbb323008095bf81e7dd1d075b30e6a7c129f6d3 100% [K
pulling manifest ⠸ [K
pulling b5374915da53 100% ▕██████████████████ ▏ 2.2 GB/2.2 GB   52 MB/s      0s[K[?25h[?2026l[?2026h[?25l[A[A[A[1Ggathering model components [K
copying file sha256:055cfc12dd09f75a50737d62cbb323008095bf81e7dd1d075b30e6a7c129f6d3 100% [K
pulling manifest ⠼ [K
pulling b5374915da53 100% ▕███████████████████▏ 2.2 GB                         [K[?25h[?2026l[?2026h[?25l[A[A[A[1Ggathering model components [K
copying file sha256:055cfc12dd09f75a50737d62cbb323008095bf81e7dd1d075b30e6a7c129f6d3 100% [K
pulling manifest ⠴ [K
pulling b5374915da53 100% ▕███████████████████▏ 2.2 GB                         [K[?25h[?2026l[?2026h[?25l[A[A[A[1Ggathering model components [K
copying file sha256:055cfc12dd09f75a50737d62cbb323008095bf81e7dd1d075b30e6a7c129f6d3 100% [K
pulling manifest ⠦ [K
pulling b5374915da53 100% ▕███████████████████▏ 2.2 GB                         [K[?25h[?2026l[?2026h[?25l[A[A[A[1Ggathering model components [K
copying file sha256:055cfc12dd09f75a50737d62cbb323008095bf81e7dd1d075b30e6a7c129f6d3 100% [K
pulling manifest ⠧ [K
pulling b5374915da53 100% ▕███████████████████▏ 2.2 GB                         [K[?25h[?2026l[?2026h[?25l[A[A[A[1Ggathering model components [K
copying file sha256:055cfc12dd09f75a50737d62cbb323008095bf81e7dd1d075b30e6a7c129f6d3 100% [K
pulling manifest ⠇ [K
pulling b5374915da53 100% ▕███████████████████▏ 2.2 GB                         [K[?25h[?2026l[?2026h[?25l[A[A[A[1Ggathering model components [K
copying file sha256:055cfc12dd09f75a50737d62cbb323008095bf81e7dd1d075b30e6a7c129f6d3 100% [K
pulling manifest ⠏ [K
pulling b5374915da53 100% ▕███████████████████▏ 2.2 GB                         [K[?25h[?2026l[?2026h[?25l[A[A[A[1Ggathering model components [K
copying file sha256:055cfc12dd09f75a50737d62cbb323008095bf81e7dd1d075b30e6a7c129f6d3 100% [K
pulling manifest ⠋ [K
pulling b5374915da53 100% ▕███████████████████▏ 2.2 GB                         [K[?25h[?2026l[?2026h[?25l[A[A[A[1Ggathering model components [K
copying file sha256:055cfc12dd09f75a50737d62cbb323008095bf81e7dd1d075b30e6a7c129f6d3 100% [K
pulling manifest ⠙ [K
pulling b5374915da53 100% ▕███████████████████▏ 2.2 GB                         [K[?25h[?2026l[?2026h[?25l[A[A[A[1Ggathering model components [K
copying file sha256:055cfc12dd09f75a50737d62cbb323008095bf81e7dd1d075b30e6a7c129f6d3 100% [K
pulling manifest ⠹ [K
pulling b5374915da53 100% ▕███████████████████▏ 2.2 GB                         [K[?25h[?2026l[?2026h[?25l[A[A[A[1Ggathering model components [K
copying file sha256:055cfc12dd09f75a50737d62cbb323008095bf81e7dd1d075b30e6a7c129f6d3 100% [K
pulling manifest ⠸ [K
pulling b5374915da53 100% ▕███████████████████▏ 2.2 GB                         [K[?25h[?2026l[?2026h[?25l[A[A[A[1Ggathering model components [K
copying file sha256:055cfc12dd09f75a50737d62cbb323008095bf81e7dd1d075b30e6a7c129f6d3 100% [K
pulling manifest ⠼ [K
pulling b5374915da53 100% ▕███████████████████▏ 2.2 GB                         [K
pulling c608dc615584   0% ▕                   ▏    0 B/ 149 B                  [K[?25h[?2026l[?2026h[?25l[A[A[A[A[1Ggathering model components [K
copying file sha256:055cfc12dd09f75a50737d62cbb323008095bf81e7dd1d075b30e6a7c129f6d3 100% [K
pulling manifest ⠴ [K
pulling b5374915da53 100% ▕███████████████████▏ 2.2 GB                         [K
pulling c608dc615584   0% ▕                   ▏    0 B/ 149 B                  [K[?25h[?2026l[?2026h[?25l[A[A[A[A[1Ggathering model components [K
copying file sha256:055cfc12dd09f75a50737d62cbb323008095bf81e7dd1d075b30e6a7c129f6d3 100% [K
pulling manifest ⠦ [K
pulling b5374915da53 100% ▕███████████████████▏ 2.2 GB                         [K
pulling c608dc615584 100% ▕███████████████████▏  149 B                         [K[?25h[?2026l[?2026h[?25l[A[A[A[A[1Ggathering model components [K
copying file sha256:055cfc12dd09f75a50737d62cbb323008095bf81e7dd1d075b30e6a7c129f6d3 100% [K
pulling manifest ⠧ [K
pulling b5374915da53 100% ▕███████████████████▏ 2.2 GB                         [K
pulling c608dc615584 100% ▕███████████████████▏  149 B                         [K[?25h[?2026l[?2026h[?25l[A[A[A[A[1Ggathering model components [K
copying file sha256:055cfc12dd09f75a50737d62cbb323008095bf81e7dd1d075b30e6a7c129f6d3 100% [K
pulling manifest ⠇ [K
pulling b5374915da53 100% ▕███████████████████▏ 2.2 GB                         [K
pulling c608dc615584 100% ▕███████████████████▏  149 B                         [K[?25h[?2026l[?2026h[?25l[A[A[A[A[1Ggathering model components [K
copying file sha256:055cfc12dd09f75a50737d62cbb323008095bf81e7dd1d075b30e6a7c129f6d3 100% [K
pulling manifest ⠏ [K
pulling b5374915da53 100% ▕███████████████████▏ 2.2 GB                         [K
pulling c608dc615584 100% ▕███████████████████▏  149 B                         [K[?25h[?2026l[?2026h[?25l[A[A[A[A[1Ggathering model components [K
copying file sha256:055cfc12dd09f75a50737d62cbb323008095bf81e7dd1d075b30e6a7c129f6d3 100% [K
pulling manifest ⠋ [K
pulling b5374915da53 100% ▕███████████████████▏ 2.2 GB                         [K
pulling c608dc615584 100% ▕███████████████████▏  149 B                         [K[?25h[?2026l[?2026h[?25l[A[A[A[A[1Ggathering model components [K
copying file sha256:055cfc12dd09f75a50737d62cbb323008095bf81e7dd1d075b30e6a7c129f6d3 100% [K
pulling manifest ⠙ [K
pulling b5374915da53 100% ▕███████████████████▏ 2.2 GB                         [K
pulling c608dc615584 100% ▕███████████████████▏  149 B                         [K[?25h[?2026l[?2026h[?25l[A[A[A[A[1Ggathering model components [K
copying file sha256:055cfc12dd09f75a50737d62cbb323008095bf81e7dd1d075b30e6a7c129f6d3 100% [K
pulling manifest ⠹ [K
pulling b5374915da53 100% ▕███████████████████▏ 2.2 GB                         [K
pulling c608dc615584 100% ▕███████████████████▏  149 B                         [K[?25h[?2026l[?2026h[?25l[A[A[A[A[1Ggathering model components [K
copying file sha256:055cfc12dd09f75a50737d62cbb323008095bf81e7dd1d075b30e6a7c129f6d3 100% [K
pulling manifest ⠸ [K
pulling b5374915da53 100% ▕███████████████████▏ 2.2 GB                         [K
pulling c608dc615584 100% ▕███████████████████▏  149 B                         [K[?25h[?2026l[?2026h[?25l[A[A[A[A[1Ggathering model components [K
copying file sha256:055cfc12dd09f75a50737d62cbb323008095bf81e7dd1d075b30e6a7c129f6d3 100% [K
pulling manifest ⠼ [K
pulling b5374915da53 100% ▕███████████████████▏ 2.2 GB                         [K
pulling c608dc615584 100% ▕███████████████████▏  149 B                         [K[?25h[?2026l[?2026h[?25l[A[A[A[A[1Ggathering model components [K
copying file sha256:055cfc12dd09f75a50737d62cbb323008095bf81e7dd1d075b30e6a7c129f6d3 100% [K
pulling manifest ⠴ [K
pulling b5374915da53 100% ▕███████████████████▏ 2.2 GB                         [K
pulling c608dc615584 100% ▕███████████████████▏  149 B                         [K[?25h[?2026l[?2026h[?25l[A[A[A[A[1Ggathering model components [K
copying file sha256:055cfc12dd09f75a50737d62cbb323008095bf81e7dd1d075b30e6a7c129f6d3 100% [K
pulling manifest ⠦ [K
pulling b5374915da53 100% ▕███████████████████▏ 2.2 GB                         [K
pulling c608dc615584 100% ▕███████████████████▏  149 B                         [K[?25h[?2026l[?2026h[?25l[A[A[A[A[1Ggathering model components [K
copying file sha256:055cfc12dd09f75a50737d62cbb323008095bf81e7dd1d075b30e6a7c129f6d3 100% [K
pulling manifest ⠧ [K
pulling b5374915da53 100% ▕███████████████████▏ 2.2 GB                         [K
pulling c608dc615584 100% ▕███████████████████▏  149 B                         [K
pulling c5f9f560a704   0% ▕                   ▏    0 B/1.1 KB                  [K[?25h[?2026l[?2026h[?25l[A[A[A[A[A[1Ggathering model components [K
copying file sha256:055cfc12dd09f75a50737d62cbb323008095bf81e7dd1d075b30e6a7c129f6d3 100% [K
pulling manifest ⠇ [K
pulling b5374915da53 100% ▕███████████████████▏ 2.2 GB                         [K
pulling c608dc615584 100% ▕███████████████████▏  149 B                         [K
pulling c5f9f560a704   0% ▕                   ▏    0 B/1.1 KB                  [K[?25h[?2026l[?2026h[?25l[A[A[A[A[A[1Ggathering model components [K
copying file sha256:055cfc12dd09f75a50737d62cbb323008095bf81e7dd1d075b30e6a7c129f6d3 100% [K
pulling manifest ⠏ [K
pulling b5374915da53 100% ▕███████████████████▏ 2.2 GB                         [K
pulling c608dc615584 100% ▕███████████████████▏  149 B                         [K
pulling c5f9f560a704   0% ▕                   ▏    0 B/1.1 KB                  [K[?25h[?2026l[?2026h[?25l[A[A[A[A[A[1Ggathering model components [K
copying file sha256:055cfc12dd09f75a50737d62cbb323008095bf81e7dd1d075b30e6a7c129f6d3 100% [K
pulling manifest ⠋ [K
pulling b5374915da53 100% ▕███████████████████▏ 2.2 GB                         [K
pulling c608dc615584 100% ▕███████████████████▏  149 B                         [K
pulling c5f9f560a704 100% ▕███████████████████▏ 1.1 KB                         [K[?25h[?2026l[?2026h[?25l[A[A[A[A[A[1Ggathering model components [K
copying file sha256:055cfc12dd09f75a50737d62cbb323008095bf81e7dd1d075b30e6a7c129f6d3 100% [K
pulling manifest ⠙ [K
pulling b5374915da53 100% ▕███████████████████▏ 2.2 GB                         [K
pulling c608dc615584 100% ▕███████████████████▏  149 B                         [K
pulling c5f9f560a704 100% ▕███████████████████▏ 1.1 KB                         [K[?25h[?2026l[?2026h[?25l[A[A[A[A[A[1Ggathering model components [K
copying file sha256:055cfc12dd09f75a50737d62cbb323008095bf81e7dd1d075b30e6a7c129f6d3 100% [K
pulling manifest ⠹ [K
pulling b5374915da53 100% ▕███████████████████▏ 2.2 GB                         [K
pulling c608dc615584 100% ▕███████████████████▏  149 B                         [K
pulling c5f9f560a704 100% ▕███████████████████▏ 1.1 KB                         [K[?25h[?2026l[?2026h[?25l[A[A[A[A[A[1Ggathering model components [K
copying file sha256:055cfc12dd09f75a50737d62cbb323008095bf81e7dd1d075b30e6a7c129f6d3 100% [K
pulling manifest ⠸ [K
pulling b5374915da53 100% ▕███████████████████▏ 2.2 GB                         [K
pulling c608dc615584 100% ▕███████████████████▏  149 B                         [K
pulling c5f9f560a704 100% ▕███████████████████▏ 1.1 KB                         [K[?25h[?2026l[?2026h[?25l[A[A[A[A[A[1Ggathering model components [K
copying file sha256:055cfc12dd09f75a50737d62cbb323008095bf81e7dd1d075b30e6a7c129f6d3 100% [K
pulling manifest ⠼ [K
pulling b5374915da53 100% ▕███████████████████▏ 2.2 GB                         [K
pulling c608dc615584 100% ▕███████████████████▏  149 B                         [K
pulling c5f9f560a704 100% ▕███████████████████▏ 1.1 KB                         [K[?25h[?2026l[?2026h[?25l[A[A[A[A[A[1Ggathering model components [K
copying file sha256:055cfc12dd09f75a50737d62cbb323008095bf81e7dd1d075b30e6a7c129f6d3 100% [K
pulling manifest ⠴ [K
pulling b5374915da53 100% ▕███████████████████▏ 2.2 GB                         [K
pulling c608dc615584 100% ▕███████████████████▏  149 B                         [K
pulling c5f9f560a704 100% ▕███████████████████▏ 1.1 KB                         [K[?25h[?2026l[?2026h[?25l[A[A[A[A[A[1Ggathering model components [K
copying file sha256:055cfc12dd09f75a50737d62cbb323008095bf81e7dd1d075b30e6a7c129f6d3 100% [K
pulling manifest ⠦ [K
pulling b5374915da53 100% ▕███████████████████▏ 2.2 GB                         [K
pulling c608dc615584 100% ▕███████████████████▏  149 B                         [K
pulling c5f9f560a704 100% ▕███████████████████▏ 1.1 KB                         [K[?25h[?2026l[?2026h[?25l[A[A[A[A[A[1Ggathering model components [K
copying file sha256:055cfc12dd09f75a50737d62cbb323008095bf81e7dd1d075b30e6a7c129f6d3 100% [K
pulling manifest ⠧ [K
pulling b5374915da53 100% ▕███████████████████▏ 2.2 GB                         [K
pulling c608dc615584 100% ▕███████████████████▏  149 B                         [K
pulling c5f9f560a704 100% ▕███████████████████▏ 1.1 KB                         [K[?25h[?2026l[?2026h[?25l[A[A[A[A[A[1Ggathering model components [K
copying file sha256:055cfc12dd09f75a50737d62cbb323008095bf81e7dd1d075b30e6a7c129f6d3 100% [K
pulling manifest ⠇ [K
pulling b5374915da53 100% ▕███████████████████▏ 2.2 GB                         [K
pulling c608dc615584 100% ▕███████████████████▏  149 B                         [K
pulling c5f9f560a704 100% ▕███████████████████▏ 1.1 KB                         [K[?25h[?2026l[?2026h[?25l[A[A[A[A[A[1Ggathering model components [K
copying file sha256:055cfc12dd09f75a50737d62cbb323008095bf81e7dd1d075b30e6a7c129f6d3 100% [K
pulling manifest ⠏ [K
pulling b5374915da53 100% ▕███████████████████▏ 2.2 GB                         [K
pulling c608dc615584 100% ▕███████████████████▏  149 B                         [K
pulling c5f9f560a704 100% ▕███████████████████▏ 1.1 KB                         [K[?25h[?2026l[?2026h[?25l[A[A[A[A[A[1Ggathering model components [K
copying file sha256:055cfc12dd09f75a50737d62cbb323008095bf81e7dd1d075b30e6a7c129f6d3 100% [K
pulling manifest ⠋ [K
pulling b5374915da53 100% ▕███████████████████▏ 2.2 GB                         [K
pulling c608dc615584 100% ▕███████████████████▏  149 B                         [K
pulling c5f9f560a704 100% ▕███████████████████▏ 1.1 KB                         [K[?25h[?2026l[?2026h[?25l[A[A[A[A[A[1Ggathering model components [K
copying file sha256:055cfc12dd09f75a50737d62cbb323008095bf81e7dd1d075b30e6a7c129f6d3 100% [K
pulling manifest ⠙ [K
pulling b5374915da53 100% ▕███████████████████▏ 2.2 GB                         [K
pulling c608dc615584 100% ▕███████████████████▏  149 B                         [K
pulling c5f9f560a704 100% ▕███████████████████▏ 1.1 KB                         [K
pulling 45ac4c662a77   0% ▕                   ▏    0 B/  60 B                  [K[?25h[?2026l[?2026h[?25l[A[A[A[A[A[A[1Ggathering model components [K
copying file sha256:055cfc12dd09f75a50737d62cbb323008095bf81e7dd1d075b30e6a7c129f6d3 100% [K
pulling manifest ⠹ [K
pulling b5374915da53 100% ▕███████████████████▏ 2.2 GB                         [K
pulling c608dc615584 100% ▕███████████████████▏  149 B                         [K
pulling c5f9f560a704 100% ▕███████████████████▏ 1.1 KB                         [K
pulling 45ac4c662a77   0% ▕                   ▏    0 B/  60 B                  [K[?25h[?2026l[?2026h[?25l[A[A[A[A[A[A[1Ggathering model components [K
copying file sha256:055cfc12dd09f75a50737d62cbb323008095bf81e7dd1d075b30e6a7c129f6d3 100% [K
pulling manifest ⠸ [K
pulling b5374915da53 100% ▕███████████████████▏ 2.2 GB                         [K
pulling c608dc615584 100% ▕███████████████████▏  149 B                         [K
pulling c5f9f560a704 100% ▕███████████████████▏ 1.1 KB                         [K
pulling 45ac4c662a77 100% ▕███████████████████▏   60 B                         [K[?25h[?2026l[?2026h[?25l[A[A[A[A[A[A[1Ggathering model components [K
copying file sha256:055cfc12dd09f75a50737d62cbb323008095bf81e7dd1d075b30e6a7c129f6d3 100% [K
pulling manifest ⠼ [K
pulling b5374915da53 100% ▕███████████████████▏ 2.2 GB                         [K
pulling c608dc615584 100% ▕███████████████████▏  149 B                         [K
pulling c5f9f560a704 100% ▕███████████████████▏ 1.1 KB                         [K
pulling 45ac4c662a77 100% ▕███████████████████▏   60 B                         [K[?25h[?2026l[?2026h[?25l[A[A[A[A[A[A[1Ggathering model components [K
copying file sha256:055cfc12dd09f75a50737d62cbb323008095bf81e7dd1d075b30e6a7c129f6d3 100% [K
pulling manifest ⠴ [K
pulling b5374915da53 100% ▕███████████████████▏ 2.2 GB                         [K
pulling c608dc615584 100% ▕███████████████████▏  149 B                         [K
pulling c5f9f560a704 100% ▕███████████████████▏ 1.1 KB                         [K
pulling 45ac4c662a77 100% ▕███████████████████▏   60 B                         [K[?25h[?2026l[?2026h[?25l[A[A[A[A[A[A[1Ggathering model components [K
copying file sha256:055cfc12dd09f75a50737d62cbb323008095bf81e7dd1d075b30e6a7c129f6d3 100% [K
pulling manifest ⠦ [K
pulling b5374915da53 100% ▕███████████████████▏ 2.2 GB                         [K
pulling c608dc615584 100% ▕███████████████████▏  149 B                         [K
pulling c5f9f560a704 100% ▕███████████████████▏ 1.1 KB                         [K
pulling 45ac4c662a77 100% ▕███████████████████▏   60 B                         [K[?25h[?2026l[?2026h[?25l[A[A[A[A[A[A[1Ggathering model components [K
copying file sha256:055cfc12dd09f75a50737d62cbb323008095bf81e7dd1d075b30e6a7c129f6d3 100% [K
pulling manifest ⠧ [K
pulling b5374915da53 100% ▕███████████████████▏ 2.2 GB                         [K
pulling c608dc615584 100% ▕███████████████████▏  149 B                         [K
pulling c5f9f560a704 100% ▕███████████████████▏ 1.1 KB                         [K
pulling 45ac4c662a77 100% ▕███████████████████▏   60 B                         [K[?25h[?2026l[?2026h[?25l[A[A[A[A[A[A[1Ggathering model components [K
copying file sha256:055cfc12dd09f75a50737d62cbb323008095bf81e7dd1d075b30e6a7c129f6d3 100% [K
pulling manifest ⠇ [K
pulling b5374915da53 100% ▕███████████████████▏ 2.2 GB                         [K
pulling c608dc615584 100% ▕███████████████████▏  149 B                         [K
pulling c5f9f560a704 100% ▕███████████████████▏ 1.1 KB                         [K
pulling 45ac4c662a77 100% ▕███████████████████▏   60 B                         [K[?25h[?2026l[?2026h[?25l[A[A[A[A[A[A[1Ggathering model components [K
copying file sha256:055cfc12dd09f75a50737d62cbb323008095bf81e7dd1d075b30e6a7c129f6d3 100% [K
pulling manifest ⠏ [K
pulling b5374915da53 100% ▕███████████████████▏ 2.2 GB                         [K
pulling c608dc615584 100% ▕███████████████████▏  149 B                         [K
pulling c5f9f560a704 100% ▕███████████████████▏ 1.1 KB                         [K
pulling 45ac4c662a77 100% ▕███████████████████▏   60 B                         [K[?25h[?2026l[?2026h[?25l[A[A[A[A[A[A[1Ggathering model components [K
copying file sha256:055cfc12dd09f75a50737d62cbb323008095bf81e7dd1d075b30e6a7c129f6d3 100% [K
pulling manifest ⠋ [K
pulling b5374915da53 100% ▕███████████████████▏ 2.2 GB                         [K
pulling c608dc615584 100% ▕███████████████████▏  149 B                         [K
pulling c5f9f560a704 100% ▕███████████████████▏ 1.1 KB                         [K
pulling 45ac4c662a77 100% ▕███████████████████▏   60 B                         [K[?25h[?2026l[?2026h[?25l[A[A[A[A[A[A[1Ggathering model components [K
copying file sha256:055cfc12dd09f75a50737d62cbb323008095bf81e7dd1d075b30e6a7c129f6d3 100% [K
pulling manifest ⠙ [K
pulling b5374915da53 100% ▕███████████████████▏ 2.2 GB                         [K
pulling c608dc615584 100% ▕███████████████████▏  149 B                         [K
pulling c5f9f560a704 100% ▕███████████████████▏ 1.1 KB                         [K
pulling 45ac4c662a77 100% ▕███████████████████▏   60 B                         [K[?25h[?2026l[?2026h[?25l[A[A[A[A[A[A[1Ggathering model components [K
copying file sha256:055cfc12dd09f75a50737d62cbb323008095bf81e7dd1d075b30e6a7c129f6d3 100% [K
pulling manifest ⠹ [K
pulling b5374915da53 100% ▕███████████████████▏ 2.2 GB                         [K
pulling c608dc615584 100% ▕███████████████████▏  149 B                         [K
pulling c5f9f560a704 100% ▕███████████████████▏ 1.1 KB                         [K
pulling 45ac4c662a77 100% ▕███████████████████▏   60 B                         [K[?25h[?2026l[?2026h[?25l[A[A[A[A[A[A[1Ggathering model components [K
copying file sha256:055cfc12dd09f75a50737d62cbb323008095bf81e7dd1d075b30e6a7c129f6d3 100% [K
pulling manifest ⠸ [K
pulling b5374915da53 100% ▕███████████████████▏ 2.2 GB                         [K
pulling c608dc615584 100% ▕███████████████████▏  149 B                         [K
pulling c5f9f560a704 100% ▕███████████████████▏ 1.1 KB                         [K
pulling 45ac4c662a77 100% ▕███████████████████▏   60 B                         [K[?25h[?2026l[?2026h[?25l[A[A[A[A[A[A[1Ggathering model components [K
copying file sha256:055cfc12dd09f75a50737d62cbb323008095bf81e7dd1d075b30e6a7c129f6d3 100% [K
pulling manifest ⠼ [K
pulling b5374915da53 100% ▕███████████████████▏ 2.2 GB                         [K
pulling c608dc615584 100% ▕███████████████████▏  149 B                         [K
pulling c5f9f560a704 100% ▕███████████████████▏ 1.1 KB                         [K
pulling 45ac4c662a77 100% ▕███████████████████▏   60 B                         [K[?25h[?2026l[?2026h[?25l[A[A[A[A[A[A[1Ggathering model components [K
copying file sha256:055cfc12dd09f75a50737d62cbb323008095bf81e7dd1d075b30e6a7c129f6d3 100% [K
pulling manifest ⠴ [K
pulling b5374915da53 100% ▕███████████████████▏ 2.2 GB                         [K
pulling c608dc615584 100% ▕███████████████████▏  149 B                         [K
pulling c5f9f560a704 100% ▕███████████████████▏ 1.1 KB                         [K
pulling 45ac4c662a77 100% ▕███████████████████▏   60 B                         [K
pulling 0611867ea67b   0% ▕                   ▏    0 B/ 409 B                  [K[?25h[?2026l[?2026h[?25l[A[A[A[A[A[A[A[1Ggathering model components [K
copying file sha256:055cfc12dd09f75a50737d62cbb323008095bf81e7dd1d075b30e6a7c129f6d3 100% [K
pulling manifest ⠦ [K
pulling b5374915da53 100% ▕███████████████████▏ 2.2 GB                         [K
pulling c608dc615584 100% ▕███████████████████▏  149 B                         [K
pulling c5f9f560a704 100% ▕███████████████████▏ 1.1 KB                         [K
pulling 45ac4c662a77 100% ▕███████████████████▏   60 B                         [K
pulling 0611867ea67b   0% ▕                   ▏    0 B/ 409 B                  [K[?25h[?2026l[?2026h[?25l[A[A[A[A[A[A[A[1Ggathering model components [K
copying file sha256:055cfc12dd09f75a50737d62cbb323008095bf81e7dd1d075b30e6a7c129f6d3 100% [K
pulling manifest ⠧ [K
pulling b5374915da53 100% ▕███████████████████▏ 2.2 GB                         [K
pulling c608dc615584 100% ▕███████████████████▏  149 B                         [K
pulling c5f9f560a704 100% ▕███████████████████▏ 1.1 KB                         [K
pulling 45ac4c662a77 100% ▕███████████████████▏   60 B                         [K
pulling 0611867ea67b 100% ▕███████████████████▏  409 B                         [K[?25h[?2026l[?2026h[?25l[A[A[A[A[A[A[A[1Ggathering model components [K
copying file sha256:055cfc12dd09f75a50737d62cbb323008095bf81e7dd1d075b30e6a7c129f6d3 100% [K
pulling manifest ⠇ [K
pulling b5374915da53 100% ▕███████████████████▏ 2.2 GB                         [K
pulling c608dc615584 100% ▕███████████████████▏  149 B                         [K
pulling c5f9f560a704 100% ▕███████████████████▏ 1.1 KB                         [K
pulling 45ac4c662a77 100% ▕███████████████████▏   60 B                         [K
pulling 0611867ea67b 100% ▕███████████████████▏  409 B                         [K[?25h[?2026l[?2026h[?25l[A[A[A[A[A[A[A[1Ggathering model components [K
copying file sha256:055cfc12dd09f75a50737d62cbb323008095bf81e7dd1d075b30e6a7c129f6d3 100% [K
pulling manifest ⠏ [K
pulling b5374915da53 100% ▕███████████████████▏ 2.2 GB                         [K
pulling c608dc615584 100% ▕███████████████████▏  149 B                         [K
pulling c5f9f560a704 100% ▕███████████████████▏ 1.1 KB                         [K
pulling 45ac4c662a77 100% ▕███████████████████▏   60 B                         [K
pulling 0611867ea67b 100% ▕███████████████████▏  409 B                         [K[?25h[?2026l[?2026h[?25l[A[A[A[A[A[A[A[1Ggathering model components [K
copying file sha256:055cfc12dd09f75a50737d62cbb323008095bf81e7dd1d075b30e6a7c129f6d3 100% [K
pulling manifest ⠋ [K
pulling b5374915da53 100% ▕███████████████████▏ 2.2 GB                         [K
pulling c608dc615584 100% ▕███████████████████▏  149 B                         [K
pulling c5f9f560a704 100% ▕███████████████████▏ 1.1 KB                         [K
pulling 45ac4c662a77 100% ▕███████████████████▏   60 B                         [K
pulling 0611867ea67b 100% ▕███████████████████▏  409 B                         [K[?25h[?2026l[?2026h[?25l[A[A[A[A[A[A[A[1Ggathering model components [K
copying file sha256:055cfc12dd09f75a50737d62cbb323008095bf81e7dd1d075b30e6a7c129f6d3 100% [K
pulling manifest ⠙ [K
pulling b5374915da53 100% ▕███████████████████▏ 2.2 GB                         [K
pulling c608dc615584 100% ▕███████████████████▏  149 B                         [K
pulling c5f9f560a704 100% ▕███████████████████▏ 1.1 KB                         [K
pulling 45ac4c662a77 100% ▕███████████████████▏   60 B                         [K
pulling 0611867ea67b 100% ▕███████████████████▏  409 B                         [K[?25h[?2026l[?2026h[?25l[A[A[A[A[A[A[A[1Ggathering model components [K
copying file sha256:055cfc12dd09f75a50737d62cbb323008095bf81e7dd1d075b30e6a7c129f6d3 100% [K
pulling manifest ⠹ [K
pulling b5374915da53 100% ▕███████████████████▏ 2.2 GB                         [K
pulling c608dc615584 100% ▕███████████████████▏  149 B                         [K
pulling c5f9f560a704 100% ▕███████████████████▏ 1.1 KB                         [K
pulling 45ac4c662a77 100% ▕███████████████████▏   60 B                         [K
pulling 0611867ea67b 100% ▕███████████████████▏  409 B                         [K[?25h[?2026l[?2026h[?25l[A[A[A[A[A[A[A[1Ggathering model components [K
copying file sha256:055cfc12dd09f75a50737d62cbb323008095bf81e7dd1d075b30e6a7c129f6d3 100% [K
pulling manifest ⠸ [K
pulling b5374915da53 100% ▕███████████████████▏ 2.2 GB                         [K
pulling c608dc615584 100% ▕███████████████████▏  149 B                         [K
pulling c5f9f560a704 100% ▕███████████████████▏ 1.1 KB                         [K
pulling 45ac4c662a77 100% ▕███████████████████▏   60 B                         [K
pulling 0611867ea67b 100% ▕███████████████████▏  409 B                         [K[?25h[?2026l[?2026h[?25l[A[A[A[A[A[A[A[1Ggathering model components [K
copying file sha256:055cfc12dd09f75a50737d62cbb323008095bf81e7dd1d075b30e6a7c129f6d3 100% [K
pulling manifest ⠼ [K
pulling b5374915da53 100% ▕███████████████████▏ 2.2 GB                         [K
pulling c608dc615584 100% ▕███████████████████▏  149 B                         [K
pulling c5f9f560a704 100% ▕███████████████████▏ 1.1 KB                         [K
pulling 45ac4c662a77 100% ▕███████████████████▏   60 B                         [K
pulling 0611867ea67b 100% ▕███████████████████▏  409 B                         [K[?25h[?2026l[?2026h[?25l[A[A[A[A[A[A[A[1Ggathering model components [K
copying file sha256:055cfc12dd09f75a50737d62cbb323008095bf81e7dd1d075b30e6a7c129f6d3 100% [K
pulling manifest [K
pulling b5374915da53 100% ▕███████████████████▏ 2.2 GB                         [K
pulling c608dc615584 100% ▕███████████████████▏  149 B                         [K
pulling c5f9f560a704 100% ▕███████████████████▏ 1.1 KB                         [K
pulling 45ac4c662a77 100% ▕███████████████████▏   60 B                         [K
pulling 0611867ea67b 100% ▕███████████████████▏  409 B                         [K
verifying sha256 digest ⠋ [K[?25h[?2026l[?2026h[?25l[A[A[A[A[A[A[A[A[1Ggathering model components [K
copying file sha256:055cfc12dd09f75a50737d62cbb323008095bf81e7dd1d075b30e6a7c129f6d3 100% [K
pulling manifest [K
pulling b5374915da53 100% ▕███████████████████▏ 2.2 GB                         [K
pulling c608dc615584 100% ▕███████████████████▏  149 B                         [K
pulling c5f9f560a704 100% ▕███████████████████▏ 1.1 KB                         [K
pulling 45ac4c662a77 100% ▕███████████████████▏   60 B                         [K
pulling 0611867ea67b 100% ▕███████████████████▏  409 B                         [K
verifying sha256 digest ⠙ [K[?25h[?2026l[?2026h[?25l[A[A[A[A[A[A[A[A[1Ggathering model components [K
copying file sha256:055cfc12dd09f75a50737d62cbb323008095bf81e7dd1d075b30e6a7c129f6d3 100% [K
pulling manifest [K
pulling b5374915da53 100% ▕███████████████████▏ 2.2 GB                         [K
pulling c608dc615584 100% ▕███████████████████▏  149 B                         [K
pulling c5f9f560a704 100% ▕███████████████████▏ 1.1 KB                         [K
pulling 45ac4c662a77 100% ▕███████████████████▏   60 B                         [K
pulling 0611867ea67b 100% ▕███████████████████▏  409 B                         [K
verifying sha256 digest ⠹ [K[?25h[?2026l[?2026h[?25l[A[A[A[A[A[A[A[A[1Ggathering model components [K
copying file sha256:055cfc12dd09f75a50737d62cbb323008095bf81e7dd1d075b30e6a7c129f6d3 100% [K
pulling manifest [K
pulling b5374915da53 100% ▕███████████████████▏ 2.2 GB                         [K
pulling c608dc615584 100% ▕███████████████████▏  149 B                         [K
pulling c5f9f560a704 100% ▕███████████████████▏ 1.1 KB                         [K
pulling 45ac4c662a77 100% ▕███████████████████▏   60 B                         [K
pulling 0611867ea67b 100% ▕███████████████████▏  409 B                         [K
verifying sha256 digest ⠸ [K[?25h[?2026l[?2026h[?25l[A[A[A[A[A[A[A[A[1Ggathering model components [K
copying file sha256:055cfc12dd09f75a50737d62cbb323008095bf81e7dd1d075b30e6a7c129f6d3 100% [K
pulling manifest [K
pulling b5374915da53 100% ▕███████████████████▏ 2.2 GB                         [K
pulling c608dc615584 100% ▕███████████████████▏  149 B                         [K
pulling c5f9f560a704 100% ▕███████████████████▏ 1.1 KB                         [K
pulling 45ac4c662a77 100% ▕███████████████████▏   60 B                         [K
pulling 0611867ea67b 100% ▕███████████████████▏  409 B                         [K
verifying sha256 digest ⠼ [K[?25h[?2026l[?2026h[?25l[A[A[A[A[A[A[A[A[1Ggathering model components [K
copying file sha256:055cfc12dd09f75a50737d62cbb323008095bf81e7dd1d075b30e6a7c129f6d3 100% [K
pulling manifest [K
pulling b5374915da53 100% ▕███████████████████▏ 2.2 GB                         [K
pulling c608dc615584 100% ▕███████████████████▏  149 B                         [K
pulling c5f9f560a704 100% ▕███████████████████▏ 1.1 KB                         [K
pulling 45ac4c662a77 100% ▕███████████████████▏   60 B                         [K
pulling 0611867ea67b 100% ▕███████████████████▏  409 B                         [K
verifying sha256 digest ⠴ [K[?25h[?2026l[?2026h[?25l[A[A[A[A[A[A[A[A[1Ggathering model components [K
copying file sha256:055cfc12dd09f75a50737d62cbb323008095bf81e7dd1d075b30e6a7c129f6d3 100% [K
pulling manifest [K
pulling b5374915da53 100% ▕███████████████████▏ 2.2 GB                         [K
pulling c608dc615584 100% ▕███████████████████▏  149 B                         [K
pulling c5f9f560a704 100% ▕███████████████████▏ 1.1 KB                         [K
pulling 45ac4c662a77 100% ▕███████████████████▏   60 B                         [K
pulling 0611867ea67b 100% ▕███████████████████▏  409 B                         [K
verifying sha256 digest ⠦ [K[?25h[?2026l[?2026h[?25l[A[A[A[A[A[A[A[A[1Ggathering model components [K
copying file sha256:055cfc12dd09f75a50737d62cbb323008095bf81e7dd1d075b30e6a7c129f6d3 100% [K
pulling manifest [K
pulling b5374915da53 100% ▕███████████████████▏ 2.2 GB                         [K
pulling c608dc615584 100% ▕███████████████████▏  149 B                         [K
pulling c5f9f560a704 100% ▕███████████████████▏ 1.1 KB                         [K
pulling 45ac4c662a77 100% ▕███████████████████▏   60 B                         [K
pulling 0611867ea67b 100% ▕███████████████████▏  409 B                         [K
verifying sha256 digest ⠧ [K[?25h[?2026l[?2026h[?25l[A[A[A[A[A[A[A[A[1Ggathering model components [K
copying file sha256:055cfc12dd09f75a50737d62cbb323008095bf81e7dd1d075b30e6a7c129f6d3 100% [K
pulling manifest [K
pulling b5374915da53 100% ▕███████████████████▏ 2.2 GB                         [K
pulling c608dc615584 100% ▕███████████████████▏  149 B                         [K
pulling c5f9f560a704 100% ▕███████████████████▏ 1.1 KB                         [K
pulling 45ac4c662a77 100% ▕███████████████████▏   60 B                         [K
pulling 0611867ea67b 100% ▕███████████████████▏  409 B                         [K
verifying sha256 digest ⠇ [K[?25h[?2026l[?2026h[?25l[A[A[A[A[A[A[A[A[1Ggathering model components [K
copying file sha256:055cfc12dd09f75a50737d62cbb323008095bf81e7dd1d075b30e6a7c129f6d3 100% [K
pulling manifest [K
pulling b5374915da53 100% ▕███████████████████▏ 2.2 GB                         [K
pulling c608dc615584 100% ▕███████████████████▏  149 B                         [K
pulling c5f9f560a704 100% ▕███████████████████▏ 1.1 KB                         [K
pulling 45ac4c662a77 100% ▕███████████████████▏   60 B                         [K
pulling 0611867ea67b 100% ▕███████████████████▏  409 B                         [K
verifying sha256 digest ⠏ [K[?25h[?2026l[?2026h[?25l[A[A[A[A[A[A[A[A[1Ggathering model components [K
copying file sha256:055cfc12dd09f75a50737d62cbb323008095bf81e7dd1d075b30e6a7c129f6d3 100% [K
pulling manifest [K
pulling b5374915da53 100% ▕███████████████████▏ 2.2 GB                         [K
pulling c608dc615584 100% ▕███████████████████▏  149 B                         [K
pulling c5f9f560a704 100% ▕███████████████████▏ 1.1 KB                         [K
pulling 45ac4c662a77 100% ▕███████████████████▏   60 B                         [K
pulling 0611867ea67b 100% ▕███████████████████▏  409 B                         [K
verifying sha256 digest ⠋ [K[?25h[?2026l[?2026h[?25l[A[A[A[A[A[A[A[A[1Ggathering model components [K
copying file sha256:055cfc12dd09f75a50737d62cbb323008095bf81e7dd1d075b30e6a7c129f6d3 100% [K
pulling manifest [K
pulling b5374915da53 100% ▕███████████████████▏ 2.2 GB                         [K
pulling c608dc615584 100% ▕███████████████████▏  149 B                         [K
pulling c5f9f560a704 100% ▕███████████████████▏ 1.1 KB                         [K
pulling 45ac4c662a77 100% ▕███████████████████▏   60 B                         [K
pulling 0611867ea67b 100% ▕███████████████████▏  409 B                         [K
verifying sha256 digest ⠙ [K[?25h[?2026l[?2026h[?25l[A[A[A[A[A[A[A[A[1Ggathering model components [K
copying file sha256:055cfc12dd09f75a50737d62cbb323008095bf81e7dd1d075b30e6a7c129f6d3 100% [K
pulling manifest [K
pulling b5374915da53 100% ▕███████████████████▏ 2.2 GB                         [K
pulling c608dc615584 100% ▕███████████████████▏  149 B                         [K
pulling c5f9f560a704 100% ▕███████████████████▏ 1.1 KB                         [K
pulling 45ac4c662a77 100% ▕███████████████████▏   60 B                         [K
pulling 0611867ea67b 100% ▕███████████████████▏  409 B                         [K
verifying sha256 digest ⠹ [K[?25h[?2026l[?2026h[?25l[A[A[A[A[A[A[A[A[1Ggathering model components [K
copying file sha256:055cfc12dd09f75a50737d62cbb323008095bf81e7dd1d075b30e6a7c129f6d3 100% [K
pulling manifest [K
pulling b5374915da53 100% ▕███████████████████▏ 2.2 GB                         [K
pulling c608dc615584 100% ▕███████████████████▏  149 B                         [K
pulling c5f9f560a704 100% ▕███████████████████▏ 1.1 KB                         [K
pulling 45ac4c662a77 100% ▕███████████████████▏   60 B                         [K
pulling 0611867ea67b 100% ▕███████████████████▏  409 B                         [K
verifying sha256 digest ⠸ [K[?25h[?2026l[?2026h[?25l[A[A[A[A[A[A[A[A[1Ggathering model components [K
copying file sha256:055cfc12dd09f75a50737d62cbb323008095bf81e7dd1d075b30e6a7c129f6d3 100% [K
pulling manifest [K
pulling b5374915da53 100% ▕███████████████████▏ 2.2 GB                         [K
pulling c608dc615584 100% ▕███████████████████▏  149 B                         [K
pulling c5f9f560a704 100% ▕███████████████████▏ 1.1 KB                         [K
pulling 45ac4c662a77 100% ▕███████████████████▏   60 B                         [K
pulling 0611867ea67b 100% ▕███████████████████▏  409 B                         [K
verifying sha256 digest ⠼ [K[?25h[?2026l[?2026h[?25l[A[A[A[A[A[A[A[A[1Ggathering model components [K
copying file sha256:055cfc12dd09f75a50737d62cbb323008095bf81e7dd1d075b30e6a7c129f6d3 100% [K
pulling manifest [K
pulling b5374915da53 100% ▕███████████████████▏ 2.2 GB                         [K
pulling c608dc615584 100% ▕███████████████████▏  149 B                         [K
pulling c5f9f560a704 100% ▕███████████████████▏ 1.1 KB                         [K
pulling 45ac4c662a77 100% ▕███████████████████▏   60 B                         [K
pulling 0611867ea67b 100% ▕███████████████████▏  409 B                         [K
verifying sha256 digest ⠴ [K[?25h[?2026l[?2026h[?25l[A[A[A[A[A[A[A[A[1Ggathering model components [K
copying file sha256:055cfc12dd09f75a50737d62cbb323008095bf81e7dd1d075b30e6a7c129f6d3 100% [K
pulling manifest [K
pulling b5374915da53 100% ▕███████████████████▏ 2.2 GB                         [K
pulling c608dc615584 100% ▕███████████████████▏  149 B                         [K
pulling c5f9f560a704 100% ▕███████████████████▏ 1.1 KB                         [K
pulling 45ac4c662a77 100% ▕███████████████████▏   60 B                         [K
pulling 0611867ea67b 100% ▕███████████████████▏  409 B                         [K
verifying sha256 digest ⠦ [K[?25h[?2026l[?2026h[?25l[A[A[A[A[A[A[A[A[1Ggathering model components [K
copying file sha256:055cfc12dd09f75a50737d62cbb323008095bf81e7dd1d075b30e6a7c129f6d3 100% [K
pulling manifest [K
pulling b5374915da53 100% ▕███████████████████▏ 2.2 GB                         [K
pulling c608dc615584 100% ▕███████████████████▏  149 B                         [K
pulling c5f9f560a704 100% ▕███████████████████▏ 1.1 KB                         [K
pulling 45ac4c662a77 100% ▕███████████████████▏   60 B                         [K
pulling 0611867ea67b 100% ▕███████████████████▏  409 B                         [K
verifying sha256 digest ⠧ [K[?25h[?2026l[?2026h[?25l[A[A[A[A[A[A[A[A[1Ggathering model components [K
copying file sha256:055cfc12dd09f75a50737d62cbb323008095bf81e7dd1d075b30e6a7c129f6d3 100% [K
pulling manifest [K
pulling b5374915da53 100% ▕███████████████████▏ 2.2 GB                         [K
pulling c608dc615584 100% ▕███████████████████▏  149 B                         [K
pulling c5f9f560a704 100% ▕███████████████████▏ 1.1 KB                         [K
pulling 45ac4c662a77 100% ▕███████████████████▏   60 B                         [K
pulling 0611867ea67b 100% ▕███████████████████▏  409 B                         [K
verifying sha256 digest ⠇ [K[?25h[?2026l[?2026h[?25l[A[A[A[A[A[A[A[A[1Ggathering model components [K
copying file sha256:055cfc12dd09f75a50737d62cbb323008095bf81e7dd1d075b30e6a7c129f6d3 100% [K
pulling manifest [K
pulling b5374915da53 100% ▕███████████████████▏ 2.2 GB                         [K
pulling c608dc615584 100% ▕███████████████████▏  149 B                         [K
pulling c5f9f560a704 100% ▕███████████████████▏ 1.1 KB                         [K
pulling 45ac4c662a77 100% ▕███████████████████▏   60 B                         [K
pulling 0611867ea67b 100% ▕███████████████████▏  409 B                         [K
verifying sha256 digest ⠏ [K[?25h[?2026l[?2026h[?25l[A[A[A[A[A[A[A[A[1Ggathering model components [K
copying file sha256:055cfc12dd09f75a50737d62cbb323008095bf81e7dd1d075b30e6a7c129f6d3 100% [K
pulling manifest [K
pulling b5374915da53 100% ▕███████████████████▏ 2.2 GB                         [K
pulling c608dc615584 100% ▕███████████████████▏  149 B                         [K
pulling c5f9f560a704 100% ▕███████████████████▏ 1.1 KB                         [K
pulling 45ac4c662a77 100% ▕███████████████████▏   60 B                         [K
pulling 0611867ea67b 100% ▕███████████████████▏  409 B                         [K
verifying sha256 digest ⠋ [K[?25h[?2026l[?2026h[?25l[A[A[A[A[A[A[A[A[1Ggathering model components [K
copying file sha256:055cfc12dd09f75a50737d62cbb323008095bf81e7dd1d075b30e6a7c129f6d3 100% [K
pulling manifest [K
pulling b5374915da53 100% ▕███████████████████▏ 2.2 GB                         [K
pulling c608dc615584 100% ▕███████████████████▏  149 B                         [K
pulling c5f9f560a704 100% ▕███████████████████▏ 1.1 KB                         [K
pulling 45ac4c662a77 100% ▕███████████████████▏   60 B                         [K
pulling 0611867ea67b 100% ▕███████████████████▏  409 B                         [K
verifying sha256 digest ⠙ [K[?25h[?2026l[?2026h[?25l[A[A[A[A[A[A[A[A[1Ggathering model components [K
copying file sha256:055cfc12dd09f75a50737d62cbb323008095bf81e7dd1d075b30e6a7c129f6d3 100% [K
pulling manifest [K
pulling b5374915da53 100% ▕███████████████████▏ 2.2 GB                         [K
pulling c608dc615584 100% ▕███████████████████▏  149 B                         [K
pulling c5f9f560a704 100% ▕███████████████████▏ 1.1 KB                         [K
pulling 45ac4c662a77 100% ▕███████████████████▏   60 B                         [K
pulling 0611867ea67b 100% ▕███████████████████▏  409 B                         [K
verifying sha256 digest ⠹ [K[?25h[?2026l[?2026h[?25l[A[A[A[A[A[A[A[A[1Ggathering model components [K
copying file sha256:055cfc12dd09f75a50737d62cbb323008095bf81e7dd1d075b30e6a7c129f6d3 100% [K
pulling manifest [K
pulling b5374915da53 100% ▕███████████████████▏ 2.2 GB                         [K
pulling c608dc615584 100% ▕███████████████████▏  149 B                         [K
pulling c5f9f560a704 100% ▕███████████████████▏ 1.1 KB                         [K
pulling 45ac4c662a77 100% ▕███████████████████▏   60 B                         [K
pulling 0611867ea67b 100% ▕███████████████████▏  409 B                         [K
verifying sha256 digest ⠸ [K[?25h[?2026l[?2026h[?25l[A[A[A[A[A[A[A[A[1Ggathering model components [K
copying file sha256:055cfc12dd09f75a50737d62cbb323008095bf81e7dd1d075b30e6a7c129f6d3 100% [K
pulling manifest [K
pulling b5374915da53 100% ▕███████████████████▏ 2.2 GB                         [K
pulling c608dc615584 100% ▕███████████████████▏  149 B                         [K
pulling c5f9f560a704 100% ▕███████████████████▏ 1.1 KB                         [K
pulling 45ac4c662a77 100% ▕███████████████████▏   60 B                         [K
pulling 0611867ea67b 100% ▕███████████████████▏  409 B                         [K
verifying sha256 digest ⠼ [K[?25h[?2026l[?2026h[?25l[A[A[A[A[A[A[A[A[1Ggathering model components [K
copying file sha256:055cfc12dd09f75a50737d62cbb323008095bf81e7dd1d075b30e6a7c129f6d3 100% [K
pulling manifest [K
pulling b5374915da53 100% ▕███████████████████▏ 2.2 GB                         [K
pulling c608dc615584 100% ▕███████████████████▏  149 B                         [K
pulling c5f9f560a704 100% ▕███████████████████▏ 1.1 KB                         [K
pulling 45ac4c662a77 100% ▕███████████████████▏   60 B                         [K
pulling 0611867ea67b 100% ▕███████████████████▏  409 B                         [K
verifying sha256 digest ⠴ [K[?25h[?2026l[?2026h[?25l[A[A[A[A[A[A[A[A[1Ggathering model components [K
copying file sha256:055cfc12dd09f75a50737d62cbb323008095bf81e7dd1d075b30e6a7c129f6d3 100% [K
pulling manifest [K
pulling b5374915da53 100% ▕███████████████████▏ 2.2 GB                         [K
pulling c608dc615584 100% ▕███████████████████▏  149 B                         [K
pulling c5f9f560a704 100% ▕███████████████████▏ 1.1 KB                         [K
pulling 45ac4c662a77 100% ▕███████████████████▏   60 B                         [K
pulling 0611867ea67b 100% ▕███████████████████▏  409 B                         [K
verifying sha256 digest ⠦ [K[?25h[?2026l[?2026h[?25l[A[A[A[A[A[A[A[A[1Ggathering model components [K
copying file sha256:055cfc12dd09f75a50737d62cbb323008095bf81e7dd1d075b30e6a7c129f6d3 100% [K
pulling manifest [K
pulling b5374915da53 100% ▕███████████████████▏ 2.2 GB                         [K
pulling c608dc615584 100% ▕███████████████████▏  149 B                         [K
pulling c5f9f560a704 100% ▕███████████████████▏ 1.1 KB                         [K
pulling 45ac4c662a77 100% ▕███████████████████▏   60 B                         [K
pulling 0611867ea67b 100% ▕███████████████████▏  409 B                         [K
verifying sha256 digest ⠧ [K[?25h[?2026l[?2026h[?25l[A[A[A[A[A[A[A[A[1Ggathering model components [K
copying file sha256:055cfc12dd09f75a50737d62cbb323008095bf81e7dd1d075b30e6a7c129f6d3 100% [K
pulling manifest [K
pulling b5374915da53 100% ▕███████████████████▏ 2.2 GB                         [K
pulling c608dc615584 100% ▕███████████████████▏  149 B                         [K
pulling c5f9f560a704 100% ▕███████████████████▏ 1.1 KB                         [K
pulling 45ac4c662a77 100% ▕███████████████████▏   60 B                         [K
pulling 0611867ea67b 100% ▕███████████████████▏  409 B                         [K
verifying sha256 digest ⠇ [K[?25h[?2026l[?2026h[?25l[A[A[A[A[A[A[A[A[1Ggathering model components [K
copying file sha256:055cfc12dd09f75a50737d62cbb323008095bf81e7dd1d075b30e6a7c129f6d3 100% [K
pulling manifest [K
pulling b5374915da53 100% ▕███████████████████▏ 2.2 GB                         [K
pulling c608dc615584 100% ▕███████████████████▏  149 B                         [K
pulling c5f9f560a704 100% ▕███████████████████▏ 1.1 KB                         [K
pulling 45ac4c662a77 100% ▕███████████████████▏   60 B                         [K
pulling 0611867ea67b 100% ▕███████████████████▏  409 B                         [K
verifying sha256 digest ⠏ [K[?25h[?2026l[?2026h[?25l[A[A[A[A[A[A[A[A[1Ggathering model components [K
copying file sha256:055cfc12dd09f75a50737d62cbb323008095bf81e7dd1d075b30e6a7c129f6d3 100% [K
pulling manifest [K
pulling b5374915da53 100% ▕███████████████████▏ 2.2 GB                         [K
pulling c608dc615584 100% ▕███████████████████▏  149 B                         [K
pulling c5f9f560a704 100% ▕███████████████████▏ 1.1 KB                         [K
pulling 45ac4c662a77 100% ▕███████████████████▏   60 B                         [K
pulling 0611867ea67b 100% ▕███████████████████▏  409 B                         [K
verifying sha256 digest ⠋ [K[?25h[?2026l[?2026h[?25l[A[A[A[A[A[A[A[A[1Ggathering model components [K
copying file sha256:055cfc12dd09f75a50737d62cbb323008095bf81e7dd1d075b30e6a7c129f6d3 100% [K
pulling manifest [K
pulling b5374915da53 100% ▕███████████████████▏ 2.2 GB                         [K
pulling c608dc615584 100% ▕███████████████████▏  149 B                         [K
pulling c5f9f560a704 100% ▕███████████████████▏ 1.1 KB                         [K
pulling 45ac4c662a77 100% ▕███████████████████▏   60 B                         [K
pulling 0611867ea67b 100% ▕███████████████████▏  409 B                         [K
verifying sha256 digest ⠙ [K[?25h[?2026l[?2026h[?25l[A[A[A[A[A[A[A[A[1Ggathering model components [K
copying file sha256:055cfc12dd09f75a50737d62cbb323008095bf81e7dd1d075b30e6a7c129f6d3 100% [K
pulling manifest [K
pulling b5374915da53 100% ▕███████████████████▏ 2.2 GB                         [K
pulling c608dc615584 100% ▕███████████████████▏  149 B                         [K
pulling c5f9f560a704 100% ▕███████████████████▏ 1.1 KB                         [K
pulling 45ac4c662a77 100% ▕███████████████████▏   60 B                         [K
pulling 0611867ea67b 100% ▕███████████████████▏  409 B                         [K
verifying sha256 digest ⠹ [K[?25h[?2026l[?2026h[?25l[A[A[A[A[A[A[A[A[1Ggathering model components [K
copying file sha256:055cfc12dd09f75a50737d62cbb323008095bf81e7dd1d075b30e6a7c129f6d3 100% [K
pulling manifest [K
pulling b5374915da53 100% ▕███████████████████▏ 2.2 GB                         [K
pulling c608dc615584 100% ▕███████████████████▏  149 B                         [K
pulling c5f9f560a704 100% ▕███████████████████▏ 1.1 KB                         [K
pulling 45ac4c662a77 100% ▕███████████████████▏   60 B                         [K
pulling 0611867ea67b 100% ▕███████████████████▏  409 B                         [K
verifying sha256 digest ⠸ [K[?25h[?2026l[?2026h[?25l[A[A[A[A[A[A[A[A[1Ggathering model components [K
copying file sha256:055cfc12dd09f75a50737d62cbb323008095bf81e7dd1d075b30e6a7c129f6d3 100% [K
pulling manifest [K
pulling b5374915da53 100% ▕███████████████████▏ 2.2 GB                         [K
pulling c608dc615584 100% ▕███████████████████▏  149 B                         [K
pulling c5f9f560a704 100% ▕███████████████████▏ 1.1 KB                         [K
pulling 45ac4c662a77 100% ▕███████████████████▏   60 B                         [K
pulling 0611867ea67b 100% ▕███████████████████▏  409 B                         [K
verifying sha256 digest ⠼ [K[?25h[?2026l[?2026h[?25l[A[A[A[A[A[A[A[A[1Ggathering model components [K
copying file sha256:055cfc12dd09f75a50737d62cbb323008095bf81e7dd1d075b30e6a7c129f6d3 100% [K
pulling manifest [K
pulling b5374915da53 100% ▕███████████████████▏ 2.2 GB                         [K
pulling c608dc615584 100% ▕███████████████████▏  149 B                         [K
pulling c5f9f560a704 100% ▕███████████████████▏ 1.1 KB                         [K
pulling 45ac4c662a77 100% ▕███████████████████▏   60 B                         [K
pulling 0611867ea67b 100% ▕███████████████████▏  409 B                         [K
verifying sha256 digest ⠴ [K[?25h[?2026l[?2026h[?25l[A[A[A[A[A[A[A[A[1Ggathering model components [K
copying file sha256:055cfc12dd09f75a50737d62cbb323008095bf81e7dd1d075b30e6a7c129f6d3 100% [K
pulling manifest [K
pulling b5374915da53 100% ▕███████████████████▏ 2.2 GB                         [K
pulling c608dc615584 100% ▕███████████████████▏  149 B                         [K
pulling c5f9f560a704 100% ▕███████████████████▏ 1.1 KB                         [K
pulling 45ac4c662a77 100% ▕███████████████████▏   60 B                         [K
pulling 0611867ea67b 100% ▕███████████████████▏  409 B                         [K
verifying sha256 digest ⠦ [K[?25h[?2026l[?2026h[?25l[A[A[A[A[A[A[A[A[1Ggathering model components [K
copying file sha256:055cfc12dd09f75a50737d62cbb323008095bf81e7dd1d075b30e6a7c129f6d3 100% [K
pulling manifest [K
pulling b5374915da53 100% ▕███████████████████▏ 2.2 GB                         [K
pulling c608dc615584 100% ▕███████████████████▏  149 B                         [K
pulling c5f9f560a704 100% ▕███████████████████▏ 1.1 KB                         [K
pulling 45ac4c662a77 100% ▕███████████████████▏   60 B                         [K
pulling 0611867ea67b 100% ▕███████████████████▏  409 B                         [K
verifying sha256 digest ⠧ [K[?25h[?2026l[?2026h[?25l[A[A[A[A[A[A[A[A[1Ggathering model components [K
copying file sha256:055cfc12dd09f75a50737d62cbb323008095bf81e7dd1d075b30e6a7c129f6d3 100% [K
pulling manifest [K
pulling b5374915da53 100% ▕███████████████████▏ 2.2 GB                         [K
pulling c608dc615584 100% ▕███████████████████▏  149 B                         [K
pulling c5f9f560a704 100% ▕███████████████████▏ 1.1 KB                         [K
pulling 45ac4c662a77 100% ▕███████████████████▏   60 B                         [K
pulling 0611867ea67b 100% ▕███████████████████▏  409 B                         [K
verifying sha256 digest ⠇ [K[?25h[?2026l[?2026h[?25l[A[A[A[A[A[A[A[A[1Ggathering model components [K
copying file sha256:055cfc12dd09f75a50737d62cbb323008095bf81e7dd1d075b30e6a7c129f6d3 100% [K
pulling manifest [K
pulling b5374915da53 100% ▕███████████████████▏ 2.2 GB                         [K
pulling c608dc615584 100% ▕███████████████████▏  149 B                         [K
pulling c5f9f560a704 100% ▕███████████████████▏ 1.1 KB                         [K
pulling 45ac4c662a77 100% ▕███████████████████▏   60 B                         [K
pulling 0611867ea67b 100% ▕███████████████████▏  409 B                         [K
verifying sha256 digest ⠏ [K[?25h[?2026l[?2026h[?25l[A[A[A[A[A[A[A[A[1Ggathering model components [K
copying file sha256:055cfc12dd09f75a50737d62cbb323008095bf81e7dd1d075b30e6a7c129f6d3 100% [K
pulling manifest [K
pulling b5374915da53 100% ▕███████████████████▏ 2.2 GB                         [K
pulling c608dc615584 100% ▕███████████████████▏  149 B                         [K
pulling c5f9f560a704 100% ▕███████████████████▏ 1.1 KB                         [K
pulling 45ac4c662a77 100% ▕███████████████████▏   60 B                         [K
pulling 0611867ea67b 100% ▕███████████████████▏  409 B                         [K
verifying sha256 digest ⠋ [K[?25h[?2026l[?2026h[?25l[A[A[A[A[A[A[A[A[1Ggathering model components [K
copying file sha256:055cfc12dd09f75a50737d62cbb323008095bf81e7dd1d075b30e6a7c129f6d3 100% [K
pulling manifest [K
pulling b5374915da53 100% ▕███████████████████▏ 2.2 GB                         [K
pulling c608dc615584 100% ▕███████████████████▏  149 B                         [K
pulling c5f9f560a704 100% ▕███████████████████▏ 1.1 KB                         [K
pulling 45ac4c662a77 100% ▕███████████████████▏   60 B                         [K
pulling 0611867ea67b 100% ▕███████████████████▏  409 B                         [K
verifying sha256 digest ⠙ [K[?25h[?2026l[?2026h[?25l[A[A[A[A[A[A[A[A[1Ggathering model components [K
copying file sha256:055cfc12dd09f75a50737d62cbb323008095bf81e7dd1d075b30e6a7c129f6d3 100% [K
pulling manifest [K
pulling b5374915da53 100% ▕███████████████████▏ 2.2 GB                         [K
pulling c608dc615584 100% ▕███████████████████▏  149 B                         [K
pulling c5f9f560a704 100% ▕███████████████████▏ 1.1 KB                         [K
pulling 45ac4c662a77 100% ▕███████████████████▏   60 B                         [K
pulling 0611867ea67b 100% ▕███████████████████▏  409 B                         [K
verifying sha256 digest ⠹ [K[?25h[?2026l[?2026h[?25l[A[A[A[A[A[A[A[A[1Ggathering model components [K
copying file sha256:055cfc12dd09f75a50737d62cbb323008095bf81e7dd1d075b30e6a7c129f6d3 100% [K
pulling manifest [K
pulling b5374915da53 100% ▕███████████████████▏ 2.2 GB                         [K
pulling c608dc615584 100% ▕███████████████████▏  149 B                         [K
pulling c5f9f560a704 100% ▕███████████████████▏ 1.1 KB                         [K
pulling 45ac4c662a77 100% ▕███████████████████▏   60 B                         [K
pulling 0611867ea67b 100% ▕███████████████████▏  409 B                         [K
verifying sha256 digest ⠸ [K[?25h[?2026l[?2026h[?25l[A[A[A[A[A[A[A[A[1Ggathering model components [K
copying file sha256:055cfc12dd09f75a50737d62cbb323008095bf81e7dd1d075b30e6a7c129f6d3 100% [K
pulling manifest [K
pulling b5374915da53 100% ▕███████████████████▏ 2.2 GB                         [K
pulling c608dc615584 100% ▕███████████████████▏  149 B                         [K
pulling c5f9f560a704 100% ▕███████████████████▏ 1.1 KB                         [K
pulling 45ac4c662a77 100% ▕███████████████████▏   60 B                         [K
pulling 0611867ea67b 100% ▕███████████████████▏  409 B                         [K
verifying sha256 digest ⠼ [K[?25h[?2026l[?2026h[?25l[A[A[A[A[A[A[A[A[1Ggathering model components [K
copying file sha256:055cfc12dd09f75a50737d62cbb323008095bf81e7dd1d075b30e6a7c129f6d3 100% [K
pulling manifest [K
pulling b5374915da53 100% ▕███████████████████▏ 2.2 GB                         [K
pulling c608dc615584 100% ▕███████████████████▏  149 B                         [K
pulling c5f9f560a704 100% ▕███████████████████▏ 1.1 KB                         [K
pulling 45ac4c662a77 100% ▕███████████████████▏   60 B                         [K
pulling 0611867ea67b 100% ▕███████████████████▏  409 B                         [K
verifying sha256 digest ⠴ [K[?25h[?2026l[?2026h[?25l[A[A[A[A[A[A[A[A[1Ggathering model components [K
copying file sha256:055cfc12dd09f75a50737d62cbb323008095bf81e7dd1d075b30e6a7c129f6d3 100% [K
pulling manifest [K
pulling b5374915da53 100% ▕███████████████████▏ 2.2 GB                         [K
pulling c608dc615584 100% ▕███████████████████▏  149 B                         [K
pulling c5f9f560a704 100% ▕███████████████████▏ 1.1 KB                         [K
pulling 45ac4c662a77 100% ▕███████████████████▏   60 B                         [K
pulling 0611867ea67b 100% ▕███████████████████▏  409 B                         [K
verifying sha256 digest ⠦ [K[?25h[?2026l[?2026h[?25l[A[A[A[A[A[A[A[A[1Ggathering model components [K
copying file sha256:055cfc12dd09f75a50737d62cbb323008095bf81e7dd1d075b30e6a7c129f6d3 100% [K
pulling manifest [K
pulling b5374915da53 100% ▕███████████████████▏ 2.2 GB                         [K
pulling c608dc615584 100% ▕███████████████████▏  149 B                         [K
pulling c5f9f560a704 100% ▕███████████████████▏ 1.1 KB                         [K
pulling 45ac4c662a77 100% ▕███████████████████▏   60 B                         [K
pulling 0611867ea67b 100% ▕███████████████████▏  409 B                         [K
verifying sha256 digest ⠧ [K[?25h[?2026l[?2026h[?25l[A[A[A[A[A[A[A[A[1Ggathering model components [K
copying file sha256:055cfc12dd09f75a50737d62cbb323008095bf81e7dd1d075b30e6a7c129f6d3 100% [K
pulling manifest [K
pulling b5374915da53 100% ▕███████████████████▏ 2.2 GB                         [K
pulling c608dc615584 100% ▕███████████████████▏  149 B                         [K
pulling c5f9f560a704 100% ▕███████████████████▏ 1.1 KB                         [K
pulling 45ac4c662a77 100% ▕███████████████████▏   60 B                         [K
pulling 0611867ea67b 100% ▕███████████████████▏  409 B                         [K
verifying sha256 digest ⠇ [K[?25h[?2026l[?2026h[?25l[A[A[A[A[A[A[A[A[1Ggathering model components [K
copying file sha256:055cfc12dd09f75a50737d62cbb323008095bf81e7dd1d075b30e6a7c129f6d3 100% [K
pulling manifest [K
pulling b5374915da53 100% ▕███████████████████▏ 2.2 GB                         [K
pulling c608dc615584 100% ▕███████████████████▏  149 B                         [K
pulling c5f9f560a704 100% ▕███████████████████▏ 1.1 KB                         [K
pulling 45ac4c662a77 100% ▕███████████████████▏   60 B                         [K
pulling 0611867ea67b 100% ▕███████████████████▏  409 B                         [K
verifying sha256 digest ⠏ [K[?25h[?2026l[?2026h[?25l[A[A[A[A[A[A[A[A[1Ggathering model components [K
copying file sha256:055cfc12dd09f75a50737d62cbb323008095bf81e7dd1d075b30e6a7c129f6d3 100% [K
pulling manifest [K
pulling b5374915da53 100% ▕███████████████████▏ 2.2 GB                         [K
pulling c608dc615584 100% ▕███████████████████▏  149 B                         [K
pulling c5f9f560a704 100% ▕███████████████████▏ 1.1 KB                         [K
pulling 45ac4c662a77 100% ▕███████████████████▏   60 B                         [K
pulling 0611867ea67b 100% ▕███████████████████▏  409 B                         [K
verifying sha256 digest ⠋ [K[?25h[?2026l[?2026h[?25l[A[A[A[A[A[A[A[A[1Ggathering model components [K
copying file sha256:055cfc12dd09f75a50737d62cbb323008095bf81e7dd1d075b30e6a7c129f6d3 100% [K
pulling manifest [K
pulling b5374915da53 100% ▕███████████████████▏ 2.2 GB                         [K
pulling c608dc615584 100% ▕███████████████████▏  149 B                         [K
pulling c5f9f560a704 100% ▕███████████████████▏ 1.1 KB                         [K
pulling 45ac4c662a77 100% ▕███████████████████▏   60 B                         [K
pulling 0611867ea67b 100% ▕███████████████████▏  409 B                         [K
verifying sha256 digest ⠙ [K[?25h[?2026l[?2026h[?25l[A[A[A[A[A[A[A[A[1Ggathering model components [K
copying file sha256:055cfc12dd09f75a50737d62cbb323008095bf81e7dd1d075b30e6a7c129f6d3 100% [K
pulling manifest [K
pulling b5374915da53 100% ▕███████████████████▏ 2.2 GB                         [K
pulling c608dc615584 100% ▕███████████████████▏  149 B                         [K
pulling c5f9f560a704 100% ▕███████████████████▏ 1.1 KB                         [K
pulling 45ac4c662a77 100% ▕███████████████████▏   60 B                         [K
pulling 0611867ea67b 100% ▕███████████████████▏  409 B                         [K
verifying sha256 digest ⠹ [K[?25h[?2026l[?2026h[?25l[A[A[A[A[A[A[A[A[1Ggathering model components [K
copying file sha256:055cfc12dd09f75a50737d62cbb323008095bf81e7dd1d075b30e6a7c129f6d3 100% [K
pulling manifest [K
pulling b5374915da53 100% ▕███████████████████▏ 2.2 GB                         [K
pulling c608dc615584 100% ▕███████████████████▏  149 B                         [K
pulling c5f9f560a704 100% ▕███████████████████▏ 1.1 KB                         [K
pulling 45ac4c662a77 100% ▕███████████████████▏   60 B                         [K
pulling 0611867ea67b 100% ▕███████████████████▏  409 B                         [K
verifying sha256 digest ⠸ [K[?25h[?2026l[?2026h[?25l[A[A[A[A[A[A[A[A[1Ggathering model components [K
copying file sha256:055cfc12dd09f75a50737d62cbb323008095bf81e7dd1d075b30e6a7c129f6d3 100% [K
pulling manifest [K
pulling b5374915da53 100% ▕███████████████████▏ 2.2 GB                         [K
pulling c608dc615584 100% ▕███████████████████▏  149 B                         [K
pulling c5f9f560a704 100% ▕███████████████████▏ 1.1 KB                         [K
pulling 45ac4c662a77 100% ▕███████████████████▏   60 B                         [K
pulling 0611867ea67b 100% ▕███████████████████▏  409 B                         [K
verifying sha256 digest ⠼ [K[?25h[?2026l[?2026h[?25l[A[A[A[A[A[A[A[A[1Ggathering model components [K
copying file sha256:055cfc12dd09f75a50737d62cbb323008095bf81e7dd1d075b30e6a7c129f6d3 100% [K
pulling manifest [K
pulling b5374915da53 100% ▕███████████████████▏ 2.2 GB                         [K
pulling c608dc615584 100% ▕███████████████████▏  149 B                         [K
pulling c5f9f560a704 100% ▕███████████████████▏ 1.1 KB                         [K
pulling 45ac4c662a77 100% ▕███████████████████▏   60 B                         [K
pulling 0611867ea67b 100% ▕███████████████████▏  409 B                         [K
verifying sha256 digest ⠴ [K[?25h[?2026l[?2026h[?25l[A[A[A[A[A[A[A[A[1Ggathering model components [K
copying file sha256:055cfc12dd09f75a50737d62cbb323008095bf81e7dd1d075b30e6a7c129f6d3 100% [K
pulling manifest [K
pulling b5374915da53 100% ▕███████████████████▏ 2.2 GB                         [K
pulling c608dc615584 100% ▕███████████████████▏  149 B                         [K
pulling c5f9f560a704 100% ▕███████████████████▏ 1.1 KB                         [K
pulling 45ac4c662a77 100% ▕███████████████████▏   60 B                         [K
pulling 0611867ea67b 100% ▕███████████████████▏  409 B                         [K
verifying sha256 digest ⠦ [K[?25h[?2026l[?2026h[?25l[A[A[A[A[A[A[A[A[1Ggathering model components [K
copying file sha256:055cfc12dd09f75a50737d62cbb323008095bf81e7dd1d075b30e6a7c129f6d3 100% [K
pulling manifest [K
pulling b5374915da53 100% ▕███████████████████▏ 2.2 GB                         [K
pulling c608dc615584 100% ▕███████████████████▏  149 B                         [K
pulling c5f9f560a704 100% ▕███████████████████▏ 1.1 KB                         [K
pulling 45ac4c662a77 100% ▕███████████████████▏   60 B                         [K
pulling 0611867ea67b 100% ▕███████████████████▏  409 B                         [K
verifying sha256 digest ⠧ [K[?25h[?2026l[?2026h[?25l[A[A[A[A[A[A[A[A[1Ggathering model components [K
copying file sha256:055cfc12dd09f75a50737d62cbb323008095bf81e7dd1d075b30e6a7c129f6d3 100% [K
pulling manifest [K
pulling b5374915da53 100% ▕███████████████████▏ 2.2 GB                         [K
pulling c608dc615584 100% ▕███████████████████▏  149 B                         [K
pulling c5f9f560a704 100% ▕███████████████████▏ 1.1 KB                         [K
pulling 45ac4c662a77 100% ▕███████████████████▏   60 B                         [K
pulling 0611867ea67b 100% ▕███████████████████▏  409 B                         [K
verifying sha256 digest ⠇ [K[?25h[?2026l[?2026h[?25l[A[A[A[A[A[A[A[A[1Ggathering model components [K
copying file sha256:055cfc12dd09f75a50737d62cbb323008095bf81e7dd1d075b30e6a7c129f6d3 100% [K
pulling manifest [K
pulling b5374915da53 100% ▕███████████████████▏ 2.2 GB                         [K
pulling c608dc615584 100% ▕███████████████████▏  149 B                         [K
pulling c5f9f560a704 100% ▕███████████████████▏ 1.1 KB                         [K
pulling 45ac4c662a77 100% ▕███████████████████▏   60 B                         [K
pulling 0611867ea67b 100% ▕███████████████████▏  409 B                         [K
verifying sha256 digest ⠏ [K[?25h[?2026l[?2026h[?25l[A[A[A[A[A[A[A[A[1Ggathering model components [K
copying file sha256:055cfc12dd09f75a50737d62cbb323008095bf81e7dd1d075b30e6a7c129f6d3 100% [K
pulling manifest [K
pulling b5374915da53 100% ▕███████████████████▏ 2.2 GB                         [K
pulling c608dc615584 100% ▕███████████████████▏  149 B                         [K
pulling c5f9f560a704 100% ▕███████████████████▏ 1.1 KB                         [K
pulling 45ac4c662a77 100% ▕███████████████████▏   60 B                         [K
pulling 0611867ea67b 100% ▕███████████████████▏  409 B                         [K
verifying sha256 digest ⠋ [K[?25h[?2026l[?2026h[?25l[A[A[A[A[A[A[A[A[1Ggathering model components [K
copying file sha256:055cfc12dd09f75a50737d62cbb323008095bf81e7dd1d075b30e6a7c129f6d3 100% [K
pulling manifest [K
pulling b5374915da53 100% ▕███████████████████▏ 2.2 GB                         [K
pulling c608dc615584 100% ▕███████████████████▏  149 B                         [K
pulling c5f9f560a704 100% ▕███████████████████▏ 1.1 KB                         [K
pulling 45ac4c662a77 100% ▕███████████████████▏   60 B                         [K
pulling 0611867ea67b 100% ▕███████████████████▏  409 B                         [K
verifying sha256 digest ⠙ [K[?25h[?2026l[?2026h[?25l[A[A[A[A[A[A[A[A[1Ggathering model components [K
copying file sha256:055cfc12dd09f75a50737d62cbb323008095bf81e7dd1d075b30e6a7c129f6d3 100% [K
pulling manifest [K
pulling b5374915da53 100% ▕███████████████████▏ 2.2 GB                         [K
pulling c608dc615584 100% ▕███████████████████▏  149 B                         [K
pulling c5f9f560a704 100% ▕███████████████████▏ 1.1 KB                         [K
pulling 45ac4c662a77 100% ▕███████████████████▏   60 B                         [K
pulling 0611867ea67b 100% ▕███████████████████▏  409 B                         [K
verifying sha256 digest ⠹ [K[?25h[?2026l[?2026h[?25l[A[A[A[A[A[A[A[A[1Ggathering model components [K
copying file sha256:055cfc12dd09f75a50737d62cbb323008095bf81e7dd1d075b30e6a7c129f6d3 100% [K
pulling manifest [K
pulling b5374915da53 100% ▕███████████████████▏ 2.2 GB                         [K
pulling c608dc615584 100% ▕███████████████████▏  149 B                         [K
pulling c5f9f560a704 100% ▕███████████████████▏ 1.1 KB                         [K
pulling 45ac4c662a77 100% ▕███████████████████▏   60 B                         [K
pulling 0611867ea67b 100% ▕███████████████████▏  409 B                         [K
verifying sha256 digest ⠸ [K[?25h[?2026l[?2026h[?25l[A[A[A[A[A[A[A[A[1Ggathering model components [K
copying file sha256:055cfc12dd09f75a50737d62cbb323008095bf81e7dd1d075b30e6a7c129f6d3 100% [K
pulling manifest [K
pulling b5374915da53 100% ▕███████████████████▏ 2.2 GB                         [K
pulling c608dc615584 100% ▕███████████████████▏  149 B                         [K
pulling c5f9f560a704 100% ▕███████████████████▏ 1.1 KB                         [K
pulling 45ac4c662a77 100% ▕███████████████████▏   60 B                         [K
pulling 0611867ea67b 100% ▕███████████████████▏  409 B                         [K
verifying sha256 digest ⠼ [K[?25h[?2026l[?2026h[?25l[A[A[A[A[A[A[A[A[1Ggathering model components [K
copying file sha256:055cfc12dd09f75a50737d62cbb323008095bf81e7dd1d075b30e6a7c129f6d3 100% [K
pulling manifest [K
pulling b5374915da53 100% ▕███████████████████▏ 2.2 GB                         [K
pulling c608dc615584 100% ▕███████████████████▏  149 B                         [K
pulling c5f9f560a704 100% ▕███████████████████▏ 1.1 KB                         [K
pulling 45ac4c662a77 100% ▕███████████████████▏   60 B                         [K
pulling 0611867ea67b 100% ▕███████████████████▏  409 B                         [K
verifying sha256 digest ⠴ [K[?25h[?2026l[?2026h[?25l[A[A[A[A[A[A[A[A[1Ggathering model components [K
copying file sha256:055cfc12dd09f75a50737d62cbb323008095bf81e7dd1d075b30e6a7c129f6d3 100% [K
pulling manifest [K
pulling b5374915da53 100% ▕███████████████████▏ 2.2 GB                         [K
pulling c608dc615584 100% ▕███████████████████▏  149 B                         [K
pulling c5f9f560a704 100% ▕███████████████████▏ 1.1 KB                         [K
pulling 45ac4c662a77 100% ▕███████████████████▏   60 B                         [K
pulling 0611867ea67b 100% ▕███████████████████▏  409 B                         [K
verifying sha256 digest ⠦ [K[?25h[?2026l[?2026h[?25l[A[A[A[A[A[A[A[A[1Ggathering model components [K
copying file sha256:055cfc12dd09f75a50737d62cbb323008095bf81e7dd1d075b30e6a7c129f6d3 100% [K
pulling manifest [K
pulling b5374915da53 100% ▕███████████████████▏ 2.2 GB                         [K
pulling c608dc615584 100% ▕███████████████████▏  149 B                         [K
pulling c5f9f560a704 100% ▕███████████████████▏ 1.1 KB                         [K
pulling 45ac4c662a77 100% ▕███████████████████▏   60 B                         [K
pulling 0611867ea67b 100% ▕███████████████████▏  409 B                         [K
verifying sha256 digest ⠧ [K[?25h[?2026l[?2026h[?25l[A[A[A[A[A[A[A[A[1Ggathering model components [K
copying file sha256:055cfc12dd09f75a50737d62cbb323008095bf81e7dd1d075b30e6a7c129f6d3 100% [K
pulling manifest [K
pulling b5374915da53 100% ▕███████████████████▏ 2.2 GB                         [K
pulling c608dc615584 100% ▕███████████████████▏  149 B                         [K
pulling c5f9f560a704 100% ▕███████████████████▏ 1.1 KB                         [K
pulling 45ac4c662a77 100% ▕███████████████████▏   60 B                         [K
pulling 0611867ea67b 100% ▕███████████████████▏  409 B                         [K
verifying sha256 digest ⠇ [K[?25h[?2026l[?2026h[?25l[A[A[A[A[A[A[A[A[1Ggathering model components [K
copying file sha256:055cfc12dd09f75a50737d62cbb323008095bf81e7dd1d075b30e6a7c129f6d3 100% [K
pulling manifest [K
pulling b5374915da53 100% ▕███████████████████▏ 2.2 GB                         [K
pulling c608dc615584 100% ▕███████████████████▏  149 B                         [K
pulling c5f9f560a704 100% ▕███████████████████▏ 1.1 KB                         [K
pulling 45ac4c662a77 100% ▕███████████████████▏   60 B                         [K
pulling 0611867ea67b 100% ▕███████████████████▏  409 B                         [K
verifying sha256 digest ⠏ [K[?25h[?2026l[?2026h[?25l[A[A[A[A[A[A[A[A[1Ggathering model components [K
copying file sha256:055cfc12dd09f75a50737d62cbb323008095bf81e7dd1d075b30e6a7c129f6d3 100% [K
pulling manifest [K
pulling b5374915da53 100% ▕███████████████████▏ 2.2 GB                         [K
pulling c608dc615584 100% ▕███████████████████▏  149 B                         [K
pulling c5f9f560a704 100% ▕███████████████████▏ 1.1 KB                         [K
pulling 45ac4c662a77 100% ▕███████████████████▏   60 B                         [K
pulling 0611867ea67b 100% ▕███████████████████▏  409 B                         [K
verifying sha256 digest ⠋ [K[?25h[?2026l[?2026h[?25l[A[A[A[A[A[A[A[A[1Ggathering model components [K
copying file sha256:055cfc12dd09f75a50737d62cbb323008095bf81e7dd1d075b30e6a7c129f6d3 100% [K
pulling manifest [K
pulling b5374915da53 100% ▕███████████████████▏ 2.2 GB                         [K
pulling c608dc615584 100% ▕███████████████████▏  149 B                         [K
pulling c5f9f560a704 100% ▕███████████████████▏ 1.1 KB                         [K
pulling 45ac4c662a77 100% ▕███████████████████▏   60 B                         [K
pulling 0611867ea67b 100% ▕███████████████████▏  409 B                         [K
verifying sha256 digest ⠙ [K[?25h[?2026l[?2026h[?25l[A[A[A[A[A[A[A[A[1Ggathering model components [K
copying file sha256:055cfc12dd09f75a50737d62cbb323008095bf81e7dd1d075b30e6a7c129f6d3 100% [K
pulling manifest [K
pulling b5374915da53 100% ▕███████████████████▏ 2.2 GB                         [K
pulling c608dc615584 100% ▕███████████████████▏  149 B                         [K
pulling c5f9f560a704 100% ▕███████████████████▏ 1.1 KB                         [K
pulling 45ac4c662a77 100% ▕███████████████████▏   60 B                         [K
pulling 0611867ea67b 100% ▕███████████████████▏  409 B                         [K
verifying sha256 digest ⠹ [K[?25h[?2026l[?2026h[?25l[A[A[A[A[A[A[A[A[1Ggathering model components [K
copying file sha256:055cfc12dd09f75a50737d62cbb323008095bf81e7dd1d075b30e6a7c129f6d3 100% [K
pulling manifest [K
pulling b5374915da53 100% ▕███████████████████▏ 2.2 GB                         [K
pulling c608dc615584 100% ▕███████████████████▏  149 B                         [K
pulling c5f9f560a704 100% ▕███████████████████▏ 1.1 KB                         [K
pulling 45ac4c662a77 100% ▕███████████████████▏   60 B                         [K
pulling 0611867ea67b 100% ▕███████████████████▏  409 B                         [K
verifying sha256 digest ⠸ [K[?25h[?2026l[?2026h[?25l[A[A[A[A[A[A[A[A[1Ggathering model components [K
copying file sha256:055cfc12dd09f75a50737d62cbb323008095bf81e7dd1d075b30e6a7c129f6d3 100% [K
pulling manifest [K
pulling b5374915da53 100% ▕███████████████████▏ 2.2 GB                         [K
pulling c608dc615584 100% ▕███████████████████▏  149 B                         [K
pulling c5f9f560a704 100% ▕███████████████████▏ 1.1 KB                         [K
pulling 45ac4c662a77 100% ▕███████████████████▏   60 B                         [K
pulling 0611867ea67b 100% ▕███████████████████▏  409 B                         [K
verifying sha256 digest ⠼ [K[?25h[?2026l[?2026h[?25l[A[A[A[A[A[A[A[A[1Ggathering model components [K
copying file sha256:055cfc12dd09f75a50737d62cbb323008095bf81e7dd1d075b30e6a7c129f6d3 100% [K
pulling manifest [K
pulling b5374915da53 100% ▕███████████████████▏ 2.2 GB                         [K
pulling c608dc615584 100% ▕███████████████████▏  149 B                         [K
pulling c5f9f560a704 100% ▕███████████████████▏ 1.1 KB                         [K
pulling 45ac4c662a77 100% ▕███████████████████▏   60 B                         [K
pulling 0611867ea67b 100% ▕███████████████████▏  409 B                         [K
verifying sha256 digest ⠴ [K[?25h[?2026l[?2026h[?25l[A[A[A[A[A[A[A[A[1Ggathering model components [K
copying file sha256:055cfc12dd09f75a50737d62cbb323008095bf81e7dd1d075b30e6a7c129f6d3 100% [K
pulling manifest [K
pulling b5374915da53 100% ▕███████████████████▏ 2.2 GB                         [K
pulling c608dc615584 100% ▕███████████████████▏  149 B                         [K
pulling c5f9f560a704 100% ▕███████████████████▏ 1.1 KB                         [K
pulling 45ac4c662a77 100% ▕███████████████████▏   60 B                         [K
pulling 0611867ea67b 100% ▕███████████████████▏  409 B                         [K
verifying sha256 digest ⠦ [K[?25h[?2026l[?2026h[?25l[A[A[A[A[A[A[A[A[1Ggathering model components [K
copying file sha256:055cfc12dd09f75a50737d62cbb323008095bf81e7dd1d075b30e6a7c129f6d3 100% [K
pulling manifest [K
pulling b5374915da53 100% ▕███████████████████▏ 2.2 GB                         [K
pulling c608dc615584 100% ▕███████████████████▏  149 B                         [K
pulling c5f9f560a704 100% ▕███████████████████▏ 1.1 KB                         [K
pulling 45ac4c662a77 100% ▕███████████████████▏   60 B                         [K
pulling 0611867ea67b 100% ▕███████████████████▏  409 B                         [K
verifying sha256 digest ⠧ [K[?25h[?2026l[?2026h[?25l[A[A[A[A[A[A[A[A[1Ggathering model components [K
copying file sha256:055cfc12dd09f75a50737d62cbb323008095bf81e7dd1d075b30e6a7c129f6d3 100% [K
pulling manifest [K
pulling b5374915da53 100% ▕███████████████████▏ 2.2 GB                         [K
pulling c608dc615584 100% ▕███████████████████▏  149 B                         [K
pulling c5f9f560a704 100% ▕███████████████████▏ 1.1 KB                         [K
pulling 45ac4c662a77 100% ▕███████████████████▏   60 B                         [K
pulling 0611867ea67b 100% ▕███████████████████▏  409 B                         [K
verifying sha256 digest ⠇ [K[?25h[?2026l[?2026h[?25l[A[A[A[A[A[A[A[A[1Ggathering model components [K
copying file sha256:055cfc12dd09f75a50737d62cbb323008095bf81e7dd1d075b30e6a7c129f6d3 100% [K
pulling manifest [K
pulling b5374915da53 100% ▕███████████████████▏ 2.2 GB                         [K
pulling c608dc615584 100% ▕███████████████████▏  149 B                         [K
pulling c5f9f560a704 100% ▕███████████████████▏ 1.1 KB                         [K
pulling 45ac4c662a77 100% ▕███████████████████▏   60 B                         [K
pulling 0611867ea67b 100% ▕███████████████████▏  409 B                         [K
verifying sha256 digest ⠏ [K[?25h[?2026l[?2026h[?25l[A[A[A[A[A[A[A[A[1Ggathering model components [K
copying file sha256:055cfc12dd09f75a50737d62cbb323008095bf81e7dd1d075b30e6a7c129f6d3 100% [K
pulling manifest [K
pulling b5374915da53 100% ▕███████████████████▏ 2.2 GB                         [K
pulling c608dc615584 100% ▕███████████████████▏  149 B                         [K
pulling c5f9f560a704 100% ▕███████████████████▏ 1.1 KB                         [K
pulling 45ac4c662a77 100% ▕███████████████████▏   60 B                         [K
pulling 0611867ea67b 100% ▕███████████████████▏  409 B                         [K
verifying sha256 digest ⠋ [K[?25h[?2026l[?2026h[?25l[A[A[A[A[A[A[A[A[1Ggathering model components [K
copying file sha256:055cfc12dd09f75a50737d62cbb323008095bf81e7dd1d075b30e6a7c129f6d3 100% [K
pulling manifest [K
pulling b5374915da53 100% ▕███████████████████▏ 2.2 GB                         [K
pulling c608dc615584 100% ▕███████████████████▏  149 B                         [K
pulling c5f9f560a704 100% ▕███████████████████▏ 1.1 KB                         [K
pulling 45ac4c662a77 100% ▕███████████████████▏   60 B                         [K
pulling 0611867ea67b 100% ▕███████████████████▏  409 B                         [K
verifying sha256 digest ⠙ [K[?25h[?2026l[?2026h[?25l[A[A[A[A[A[A[A[A[1Ggathering model components [K
copying file sha256:055cfc12dd09f75a50737d62cbb323008095bf81e7dd1d075b30e6a7c129f6d3 100% [K
pulling manifest [K
pulling b5374915da53 100% ▕███████████████████▏ 2.2 GB                         [K
pulling c608dc615584 100% ▕███████████████████▏  149 B                         [K
pulling c5f9f560a704 100% ▕███████████████████▏ 1.1 KB                         [K
pulling 45ac4c662a77 100% ▕███████████████████▏   60 B                         [K
pulling 0611867ea67b 100% ▕███████████████████▏  409 B                         [K
verifying sha256 digest ⠹ [K[?25h[?2026l[?2026h[?25l[A[A[A[A[A[A[A[A[1Ggathering model components [K
copying file sha256:055cfc12dd09f75a50737d62cbb323008095bf81e7dd1d075b30e6a7c129f6d3 100% [K
pulling manifest [K
pulling b5374915da53 100% ▕███████████████████▏ 2.2 GB                         [K
pulling c608dc615584 100% ▕███████████████████▏  149 B                         [K
pulling c5f9f560a704 100% ▕███████████████████▏ 1.1 KB                         [K
pulling 45ac4c662a77 100% ▕███████████████████▏   60 B                         [K
pulling 0611867ea67b 100% ▕███████████████████▏  409 B                         [K
verifying sha256 digest ⠸ [K[?25h[?2026l[?2026h[?25l[A[A[A[A[A[A[A[A[1Ggathering model components [K
copying file sha256:055cfc12dd09f75a50737d62cbb323008095bf81e7dd1d075b30e6a7c129f6d3 100% [K
pulling manifest [K
pulling b5374915da53 100% ▕███████████████████▏ 2.2 GB                         [K
pulling c608dc615584 100% ▕███████████████████▏  149 B                         [K
pulling c5f9f560a704 100% ▕███████████████████▏ 1.1 KB                         [K
pulling 45ac4c662a77 100% ▕███████████████████▏   60 B                         [K
pulling 0611867ea67b 100% ▕███████████████████▏  409 B                         [K
verifying sha256 digest ⠼ [K[?25h[?2026l[?2026h[?25l[A[A[A[A[A[A[A[A[1Ggathering model components [K
copying file sha256:055cfc12dd09f75a50737d62cbb323008095bf81e7dd1d075b30e6a7c129f6d3 100% [K
pulling manifest [K
pulling b5374915da53 100% ▕███████████████████▏ 2.2 GB                         [K
pulling c608dc615584 100% ▕███████████████████▏  149 B                         [K
pulling c5f9f560a704 100% ▕███████████████████▏ 1.1 KB                         [K
pulling 45ac4c662a77 100% ▕███████████████████▏   60 B                         [K
pulling 0611867ea67b 100% ▕███████████████████▏  409 B                         [K
verifying sha256 digest ⠴ [K[?25h[?2026l[?2026h[?25l[A[A[A[A[A[A[A[A[1Ggathering model components [K
copying file sha256:055cfc12dd09f75a50737d62cbb323008095bf81e7dd1d075b30e6a7c129f6d3 100% [K
pulling manifest [K
pulling b5374915da53 100% ▕███████████████████▏ 2.2 GB                         [K
pulling c608dc615584 100% ▕███████████████████▏  149 B                         [K
pulling c5f9f560a704 100% ▕███████████████████▏ 1.1 KB                         [K
pulling 45ac4c662a77 100% ▕███████████████████▏   60 B                         [K
pulling 0611867ea67b 100% ▕███████████████████▏  409 B                         [K
verifying sha256 digest ⠦ [K[?25h[?2026l[?2026h[?25l[A[A[A[A[A[A[A[A[1Ggathering model components [K
copying file sha256:055cfc12dd09f75a50737d62cbb323008095bf81e7dd1d075b30e6a7c129f6d3 100% [K
pulling manifest [K
pulling b5374915da53 100% ▕███████████████████▏ 2.2 GB                         [K
pulling c608dc615584 100% ▕███████████████████▏  149 B                         [K
pulling c5f9f560a704 100% ▕███████████████████▏ 1.1 KB                         [K
pulling 45ac4c662a77 100% ▕███████████████████▏   60 B                         [K
pulling 0611867ea67b 100% ▕███████████████████▏  409 B                         [K
verifying sha256 digest ⠧ [K[?25h[?2026l[?2026h[?25l[A[A[A[A[A[A[A[A[1Ggathering model components [K
copying file sha256:055cfc12dd09f75a50737d62cbb323008095bf81e7dd1d075b30e6a7c129f6d3 100% [K
pulling manifest [K
pulling b5374915da53 100% ▕███████████████████▏ 2.2 GB                         [K
pulling c608dc615584 100% ▕███████████████████▏  149 B                         [K
pulling c5f9f560a704 100% ▕███████████████████▏ 1.1 KB                         [K
pulling 45ac4c662a77 100% ▕███████████████████▏   60 B                         [K
pulling 0611867ea67b 100% ▕███████████████████▏  409 B                         [K
verifying sha256 digest ⠇ [K[?25h[?2026l[?2026h[?25l[A[A[A[A[A[A[A[A[1Ggathering model components [K
copying file sha256:055cfc12dd09f75a50737d62cbb323008095bf81e7dd1d075b30e6a7c129f6d3 100% [K
pulling manifest [K
pulling b5374915da53 100% ▕███████████████████▏ 2.2 GB                         [K
pulling c608dc615584 100% ▕███████████████████▏  149 B                         [K
pulling c5f9f560a704 100% ▕███████████████████▏ 1.1 KB                         [K
pulling 45ac4c662a77 100% ▕███████████████████▏   60 B                         [K
pulling 0611867ea67b 100% ▕███████████████████▏  409 B                         [K
verifying sha256 digest ⠏ [K[?25h[?2026l[?2026h[?25l[A[A[A[A[A[A[A[A[1Ggathering model components [K
copying file sha256:055cfc12dd09f75a50737d62cbb323008095bf81e7dd1d075b30e6a7c129f6d3 100% [K
pulling manifest [K
pulling b5374915da53 100% ▕███████████████████▏ 2.2 GB                         [K
pulling c608dc615584 100% ▕███████████████████▏  149 B                         [K
pulling c5f9f560a704 100% ▕███████████████████▏ 1.1 KB                         [K
pulling 45ac4c662a77 100% ▕███████████████████▏   60 B                         [K
pulling 0611867ea67b 100% ▕███████████████████▏  409 B                         [K
verifying sha256 digest ⠋ [K[?25h[?2026l[?2026h[?25l[A[A[A[A[A[A[A[A[1Ggathering model components [K
copying file sha256:055cfc12dd09f75a50737d62cbb323008095bf81e7dd1d075b30e6a7c129f6d3 100% [K
pulling manifest [K
pulling b5374915da53 100% ▕███████████████████▏ 2.2 GB                         [K
pulling c608dc615584 100% ▕███████████████████▏  149 B                         [K
pulling c5f9f560a704 100% ▕███████████████████▏ 1.1 KB                         [K
pulling 45ac4c662a77 100% ▕███████████████████▏   60 B                         [K
pulling 0611867ea67b 100% ▕███████████████████▏  409 B                         [K
verifying sha256 digest ⠙ [K[?25h[?2026l[?2026h[?25l[A[A[A[A[A[A[A[A[1Ggathering model components [K
copying file sha256:055cfc12dd09f75a50737d62cbb323008095bf81e7dd1d075b30e6a7c129f6d3 100% [K
pulling manifest [K
pulling b5374915da53 100% ▕███████████████████▏ 2.2 GB                         [K
pulling c608dc615584 100% ▕███████████████████▏  149 B                         [K
pulling c5f9f560a704 100% ▕███████████████████▏ 1.1 KB                         [K
pulling 45ac4c662a77 100% ▕███████████████████▏   60 B                         [K
pulling 0611867ea67b 100% ▕███████████████████▏  409 B                         [K
verifying sha256 digest ⠹ [K[?25h[?2026l[?2026h[?25l[A[A[A[A[A[A[A[A[1Ggathering model components [K
copying file sha256:055cfc12dd09f75a50737d62cbb323008095bf81e7dd1d075b30e6a7c129f6d3 100% [K
pulling manifest [K
pulling b5374915da53 100% ▕███████████████████▏ 2.2 GB                         [K
pulling c608dc615584 100% ▕███████████████████▏  149 B                         [K
pulling c5f9f560a704 100% ▕███████████████████▏ 1.1 KB                         [K
pulling 45ac4c662a77 100% ▕███████████████████▏   60 B                         [K
pulling 0611867ea67b 100% ▕███████████████████▏  409 B                         [K
verifying sha256 digest ⠸ [K[?25h[?2026l[?2026h[?25l[A[A[A[A[A[A[A[A[1Ggathering model components [K
copying file sha256:055cfc12dd09f75a50737d62cbb323008095bf81e7dd1d075b30e6a7c129f6d3 100% [K
pulling manifest [K
pulling b5374915da53 100% ▕███████████████████▏ 2.2 GB                         [K
pulling c608dc615584 100% ▕███████████████████▏  149 B                         [K
pulling c5f9f560a704 100% ▕███████████████████▏ 1.1 KB                         [K
pulling 45ac4c662a77 100% ▕███████████████████▏   60 B                         [K
pulling 0611867ea67b 100% ▕███████████████████▏  409 B                         [K
verifying sha256 digest ⠼ [K[?25h[?2026l[?2026h[?25l[A[A[A[A[A[A[A[A[1Ggathering model components [K
copying file sha256:055cfc12dd09f75a50737d62cbb323008095bf81e7dd1d075b30e6a7c129f6d3 100% [K
pulling manifest [K
pulling b5374915da53 100% ▕███████████████████▏ 2.2 GB                         [K
pulling c608dc615584 100% ▕███████████████████▏  149 B                         [K
pulling c5f9f560a704 100% ▕███████████████████▏ 1.1 KB                         [K
pulling 45ac4c662a77 100% ▕███████████████████▏   60 B                         [K
pulling 0611867ea67b 100% ▕███████████████████▏  409 B                         [K
verifying sha256 digest ⠴ [K[?25h[?2026l[?2026h[?25l[A[A[A[A[A[A[A[A[1Ggathering model components [K
copying file sha256:055cfc12dd09f75a50737d62cbb323008095bf81e7dd1d075b30e6a7c129f6d3 100% [K
pulling manifest [K
pulling b5374915da53 100% ▕███████████████████▏ 2.2 GB                         [K
pulling c608dc615584 100% ▕███████████████████▏  149 B                         [K
pulling c5f9f560a704 100% ▕███████████████████▏ 1.1 KB                         [K
pulling 45ac4c662a77 100% ▕███████████████████▏   60 B                         [K
pulling 0611867ea67b 100% ▕███████████████████▏  409 B                         [K
verifying sha256 digest ⠦ [K[?25h[?2026l[?2026h[?25l[A[A[A[A[A[A[A[A[1Ggathering model components [K
copying file sha256:055cfc12dd09f75a50737d62cbb323008095bf81e7dd1d075b30e6a7c129f6d3 100% [K
pulling manifest [K
pulling b5374915da53 100% ▕███████████████████▏ 2.2 GB                         [K
pulling c608dc615584 100% ▕███████████████████▏  149 B                         [K
pulling c5f9f560a704 100% ▕███████████████████▏ 1.1 KB                         [K
pulling 45ac4c662a77 100% ▕███████████████████▏   60 B                         [K
pulling 0611867ea67b 100% ▕███████████████████▏  409 B                         [K
verifying sha256 digest ⠧ [K[?25h[?2026l[?2026h[?25l[A[A[A[A[A[A[A[A[1Ggathering model components [K
copying file sha256:055cfc12dd09f75a50737d62cbb323008095bf81e7dd1d075b30e6a7c129f6d3 100% [K
pulling manifest [K
pulling b5374915da53 100% ▕███████████████████▏ 2.2 GB                         [K
pulling c608dc615584 100% ▕███████████████████▏  149 B                         [K
pulling c5f9f560a704 100% ▕███████████████████▏ 1.1 KB                         [K
pulling 45ac4c662a77 100% ▕███████████████████▏   60 B                         [K
pulling 0611867ea67b 100% ▕███████████████████▏  409 B                         [K
verifying sha256 digest ⠇ [K[?25h[?2026l[?2026h[?25l[A[A[A[A[A[A[A[A[1Ggathering model components [K
copying file sha256:055cfc12dd09f75a50737d62cbb323008095bf81e7dd1d075b30e6a7c129f6d3 100% [K
pulling manifest [K
pulling b5374915da53 100% ▕███████████████████▏ 2.2 GB                         [K
pulling c608dc615584 100% ▕███████████████████▏  149 B                         [K
pulling c5f9f560a704 100% ▕███████████████████▏ 1.1 KB                         [K
pulling 45ac4c662a77 100% ▕███████████████████▏   60 B                         [K
pulling 0611867ea67b 100% ▕███████████████████▏  409 B                         [K
verifying sha256 digest ⠏ [K[?25h[?2026l[?2026h[?25l[A[A[A[A[A[A[A[A[1Ggathering model components [K
copying file sha256:055cfc12dd09f75a50737d62cbb323008095bf81e7dd1d075b30e6a7c129f6d3 100% [K
pulling manifest [K
pulling b5374915da53 100% ▕███████████████████▏ 2.2 GB                         [K
pulling c608dc615584 100% ▕███████████████████▏  149 B                         [K
pulling c5f9f560a704 100% ▕███████████████████▏ 1.1 KB                         [K
pulling 45ac4c662a77 100% ▕███████████████████▏   60 B                         [K
pulling 0611867ea67b 100% ▕███████████████████▏  409 B                         [K
verifying sha256 digest ⠋ [K[?25h[?2026l[?2026h[?25l[A[A[A[A[A[A[A[A[1Ggathering model components [K
copying file sha256:055cfc12dd09f75a50737d62cbb323008095bf81e7dd1d075b30e6a7c129f6d3 100% [K
pulling manifest [K
pulling b5374915da53 100% ▕███████████████████▏ 2.2 GB                         [K
pulling c608dc615584 100% ▕███████████████████▏  149 B                         [K
pulling c5f9f560a704 100% ▕███████████████████▏ 1.1 KB                         [K
pulling 45ac4c662a77 100% ▕███████████████████▏   60 B                         [K
pulling 0611867ea67b 100% ▕███████████████████▏  409 B                         [K
verifying sha256 digest ⠙ [K[?25h[?2026l[?2026h[?25l[A[A[A[A[A[A[A[A[1Ggathering model components [K
copying file sha256:055cfc12dd09f75a50737d62cbb323008095bf81e7dd1d075b30e6a7c129f6d3 100% [K
pulling manifest [K
pulling b5374915da53 100% ▕███████████████████▏ 2.2 GB                         [K
pulling c608dc615584 100% ▕███████████████████▏  149 B                         [K
pulling c5f9f560a704 100% ▕███████████████████▏ 1.1 KB                         [K
pulling 45ac4c662a77 100% ▕███████████████████▏   60 B                         [K
pulling 0611867ea67b 100% ▕███████████████████▏  409 B                         [K
verifying sha256 digest ⠹ [K[?25h[?2026l[?2026h[?25l[A[A[A[A[A[A[A[A[1Ggathering model components [K
copying file sha256:055cfc12dd09f75a50737d62cbb323008095bf81e7dd1d075b30e6a7c129f6d3 100% [K
pulling manifest [K
pulling b5374915da53 100% ▕███████████████████▏ 2.2 GB                         [K
pulling c608dc615584 100% ▕███████████████████▏  149 B                         [K
pulling c5f9f560a704 100% ▕███████████████████▏ 1.1 KB                         [K
pulling 45ac4c662a77 100% ▕███████████████████▏   60 B                         [K
pulling 0611867ea67b 100% ▕███████████████████▏  409 B                         [K
verifying sha256 digest ⠸ [K[?25h[?2026l[?2026h[?25l[A[A[A[A[A[A[A[A[1Ggathering model components [K
copying file sha256:055cfc12dd09f75a50737d62cbb323008095bf81e7dd1d075b30e6a7c129f6d3 100% [K
pulling manifest [K
pulling b5374915da53 100% ▕███████████████████▏ 2.2 GB                         [K
pulling c608dc615584 100% ▕███████████████████▏  149 B                         [K
pulling c5f9f560a704 100% ▕███████████████████▏ 1.1 KB                         [K
pulling 45ac4c662a77 100% ▕███████████████████▏   60 B                         [K
pulling 0611867ea67b 100% ▕███████████████████▏  409 B                         [K
verifying sha256 digest ⠼ [K[?25h[?2026l[?2026h[?25l[A[A[A[A[A[A[A[A[1Ggathering model components [K
copying file sha256:055cfc12dd09f75a50737d62cbb323008095bf81e7dd1d075b30e6a7c129f6d3 100% [K
pulling manifest [K
pulling b5374915da53 100% ▕███████████████████▏ 2.2 GB                         [K
pulling c608dc615584 100% ▕███████████████████▏  149 B                         [K
pulling c5f9f560a704 100% ▕███████████████████▏ 1.1 KB                         [K
pulling 45ac4c662a77 100% ▕███████████████████▏   60 B                         [K
pulling 0611867ea67b 100% ▕███████████████████▏  409 B                         [K
verifying sha256 digest ⠴ [K[?25h[?2026l[?2026h[?25l[A[A[A[A[A[A[A[A[1Ggathering model components [K
copying file sha256:055cfc12dd09f75a50737d62cbb323008095bf81e7dd1d075b30e6a7c129f6d3 100% [K
pulling manifest [K
pulling b5374915da53 100% ▕███████████████████▏ 2.2 GB                         [K
pulling c608dc615584 100% ▕███████████████████▏  149 B                         [K
pulling c5f9f560a704 100% ▕███████████████████▏ 1.1 KB                         [K
pulling 45ac4c662a77 100% ▕███████████████████▏   60 B                         [K
pulling 0611867ea67b 100% ▕███████████████████▏  409 B                         [K
verifying sha256 digest ⠦ [K[?25h[?2026l[?2026h[?25l[A[A[A[A[A[A[A[A[1Ggathering model components [K
copying file sha256:055cfc12dd09f75a50737d62cbb323008095bf81e7dd1d075b30e6a7c129f6d3 100% [K
pulling manifest [K
pulling b5374915da53 100% ▕███████████████████▏ 2.2 GB                         [K
pulling c608dc615584 100% ▕███████████████████▏  149 B                         [K
pulling c5f9f560a704 100% ▕███████████████████▏ 1.1 KB                         [K
pulling 45ac4c662a77 100% ▕███████████████████▏   60 B                         [K
pulling 0611867ea67b 100% ▕███████████████████▏  409 B                         [K
verifying sha256 digest ⠧ [K[?25h[?2026l[?2026h[?25l[A[A[A[A[A[A[A[A[1Ggathering model components [K
copying file sha256:055cfc12dd09f75a50737d62cbb323008095bf81e7dd1d075b30e6a7c129f6d3 100% [K
pulling manifest [K
pulling b5374915da53 100% ▕███████████████████▏ 2.2 GB                         [K
pulling c608dc615584 100% ▕███████████████████▏  149 B                         [K
pulling c5f9f560a704 100% ▕███████████████████▏ 1.1 KB                         [K
pulling 45ac4c662a77 100% ▕███████████████████▏   60 B                         [K
pulling 0611867ea67b 100% ▕███████████████████▏  409 B                         [K
verifying sha256 digest ⠇ [K[?25h[?2026l[?2026h[?25l[A[A[A[A[A[A[A[A[1Ggathering model components [K
copying file sha256:055cfc12dd09f75a50737d62cbb323008095bf81e7dd1d075b30e6a7c129f6d3 100% [K
pulling manifest [K
pulling b5374915da53 100% ▕███████████████████▏ 2.2 GB                         [K
pulling c608dc615584 100% ▕███████████████████▏  149 B                         [K
pulling c5f9f560a704 100% ▕███████████████████▏ 1.1 KB                         [K
pulling 45ac4c662a77 100% ▕███████████████████▏   60 B                         [K
pulling 0611867ea67b 100% ▕███████████████████▏  409 B                         [K
verifying sha256 digest ⠏ [K[?25h[?2026l[?2026h[?25l[A[A[A[A[A[A[A[A[1Ggathering model components [K
copying file sha256:055cfc12dd09f75a50737d62cbb323008095bf81e7dd1d075b30e6a7c129f6d3 100% [K
pulling manifest [K
pulling b5374915da53 100% ▕███████████████████▏ 2.2 GB                         [K
pulling c608dc615584 100% ▕███████████████████▏  149 B                         [K
pulling c5f9f560a704 100% ▕███████████████████▏ 1.1 KB                         [K
pulling 45ac4c662a77 100% ▕███████████████████▏   60 B                         [K
pulling 0611867ea67b 100% ▕███████████████████▏  409 B                         [K
verifying sha256 digest ⠋ [K[?25h[?2026l[?2026h[?25l[A[A[A[A[A[A[A[A[1Ggathering model components [K
copying file sha256:055cfc12dd09f75a50737d62cbb323008095bf81e7dd1d075b30e6a7c129f6d3 100% [K
pulling manifest [K
pulling b5374915da53 100% ▕███████████████████▏ 2.2 GB                         [K
pulling c608dc615584 100% ▕███████████████████▏  149 B                         [K
pulling c5f9f560a704 100% ▕███████████████████▏ 1.1 KB                         [K
pulling 45ac4c662a77 100% ▕███████████████████▏   60 B                         [K
pulling 0611867ea67b 100% ▕███████████████████▏  409 B                         [K
verifying sha256 digest ⠙ [K[?25h[?2026l[?2026h[?25l[A[A[A[A[A[A[A[A[1Ggathering model components [K
copying file sha256:055cfc12dd09f75a50737d62cbb323008095bf81e7dd1d075b30e6a7c129f6d3 100% [K
pulling manifest [K
pulling b5374915da53 100% ▕███████████████████▏ 2.2 GB                         [K
pulling c608dc615584 100% ▕███████████████████▏  149 B                         [K
pulling c5f9f560a704 100% ▕███████████████████▏ 1.1 KB                         [K
pulling 45ac4c662a77 100% ▕███████████████████▏   60 B                         [K
pulling 0611867ea67b 100% ▕███████████████████▏  409 B                         [K
verifying sha256 digest ⠹ [K[?25h[?2026l[?2026h[?25l[A[A[A[A[A[A[A[A[1Ggathering model components [K
copying file sha256:055cfc12dd09f75a50737d62cbb323008095bf81e7dd1d075b30e6a7c129f6d3 100% [K
pulling manifest [K
pulling b5374915da53 100% ▕███████████████████▏ 2.2 GB                         [K
pulling c608dc615584 100% ▕███████████████████▏  149 B                         [K
pulling c5f9f560a704 100% ▕███████████████████▏ 1.1 KB                         [K
pulling 45ac4c662a77 100% ▕███████████████████▏   60 B                         [K
pulling 0611867ea67b 100% ▕███████████████████▏  409 B                         [K
verifying sha256 digest ⠸ [K[?25h[?2026l[?2026h[?25l[A[A[A[A[A[A[A[A[1Ggathering model components [K
copying file sha256:055cfc12dd09f75a50737d62cbb323008095bf81e7dd1d075b30e6a7c129f6d3 100% [K
pulling manifest [K
pulling b5374915da53 100% ▕███████████████████▏ 2.2 GB                         [K
pulling c608dc615584 100% ▕███████████████████▏  149 B                         [K
pulling c5f9f560a704 100% ▕███████████████████▏ 1.1 KB                         [K
pulling 45ac4c662a77 100% ▕███████████████████▏   60 B                         [K
pulling 0611867ea67b 100% ▕███████████████████▏  409 B                         [K
verifying sha256 digest ⠼ [K[?25h[?2026l[?2026h[?25l[A[A[A[A[A[A[A[A[1Ggathering model components [K
copying file sha256:055cfc12dd09f75a50737d62cbb323008095bf81e7dd1d075b30e6a7c129f6d3 100% [K
pulling manifest [K
pulling b5374915da53 100% ▕███████████████████▏ 2.2 GB                         [K
pulling c608dc615584 100% ▕███████████████████▏  149 B                         [K
pulling c5f9f560a704 100% ▕███████████████████▏ 1.1 KB                         [K
pulling 45ac4c662a77 100% ▕███████████████████▏   60 B                         [K
pulling 0611867ea67b 100% ▕███████████████████▏  409 B                         [K
verifying sha256 digest ⠴ [K[?25h[?2026l[?2026h[?25l[A[A[A[A[A[A[A[A[1Ggathering model components [K
copying file sha256:055cfc12dd09f75a50737d62cbb323008095bf81e7dd1d075b30e6a7c129f6d3 100% [K
pulling manifest [K
pulling b5374915da53 100% ▕███████████████████▏ 2.2 GB                         [K
pulling c608dc615584 100% ▕███████████████████▏  149 B                         [K
pulling c5f9f560a704 100% ▕███████████████████▏ 1.1 KB                         [K
pulling 45ac4c662a77 100% ▕███████████████████▏   60 B                         [K
pulling 0611867ea67b 100% ▕███████████████████▏  409 B                         [K
verifying sha256 digest ⠦ [K[?25h[?2026l[?2026h[?25l[A[A[A[A[A[A[A[A[1Ggathering model components [K
copying file sha256:055cfc12dd09f75a50737d62cbb323008095bf81e7dd1d075b30e6a7c129f6d3 100% [K
pulling manifest [K
pulling b5374915da53 100% ▕███████████████████▏ 2.2 GB                         [K
pulling c608dc615584 100% ▕███████████████████▏  149 B                         [K
pulling c5f9f560a704 100% ▕███████████████████▏ 1.1 KB                         [K
pulling 45ac4c662a77 100% ▕███████████████████▏   60 B                         [K
pulling 0611867ea67b 100% ▕███████████████████▏  409 B                         [K
verifying sha256 digest ⠧ [K[?25h[?2026l[?2026h[?25l[A[A[A[A[A[A[A[A[1Ggathering model components [K
copying file sha256:055cfc12dd09f75a50737d62cbb323008095bf81e7dd1d075b30e6a7c129f6d3 100% [K
pulling manifest [K
pulling b5374915da53 100% ▕███████████████████▏ 2.2 GB                         [K
pulling c608dc615584 100% ▕███████████████████▏  149 B                         [K
pulling c5f9f560a704 100% ▕███████████████████▏ 1.1 KB                         [K
pulling 45ac4c662a77 100% ▕███████████████████▏   60 B                         [K
pulling 0611867ea67b 100% ▕███████████████████▏  409 B                         [K
verifying sha256 digest ⠇ [K[?25h[?2026l[?2026h[?25l[A[A[A[A[A[A[A[A[1Ggathering model components [K
copying file sha256:055cfc12dd09f75a50737d62cbb323008095bf81e7dd1d075b30e6a7c129f6d3 100% [K
pulling manifest [K
pulling b5374915da53 100% ▕███████████████████▏ 2.2 GB                         [K
pulling c608dc615584 100% ▕███████████████████▏  149 B                         [K
pulling c5f9f560a704 100% ▕███████████████████▏ 1.1 KB                         [K
pulling 45ac4c662a77 100% ▕███████████████████▏   60 B                         [K
pulling 0611867ea67b 100% ▕███████████████████▏  409 B                         [K
verifying sha256 digest ⠏ [K[?25h[?2026l[?2026h[?25l[A[A[A[A[A[A[A[A[1Ggathering model components [K
copying file sha256:055cfc12dd09f75a50737d62cbb323008095bf81e7dd1d075b30e6a7c129f6d3 100% [K
pulling manifest [K
pulling b5374915da53 100% ▕███████████████████▏ 2.2 GB                         [K
pulling c608dc615584 100% ▕███████████████████▏  149 B                         [K
pulling c5f9f560a704 100% ▕███████████████████▏ 1.1 KB                         [K
pulling 45ac4c662a77 100% ▕███████████████████▏   60 B                         [K
pulling 0611867ea67b 100% ▕███████████████████▏  409 B                         [K
verifying sha256 digest ⠋ [K[?25h[?2026l[?2026h[?25l[A[A[A[A[A[A[A[A[1Ggathering model components [K
copying file sha256:055cfc12dd09f75a50737d62cbb323008095bf81e7dd1d075b30e6a7c129f6d3 100% [K
pulling manifest [K
pulling b5374915da53 100% ▕███████████████████▏ 2.2 GB                         [K
pulling c608dc615584 100% ▕███████████████████▏  149 B                         [K
pulling c5f9f560a704 100% ▕███████████████████▏ 1.1 KB                         [K
pulling 45ac4c662a77 100% ▕███████████████████▏   60 B                         [K
pulling 0611867ea67b 100% ▕███████████████████▏  409 B                         [K
verifying sha256 digest ⠙ [K[?25h[?2026l[?2026h[?25l[A[A[A[A[A[A[A[A[1Ggathering model components [K
copying file sha256:055cfc12dd09f75a50737d62cbb323008095bf81e7dd1d075b30e6a7c129f6d3 100% [K
pulling manifest [K
pulling b5374915da53 100% ▕███████████████████▏ 2.2 GB                         [K
pulling c608dc615584 100% ▕███████████████████▏  149 B                         [K
pulling c5f9f560a704 100% ▕███████████████████▏ 1.1 KB                         [K
pulling 45ac4c662a77 100% ▕███████████████████▏   60 B                         [K
pulling 0611867ea67b 100% ▕███████████████████▏  409 B                         [K
verifying sha256 digest ⠹ [K[?25h[?2026l[?2026h[?25l[A[A[A[A[A[A[A[A[1Ggathering model components [K
copying file sha256:055cfc12dd09f75a50737d62cbb323008095bf81e7dd1d075b30e6a7c129f6d3 100% [K
pulling manifest [K
pulling b5374915da53 100% ▕███████████████████▏ 2.2 GB                         [K
pulling c608dc615584 100% ▕███████████████████▏  149 B                         [K
pulling c5f9f560a704 100% ▕███████████████████▏ 1.1 KB                         [K
pulling 45ac4c662a77 100% ▕███████████████████▏   60 B                         [K
pulling 0611867ea67b 100% ▕███████████████████▏  409 B                         [K
verifying sha256 digest ⠸ [K[?25h[?2026l[?2026h[?25l[A[A[A[A[A[A[A[A[1Ggathering model components [K
copying file sha256:055cfc12dd09f75a50737d62cbb323008095bf81e7dd1d075b30e6a7c129f6d3 100% [K
pulling manifest [K
pulling b5374915da53 100% ▕███████████████████▏ 2.2 GB                         [K
pulling c608dc615584 100% ▕███████████████████▏  149 B                         [K
pulling c5f9f560a704 100% ▕███████████████████▏ 1.1 KB                         [K
pulling 45ac4c662a77 100% ▕███████████████████▏   60 B                         [K
pulling 0611867ea67b 100% ▕███████████████████▏  409 B                         [K
verifying sha256 digest ⠼ [K[?25h[?2026l[?2026h[?25l[A[A[A[A[A[A[A[A[1Ggathering model components [K
copying file sha256:055cfc12dd09f75a50737d62cbb323008095bf81e7dd1d075b30e6a7c129f6d3 100% [K
pulling manifest [K
pulling b5374915da53 100% ▕███████████████████▏ 2.2 GB                         [K
pulling c608dc615584 100% ▕███████████████████▏  149 B                         [K
pulling c5f9f560a704 100% ▕███████████████████▏ 1.1 KB                         [K
pulling 45ac4c662a77 100% ▕███████████████████▏   60 B                         [K
pulling 0611867ea67b 100% ▕███████████████████▏  409 B                         [K
verifying sha256 digest ⠴ [K[?25h[?2026l[?2026h[?25l[A[A[A[A[A[A[A[A[1Ggathering model components [K
copying file sha256:055cfc12dd09f75a50737d62cbb323008095bf81e7dd1d075b30e6a7c129f6d3 100% [K
pulling manifest [K
pulling b5374915da53 100% ▕███████████████████▏ 2.2 GB                         [K
pulling c608dc615584 100% ▕███████████████████▏  149 B                         [K
pulling c5f9f560a704 100% ▕███████████████████▏ 1.1 KB                         [K
pulling 45ac4c662a77 100% ▕███████████████████▏   60 B                         [K
pulling 0611867ea67b 100% ▕███████████████████▏  409 B                         [K
verifying sha256 digest ⠦ [K[?25h[?2026l[?2026h[?25l[A[A[A[A[A[A[A[A[1Ggathering model components [K
copying file sha256:055cfc12dd09f75a50737d62cbb323008095bf81e7dd1d075b30e6a7c129f6d3 100% [K
pulling manifest [K
pulling b5374915da53 100% ▕███████████████████▏ 2.2 GB                         [K
pulling c608dc615584 100% ▕███████████████████▏  149 B                         [K
pulling c5f9f560a704 100% ▕███████████████████▏ 1.1 KB                         [K
pulling 45ac4c662a77 100% ▕███████████████████▏   60 B                         [K
pulling 0611867ea67b 100% ▕███████████████████▏  409 B                         [K
verifying sha256 digest ⠧ [K[?25h[?2026l[?2026h[?25l[A[A[A[A[A[A[A[A[1Ggathering model components [K
copying file sha256:055cfc12dd09f75a50737d62cbb323008095bf81e7dd1d075b30e6a7c129f6d3 100% [K
pulling manifest [K
pulling b5374915da53 100% ▕███████████████████▏ 2.2 GB                         [K
pulling c608dc615584 100% ▕███████████████████▏  149 B                         [K
pulling c5f9f560a704 100% ▕███████████████████▏ 1.1 KB                         [K
pulling 45ac4c662a77 100% ▕███████████████████▏   60 B                         [K
pulling 0611867ea67b 100% ▕███████████████████▏  409 B                         [K
verifying sha256 digest ⠇ [K[?25h[?2026l[?2026h[?25l[A[A[A[A[A[A[A[A[1Ggathering model components [K
copying file sha256:055cfc12dd09f75a50737d62cbb323008095bf81e7dd1d075b30e6a7c129f6d3 100% [K
pulling manifest [K
pulling b5374915da53 100% ▕███████████████████▏ 2.2 GB                         [K
pulling c608dc615584 100% ▕███████████████████▏  149 B                         [K
pulling c5f9f560a704 100% ▕███████████████████▏ 1.1 KB                         [K
pulling 45ac4c662a77 100% ▕███████████████████▏   60 B                         [K
pulling 0611867ea67b 100% ▕███████████████████▏  409 B                         [K
verifying sha256 digest ⠏ [K[?25h[?2026l[?2026h[?25l[A[A[A[A[A[A[A[A[1Ggathering model components [K
copying file sha256:055cfc12dd09f75a50737d62cbb323008095bf81e7dd1d075b30e6a7c129f6d3 100% [K
pulling manifest [K
pulling b5374915da53 100% ▕███████████████████▏ 2.2 GB                         [K
pulling c608dc615584 100% ▕███████████████████▏  149 B                         [K
pulling c5f9f560a704 100% ▕███████████████████▏ 1.1 KB                         [K
pulling 45ac4c662a77 100% ▕███████████████████▏   60 B                         [K
pulling 0611867ea67b 100% ▕███████████████████▏  409 B                         [K
verifying sha256 digest ⠋ [K[?25h[?2026l[?2026h[?25l[A[A[A[A[A[A[A[A[1Ggathering model components [K
copying file sha256:055cfc12dd09f75a50737d62cbb323008095bf81e7dd1d075b30e6a7c129f6d3 100% [K
pulling manifest [K
pulling b5374915da53 100% ▕███████████████████▏ 2.2 GB                         [K
pulling c608dc615584 100% ▕███████████████████▏  149 B                         [K
pulling c5f9f560a704 100% ▕███████████████████▏ 1.1 KB                         [K
pulling 45ac4c662a77 100% ▕███████████████████▏   60 B                         [K
pulling 0611867ea67b 100% ▕███████████████████▏  409 B                         [K
verifying sha256 digest ⠙ [K[?25h[?2026l[?2026h[?25l[A[A[A[A[A[A[A[A[1Ggathering model components [K
copying file sha256:055cfc12dd09f75a50737d62cbb323008095bf81e7dd1d075b30e6a7c129f6d3 100% [K
pulling manifest [K
pulling b5374915da53 100% ▕███████████████████▏ 2.2 GB                         [K
pulling c608dc615584 100% ▕███████████████████▏  149 B                         [K
pulling c5f9f560a704 100% ▕███████████████████▏ 1.1 KB                         [K
pulling 45ac4c662a77 100% ▕███████████████████▏   60 B                         [K
pulling 0611867ea67b 100% ▕███████████████████▏  409 B                         [K
verifying sha256 digest ⠹ [K[?25h[?2026l[?2026h[?25l[A[A[A[A[A[A[A[A[1Ggathering model components [K
copying file sha256:055cfc12dd09f75a50737d62cbb323008095bf81e7dd1d075b30e6a7c129f6d3 100% [K
pulling manifest [K
pulling b5374915da53 100% ▕███████████████████▏ 2.2 GB                         [K
pulling c608dc615584 100% ▕███████████████████▏  149 B                         [K
pulling c5f9f560a704 100% ▕███████████████████▏ 1.1 KB                         [K
pulling 45ac4c662a77 100% ▕███████████████████▏   60 B                         [K
pulling 0611867ea67b 100% ▕███████████████████▏  409 B                         [K
verifying sha256 digest ⠸ [K[?25h[?2026l[?2026h[?25l[A[A[A[A[A[A[A[A[1Ggathering model components [K
copying file sha256:055cfc12dd09f75a50737d62cbb323008095bf81e7dd1d075b30e6a7c129f6d3 100% [K
pulling manifest [K
pulling b5374915da53 100% ▕███████████████████▏ 2.2 GB                         [K
pulling c608dc615584 100% ▕███████████████████▏  149 B                         [K
pulling c5f9f560a704 100% ▕███████████████████▏ 1.1 KB                         [K
pulling 45ac4c662a77 100% ▕███████████████████▏   60 B                         [K
pulling 0611867ea67b 100% ▕███████████████████▏  409 B                         [K
verifying sha256 digest ⠼ [K[?25h[?2026l[?2026h[?25l[A[A[A[A[A[A[A[A[1Ggathering model components [K
copying file sha256:055cfc12dd09f75a50737d62cbb323008095bf81e7dd1d075b30e6a7c129f6d3 100% [K
pulling manifest [K
pulling b5374915da53 100% ▕███████████████████▏ 2.2 GB                         [K
pulling c608dc615584 100% ▕███████████████████▏  149 B                         [K
pulling c5f9f560a704 100% ▕███████████████████▏ 1.1 KB                         [K
pulling 45ac4c662a77 100% ▕███████████████████▏   60 B                         [K
pulling 0611867ea67b 100% ▕███████████████████▏  409 B                         [K
verifying sha256 digest ⠴ [K[?25h[?2026l[?2026h[?25l[A[A[A[A[A[A[A[A[1Ggathering model components [K
copying file sha256:055cfc12dd09f75a50737d62cbb323008095bf81e7dd1d075b30e6a7c129f6d3 100% [K
pulling manifest [K
pulling b5374915da53 100% ▕███████████████████▏ 2.2 GB                         [K
pulling c608dc615584 100% ▕███████████████████▏  149 B                         [K
pulling c5f9f560a704 100% ▕███████████████████▏ 1.1 KB                         [K
pulling 45ac4c662a77 100% ▕███████████████████▏   60 B                         [K
pulling 0611867ea67b 100% ▕███████████████████▏  409 B                         [K
verifying sha256 digest ⠦ [K[?25h[?2026l[?2026h[?25l[A[A[A[A[A[A[A[A[1Ggathering model components [K
copying file sha256:055cfc12dd09f75a50737d62cbb323008095bf81e7dd1d075b30e6a7c129f6d3 100% [K
pulling manifest [K
pulling b5374915da53 100% ▕███████████████████▏ 2.2 GB                         [K
pulling c608dc615584 100% ▕███████████████████▏  149 B                         [K
pulling c5f9f560a704 100% ▕███████████████████▏ 1.1 KB                         [K
pulling 45ac4c662a77 100% ▕███████████████████▏   60 B                         [K
pulling 0611867ea67b 100% ▕███████████████████▏  409 B                         [K
verifying sha256 digest ⠧ [K[?25h[?2026l[?2026h[?25l[A[A[A[A[A[A[A[A[1Ggathering model components [K
copying file sha256:055cfc12dd09f75a50737d62cbb323008095bf81e7dd1d075b30e6a7c129f6d3 100% [K
pulling manifest [K
pulling b5374915da53 100% ▕███████████████████▏ 2.2 GB                         [K
pulling c608dc615584 100% ▕███████████████████▏  149 B                         [K
pulling c5f9f560a704 100% ▕███████████████████▏ 1.1 KB                         [K
pulling 45ac4c662a77 100% ▕███████████████████▏   60 B                         [K
pulling 0611867ea67b 100% ▕███████████████████▏  409 B                         [K
verifying sha256 digest ⠇ [K[?25h[?2026l[?2026h[?25l[A[A[A[A[A[A[A[A[1Ggathering model components [K
copying file sha256:055cfc12dd09f75a50737d62cbb323008095bf81e7dd1d075b30e6a7c129f6d3 100% [K
pulling manifest [K
pulling b5374915da53 100% ▕███████████████████▏ 2.2 GB                         [K
pulling c608dc615584 100% ▕███████████████████▏  149 B                         [K
pulling c5f9f560a704 100% ▕███████████████████▏ 1.1 KB                         [K
pulling 45ac4c662a77 100% ▕███████████████████▏   60 B                         [K
pulling 0611867ea67b 100% ▕███████████████████▏  409 B                         [K
verifying sha256 digest ⠏ [K[?25h[?2026l[?2026h[?25l[A[A[A[A[A[A[A[A[1Ggathering model components [K
copying file sha256:055cfc12dd09f75a50737d62cbb323008095bf81e7dd1d075b30e6a7c129f6d3 100% [K
pulling manifest [K
pulling b5374915da53 100% ▕███████████████████▏ 2.2 GB                         [K
pulling c608dc615584 100% ▕███████████████████▏  149 B                         [K
pulling c5f9f560a704 100% ▕███████████████████▏ 1.1 KB                         [K
pulling 45ac4c662a77 100% ▕███████████████████▏   60 B                         [K
pulling 0611867ea67b 100% ▕███████████████████▏  409 B                         [K
verifying sha256 digest ⠋ [K[?25h[?2026l[?2026h[?25l[A[A[A[A[A[A[A[A[1Ggathering model components [K
copying file sha256:055cfc12dd09f75a50737d62cbb323008095bf81e7dd1d075b30e6a7c129f6d3 100% [K
pulling manifest [K
pulling b5374915da53 100% ▕███████████████████▏ 2.2 GB                         [K
pulling c608dc615584 100% ▕███████████████████▏  149 B                         [K
pulling c5f9f560a704 100% ▕███████████████████▏ 1.1 KB                         [K
pulling 45ac4c662a77 100% ▕███████████████████▏   60 B                         [K
pulling 0611867ea67b 100% ▕███████████████████▏  409 B                         [K
verifying sha256 digest [K
writing manifest [K
success ⠋ [K[?25h[?2026l[?2026h[?25l[A[A[A[A[A[A[A[A[A[A[1Ggathering model components [K
copying file sha256:055cfc12dd09f75a50737d62cbb323008095bf81e7dd1d075b30e6a7c129f6d3 100% [K
pulling manifest [K
pulling b5374915da53 100% ▕███████████████████▏ 2.2 GB                         [K
pulling c608dc615584 100% ▕███████████████████▏  149 B                         [K
pulling c5f9f560a704 100% ▕███████████████████▏ 1.1 KB                         [K
pulling 45ac4c662a77 100% ▕███████████████████▏   60 B                         [K
pulling 0611867ea67b 100% ▕███████████████████▏  409 B                         [K
verifying sha256 digest [K
writing manifest [K
success [K
parsing GGUF [K
using existing layer sha256:b5374915da534cb93df39f03bd4f2cd5a0c533df0d5e21957dc9556c260be9eb [K
using existing layer sha256:c608dc615584cd20d9d830363dabf8a4783ae5d34245c3d8c115edb3bc7b28e4 [K
using existing layer sha256:c5f9f560a7047d53bbefeef37f0a5b448aba03871b2fb63c4331b9ae0248914a [K
using existing layer sha256:055cfc12dd09f75a50737d62cbb323008095bf81e7dd1d075b30e6a7c129f6d3 [K
creating new layer sha256:5630e821e515c50c8a32a7255c0a5d0192e6aba7dac124ab2ca64090600e3da7 [K
creating new layer sha256:e47797f077a9cb94ad2dd74ba9a05942936192a6d8c91472699e39dae7533b17 [K
writing manifest [K
success [K[?25h[?2026l
💉 Injecting the Medical model configuration...
[?2026h[?25l[1Ggathering model components [K[?25h[?2026l
Error: 400 Bad Request: invalid model name
