📝 Log complet enregistré dans : /c/Users/Nicolas/Desktop/hackathon_ynov/rendu/infra/deploy_20260630_212946.log
🚀 Starting TechCorp AI Full Deployment...
📦 Pulling Git LFS files...
Updated Git hooks.
Git LFS initialized.
🔧 [Financial] Converting HuggingFace adapter to GGUF format...
WARNING: Running pip as the 'root' user can result in broken permissions and conflicting behaviour with the system package manager. It is recommended to use a virtual environment instead: https://pip.pypa.io/warnings/venv

[notice] A new release of pip is available: 24.0 -> 26.1.2
[notice] To update, run: pip install --upgrade pip
INFO:lora-to-gguf:Loading base model from Hugging Face: microsoft/Phi-3-mini-4k-instruct
INFO:lora-to-gguf:Using model architecture: Phi3ForCausalLM
INFO:gguf.gguf_writer:gguf: This GGUF file is for Little Endian only
INFO:lora-to-gguf:Exporting model...
INFO:hf-to-gguf:blk.0.ffn_down.weight.lora_a, torch.float32 --> F32, shape = {8192, 8}
INFO:hf-to-gguf:blk.0.ffn_down.weight.lora_b, torch.float32 --> F32, shape = {8, 3072}
INFO:hf-to-gguf:blk.0.attn_output.weight.lora_a, torch.float32 --> F32, shape = {3072, 8}
INFO:hf-to-gguf:blk.0.attn_output.weight.lora_b, torch.float32 --> F32, shape = {8, 3072}
INFO:hf-to-gguf:blk.0.attn_qkv.weight.lora_a, torch.float32 --> F32, shape = {3072, 8}
INFO:hf-to-gguf:blk.0.attn_qkv.weight.lora_b, torch.float32 --> F32, shape = {8, 9216}
INFO:hf-to-gguf:blk.1.ffn_down.weight.lora_a, torch.float32 --> F32, shape = {8192, 8}
INFO:hf-to-gguf:blk.1.ffn_down.weight.lora_b, torch.float32 --> F32, shape = {8, 3072}
INFO:hf-to-gguf:blk.1.attn_output.weight.lora_a, torch.float32 --> F32, shape = {3072, 8}
INFO:hf-to-gguf:blk.1.attn_output.weight.lora_b, torch.float32 --> F32, shape = {8, 3072}
INFO:hf-to-gguf:blk.1.attn_qkv.weight.lora_a, torch.float32 --> F32, shape = {3072, 8}
INFO:hf-to-gguf:blk.1.attn_qkv.weight.lora_b, torch.float32 --> F32, shape = {8, 9216}
INFO:hf-to-gguf:blk.10.ffn_down.weight.lora_a, torch.float32 --> F32, shape = {8192, 8}
INFO:hf-to-gguf:blk.10.ffn_down.weight.lora_b, torch.float32 --> F32, shape = {8, 3072}
INFO:hf-to-gguf:blk.10.attn_output.weight.lora_a, torch.float32 --> F32, shape = {3072, 8}
INFO:hf-to-gguf:blk.10.attn_output.weight.lora_b, torch.float32 --> F32, shape = {8, 3072}
INFO:hf-to-gguf:blk.10.attn_qkv.weight.lora_a, torch.float32 --> F32, shape = {3072, 8}
INFO:hf-to-gguf:blk.10.attn_qkv.weight.lora_b, torch.float32 --> F32, shape = {8, 9216}
INFO:hf-to-gguf:blk.11.ffn_down.weight.lora_a, torch.float32 --> F32, shape = {8192, 8}
INFO:hf-to-gguf:blk.11.ffn_down.weight.lora_b, torch.float32 --> F32, shape = {8, 3072}
INFO:hf-to-gguf:blk.11.attn_output.weight.lora_a, torch.float32 --> F32, shape = {3072, 8}
INFO:hf-to-gguf:blk.11.attn_output.weight.lora_b, torch.float32 --> F32, shape = {8, 3072}
INFO:hf-to-gguf:blk.11.attn_qkv.weight.lora_a, torch.float32 --> F32, shape = {3072, 8}
INFO:hf-to-gguf:blk.11.attn_qkv.weight.lora_b, torch.float32 --> F32, shape = {8, 9216}
INFO:hf-to-gguf:blk.12.ffn_down.weight.lora_a, torch.float32 --> F32, shape = {8192, 8}
INFO:hf-to-gguf:blk.12.ffn_down.weight.lora_b, torch.float32 --> F32, shape = {8, 3072}
INFO:hf-to-gguf:blk.12.attn_output.weight.lora_a, torch.float32 --> F32, shape = {3072, 8}
INFO:hf-to-gguf:blk.12.attn_output.weight.lora_b, torch.float32 --> F32, shape = {8, 3072}
INFO:hf-to-gguf:blk.12.attn_qkv.weight.lora_a, torch.float32 --> F32, shape = {3072, 8}
INFO:hf-to-gguf:blk.12.attn_qkv.weight.lora_b, torch.float32 --> F32, shape = {8, 9216}
INFO:hf-to-gguf:blk.13.ffn_down.weight.lora_a, torch.float32 --> F32, shape = {8192, 8}
INFO:hf-to-gguf:blk.13.ffn_down.weight.lora_b, torch.float32 --> F32, shape = {8, 3072}
INFO:hf-to-gguf:blk.13.attn_output.weight.lora_a, torch.float32 --> F32, shape = {3072, 8}
INFO:hf-to-gguf:blk.13.attn_output.weight.lora_b, torch.float32 --> F32, shape = {8, 3072}
INFO:hf-to-gguf:blk.13.attn_qkv.weight.lora_a, torch.float32 --> F32, shape = {3072, 8}
INFO:hf-to-gguf:blk.13.attn_qkv.weight.lora_b, torch.float32 --> F32, shape = {8, 9216}
INFO:hf-to-gguf:blk.14.ffn_down.weight.lora_a, torch.float32 --> F32, shape = {8192, 8}
INFO:hf-to-gguf:blk.14.ffn_down.weight.lora_b, torch.float32 --> F32, shape = {8, 3072}
INFO:hf-to-gguf:blk.14.attn_output.weight.lora_a, torch.float32 --> F32, shape = {3072, 8}
INFO:hf-to-gguf:blk.14.attn_output.weight.lora_b, torch.float32 --> F32, shape = {8, 3072}
INFO:hf-to-gguf:blk.14.attn_qkv.weight.lora_a, torch.float32 --> F32, shape = {3072, 8}
INFO:hf-to-gguf:blk.14.attn_qkv.weight.lora_b, torch.float32 --> F32, shape = {8, 9216}
INFO:hf-to-gguf:blk.15.ffn_down.weight.lora_a, torch.float32 --> F32, shape = {8192, 8}
INFO:hf-to-gguf:blk.15.ffn_down.weight.lora_b, torch.float32 --> F32, shape = {8, 3072}
INFO:hf-to-gguf:blk.15.attn_output.weight.lora_a, torch.float32 --> F32, shape = {3072, 8}
INFO:hf-to-gguf:blk.15.attn_output.weight.lora_b, torch.float32 --> F32, shape = {8, 3072}
INFO:hf-to-gguf:blk.15.attn_qkv.weight.lora_a, torch.float32 --> F32, shape = {3072, 8}
INFO:hf-to-gguf:blk.15.attn_qkv.weight.lora_b, torch.float32 --> F32, shape = {8, 9216}
INFO:hf-to-gguf:blk.16.ffn_down.weight.lora_a, torch.float32 --> F32, shape = {8192, 8}
INFO:hf-to-gguf:blk.16.ffn_down.weight.lora_b, torch.float32 --> F32, shape = {8, 3072}
INFO:hf-to-gguf:blk.16.attn_output.weight.lora_a, torch.float32 --> F32, shape = {3072, 8}
INFO:hf-to-gguf:blk.16.attn_output.weight.lora_b, torch.float32 --> F32, shape = {8, 3072}
INFO:hf-to-gguf:blk.16.attn_qkv.weight.lora_a, torch.float32 --> F32, shape = {3072, 8}
INFO:hf-to-gguf:blk.16.attn_qkv.weight.lora_b, torch.float32 --> F32, shape = {8, 9216}
INFO:hf-to-gguf:blk.17.ffn_down.weight.lora_a, torch.float32 --> F32, shape = {8192, 8}
INFO:hf-to-gguf:blk.17.ffn_down.weight.lora_b, torch.float32 --> F32, shape = {8, 3072}
INFO:hf-to-gguf:blk.17.attn_output.weight.lora_a, torch.float32 --> F32, shape = {3072, 8}
INFO:hf-to-gguf:blk.17.attn_output.weight.lora_b, torch.float32 --> F32, shape = {8, 3072}
INFO:hf-to-gguf:blk.17.attn_qkv.weight.lora_a, torch.float32 --> F32, shape = {3072, 8}
INFO:hf-to-gguf:blk.17.attn_qkv.weight.lora_b, torch.float32 --> F32, shape = {8, 9216}
INFO:hf-to-gguf:blk.18.ffn_down.weight.lora_a, torch.float32 --> F32, shape = {8192, 8}
INFO:hf-to-gguf:blk.18.ffn_down.weight.lora_b, torch.float32 --> F32, shape = {8, 3072}
INFO:hf-to-gguf:blk.18.attn_output.weight.lora_a, torch.float32 --> F32, shape = {3072, 8}
INFO:hf-to-gguf:blk.18.attn_output.weight.lora_b, torch.float32 --> F32, shape = {8, 3072}
INFO:hf-to-gguf:blk.18.attn_qkv.weight.lora_a, torch.float32 --> F32, shape = {3072, 8}
INFO:hf-to-gguf:blk.18.attn_qkv.weight.lora_b, torch.float32 --> F32, shape = {8, 9216}
INFO:hf-to-gguf:blk.19.ffn_down.weight.lora_a, torch.float32 --> F32, shape = {8192, 8}
INFO:hf-to-gguf:blk.19.ffn_down.weight.lora_b, torch.float32 --> F32, shape = {8, 3072}
INFO:hf-to-gguf:blk.19.attn_output.weight.lora_a, torch.float32 --> F32, shape = {3072, 8}
INFO:hf-to-gguf:blk.19.attn_output.weight.lora_b, torch.float32 --> F32, shape = {8, 3072}
INFO:hf-to-gguf:blk.19.attn_qkv.weight.lora_a, torch.float32 --> F32, shape = {3072, 8}
INFO:hf-to-gguf:blk.19.attn_qkv.weight.lora_b, torch.float32 --> F32, shape = {8, 9216}
INFO:hf-to-gguf:blk.2.ffn_down.weight.lora_a, torch.float32 --> F32, shape = {8192, 8}
INFO:hf-to-gguf:blk.2.ffn_down.weight.lora_b, torch.float32 --> F32, shape = {8, 3072}
INFO:hf-to-gguf:blk.2.attn_output.weight.lora_a, torch.float32 --> F32, shape = {3072, 8}
INFO:hf-to-gguf:blk.2.attn_output.weight.lora_b, torch.float32 --> F32, shape = {8, 3072}
INFO:hf-to-gguf:blk.2.attn_qkv.weight.lora_a, torch.float32 --> F32, shape = {3072, 8}
INFO:hf-to-gguf:blk.2.attn_qkv.weight.lora_b, torch.float32 --> F32, shape = {8, 9216}
INFO:hf-to-gguf:blk.20.ffn_down.weight.lora_a, torch.float32 --> F32, shape = {8192, 8}
INFO:hf-to-gguf:blk.20.ffn_down.weight.lora_b, torch.float32 --> F32, shape = {8, 3072}
INFO:hf-to-gguf:blk.20.attn_output.weight.lora_a, torch.float32 --> F32, shape = {3072, 8}
INFO:hf-to-gguf:blk.20.attn_output.weight.lora_b, torch.float32 --> F32, shape = {8, 3072}
INFO:hf-to-gguf:blk.20.attn_qkv.weight.lora_a, torch.float32 --> F32, shape = {3072, 8}
INFO:hf-to-gguf:blk.20.attn_qkv.weight.lora_b, torch.float32 --> F32, shape = {8, 9216}
INFO:hf-to-gguf:blk.21.ffn_down.weight.lora_a, torch.float32 --> F32, shape = {8192, 8}
INFO:hf-to-gguf:blk.21.ffn_down.weight.lora_b, torch.float32 --> F32, shape = {8, 3072}
INFO:hf-to-gguf:blk.21.attn_output.weight.lora_a, torch.float32 --> F32, shape = {3072, 8}
INFO:hf-to-gguf:blk.21.attn_output.weight.lora_b, torch.float32 --> F32, shape = {8, 3072}
INFO:hf-to-gguf:blk.21.attn_qkv.weight.lora_a, torch.float32 --> F32, shape = {3072, 8}
INFO:hf-to-gguf:blk.21.attn_qkv.weight.lora_b, torch.float32 --> F32, shape = {8, 9216}
INFO:hf-to-gguf:blk.22.ffn_down.weight.lora_a, torch.float32 --> F32, shape = {8192, 8}
INFO:hf-to-gguf:blk.22.ffn_down.weight.lora_b, torch.float32 --> F32, shape = {8, 3072}
INFO:hf-to-gguf:blk.22.attn_output.weight.lora_a, torch.float32 --> F32, shape = {3072, 8}
INFO:hf-to-gguf:blk.22.attn_output.weight.lora_b, torch.float32 --> F32, shape = {8, 3072}
INFO:hf-to-gguf:blk.22.attn_qkv.weight.lora_a, torch.float32 --> F32, shape = {3072, 8}
INFO:hf-to-gguf:blk.22.attn_qkv.weight.lora_b, torch.float32 --> F32, shape = {8, 9216}
INFO:hf-to-gguf:blk.23.ffn_down.weight.lora_a, torch.float32 --> F32, shape = {8192, 8}
INFO:hf-to-gguf:blk.23.ffn_down.weight.lora_b, torch.float32 --> F32, shape = {8, 3072}
INFO:hf-to-gguf:blk.23.attn_output.weight.lora_a, torch.float32 --> F32, shape = {3072, 8}
INFO:hf-to-gguf:blk.23.attn_output.weight.lora_b, torch.float32 --> F32, shape = {8, 3072}
INFO:hf-to-gguf:blk.23.attn_qkv.weight.lora_a, torch.float32 --> F32, shape = {3072, 8}
INFO:hf-to-gguf:blk.23.attn_qkv.weight.lora_b, torch.float32 --> F32, shape = {8, 9216}
INFO:hf-to-gguf:blk.24.ffn_down.weight.lora_a, torch.float32 --> F32, shape = {8192, 8}
INFO:hf-to-gguf:blk.24.ffn_down.weight.lora_b, torch.float32 --> F32, shape = {8, 3072}
INFO:hf-to-gguf:blk.24.attn_output.weight.lora_a, torch.float32 --> F32, shape = {3072, 8}
INFO:hf-to-gguf:blk.24.attn_output.weight.lora_b, torch.float32 --> F32, shape = {8, 3072}
INFO:hf-to-gguf:blk.24.attn_qkv.weight.lora_a, torch.float32 --> F32, shape = {3072, 8}
INFO:hf-to-gguf:blk.24.attn_qkv.weight.lora_b, torch.float32 --> F32, shape = {8, 9216}
INFO:hf-to-gguf:blk.25.ffn_down.weight.lora_a, torch.float32 --> F32, shape = {8192, 8}
INFO:hf-to-gguf:blk.25.ffn_down.weight.lora_b, torch.float32 --> F32, shape = {8, 3072}
INFO:hf-to-gguf:blk.25.attn_output.weight.lora_a, torch.float32 --> F32, shape = {3072, 8}
INFO:hf-to-gguf:blk.25.attn_output.weight.lora_b, torch.float32 --> F32, shape = {8, 3072}
INFO:hf-to-gguf:blk.25.attn_qkv.weight.lora_a, torch.float32 --> F32, shape = {3072, 8}
INFO:hf-to-gguf:blk.25.attn_qkv.weight.lora_b, torch.float32 --> F32, shape = {8, 9216}
INFO:hf-to-gguf:blk.26.ffn_down.weight.lora_a, torch.float32 --> F32, shape = {8192, 8}
INFO:hf-to-gguf:blk.26.ffn_down.weight.lora_b, torch.float32 --> F32, shape = {8, 3072}
INFO:hf-to-gguf:blk.26.attn_output.weight.lora_a, torch.float32 --> F32, shape = {3072, 8}
INFO:hf-to-gguf:blk.26.attn_output.weight.lora_b, torch.float32 --> F32, shape = {8, 3072}
INFO:hf-to-gguf:blk.26.attn_qkv.weight.lora_a, torch.float32 --> F32, shape = {3072, 8}
INFO:hf-to-gguf:blk.26.attn_qkv.weight.lora_b, torch.float32 --> F32, shape = {8, 9216}
INFO:hf-to-gguf:blk.27.ffn_down.weight.lora_a, torch.float32 --> F32, shape = {8192, 8}
INFO:hf-to-gguf:blk.27.ffn_down.weight.lora_b, torch.float32 --> F32, shape = {8, 3072}
INFO:hf-to-gguf:blk.27.attn_output.weight.lora_a, torch.float32 --> F32, shape = {3072, 8}
INFO:hf-to-gguf:blk.27.attn_output.weight.lora_b, torch.float32 --> F32, shape = {8, 3072}
INFO:hf-to-gguf:blk.27.attn_qkv.weight.lora_a, torch.float32 --> F32, shape = {3072, 8}
INFO:hf-to-gguf:blk.27.attn_qkv.weight.lora_b, torch.float32 --> F32, shape = {8, 9216}
INFO:hf-to-gguf:blk.28.ffn_down.weight.lora_a, torch.float32 --> F32, shape = {8192, 8}
INFO:hf-to-gguf:blk.28.ffn_down.weight.lora_b, torch.float32 --> F32, shape = {8, 3072}
INFO:hf-to-gguf:blk.28.attn_output.weight.lora_a, torch.float32 --> F32, shape = {3072, 8}
INFO:hf-to-gguf:blk.28.attn_output.weight.lora_b, torch.float32 --> F32, shape = {8, 3072}
INFO:hf-to-gguf:blk.28.attn_qkv.weight.lora_a, torch.float32 --> F32, shape = {3072, 8}
INFO:hf-to-gguf:blk.28.attn_qkv.weight.lora_b, torch.float32 --> F32, shape = {8, 9216}
INFO:hf-to-gguf:blk.29.ffn_down.weight.lora_a, torch.float32 --> F32, shape = {8192, 8}
INFO:hf-to-gguf:blk.29.ffn_down.weight.lora_b, torch.float32 --> F32, shape = {8, 3072}
INFO:hf-to-gguf:blk.29.attn_output.weight.lora_a, torch.float32 --> F32, shape = {3072, 8}
INFO:hf-to-gguf:blk.29.attn_output.weight.lora_b, torch.float32 --> F32, shape = {8, 3072}
INFO:hf-to-gguf:blk.29.attn_qkv.weight.lora_a, torch.float32 --> F32, shape = {3072, 8}
INFO:hf-to-gguf:blk.29.attn_qkv.weight.lora_b, torch.float32 --> F32, shape = {8, 9216}
INFO:hf-to-gguf:blk.3.ffn_down.weight.lora_a, torch.float32 --> F32, shape = {8192, 8}
INFO:hf-to-gguf:blk.3.ffn_down.weight.lora_b, torch.float32 --> F32, shape = {8, 3072}
INFO:hf-to-gguf:blk.3.attn_output.weight.lora_a, torch.float32 --> F32, shape = {3072, 8}
INFO:hf-to-gguf:blk.3.attn_output.weight.lora_b, torch.float32 --> F32, shape = {8, 3072}
INFO:hf-to-gguf:blk.3.attn_qkv.weight.lora_a, torch.float32 --> F32, shape = {3072, 8}
INFO:hf-to-gguf:blk.3.attn_qkv.weight.lora_b, torch.float32 --> F32, shape = {8, 9216}
INFO:hf-to-gguf:blk.30.ffn_down.weight.lora_a, torch.float32 --> F32, shape = {8192, 8}
INFO:hf-to-gguf:blk.30.ffn_down.weight.lora_b, torch.float32 --> F32, shape = {8, 3072}
INFO:hf-to-gguf:blk.30.attn_output.weight.lora_a, torch.float32 --> F32, shape = {3072, 8}
INFO:hf-to-gguf:blk.30.attn_output.weight.lora_b, torch.float32 --> F32, shape = {8, 3072}
INFO:hf-to-gguf:blk.30.attn_qkv.weight.lora_a, torch.float32 --> F32, shape = {3072, 8}
INFO:hf-to-gguf:blk.30.attn_qkv.weight.lora_b, torch.float32 --> F32, shape = {8, 9216}
INFO:hf-to-gguf:blk.31.ffn_down.weight.lora_a, torch.float32 --> F32, shape = {8192, 8}
INFO:hf-to-gguf:blk.31.ffn_down.weight.lora_b, torch.float32 --> F32, shape = {8, 3072}
INFO:hf-to-gguf:blk.31.attn_output.weight.lora_a, torch.float32 --> F32, shape = {3072, 8}
INFO:hf-to-gguf:blk.31.attn_output.weight.lora_b, torch.float32 --> F32, shape = {8, 3072}
INFO:hf-to-gguf:blk.31.attn_qkv.weight.lora_a, torch.float32 --> F32, shape = {3072, 8}
INFO:hf-to-gguf:blk.31.attn_qkv.weight.lora_b, torch.float32 --> F32, shape = {8, 9216}
INFO:hf-to-gguf:blk.4.ffn_down.weight.lora_a, torch.float32 --> F32, shape = {8192, 8}
INFO:hf-to-gguf:blk.4.ffn_down.weight.lora_b, torch.float32 --> F32, shape = {8, 3072}
INFO:hf-to-gguf:blk.4.attn_output.weight.lora_a, torch.float32 --> F32, shape = {3072, 8}
INFO:hf-to-gguf:blk.4.attn_output.weight.lora_b, torch.float32 --> F32, shape = {8, 3072}
INFO:hf-to-gguf:blk.4.attn_qkv.weight.lora_a, torch.float32 --> F32, shape = {3072, 8}
INFO:hf-to-gguf:blk.4.attn_qkv.weight.lora_b, torch.float32 --> F32, shape = {8, 9216}
INFO:hf-to-gguf:blk.5.ffn_down.weight.lora_a, torch.float32 --> F32, shape = {8192, 8}
INFO:hf-to-gguf:blk.5.ffn_down.weight.lora_b, torch.float32 --> F32, shape = {8, 3072}
INFO:hf-to-gguf:blk.5.attn_output.weight.lora_a, torch.float32 --> F32, shape = {3072, 8}
INFO:hf-to-gguf:blk.5.attn_output.weight.lora_b, torch.float32 --> F32, shape = {8, 3072}
INFO:hf-to-gguf:blk.5.attn_qkv.weight.lora_a, torch.float32 --> F32, shape = {3072, 8}
INFO:hf-to-gguf:blk.5.attn_qkv.weight.lora_b, torch.float32 --> F32, shape = {8, 9216}
INFO:hf-to-gguf:blk.6.ffn_down.weight.lora_a, torch.float32 --> F32, shape = {8192, 8}
INFO:hf-to-gguf:blk.6.ffn_down.weight.lora_b, torch.float32 --> F32, shape = {8, 3072}
INFO:hf-to-gguf:blk.6.attn_output.weight.lora_a, torch.float32 --> F32, shape = {3072, 8}
INFO:hf-to-gguf:blk.6.attn_output.weight.lora_b, torch.float32 --> F32, shape = {8, 3072}
INFO:hf-to-gguf:blk.6.attn_qkv.weight.lora_a, torch.float32 --> F32, shape = {3072, 8}
INFO:hf-to-gguf:blk.6.attn_qkv.weight.lora_b, torch.float32 --> F32, shape = {8, 9216}
INFO:hf-to-gguf:blk.7.ffn_down.weight.lora_a, torch.float32 --> F32, shape = {8192, 8}
INFO:hf-to-gguf:blk.7.ffn_down.weight.lora_b, torch.float32 --> F32, shape = {8, 3072}
INFO:hf-to-gguf:blk.7.attn_output.weight.lora_a, torch.float32 --> F32, shape = {3072, 8}
INFO:hf-to-gguf:blk.7.attn_output.weight.lora_b, torch.float32 --> F32, shape = {8, 3072}
INFO:hf-to-gguf:blk.7.attn_qkv.weight.lora_a, torch.float32 --> F32, shape = {3072, 8}
INFO:hf-to-gguf:blk.7.attn_qkv.weight.lora_b, torch.float32 --> F32, shape = {8, 9216}
INFO:hf-to-gguf:blk.8.ffn_down.weight.lora_a, torch.float32 --> F32, shape = {8192, 8}
INFO:hf-to-gguf:blk.8.ffn_down.weight.lora_b, torch.float32 --> F32, shape = {8, 3072}
INFO:hf-to-gguf:blk.8.attn_output.weight.lora_a, torch.float32 --> F32, shape = {3072, 8}
INFO:hf-to-gguf:blk.8.attn_output.weight.lora_b, torch.float32 --> F32, shape = {8, 3072}
INFO:hf-to-gguf:blk.8.attn_qkv.weight.lora_a, torch.float32 --> F32, shape = {3072, 8}
INFO:hf-to-gguf:blk.8.attn_qkv.weight.lora_b, torch.float32 --> F32, shape = {8, 9216}
INFO:hf-to-gguf:blk.9.ffn_down.weight.lora_a, torch.float32 --> F32, shape = {8192, 8}
INFO:hf-to-gguf:blk.9.ffn_down.weight.lora_b, torch.float32 --> F32, shape = {8, 3072}
INFO:hf-to-gguf:blk.9.attn_output.weight.lora_a, torch.float32 --> F32, shape = {3072, 8}
INFO:hf-to-gguf:blk.9.attn_output.weight.lora_b, torch.float32 --> F32, shape = {8, 3072}
INFO:hf-to-gguf:blk.9.attn_qkv.weight.lora_a, torch.float32 --> F32, shape = {3072, 8}
INFO:hf-to-gguf:blk.9.attn_qkv.weight.lora_b, torch.float32 --> F32, shape = {8, 9216}
INFO:hf-to-gguf:Set meta model
INFO:hf-to-gguf:Set model parameters
INFO:hf-to-gguf:Set model quantization version
INFO:hf-to-gguf:Set model tokenizer
INFO:gguf.gguf_writer:Writing the following files:
INFO:gguf.gguf_writer:phi3_financial/adapter.gguf: n_tensors = 192, total_size = 30.4M
Writing:   0%|          | 0.00/30.4M [00:00<?, ?byte/s]Writing:  35%|███▌      | 10.7M/30.4M [00:00<00:00, 105Mbyte/s]Writing:  70%|███████   | 21.4M/30.4M [00:00<00:00, 106Mbyte/s]Writing: 100%|██████████| 30.4M/30.4M [00:00<00:00, 105Mbyte/s]
INFO:lora-to-gguf:Model successfully exported to phi3_financial/adapter.gguf
🧠 [Medical] Merging base model and LoRA adapter, then converting to GGUF...
📦 [Medical] Installation des dépendances Python (peut prendre quelques minutes)...
Collecting transformers==4.46.3
  Downloading transformers-4.46.3-py3-none-any.whl.metadata (44 kB)
     ━━━━━━━━━━━━━━━━━━━━━━━━━━━━━━━━━━━━━━━━ 44.1/44.1 kB 1.7 MB/s eta 0:00:00
Collecting trl==0.12.1
  Downloading trl-0.12.1-py3-none-any.whl.metadata (10 kB)
Collecting peft==0.13.2
  Downloading peft-0.13.2-py3-none-any.whl.metadata (13 kB)
Collecting accelerate==1.1.1
  Downloading accelerate-1.1.1-py3-none-any.whl.metadata (19 kB)
Collecting datasets==3.1.0
  Downloading datasets-3.1.0-py3-none-any.whl.metadata (20 kB)
Collecting filelock (from transformers==4.46.3)
  Downloading filelock-3.29.4-py3-none-any.whl.metadata (2.0 kB)
Collecting huggingface-hub<1.0,>=0.23.2 (from transformers==4.46.3)
  Downloading huggingface_hub-0.36.2-py3-none-any.whl.metadata (15 kB)
Collecting numpy>=1.17 (from transformers==4.46.3)
  Downloading numpy-2.4.6-cp311-cp311-manylinux_2_27_x86_64.manylinux_2_28_x86_64.whl.metadata (6.6 kB)
Collecting packaging>=20.0 (from transformers==4.46.3)
  Downloading packaging-26.2-py3-none-any.whl.metadata (3.5 kB)
Collecting pyyaml>=5.1 (from transformers==4.46.3)
  Downloading pyyaml-6.0.3-cp311-cp311-manylinux2014_x86_64.manylinux_2_17_x86_64.manylinux_2_28_x86_64.whl.metadata (2.4 kB)
Collecting regex!=2019.12.17 (from transformers==4.46.3)
  Downloading regex-2026.6.28-cp311-cp311-manylinux2014_x86_64.manylinux_2_17_x86_64.manylinux_2_28_x86_64.whl.metadata (40 kB)
     ━━━━━━━━━━━━━━━━━━━━━━━━━━━━━━━━━━━━━━━━ 40.5/40.5 kB 4.4 MB/s eta 0:00:00
Collecting requests (from transformers==4.46.3)
  Downloading requests-2.34.2-py3-none-any.whl.metadata (4.8 kB)
Collecting tokenizers<0.21,>=0.20 (from transformers==4.46.3)
  Downloading tokenizers-0.20.3-cp311-cp311-manylinux_2_17_x86_64.manylinux2014_x86_64.whl.metadata (6.7 kB)
Collecting safetensors>=0.4.1 (from transformers==4.46.3)
  Downloading safetensors-0.8.0-cp310-abi3-manylinux_2_17_x86_64.manylinux2014_x86_64.whl.metadata (4.2 kB)
Collecting tqdm>=4.27 (from transformers==4.46.3)
  Downloading tqdm-4.68.3-py3-none-any.whl.metadata (57 kB)
     ━━━━━━━━━━━━━━━━━━━━━━━━━━━━━━━━━━━━━━━━ 57.4/57.4 kB 4.4 MB/s eta 0:00:00
Collecting rich (from trl==0.12.1)
  Downloading rich-15.0.0-py3-none-any.whl.metadata (18 kB)
Collecting psutil (from peft==0.13.2)
  Downloading psutil-7.2.2-cp36-abi3-manylinux2010_x86_64.manylinux_2_12_x86_64.manylinux_2_28_x86_64.whl.metadata (22 kB)
Collecting torch>=1.13.0 (from peft==0.13.2)
  Downloading torch-2.12.1-cp311-cp311-manylinux_2_28_x86_64.whl.metadata (31 kB)
Collecting pyarrow>=15.0.0 (from datasets==3.1.0)
  Downloading pyarrow-24.0.0-cp311-cp311-manylinux_2_28_x86_64.whl.metadata (3.0 kB)
Collecting dill<0.3.9,>=0.3.0 (from datasets==3.1.0)
  Downloading dill-0.3.8-py3-none-any.whl.metadata (10 kB)
Collecting pandas (from datasets==3.1.0)
  Downloading pandas-3.0.3-cp311-cp311-manylinux_2_24_x86_64.manylinux_2_28_x86_64.whl.metadata (79 kB)
     ━━━━━━━━━━━━━━━━━━━━━━━━━━━━━━━━━━━━━━━━ 79.5/79.5 kB 6.0 MB/s eta 0:00:00
Collecting xxhash (from datasets==3.1.0)
  Downloading xxhash-3.8.0-cp311-cp311-manylinux2014_x86_64.manylinux_2_17_x86_64.manylinux_2_28_x86_64.whl.metadata (14 kB)
Collecting multiprocess<0.70.17 (from datasets==3.1.0)
  Downloading multiprocess-0.70.16-py311-none-any.whl.metadata (7.2 kB)
Collecting fsspec<=2024.9.0,>=2023.1.0 (from fsspec[http]<=2024.9.0,>=2023.1.0->datasets==3.1.0)
  Downloading fsspec-2024.9.0-py3-none-any.whl.metadata (11 kB)
Collecting aiohttp (from datasets==3.1.0)
  Downloading aiohttp-3.14.1-cp311-cp311-manylinux2014_x86_64.manylinux_2_17_x86_64.manylinux_2_28_x86_64.whl.metadata (8.3 kB)
Collecting aiohappyeyeballs>=2.5.0 (from aiohttp->datasets==3.1.0)
  Downloading aiohappyeyeballs-2.6.2-py3-none-any.whl.metadata (5.9 kB)
Collecting aiosignal>=1.4.0 (from aiohttp->datasets==3.1.0)
  Downloading aiosignal-1.4.0-py3-none-any.whl.metadata (3.7 kB)
Collecting attrs>=17.3.0 (from aiohttp->datasets==3.1.0)
  Downloading attrs-26.1.0-py3-none-any.whl.metadata (8.8 kB)
Collecting frozenlist>=1.1.1 (from aiohttp->datasets==3.1.0)
  Downloading frozenlist-1.8.0-cp311-cp311-manylinux1_x86_64.manylinux_2_28_x86_64.manylinux_2_5_x86_64.whl.metadata (20 kB)
Collecting multidict<7.0,>=4.5 (from aiohttp->datasets==3.1.0)
  Downloading multidict-6.7.1-cp311-cp311-manylinux2014_x86_64.manylinux_2_17_x86_64.manylinux_2_28_x86_64.whl.metadata (5.3 kB)
Collecting propcache>=0.2.0 (from aiohttp->datasets==3.1.0)
  Downloading propcache-0.5.2-cp311-cp311-manylinux2014_x86_64.manylinux_2_17_x86_64.manylinux_2_28_x86_64.whl.metadata (16 kB)
Collecting typing_extensions>=4.4 (from aiohttp->datasets==3.1.0)
  Downloading typing_extensions-4.15.0-py3-none-any.whl.metadata (3.3 kB)
Collecting yarl<2.0,>=1.17.0 (from aiohttp->datasets==3.1.0)
  Downloading yarl-1.24.2-cp311-cp311-manylinux2014_x86_64.manylinux_2_17_x86_64.manylinux_2_28_x86_64.whl.metadata (94 kB)
     ━━━━━━━━━━━━━━━━━━━━━━━━━━━━━━━━━━━━━━━━ 94.2/94.2 kB 9.2 MB/s eta 0:00:00
Collecting hf-xet<2.0.0,>=1.1.3 (from huggingface-hub<1.0,>=0.23.2->transformers==4.46.3)
  Downloading hf_xet-1.5.1-cp37-abi3-manylinux2014_x86_64.manylinux_2_17_x86_64.whl.metadata (4.9 kB)
Collecting charset_normalizer<4,>=2 (from requests->transformers==4.46.3)
  Downloading charset_normalizer-3.4.7-cp311-cp311-manylinux2014_x86_64.manylinux_2_17_x86_64.manylinux_2_28_x86_64.whl.metadata (40 kB)
     ━━━━━━━━━━━━━━━━━━━━━━━━━━━━━━━━━━━━━━━━ 40.9/40.9 kB 5.5 MB/s eta 0:00:00
Collecting idna<4,>=2.5 (from requests->transformers==4.46.3)
  Downloading idna-3.18-py3-none-any.whl.metadata (6.1 kB)
Collecting urllib3<3,>=1.26 (from requests->transformers==4.46.3)
  Downloading urllib3-2.7.0-py3-none-any.whl.metadata (6.9 kB)
Collecting certifi>=2023.5.7 (from requests->transformers==4.46.3)
  Downloading certifi-2026.6.17-py3-none-any.whl.metadata (2.5 kB)
Requirement already satisfied: setuptools<82 in /usr/local/lib/python3.11/site-packages (from torch>=1.13.0->peft==0.13.2) (79.0.1)
Collecting sympy>=1.13.3 (from torch>=1.13.0->peft==0.13.2)
  Downloading sympy-1.14.0-py3-none-any.whl.metadata (12 kB)
Collecting networkx>=2.5.1 (from torch>=1.13.0->peft==0.13.2)
  Downloading networkx-3.6.1-py3-none-any.whl.metadata (6.8 kB)
Collecting jinja2 (from torch>=1.13.0->peft==0.13.2)
  Downloading jinja2-3.1.6-py3-none-any.whl.metadata (2.9 kB)
Collecting cuda-toolkit==13.0.2 (from cuda-toolkit[cudart,cufft,cufile,cupti,curand,cusolver,cusparse,nvjitlink,nvrtc,nvtx]==13.0.2; platform_system == "Linux"->torch>=1.13.0->peft==0.13.2)
  Downloading cuda_toolkit-13.0.2-py2.py3-none-any.whl.metadata (9.4 kB)
Collecting nvidia-cublas<=13.1.1.3,>=13.1.0.3 (from torch>=1.13.0->peft==0.13.2)
  Downloading nvidia_cublas-13.1.1.3-py3-none-manylinux_2_27_x86_64.whl.metadata (1.8 kB)
Collecting cuda-bindings<14,>=13.0.3 (from torch>=1.13.0->peft==0.13.2)
  Downloading cuda_bindings-13.3.1-cp311-cp311-manylinux_2_24_x86_64.manylinux_2_28_x86_64.whl.metadata (2.5 kB)
Collecting nvidia-cudnn-cu13==9.20.0.48 (from torch>=1.13.0->peft==0.13.2)
  Downloading nvidia_cudnn_cu13-9.20.0.48-py3-none-manylinux_2_27_x86_64.whl.metadata (1.9 kB)
Collecting nvidia-cusparselt-cu13==0.8.1 (from torch>=1.13.0->peft==0.13.2)
  Downloading nvidia_cusparselt_cu13-0.8.1-py3-none-manylinux2014_x86_64.whl.metadata (12 kB)
Collecting nvidia-nccl-cu13==2.29.7 (from torch>=1.13.0->peft==0.13.2)
  Downloading nvidia_nccl_cu13-2.29.7-py3-none-manylinux_2_18_x86_64.whl.metadata (2.1 kB)
Collecting nvidia-nvshmem-cu13==3.4.5 (from torch>=1.13.0->peft==0.13.2)
  Downloading nvidia_nvshmem_cu13-3.4.5-py3-none-manylinux2014_x86_64.manylinux_2_17_x86_64.whl.metadata (2.1 kB)
Collecting triton==3.7.1 (from torch>=1.13.0->peft==0.13.2)
  Downloading triton-3.7.1-cp311-cp311-manylinux_2_27_x86_64.manylinux_2_28_x86_64.whl.metadata (1.7 kB)
Collecting nvidia-cuda-runtime==13.0.96.* (from cuda-toolkit[cudart,cufft,cufile,cupti,curand,cusolver,cusparse,nvjitlink,nvrtc,nvtx]==13.0.2; platform_system == "Linux"->torch>=1.13.0->peft==0.13.2)
  Downloading nvidia_cuda_runtime-13.0.96-py3-none-manylinux2014_x86_64.manylinux_2_17_x86_64.whl.metadata (1.7 kB)
Collecting nvidia-cufft==12.0.0.61.* (from cuda-toolkit[cudart,cufft,cufile,cupti,curand,cusolver,cusparse,nvjitlink,nvrtc,nvtx]==13.0.2; platform_system == "Linux"->torch>=1.13.0->peft==0.13.2)
  Downloading nvidia_cufft-12.0.0.61-py3-none-manylinux2014_x86_64.manylinux_2_17_x86_64.whl.metadata (1.8 kB)
Collecting nvidia-cufile==1.15.1.6.* (from cuda-toolkit[cudart,cufft,cufile,cupti,curand,cusolver,cusparse,nvjitlink,nvrtc,nvtx]==13.0.2; platform_system == "Linux"->torch>=1.13.0->peft==0.13.2)
  Downloading nvidia_cufile-1.15.1.6-py3-none-manylinux2014_x86_64.manylinux_2_17_x86_64.whl.metadata (1.7 kB)
Collecting nvidia-cuda-cupti==13.0.85.* (from cuda-toolkit[cudart,cufft,cufile,cupti,curand,cusolver,cusparse,nvjitlink,nvrtc,nvtx]==13.0.2; platform_system == "Linux"->torch>=1.13.0->peft==0.13.2)
  Downloading nvidia_cuda_cupti-13.0.85-py3-none-manylinux_2_25_x86_64.whl.metadata (1.7 kB)
Collecting nvidia-curand==10.4.0.35.* (from cuda-toolkit[cudart,cufft,cufile,cupti,curand,cusolver,cusparse,nvjitlink,nvrtc,nvtx]==13.0.2; platform_system == "Linux"->torch>=1.13.0->peft==0.13.2)
  Downloading nvidia_curand-10.4.0.35-py3-none-manylinux_2_27_x86_64.whl.metadata (1.7 kB)
Collecting nvidia-cusolver==12.0.4.66.* (from cuda-toolkit[cudart,cufft,cufile,cupti,curand,cusolver,cusparse,nvjitlink,nvrtc,nvtx]==13.0.2; platform_system == "Linux"->torch>=1.13.0->peft==0.13.2)
  Downloading nvidia_cusolver-12.0.4.66-py3-none-manylinux_2_27_x86_64.whl.metadata (1.8 kB)
Collecting nvidia-cusparse==12.6.3.3.* (from cuda-toolkit[cudart,cufft,cufile,cupti,curand,cusolver,cusparse,nvjitlink,nvrtc,nvtx]==13.0.2; platform_system == "Linux"->torch>=1.13.0->peft==0.13.2)
  Downloading nvidia_cusparse-12.6.3.3-py3-none-manylinux2014_x86_64.manylinux_2_17_x86_64.whl.metadata (1.8 kB)
Collecting nvidia-nvjitlink==13.0.88.* (from cuda-toolkit[cudart,cufft,cufile,cupti,curand,cusolver,cusparse,nvjitlink,nvrtc,nvtx]==13.0.2; platform_system == "Linux"->torch>=1.13.0->peft==0.13.2)
  Downloading nvidia_nvjitlink-13.0.88-py3-none-manylinux2010_x86_64.manylinux_2_12_x86_64.whl.metadata (1.7 kB)
Collecting nvidia-cuda-nvrtc==13.0.88.* (from cuda-toolkit[cudart,cufft,cufile,cupti,curand,cusolver,cusparse,nvjitlink,nvrtc,nvtx]==13.0.2; platform_system == "Linux"->torch>=1.13.0->peft==0.13.2)
  Downloading nvidia_cuda_nvrtc-13.0.88-py3-none-manylinux2010_x86_64.manylinux_2_12_x86_64.whl.metadata (1.7 kB)
Collecting nvidia-nvtx==13.0.85.* (from cuda-toolkit[cudart,cufft,cufile,cupti,curand,cusolver,cusparse,nvjitlink,nvrtc,nvtx]==13.0.2; platform_system == "Linux"->torch>=1.13.0->peft==0.13.2)
  Downloading nvidia_nvtx-13.0.85-py3-none-manylinux1_x86_64.manylinux_2_5_x86_64.whl.metadata (1.8 kB)
Collecting python-dateutil>=2.8.2 (from pandas->datasets==3.1.0)
  Downloading python_dateutil-2.9.0.post0-py2.py3-none-any.whl.metadata (8.4 kB)
Collecting markdown-it-py>=2.2.0 (from rich->trl==0.12.1)
  Downloading markdown_it_py-4.2.0-py3-none-any.whl.metadata (7.4 kB)
Collecting pygments<3.0.0,>=2.13.0 (from rich->trl==0.12.1)
  Downloading pygments-2.20.0-py3-none-any.whl.metadata (2.5 kB)
Collecting cuda-pathfinder>=1.4.2 (from cuda-bindings<14,>=13.0.3->torch>=1.13.0->peft==0.13.2)
  Downloading cuda_pathfinder-1.5.6-py3-none-any.whl.metadata (1.9 kB)
Collecting mdurl~=0.1 (from markdown-it-py>=2.2.0->rich->trl==0.12.1)
  Downloading mdurl-0.1.2-py3-none-any.whl.metadata (1.6 kB)
Collecting six>=1.5 (from python-dateutil>=2.8.2->pandas->datasets==3.1.0)
  Downloading six-1.17.0-py2.py3-none-any.whl.metadata (1.7 kB)
Collecting mpmath<1.4,>=1.1.0 (from sympy>=1.13.3->torch>=1.13.0->peft==0.13.2)
  Downloading mpmath-1.3.0-py3-none-any.whl.metadata (8.6 kB)
Collecting MarkupSafe>=2.0 (from jinja2->torch>=1.13.0->peft==0.13.2)
  Downloading markupsafe-3.0.3-cp311-cp311-manylinux2014_x86_64.manylinux_2_17_x86_64.manylinux_2_28_x86_64.whl.metadata (2.7 kB)
Downloading transformers-4.46.3-py3-none-any.whl (10.0 MB)
   ━━━━━━━━━━━━━━━━━━━━━━━━━━━━━━━━━━━━━━━━ 10.0/10.0 MB 14.8 MB/s eta 0:00:00
Downloading trl-0.12.1-py3-none-any.whl (310 kB)
   ━━━━━━━━━━━━━━━━━━━━━━━━━━━━━━━━━━━━━━━━ 310.9/310.9 kB 11.8 MB/s eta 0:00:00
Downloading peft-0.13.2-py3-none-any.whl (320 kB)
   ━━━━━━━━━━━━━━━━━━━━━━━━━━━━━━━━━━━━━━━━ 320.7/320.7 kB 11.6 MB/s eta 0:00:00
Downloading accelerate-1.1.1-py3-none-any.whl (333 kB)
   ━━━━━━━━━━━━━━━━━━━━━━━━━━━━━━━━━━━━━━━━ 333.2/333.2 kB 10.1 MB/s eta 0:00:00
Downloading datasets-3.1.0-py3-none-any.whl (480 kB)
   ━━━━━━━━━━━━━━━━━━━━━━━━━━━━━━━━━━━━━━━━ 480.6/480.6 kB 11.4 MB/s eta 0:00:00
Downloading dill-0.3.8-py3-none-any.whl (116 kB)
   ━━━━━━━━━━━━━━━━━━━━━━━━━━━━━━━━━━━━━━━━ 116.3/116.3 kB 7.4 MB/s eta 0:00:00
Downloading fsspec-2024.9.0-py3-none-any.whl (179 kB)
   ━━━━━━━━━━━━━━━━━━━━━━━━━━━━━━━━━━━━━━━━ 179.3/179.3 kB 9.6 MB/s eta 0:00:00
Downloading aiohttp-3.14.1-cp311-cp311-manylinux2014_x86_64.manylinux_2_17_x86_64.manylinux_2_28_x86_64.whl (1.8 MB)
   ━━━━━━━━━━━━━━━━━━━━━━━━━━━━━━━━━━━━━━━━ 1.8/1.8 MB 13.6 MB/s eta 0:00:00
Downloading huggingface_hub-0.36.2-py3-none-any.whl (566 kB)
   ━━━━━━━━━━━━━━━━━━━━━━━━━━━━━━━━━━━━━━━━ 566.4/566.4 kB 13.7 MB/s eta 0:00:00
Downloading multiprocess-0.70.16-py311-none-any.whl (143 kB)
   ━━━━━━━━━━━━━━━━━━━━━━━━━━━━━━━━━━━━━━━━ 143.5/143.5 kB 9.3 MB/s eta 0:00:00
Downloading numpy-2.4.6-cp311-cp311-manylinux_2_27_x86_64.manylinux_2_28_x86_64.whl (16.9 MB)
   ━━━━━━━━━━━━━━━━━━━━━━━━━━━━━━━━━━━━━━━━ 16.9/16.9 MB 14.4 MB/s eta 0:00:00
Downloading packaging-26.2-py3-none-any.whl (100 kB)
   ━━━━━━━━━━━━━━━━━━━━━━━━━━━━━━━━━━━━━━━━ 100.2/100.2 kB 7.9 MB/s eta 0:00:00
Downloading pyarrow-24.0.0-cp311-cp311-manylinux_2_28_x86_64.whl (48.8 MB)
   ━━━━━━━━━━━━━━━━━━━━━━━━━━━━━━━━━━━━━━━━ 48.8/48.8 MB 13.7 MB/s eta 0:00:00
Downloading pyyaml-6.0.3-cp311-cp311-manylinux2014_x86_64.manylinux_2_17_x86_64.manylinux_2_28_x86_64.whl (806 kB)
   ━━━━━━━━━━━━━━━━━━━━━━━━━━━━━━━━━━━━━━━━ 806.6/806.6 kB 12.5 MB/s eta 0:00:00
Downloading regex-2026.6.28-cp311-cp311-manylinux2014_x86_64.manylinux_2_17_x86_64.manylinux_2_28_x86_64.whl (799 kB)
   ━━━━━━━━━━━━━━━━━━━━━━━━━━━━━━━━━━━━━━━━ 799.9/799.9 kB 17.3 MB/s eta 0:00:00
Downloading requests-2.34.2-py3-none-any.whl (73 kB)
   ━━━━━━━━━━━━━━━━━━━━━━━━━━━━━━━━━━━━━━━━ 73.1/73.1 kB 6.2 MB/s eta 0:00:00
Downloading safetensors-0.8.0-cp310-abi3-manylinux_2_17_x86_64.manylinux2014_x86_64.whl (516 kB)
   ━━━━━━━━━━━━━━━━━━━━━━━━━━━━━━━━━━━━━━━━ 516.0/516.0 kB 14.2 MB/s eta 0:00:00
Downloading tokenizers-0.20.3-cp311-cp311-manylinux_2_17_x86_64.manylinux2014_x86_64.whl (3.0 MB)
   ━━━━━━━━━━━━━━━━━━━━━━━━━━━━━━━━━━━━━━━━ 3.0/3.0 MB 14.7 MB/s eta 0:00:00
Downloading torch-2.12.1-cp311-cp311-manylinux_2_28_x86_64.whl (532.2 MB)
   ━━━━━━━━━━━━━━━━━━━━━━━━━━━━━━━━━━━━━━━━ 532.2/532.2 MB 6.8 MB/s eta 0:00:00
Downloading cuda_toolkit-13.0.2-py2.py3-none-any.whl (2.4 kB)
Downloading nvidia_cudnn_cu13-9.20.0.48-py3-none-manylinux_2_27_x86_64.whl (366.2 MB)
   ━━━━━━━━━━━━━━━━━━━━━━━━━━━━━━━━━━━━━━━━ 366.2/366.2 MB 7.5 MB/s eta 0:00:00
Downloading nvidia_cusparselt_cu13-0.8.1-py3-none-manylinux2014_x86_64.whl (170.1 MB)
   ━━━━━━━━━━━━━━━━━━━━━━━━━━━━━━━━━━━━━━━━ 170.1/170.1 MB 10.3 MB/s eta 0:00:00
Downloading nvidia_nccl_cu13-2.29.7-py3-none-manylinux_2_18_x86_64.whl (206.0 MB)
   ━━━━━━━━━━━━━━━━━━━━━━━━━━━━━━━━━━━━━━━━ 206.0/206.0 MB 9.4 MB/s eta 0:00:00
Downloading nvidia_nvshmem_cu13-3.4.5-py3-none-manylinux2014_x86_64.manylinux_2_17_x86_64.whl (60.4 MB)
   ━━━━━━━━━━━━━━━━━━━━━━━━━━━━━━━━━━━━━━━━ 60.4/60.4 MB 13.0 MB/s eta 0:00:00
Downloading triton-3.7.1-cp311-cp311-manylinux_2_27_x86_64.manylinux_2_28_x86_64.whl (197.7 MB)
   ━━━━━━━━━━━━━━━━━━━━━━━━━━━━━━━━━━━━━━━━ 197.7/197.7 MB 11.0 MB/s eta 0:00:00
Downloading nvidia_cuda_cupti-13.0.85-py3-none-manylinux_2_25_x86_64.whl (10.7 MB)
   ━━━━━━━━━━━━━━━━━━━━━━━━━━━━━━━━━━━━━━━━ 10.7/10.7 MB 13.9 MB/s eta 0:00:00
Downloading nvidia_cuda_nvrtc-13.0.88-py3-none-manylinux2010_x86_64.manylinux_2_12_x86_64.whl (90.2 MB)
   ━━━━━━━━━━━━━━━━━━━━━━━━━━━━━━━━━━━━━━━━ 90.2/90.2 MB 11.8 MB/s eta 0:00:00
Downloading nvidia_cuda_runtime-13.0.96-py3-none-manylinux2014_x86_64.manylinux_2_17_x86_64.whl (2.2 MB)
   ━━━━━━━━━━━━━━━━━━━━━━━━━━━━━━━━━━━━━━━━ 2.2/2.2 MB 12.7 MB/s eta 0:00:00
Downloading nvidia_cufft-12.0.0.61-py3-none-manylinux2014_x86_64.manylinux_2_17_x86_64.whl (214.1 MB)
   ━━━━━━━━━━━━━━━━━━━━━━━━━━━━━━━━━━━━━━━━ 214.1/214.1 MB 9.9 MB/s eta 0:00:00
Downloading nvidia_cufile-1.15.1.6-py3-none-manylinux2014_x86_64.manylinux_2_17_x86_64.whl (1.2 MB)
   ━━━━━━━━━━━━━━━━━━━━━━━━━━━━━━━━━━━━━━━━ 1.2/1.2 MB 13.4 MB/s eta 0:00:00
Downloading nvidia_curand-10.4.0.35-py3-none-manylinux_2_27_x86_64.whl (59.5 MB)
   ━━━━━━━━━━━━━━━━━━━━━━━━━━━━━━━━━━━━━━━━ 59.5/59.5 MB 13.1 MB/s eta 0:00:00
Downloading nvidia_cusolver-12.0.4.66-py3-none-manylinux_2_27_x86_64.whl (200.9 MB)
   ━━━━━━━━━━━━━━━━━━━━━━━━━━━━━━━━━━━━━━━━ 200.9/200.9 MB 9.7 MB/s eta 0:00:00
Downloading nvidia_cusparse-12.6.3.3-py3-none-manylinux2014_x86_64.manylinux_2_17_x86_64.whl (145.9 MB)
   ━━━━━━━━━━━━━━━━━━━━━━━━━━━━━━━━━━━━━━━━ 145.9/145.9 MB 11.3 MB/s eta 0:00:00
Downloading nvidia_nvjitlink-13.0.88-py3-none-manylinux2010_x86_64.manylinux_2_12_x86_64.whl (40.7 MB)
   ━━━━━━━━━━━━━━━━━━━━━━━━━━━━━━━━━━━━━━━━ 40.7/40.7 MB 13.1 MB/s eta 0:00:00
Downloading nvidia_nvtx-13.0.85-py3-none-manylinux1_x86_64.manylinux_2_5_x86_64.whl (148 kB)
   ━━━━━━━━━━━━━━━━━━━━━━━━━━━━━━━━━━━━━━━━ 148.0/148.0 kB 10.3 MB/s eta 0:00:00
Downloading tqdm-4.68.3-py3-none-any.whl (78 kB)
   ━━━━━━━━━━━━━━━━━━━━━━━━━━━━━━━━━━━━━━━━ 78.3/78.3 kB 9.3 MB/s eta 0:00:00
Downloading filelock-3.29.4-py3-none-any.whl (42 kB)
   ━━━━━━━━━━━━━━━━━━━━━━━━━━━━━━━━━━━━━━━━ 42.8/42.8 kB 5.6 MB/s eta 0:00:00
Downloading pandas-3.0.3-cp311-cp311-manylinux_2_24_x86_64.manylinux_2_28_x86_64.whl (11.3 MB)
   ━━━━━━━━━━━━━━━━━━━━━━━━━━━━━━━━━━━━━━━━ 11.3/11.3 MB 14.9 MB/s eta 0:00:00
Downloading psutil-7.2.2-cp36-abi3-manylinux2010_x86_64.manylinux_2_12_x86_64.manylinux_2_28_x86_64.whl (155 kB)
   ━━━━━━━━━━━━━━━━━━━━━━━━━━━━━━━━━━━━━━━━ 155.6/155.6 kB 10.8 MB/s eta 0:00:00
Downloading rich-15.0.0-py3-none-any.whl (310 kB)
   ━━━━━━━━━━━━━━━━━━━━━━━━━━━━━━━━━━━━━━━━ 310.7/310.7 kB 10.7 MB/s eta 0:00:00
Downloading xxhash-3.8.0-cp311-cp311-manylinux2014_x86_64.manylinux_2_17_x86_64.manylinux_2_28_x86_64.whl (220 kB)
   ━━━━━━━━━━━━━━━━━━━━━━━━━━━━━━━━━━━━━━━━ 220.0/220.0 kB 15.1 MB/s eta 0:00:00
Downloading aiohappyeyeballs-2.6.2-py3-none-any.whl (15 kB)
Downloading aiosignal-1.4.0-py3-none-any.whl (7.5 kB)
Downloading attrs-26.1.0-py3-none-any.whl (67 kB)
   ━━━━━━━━━━━━━━━━━━━━━━━━━━━━━━━━━━━━━━━━ 67.5/67.5 kB 5.8 MB/s eta 0:00:00
Downloading certifi-2026.6.17-py3-none-any.whl (133 kB)
   ━━━━━━━━━━━━━━━━━━━━━━━━━━━━━━━━━━━━━━━━ 133.3/133.3 kB 9.2 MB/s eta 0:00:00
Downloading charset_normalizer-3.4.7-cp311-cp311-manylinux2014_x86_64.manylinux_2_17_x86_64.manylinux_2_28_x86_64.whl (214 kB)
   ━━━━━━━━━━━━━━━━━━━━━━━━━━━━━━━━━━━━━━━━ 214.1/214.1 kB 10.0 MB/s eta 0:00:00
Downloading cuda_bindings-13.3.1-cp311-cp311-manylinux_2_24_x86_64.manylinux_2_28_x86_64.whl (6.7 MB)
   ━━━━━━━━━━━━━━━━━━━━━━━━━━━━━━━━━━━━━━━━ 6.7/6.7 MB 13.7 MB/s eta 0:00:00
Downloading frozenlist-1.8.0-cp311-cp311-manylinux1_x86_64.manylinux_2_28_x86_64.manylinux_2_5_x86_64.whl (231 kB)
   ━━━━━━━━━━━━━━━━━━━━━━━━━━━━━━━━━━━━━━━━ 231.1/231.1 kB 11.1 MB/s eta 0:00:00
Downloading hf_xet-1.5.1-cp37-abi3-manylinux2014_x86_64.manylinux_2_17_x86_64.whl (4.5 MB)
   ━━━━━━━━━━━━━━━━━━━━━━━━━━━━━━━━━━━━━━━━ 4.5/4.5 MB 13.5 MB/s eta 0:00:00
Downloading idna-3.18-py3-none-any.whl (65 kB)
   ━━━━━━━━━━━━━━━━━━━━━━━━━━━━━━━━━━━━━━━━ 65.5/65.5 kB 6.8 MB/s eta 0:00:00
Downloading markdown_it_py-4.2.0-py3-none-any.whl (91 kB)
   ━━━━━━━━━━━━━━━━━━━━━━━━━━━━━━━━━━━━━━━━ 91.7/91.7 kB 9.9 MB/s eta 0:00:00
Downloading multidict-6.7.1-cp311-cp311-manylinux2014_x86_64.manylinux_2_17_x86_64.manylinux_2_28_x86_64.whl (246 kB)
   ━━━━━━━━━━━━━━━━━━━━━━━━━━━━━━━━━━━━━━━━ 246.3/246.3 kB 14.8 MB/s eta 0:00:00
Downloading networkx-3.6.1-py3-none-any.whl (2.1 MB)
   ━━━━━━━━━━━━━━━━━━━━━━━━━━━━━━━━━━━━━━━━ 2.1/2.1 MB 13.6 MB/s eta 0:00:00
Downloading nvidia_cublas-13.1.1.3-py3-none-manylinux_2_27_x86_64.whl (423.1 MB)
   ━━━━━━━━━━━━━━━━━━━━━━━━━━━━━━━━━━━━━━━━ 423.1/423.1 MB 7.5 MB/s eta 0:00:00
Downloading propcache-0.5.2-cp311-cp311-manylinux2014_x86_64.manylinux_2_17_x86_64.manylinux_2_28_x86_64.whl (58 kB)
   ━━━━━━━━━━━━━━━━━━━━━━━━━━━━━━━━━━━━━━━━ 58.9/58.9 kB 5.7 MB/s eta 0:00:00
Downloading pygments-2.20.0-py3-none-any.whl (1.2 MB)
   ━━━━━━━━━━━━━━━━━━━━━━━━━━━━━━━━━━━━━━━━ 1.2/1.2 MB 14.7 MB/s eta 0:00:00
Downloading python_dateutil-2.9.0.post0-py2.py3-none-any.whl (229 kB)
   ━━━━━━━━━━━━━━━━━━━━━━━━━━━━━━━━━━━━━━━━ 229.9/229.9 kB 12.0 MB/s eta 0:00:00
Downloading sympy-1.14.0-py3-none-any.whl (6.3 MB)
   ━━━━━━━━━━━━━━━━━━━━━━━━━━━━━━━━━━━━━━━━ 6.3/6.3 MB 12.8 MB/s eta 0:00:00
Downloading typing_extensions-4.15.0-py3-none-any.whl (44 kB)
   ━━━━━━━━━━━━━━━━━━━━━━━━━━━━━━━━━━━━━━━━ 44.6/44.6 kB 4.9 MB/s eta 0:00:00
Downloading urllib3-2.7.0-py3-none-any.whl (131 kB)
   ━━━━━━━━━━━━━━━━━━━━━━━━━━━━━━━━━━━━━━━━ 131.1/131.1 kB 8.8 MB/s eta 0:00:00
Downloading yarl-1.24.2-cp311-cp311-manylinux2014_x86_64.manylinux_2_17_x86_64.manylinux_2_28_x86_64.whl (106 kB)
   ━━━━━━━━━━━━━━━━━━━━━━━━━━━━━━━━━━━━━━━━ 106.4/106.4 kB 7.9 MB/s eta 0:00:00
Downloading jinja2-3.1.6-py3-none-any.whl (134 kB)
   ━━━━━━━━━━━━━━━━━━━━━━━━━━━━━━━━━━━━━━━━ 134.9/134.9 kB 8.2 MB/s eta 0:00:00
Downloading cuda_pathfinder-1.5.6-py3-none-any.whl (52 kB)
   ━━━━━━━━━━━━━━━━━━━━━━━━━━━━━━━━━━━━━━━━ 53.0/53.0 kB 5.0 MB/s eta 0:00:00
Downloading markupsafe-3.0.3-cp311-cp311-manylinux2014_x86_64.manylinux_2_17_x86_64.manylinux_2_28_x86_64.whl (22 kB)
Downloading mdurl-0.1.2-py3-none-any.whl (10.0 kB)
Downloading mpmath-1.3.0-py3-none-any.whl (536 kB)
   ━━━━━━━━━━━━━━━━━━━━━━━━━━━━━━━━━━━━━━━━ 536.2/536.2 kB 13.0 MB/s eta 0:00:00
Downloading six-1.17.0-py2.py3-none-any.whl (11 kB)
Installing collected packages: nvidia-cusparselt-cu13, mpmath, cuda-toolkit, xxhash, urllib3, typing_extensions, triton, tqdm, sympy, six, safetensors, regex, pyyaml, pygments, pyarrow, psutil, propcache, packaging, nvidia-nvtx, nvidia-nvshmem-cu13, nvidia-nvjitlink, nvidia-nccl-cu13, nvidia-curand, nvidia-cufile, nvidia-cuda-runtime, nvidia-cuda-nvrtc, nvidia-cuda-cupti, numpy, networkx, multidict, mdurl, MarkupSafe, idna, hf-xet, fsspec, frozenlist, filelock, dill, cuda-pathfinder, charset_normalizer, certifi, attrs, aiohappyeyeballs, yarl, requests, python-dateutil, nvidia-cusparse, nvidia-cufft, nvidia-cublas, multiprocess, markdown-it-py, jinja2, cuda-bindings, aiosignal, rich, pandas, nvidia-cusolver, nvidia-cudnn-cu13, huggingface-hub, aiohttp, tokenizers, transformers, torch, datasets, accelerate, trl, peft
Successfully installed MarkupSafe-3.0.3 accelerate-1.1.1 aiohappyeyeballs-2.6.2 aiohttp-3.14.1 aiosignal-1.4.0 attrs-26.1.0 certifi-2026.6.17 charset_normalizer-3.4.7 cuda-bindings-13.3.1 cuda-pathfinder-1.5.6 cuda-toolkit-13.0.2 datasets-3.1.0 dill-0.3.8 filelock-3.29.4 frozenlist-1.8.0 fsspec-2024.9.0 hf-xet-1.5.1 huggingface-hub-0.36.2 idna-3.18 jinja2-3.1.6 markdown-it-py-4.2.0 mdurl-0.1.2 mpmath-1.3.0 multidict-6.7.1 multiprocess-0.70.16 networkx-3.6.1 numpy-2.4.6 nvidia-cublas-13.1.1.3 nvidia-cuda-cupti-13.0.85 nvidia-cuda-nvrtc-13.0.88 nvidia-cuda-runtime-13.0.96 nvidia-cudnn-cu13-9.20.0.48 nvidia-cufft-12.0.0.61 nvidia-cufile-1.15.1.6 nvidia-curand-10.4.0.35 nvidia-cusolver-12.0.4.66 nvidia-cusparse-12.6.3.3 nvidia-cusparselt-cu13-0.8.1 nvidia-nccl-cu13-2.29.7 nvidia-nvjitlink-13.0.88 nvidia-nvshmem-cu13-3.4.5 nvidia-nvtx-13.0.85 packaging-26.2 pandas-3.0.3 peft-0.13.2 propcache-0.5.2 psutil-7.2.2 pyarrow-24.0.0 pygments-2.20.0 python-dateutil-2.9.0.post0 pyyaml-6.0.3 regex-2026.6.28 requests-2.34.2 rich-15.0.0 safetensors-0.8.0 six-1.17.0 sympy-1.14.0 tokenizers-0.20.3 torch-2.12.1 tqdm-4.68.3 transformers-4.46.3 triton-3.7.1 trl-0.12.1 typing_extensions-4.15.0 urllib3-2.7.0 xxhash-3.8.0 yarl-1.24.2
WARNING: Running pip as the 'root' user can result in broken permissions and conflicting behaviour with the system package manager. It is recommended to use a virtual environment instead: https://pip.pypa.io/warnings/venv

[notice] A new release of pip is available: 24.0 -> 26.1.2
[notice] To update, run: pip install --upgrade pip
🔀 [Medical] Fusion du modèle de base et de l'adaptateur LoRA...
A new version of the following files was downloaded from https://huggingface.co/microsoft/Phi-3.5-mini-instruct:
- configuration_phi3.py
. Make sure to double-check they do not contain any added malicious code. To avoid downloading new versions of the code file, you can pin a revision.
A new version of the following files was downloaded from https://huggingface.co/microsoft/Phi-3.5-mini-instruct:
- modeling_phi3.py
. Make sure to double-check they do not contain any added malicious code. To avoid downloading new versions of the code file, you can pin a revision.
`flash-attention` package not found, consider installing for better performance: No module named 'flash_attn'.
Current `flash-attention` does not support `window_size`. Either upgrade or use `attn_implementation='eager'`.
Downloading shards:   0%|          | 0/2 [00:00<?, ?it/s]Downloading shards:  50%|█████     | 1/2 [01:14<01:14, 74.47s/it]Downloading shards: 100%|██████████| 2/2 [01:54<00:00, 54.50s/it]Downloading shards: 100%|██████████| 2/2 [01:54<00:00, 57.50s/it]
Loading checkpoint shards:   0%|          | 0/2 [00:00<?, ?it/s]Loading checkpoint shards:  50%|█████     | 1/2 [00:01<00:01,  1.99s/it]Loading checkpoint shards: 100%|██████████| 2/2 [00:09<00:00,  5.10s/it]Loading checkpoint shards: 100%|██████████| 2/2 [00:09<00:00,  4.64s/it]
⏳ Début de la fusion sur le CPU...
✅ Fusion terminée et sauvegardée avec succès !
✅ [Medical] Fusion terminée.
📦 [Medical] Installation des dépendances llama.cpp...
Looking in indexes: https://pypi.org/simple, https://download.pytorch.org/whl/cpu, https://download.pytorch.org/whl/nightly, https://download.pytorch.org/whl/cpu, https://download.pytorch.org/whl/nightly, https://download.pytorch.org/whl/cpu, https://download.pytorch.org/whl/nightly
Ignoring torch: markers 'platform_machine == "s390x"' don't match your environment
Ignoring torch: markers 'platform_machine == "s390x"' don't match your environment
Collecting numpy~=1.26.4 (from -r llama.cpp/./requirements/requirements-convert_legacy_llama.txt (line 1))
  Downloading numpy-1.26.4-cp311-cp311-manylinux_2_17_x86_64.manylinux2014_x86_64.whl.metadata (61 kB)
     ━━━━━━━━━━━━━━━━━━━━━━━━━━━━━━━━━━━━━━━━ 61.0/61.0 kB 1.9 MB/s eta 0:00:00
Collecting sentencepiece<0.3.0,>=0.1.98 (from -r llama.cpp/./requirements/requirements-convert_legacy_llama.txt (line 2))
  Downloading https://download.pytorch.org/whl/nightly/sentencepiece-0.2.1-cp311-cp311-manylinux_2_27_x86_64.manylinux_2_28_x86_64.whl.metadata (10 kB)
Collecting transformers==4.57.6 (from -r llama.cpp/./requirements/requirements-convert_legacy_llama.txt (line 4))
  Downloading transformers-4.57.6-py3-none-any.whl.metadata (43 kB)
     ━━━━━━━━━━━━━━━━━━━━━━━━━━━━━━━━━━━━━━━━ 44.0/44.0 kB 4.2 MB/s eta 0:00:00
Collecting gguf>=0.1.0 (from -r llama.cpp/./requirements/requirements-convert_legacy_llama.txt (line 6))
  Downloading gguf-0.19.0-py3-none-any.whl.metadata (4.1 kB)
Collecting protobuf<5.0.0,>=4.21.0 (from -r llama.cpp/./requirements/requirements-convert_legacy_llama.txt (line 7))
  Downloading protobuf-4.25.9-cp37-abi3-manylinux2014_x86_64.whl.metadata (541 bytes)
Collecting torch==2.11.0 (from -r llama.cpp/./requirements/requirements-convert_hf_to_gguf.txt (line 5))
  Downloading https://download-r2.pytorch.org/whl/cpu/torch-2.11.0%2Bcpu-cp311-cp311-manylinux_2_28_x86_64.whl.metadata (29 kB)
Collecting aiohttp~=3.9.3 (from -r llama.cpp/./requirements/requirements-tool_bench.txt (line 1))
  Downloading https://download.pytorch.org/whl/nightly/aiohttp-3.9.5-cp311-cp311-manylinux_2_17_x86_64.manylinux2014_x86_64.whl (1.3 MB)
     ━━━━━━━━━━━━━━━━━━━━━━━━━━━━━━━━━━━━━━━━ 1.3/1.3 MB 12.6 MB/s eta 0:00:00
Collecting pytest~=8.3.3 (from -r llama.cpp/./requirements/requirements-tool_bench.txt (line 2))
  Downloading pytest-8.3.5-py3-none-any.whl.metadata (7.6 kB)
Collecting matplotlib~=3.10.0 (from -r llama.cpp/./requirements/requirements-tool_bench.txt (line 3))
  Downloading matplotlib-3.10.9-cp311-cp311-manylinux2014_x86_64.manylinux_2_17_x86_64.whl.metadata (52 kB)
     ━━━━━━━━━━━━━━━━━━━━━━━━━━━━━━━━━━━━━━━━ 52.8/52.8 kB 4.9 MB/s eta 0:00:00
Collecting openai~=2.14.0 (from -r llama.cpp/./requirements/requirements-tool_bench.txt (line 5))
  Downloading openai-2.14.0-py3-none-any.whl.metadata (29 kB)
Collecting pandas~=2.2.3 (from -r llama.cpp/./requirements/requirements-tool_bench.txt (line 6))
  Downloading https://download.pytorch.org/whl/nightly/pandas-2.2.3-cp311-cp311-manylinux_2_17_x86_64.manylinux2014_x86_64.whl (13.1 MB)
     ━━━━━━━━━━━━━━━━━━━━━━━━━━━━━━━━━━━━━━━━ 13.1/13.1 MB 16.0 MB/s eta 0:00:00
Collecting prometheus-client~=0.20.0 (from -r llama.cpp/./requirements/requirements-tool_bench.txt (line 7))
  Downloading prometheus_client-0.20.0-py3-none-any.whl.metadata (1.8 kB)
Collecting requests~=2.32.3 (from -r llama.cpp/./requirements/requirements-tool_bench.txt (line 8))
  Downloading requests-2.32.5-py3-none-any.whl.metadata (4.9 kB)
Collecting wget~=3.2 (from -r llama.cpp/./requirements/requirements-tool_bench.txt (line 9))
  Downloading wget-3.2.zip (10 kB)
  Preparing metadata (setup.py): started
  Preparing metadata (setup.py): finished with status 'done'
Collecting typer~=0.24.1 (from -r llama.cpp/./requirements/requirements-tool_bench.txt (line 10))
  Downloading typer-0.24.2-py3-none-any.whl.metadata (15 kB)
Collecting seaborn~=0.13.2 (from -r llama.cpp/./requirements/requirements-tool_bench.txt (line 11))
  Downloading seaborn-0.13.2-py3-none-any.whl.metadata (5.4 kB)
Requirement already satisfied: filelock in /usr/local/lib/python3.11/site-packages (from transformers==4.57.6->-r llama.cpp/./requirements/requirements-convert_legacy_llama.txt (line 4)) (3.29.4)
Requirement already satisfied: huggingface-hub<1.0,>=0.34.0 in /usr/local/lib/python3.11/site-packages (from transformers==4.57.6->-r llama.cpp/./requirements/requirements-convert_legacy_llama.txt (line 4)) (0.36.2)
Requirement already satisfied: packaging>=20.0 in /usr/local/lib/python3.11/site-packages (from transformers==4.57.6->-r llama.cpp/./requirements/requirements-convert_legacy_llama.txt (line 4)) (26.2)
Requirement already satisfied: pyyaml>=5.1 in /usr/local/lib/python3.11/site-packages (from transformers==4.57.6->-r llama.cpp/./requirements/requirements-convert_legacy_llama.txt (line 4)) (6.0.3)
Requirement already satisfied: regex!=2019.12.17 in /usr/local/lib/python3.11/site-packages (from transformers==4.57.6->-r llama.cpp/./requirements/requirements-convert_legacy_llama.txt (line 4)) (2026.6.28)
Collecting tokenizers<=0.23.0,>=0.22.0 (from transformers==4.57.6->-r llama.cpp/./requirements/requirements-convert_legacy_llama.txt (line 4))
  Downloading tokenizers-0.22.2-cp39-abi3-manylinux_2_17_x86_64.manylinux2014_x86_64.whl.metadata (7.3 kB)
Requirement already satisfied: safetensors>=0.4.3 in /usr/local/lib/python3.11/site-packages (from transformers==4.57.6->-r llama.cpp/./requirements/requirements-convert_legacy_llama.txt (line 4)) (0.8.0)
Requirement already satisfied: tqdm>=4.27 in /usr/local/lib/python3.11/site-packages (from transformers==4.57.6->-r llama.cpp/./requirements/requirements-convert_legacy_llama.txt (line 4)) (4.68.3)
Requirement already satisfied: typing-extensions>=4.10.0 in /usr/local/lib/python3.11/site-packages (from torch==2.11.0->-r llama.cpp/./requirements/requirements-convert_hf_to_gguf.txt (line 5)) (4.15.0)
Requirement already satisfied: setuptools<82 in /usr/local/lib/python3.11/site-packages (from torch==2.11.0->-r llama.cpp/./requirements/requirements-convert_hf_to_gguf.txt (line 5)) (79.0.1)
Requirement already satisfied: sympy>=1.13.3 in /usr/local/lib/python3.11/site-packages (from torch==2.11.0->-r llama.cpp/./requirements/requirements-convert_hf_to_gguf.txt (line 5)) (1.14.0)
Requirement already satisfied: networkx>=2.5.1 in /usr/local/lib/python3.11/site-packages (from torch==2.11.0->-r llama.cpp/./requirements/requirements-convert_hf_to_gguf.txt (line 5)) (3.6.1)
Requirement already satisfied: jinja2 in /usr/local/lib/python3.11/site-packages (from torch==2.11.0->-r llama.cpp/./requirements/requirements-convert_hf_to_gguf.txt (line 5)) (3.1.6)
Requirement already satisfied: fsspec>=0.8.5 in /usr/local/lib/python3.11/site-packages (from torch==2.11.0->-r llama.cpp/./requirements/requirements-convert_hf_to_gguf.txt (line 5)) (2024.9.0)
Requirement already satisfied: aiosignal>=1.1.2 in /usr/local/lib/python3.11/site-packages (from aiohttp~=3.9.3->-r llama.cpp/./requirements/requirements-tool_bench.txt (line 1)) (1.4.0)
Requirement already satisfied: attrs>=17.3.0 in /usr/local/lib/python3.11/site-packages (from aiohttp~=3.9.3->-r llama.cpp/./requirements/requirements-tool_bench.txt (line 1)) (26.1.0)
Requirement already satisfied: frozenlist>=1.1.1 in /usr/local/lib/python3.11/site-packages (from aiohttp~=3.9.3->-r llama.cpp/./requirements/requirements-tool_bench.txt (line 1)) (1.8.0)
Requirement already satisfied: multidict<7.0,>=4.5 in /usr/local/lib/python3.11/site-packages (from aiohttp~=3.9.3->-r llama.cpp/./requirements/requirements-tool_bench.txt (line 1)) (6.7.1)
Requirement already satisfied: yarl<2.0,>=1.0 in /usr/local/lib/python3.11/site-packages (from aiohttp~=3.9.3->-r llama.cpp/./requirements/requirements-tool_bench.txt (line 1)) (1.24.2)
Collecting iniconfig (from pytest~=8.3.3->-r llama.cpp/./requirements/requirements-tool_bench.txt (line 2))
  Downloading iniconfig-2.3.0-py3-none-any.whl.metadata (2.5 kB)
Collecting pluggy<2,>=1.5 (from pytest~=8.3.3->-r llama.cpp/./requirements/requirements-tool_bench.txt (line 2))
  Downloading pluggy-1.6.0-py3-none-any.whl.metadata (4.8 kB)
Collecting contourpy>=1.0.1 (from matplotlib~=3.10.0->-r llama.cpp/./requirements/requirements-tool_bench.txt (line 3))
  Downloading contourpy-1.3.3-cp311-cp311-manylinux_2_27_x86_64.manylinux_2_28_x86_64.whl.metadata (5.5 kB)
Collecting cycler>=0.10 (from matplotlib~=3.10.0->-r llama.cpp/./requirements/requirements-tool_bench.txt (line 3))
  Downloading https://download.pytorch.org/whl/nightly/cycler-0.12.1-py3-none-any.whl (8.3 kB)
Collecting fonttools>=4.22.0 (from matplotlib~=3.10.0->-r llama.cpp/./requirements/requirements-tool_bench.txt (line 3))
  Downloading fonttools-4.63.0-cp311-cp311-manylinux2014_x86_64.manylinux_2_17_x86_64.whl.metadata (118 kB)
     ━━━━━━━━━━━━━━━━━━━━━━━━━━━━━━━━━━━━━━━ 118.7/118.7 kB 5.4 MB/s eta 0:00:00
Collecting kiwisolver>=1.3.1 (from matplotlib~=3.10.0->-r llama.cpp/./requirements/requirements-tool_bench.txt (line 3))
  Downloading kiwisolver-1.5.0-cp311-cp311-manylinux2014_x86_64.manylinux_2_17_x86_64.whl.metadata (5.1 kB)
Collecting pillow>=8 (from matplotlib~=3.10.0->-r llama.cpp/./requirements/requirements-tool_bench.txt (line 3))
  Downloading pillow-12.2.0-cp311-cp311-manylinux_2_27_x86_64.manylinux_2_28_x86_64.whl.metadata (8.8 kB)
Collecting pyparsing>=3 (from matplotlib~=3.10.0->-r llama.cpp/./requirements/requirements-tool_bench.txt (line 3))
  Downloading pyparsing-3.3.2-py3-none-any.whl.metadata (5.8 kB)
Requirement already satisfied: python-dateutil>=2.7 in /usr/local/lib/python3.11/site-packages (from matplotlib~=3.10.0->-r llama.cpp/./requirements/requirements-tool_bench.txt (line 3)) (2.9.0.post0)
Collecting anyio<5,>=3.5.0 (from openai~=2.14.0->-r llama.cpp/./requirements/requirements-tool_bench.txt (line 5))
  Downloading anyio-4.14.1-py3-none-any.whl.metadata (4.6 kB)
Collecting distro<2,>=1.7.0 (from openai~=2.14.0->-r llama.cpp/./requirements/requirements-tool_bench.txt (line 5))
  Downloading https://download.pytorch.org/whl/nightly/distro-1.9.0-py3-none-any.whl.metadata (6.8 kB)
Collecting httpx<1,>=0.23.0 (from openai~=2.14.0->-r llama.cpp/./requirements/requirements-tool_bench.txt (line 5))
  Downloading https://download.pytorch.org/whl/nightly/httpx-0.28.1-py3-none-any.whl.metadata (7.1 kB)
Collecting jiter<1,>=0.10.0 (from openai~=2.14.0->-r llama.cpp/./requirements/requirements-tool_bench.txt (line 5))
  Downloading jiter-0.16.0-cp311-cp311-manylinux_2_17_x86_64.manylinux2014_x86_64.whl.metadata (5.2 kB)
Collecting pydantic<3,>=1.9.0 (from openai~=2.14.0->-r llama.cpp/./requirements/requirements-tool_bench.txt (line 5))
  Downloading pydantic-2.13.4-py3-none-any.whl.metadata (109 kB)
     ━━━━━━━━━━━━━━━━━━━━━━━━━━━━━━━━━━━━━━ 109.4/109.4 kB 10.8 MB/s eta 0:00:00
Collecting sniffio (from openai~=2.14.0->-r llama.cpp/./requirements/requirements-tool_bench.txt (line 5))
  Downloading https://download.pytorch.org/whl/nightly/sniffio-1.3.1-py3-none-any.whl.metadata (3.9 kB)
Collecting pytz>=2020.1 (from pandas~=2.2.3->-r llama.cpp/./requirements/requirements-tool_bench.txt (line 6))
  Downloading pytz-2026.2-py2.py3-none-any.whl.metadata (22 kB)
Collecting tzdata>=2022.7 (from pandas~=2.2.3->-r llama.cpp/./requirements/requirements-tool_bench.txt (line 6))
  Downloading tzdata-2026.2-py2.py3-none-any.whl.metadata (1.4 kB)
Requirement already satisfied: charset_normalizer<4,>=2 in /usr/local/lib/python3.11/site-packages (from requests~=2.32.3->-r llama.cpp/./requirements/requirements-tool_bench.txt (line 8)) (3.4.7)
Requirement already satisfied: idna<4,>=2.5 in /usr/local/lib/python3.11/site-packages (from requests~=2.32.3->-r llama.cpp/./requirements/requirements-tool_bench.txt (line 8)) (3.18)
Requirement already satisfied: urllib3<3,>=1.21.1 in /usr/local/lib/python3.11/site-packages (from requests~=2.32.3->-r llama.cpp/./requirements/requirements-tool_bench.txt (line 8)) (2.7.0)
Requirement already satisfied: certifi>=2017.4.17 in /usr/local/lib/python3.11/site-packages (from requests~=2.32.3->-r llama.cpp/./requirements/requirements-tool_bench.txt (line 8)) (2026.6.17)
Collecting click>=8.2.1 (from typer~=0.24.1->-r llama.cpp/./requirements/requirements-tool_bench.txt (line 10))
  Downloading click-8.4.2-py3-none-any.whl.metadata (2.6 kB)
Collecting shellingham>=1.3.0 (from typer~=0.24.1->-r llama.cpp/./requirements/requirements-tool_bench.txt (line 10))
  Downloading https://download.pytorch.org/whl/nightly/shellingham-1.5.4-py2.py3-none-any.whl.metadata (3.5 kB)
Requirement already satisfied: rich>=12.3.0 in /usr/local/lib/python3.11/site-packages (from typer~=0.24.1->-r llama.cpp/./requirements/requirements-tool_bench.txt (line 10)) (15.0.0)
Collecting annotated-doc>=0.0.2 (from typer~=0.24.1->-r llama.cpp/./requirements/requirements-tool_bench.txt (line 10))
  Downloading annotated_doc-0.0.4-py3-none-any.whl.metadata (6.6 kB)
Collecting httpcore==1.* (from httpx<1,>=0.23.0->openai~=2.14.0->-r llama.cpp/./requirements/requirements-tool_bench.txt (line 5))
  Downloading https://download.pytorch.org/whl/nightly/httpcore-1.0.9-py3-none-any.whl.metadata (21 kB)
Collecting h11>=0.16 (from httpcore==1.*->httpx<1,>=0.23.0->openai~=2.14.0->-r llama.cpp/./requirements/requirements-tool_bench.txt (line 5))
  Downloading https://download.pytorch.org/whl/nightly/h11-0.16.0-py3-none-any.whl.metadata (8.3 kB)
Requirement already satisfied: hf-xet<2.0.0,>=1.1.3 in /usr/local/lib/python3.11/site-packages (from huggingface-hub<1.0,>=0.34.0->transformers==4.57.6->-r llama.cpp/./requirements/requirements-convert_legacy_llama.txt (line 4)) (1.5.1)
Collecting annotated-types>=0.6.0 (from pydantic<3,>=1.9.0->openai~=2.14.0->-r llama.cpp/./requirements/requirements-tool_bench.txt (line 5))
  Downloading https://download.pytorch.org/whl/nightly/annotated_types-0.7.0-py3-none-any.whl.metadata (15 kB)
Collecting pydantic-core==2.46.4 (from pydantic<3,>=1.9.0->openai~=2.14.0->-r llama.cpp/./requirements/requirements-tool_bench.txt (line 5))
  Downloading pydantic_core-2.46.4-cp311-cp311-manylinux_2_17_x86_64.manylinux2014_x86_64.whl.metadata (6.6 kB)
Collecting typing-inspection>=0.4.2 (from pydantic<3,>=1.9.0->openai~=2.14.0->-r llama.cpp/./requirements/requirements-tool_bench.txt (line 5))
  Downloading typing_inspection-0.4.2-py3-none-any.whl.metadata (2.6 kB)
Requirement already satisfied: six>=1.5 in /usr/local/lib/python3.11/site-packages (from python-dateutil>=2.7->matplotlib~=3.10.0->-r llama.cpp/./requirements/requirements-tool_bench.txt (line 3)) (1.17.0)
Requirement already satisfied: markdown-it-py>=2.2.0 in /usr/local/lib/python3.11/site-packages (from rich>=12.3.0->typer~=0.24.1->-r llama.cpp/./requirements/requirements-tool_bench.txt (line 10)) (4.2.0)
Requirement already satisfied: pygments<3.0.0,>=2.13.0 in /usr/local/lib/python3.11/site-packages (from rich>=12.3.0->typer~=0.24.1->-r llama.cpp/./requirements/requirements-tool_bench.txt (line 10)) (2.20.0)
Requirement already satisfied: mpmath<1.4,>=1.1.0 in /usr/local/lib/python3.11/site-packages (from sympy>=1.13.3->torch==2.11.0->-r llama.cpp/./requirements/requirements-convert_hf_to_gguf.txt (line 5)) (1.3.0)
Requirement already satisfied: propcache>=0.2.1 in /usr/local/lib/python3.11/site-packages (from yarl<2.0,>=1.0->aiohttp~=3.9.3->-r llama.cpp/./requirements/requirements-tool_bench.txt (line 1)) (0.5.2)
Requirement already satisfied: MarkupSafe>=2.0 in /usr/local/lib/python3.11/site-packages (from jinja2->torch==2.11.0->-r llama.cpp/./requirements/requirements-convert_hf_to_gguf.txt (line 5)) (3.0.3)
Requirement already satisfied: mdurl~=0.1 in /usr/local/lib/python3.11/site-packages (from markdown-it-py>=2.2.0->rich>=12.3.0->typer~=0.24.1->-r llama.cpp/./requirements/requirements-tool_bench.txt (line 10)) (0.1.2)
Downloading transformers-4.57.6-py3-none-any.whl (12.0 MB)
   ━━━━━━━━━━━━━━━━━━━━━━━━━━━━━━━━━━━━━━━━ 12.0/12.0 MB 14.2 MB/s eta 0:00:00
Downloading https://download-r2.pytorch.org/whl/cpu/torch-2.11.0%2Bcpu-cp311-cp311-manylinux_2_28_x86_64.whl (190.2 MB)
   ━━━━━━━━━━━━━━━━━━━━━━━━━━━━━━━━━━━━━━━━ 190.2/190.2 MB 11.1 MB/s eta 0:00:00
Downloading numpy-1.26.4-cp311-cp311-manylinux_2_17_x86_64.manylinux2014_x86_64.whl (18.3 MB)
   ━━━━━━━━━━━━━━━━━━━━━━━━━━━━━━━━━━━━━━━━ 18.3/18.3 MB 15.1 MB/s eta 0:00:00
Downloading https://download.pytorch.org/whl/nightly/sentencepiece-0.2.1-cp311-cp311-manylinux_2_27_x86_64.manylinux_2_28_x86_64.whl (1.4 MB)
   ━━━━━━━━━━━━━━━━━━━━━━━━━━━━━━━━━━━━━━━━ 1.4/1.4 MB 12.4 MB/s eta 0:00:00
Downloading gguf-0.19.0-py3-none-any.whl (118 kB)
   ━━━━━━━━━━━━━━━━━━━━━━━━━━━━━━━━━━━━━━━━ 118.5/118.5 kB 8.5 MB/s eta 0:00:00
Downloading protobuf-4.25.9-cp37-abi3-manylinux2014_x86_64.whl (295 kB)
   ━━━━━━━━━━━━━━━━━━━━━━━━━━━━━━━━━━━━━━━━ 295.2/295.2 kB 11.2 MB/s eta 0:00:00
Downloading pytest-8.3.5-py3-none-any.whl (343 kB)
   ━━━━━━━━━━━━━━━━━━━━━━━━━━━━━━━━━━━━━━━━ 343.6/343.6 kB 16.2 MB/s eta 0:00:00
Downloading matplotlib-3.10.9-cp311-cp311-manylinux2014_x86_64.manylinux_2_17_x86_64.whl (8.8 MB)
   ━━━━━━━━━━━━━━━━━━━━━━━━━━━━━━━━━━━━━━━━ 8.8/8.8 MB 14.3 MB/s eta 0:00:00
Downloading openai-2.14.0-py3-none-any.whl (1.1 MB)
   ━━━━━━━━━━━━━━━━━━━━━━━━━━━━━━━━━━━━━━━━ 1.1/1.1 MB 14.4 MB/s eta 0:00:00
Downloading prometheus_client-0.20.0-py3-none-any.whl (54 kB)
   ━━━━━━━━━━━━━━━━━━━━━━━━━━━━━━━━━━━━━━━━ 54.5/54.5 kB 4.1 MB/s eta 0:00:00
Downloading requests-2.32.5-py3-none-any.whl (64 kB)
   ━━━━━━━━━━━━━━━━━━━━━━━━━━━━━━━━━━━━━━━━ 64.7/64.7 kB 6.4 MB/s eta 0:00:00
Downloading typer-0.24.2-py3-none-any.whl (55 kB)
   ━━━━━━━━━━━━━━━━━━━━━━━━━━━━━━━━━━━━━━━━ 56.0/56.0 kB 5.9 MB/s eta 0:00:00
Downloading seaborn-0.13.2-py3-none-any.whl (294 kB)
   ━━━━━━━━━━━━━━━━━━━━━━━━━━━━━━━━━━━━━━━━ 294.9/294.9 kB 10.8 MB/s eta 0:00:00
Downloading annotated_doc-0.0.4-py3-none-any.whl (5.3 kB)
Downloading anyio-4.14.1-py3-none-any.whl (124 kB)
   ━━━━━━━━━━━━━━━━━━━━━━━━━━━━━━━━━━━━━━━━ 124.9/124.9 kB 11.7 MB/s eta 0:00:00
Downloading click-8.4.2-py3-none-any.whl (119 kB)
   ━━━━━━━━━━━━━━━━━━━━━━━━━━━━━━━━━━━━━━━━ 119.2/119.2 kB 9.3 MB/s eta 0:00:00
Downloading contourpy-1.3.3-cp311-cp311-manylinux_2_27_x86_64.manylinux_2_28_x86_64.whl (355 kB)
   ━━━━━━━━━━━━━━━━━━━━━━━━━━━━━━━━━━━━━━━━ 355.2/355.2 kB 12.1 MB/s eta 0:00:00
Downloading https://download.pytorch.org/whl/nightly/distro-1.9.0-py3-none-any.whl (20 kB)
Downloading fonttools-4.63.0-cp311-cp311-manylinux2014_x86_64.manylinux_2_17_x86_64.whl (5.1 MB)
   ━━━━━━━━━━━━━━━━━━━━━━━━━━━━━━━━━━━━━━━━ 5.1/5.1 MB 15.1 MB/s eta 0:00:00
Downloading https://download.pytorch.org/whl/nightly/httpx-0.28.1-py3-none-any.whl (73 kB)
   ━━━━━━━━━━━━━━━━━━━━━━━━━━━━━━━━━━━━━━━━ 73.5/73.5 kB 9.8 MB/s eta 0:00:00
Downloading https://download.pytorch.org/whl/nightly/httpcore-1.0.9-py3-none-any.whl (78 kB)
   ━━━━━━━━━━━━━━━━━━━━━━━━━━━━━━━━━━━━━━━━ 78.8/78.8 kB 6.4 MB/s eta 0:00:00
Downloading jiter-0.16.0-cp311-cp311-manylinux_2_17_x86_64.manylinux2014_x86_64.whl (347 kB)
   ━━━━━━━━━━━━━━━━━━━━━━━━━━━━━━━━━━━━━━━━ 347.1/347.1 kB 11.1 MB/s eta 0:00:00
Downloading kiwisolver-1.5.0-cp311-cp311-manylinux2014_x86_64.manylinux_2_17_x86_64.whl (1.4 MB)
   ━━━━━━━━━━━━━━━━━━━━━━━━━━━━━━━━━━━━━━━━ 1.4/1.4 MB 16.2 MB/s eta 0:00:00
Downloading pillow-12.2.0-cp311-cp311-manylinux_2_27_x86_64.manylinux_2_28_x86_64.whl (7.1 MB)
   ━━━━━━━━━━━━━━━━━━━━━━━━━━━━━━━━━━━━━━━━ 7.1/7.1 MB 14.9 MB/s eta 0:00:00
Downloading pluggy-1.6.0-py3-none-any.whl (20 kB)
Downloading pydantic-2.13.4-py3-none-any.whl (472 kB)
   ━━━━━━━━━━━━━━━━━━━━━━━━━━━━━━━━━━━━━━━━ 472.3/472.3 kB 15.5 MB/s eta 0:00:00
Downloading pydantic_core-2.46.4-cp311-cp311-manylinux_2_17_x86_64.manylinux2014_x86_64.whl (2.1 MB)
   ━━━━━━━━━━━━━━━━━━━━━━━━━━━━━━━━━━━━━━━━ 2.1/2.1 MB 15.1 MB/s eta 0:00:00
Downloading pyparsing-3.3.2-py3-none-any.whl (122 kB)
   ━━━━━━━━━━━━━━━━━━━━━━━━━━━━━━━━━━━━━━━━ 122.8/122.8 kB 9.3 MB/s eta 0:00:00
Downloading pytz-2026.2-py2.py3-none-any.whl (510 kB)
   ━━━━━━━━━━━━━━━━━━━━━━━━━━━━━━━━━━━━━━━━ 510.1/510.1 kB 11.5 MB/s eta 0:00:00
Downloading https://download.pytorch.org/whl/nightly/shellingham-1.5.4-py2.py3-none-any.whl (9.8 kB)
Downloading tokenizers-0.22.2-cp39-abi3-manylinux_2_17_x86_64.manylinux2014_x86_64.whl (3.3 MB)
   ━━━━━━━━━━━━━━━━━━━━━━━━━━━━━━━━━━━━━━━━ 3.3/3.3 MB 14.7 MB/s eta 0:00:00
Downloading tzdata-2026.2-py2.py3-none-any.whl (349 kB)
   ━━━━━━━━━━━━━━━━━━━━━━━━━━━━━━━━━━━━━━━━ 349.3/349.3 kB 9.6 MB/s eta 0:00:00
Downloading iniconfig-2.3.0-py3-none-any.whl (7.5 kB)
Downloading https://download.pytorch.org/whl/nightly/sniffio-1.3.1-py3-none-any.whl (10 kB)
Downloading https://download.pytorch.org/whl/nightly/annotated_types-0.7.0-py3-none-any.whl (13 kB)
Downloading typing_inspection-0.4.2-py3-none-any.whl (14 kB)
Downloading https://download.pytorch.org/whl/nightly/h11-0.16.0-py3-none-any.whl (37 kB)
Building wheels for collected packages: wget
  Building wheel for wget (setup.py): started
  Building wheel for wget (setup.py): finished with status 'done'
  Created wheel for wget: filename=wget-3.2-py3-none-any.whl size=9687 sha256=bc95a1842a168a3a642551234087c8a00896975a839c5ea30dad1395ba318344
  Stored in directory: /root/.cache/pip/wheels/40/b3/0f/a40dbd1c6861731779f62cc4babcb234387e11d697df70ee97
Successfully built wget
Installing collected packages: wget, pytz, tzdata, typing-inspection, sniffio, shellingham, sentencepiece, requests, pyparsing, pydantic-core, protobuf, prometheus-client, pluggy, pillow, numpy, kiwisolver, jiter, iniconfig, h11, fonttools, distro, cycler, click, anyio, annotated-types, annotated-doc, torch, pytest, pydantic, pandas, httpcore, gguf, contourpy, aiohttp, typer, tokenizers, matplotlib, httpx, transformers, seaborn, openai
  Attempting uninstall: requests
    Found existing installation: requests 2.34.2
    Uninstalling requests-2.34.2:
      Successfully uninstalled requests-2.34.2
  Attempting uninstall: numpy
    Found existing installation: numpy 2.4.6
    Uninstalling numpy-2.4.6:
      Successfully uninstalled numpy-2.4.6
  Attempting uninstall: torch
    Found existing installation: torch 2.12.1
    Uninstalling torch-2.12.1:
      Successfully uninstalled torch-2.12.1
  Attempting uninstall: pandas
    Found existing installation: pandas 3.0.3
    Uninstalling pandas-3.0.3:
      Successfully uninstalled pandas-3.0.3
  Attempting uninstall: aiohttp
    Found existing installation: aiohttp 3.14.1
    Uninstalling aiohttp-3.14.1:
      Successfully uninstalled aiohttp-3.14.1
  Attempting uninstall: tokenizers
    Found existing installation: tokenizers 0.20.3
    Uninstalling tokenizers-0.20.3:
      Successfully uninstalled tokenizers-0.20.3
  Attempting uninstall: transformers
    Found existing installation: transformers 4.46.3
    Uninstalling transformers-4.46.3:
      Successfully uninstalled transformers-4.46.3
Successfully installed aiohttp-3.9.5 annotated-doc-0.0.4 annotated-types-0.7.0 anyio-4.14.1 click-8.4.2 contourpy-1.3.3 cycler-0.12.1 distro-1.9.0 fonttools-4.63.0 gguf-0.19.0 h11-0.16.0 httpcore-1.0.9 httpx-0.28.1 iniconfig-2.3.0 jiter-0.16.0 kiwisolver-1.5.0 matplotlib-3.10.9 numpy-1.26.4 openai-2.14.0 pandas-2.2.3 pillow-12.2.0 pluggy-1.6.0 prometheus-client-0.20.0 protobuf-4.25.9 pydantic-2.13.4 pydantic-core-2.46.4 pyparsing-3.3.2 pytest-8.3.5 pytz-2026.2 requests-2.32.5 seaborn-0.13.2 sentencepiece-0.2.1 shellingham-1.5.4 sniffio-1.3.1 tokenizers-0.22.2 torch-2.11.0+cpu transformers-4.57.6 typer-0.24.2 typing-inspection-0.4.2 tzdata-2026.2 wget-3.2
WARNING: Running pip as the 'root' user can result in broken permissions and conflicting behaviour with the system package manager. It is recommended to use a virtual environment instead: https://pip.pypa.io/warnings/venv

[notice] A new release of pip is available: 24.0 -> 26.1.2
[notice] To update, run: pip install --upgrade pip
📥 Téléchargement du tokenizer.model manquant...
🔧 [Medical] Conversion en GGUF...
INFO:hf-to-gguf:Loading model: medical_model_merged
INFO:hf-to-gguf:Model architecture: Phi3ForCausalLM
INFO:hf-to-gguf:gguf: loading model weight map from 'model.safetensors.index.json'
INFO:hf-to-gguf:gguf: indexing model part 'model-00001-of-00004.safetensors'
INFO:hf-to-gguf:gguf: indexing model part 'model-00002-of-00004.safetensors'
INFO:hf-to-gguf:gguf: indexing model part 'model-00003-of-00004.safetensors'
INFO:hf-to-gguf:gguf: indexing model part 'model-00004-of-00004.safetensors'
INFO:gguf.gguf_writer:gguf: This GGUF file is for Little Endian only
INFO:hf-to-gguf:Exporting model...
INFO:hf-to-gguf:rope_factors_long.weight,  torch.float32 --> F32, shape = {48}
INFO:hf-to-gguf:rope_factors_short.weight, torch.float32 --> F32, shape = {48}
INFO:hf-to-gguf:token_embd.weight,         torch.float32 --> F16, shape = {3072, 32064}
INFO:hf-to-gguf:blk.0.attn_norm.weight,    torch.float32 --> F32, shape = {3072}
INFO:hf-to-gguf:blk.0.ffn_down.weight,     torch.float32 --> F16, shape = {8192, 3072}
INFO:hf-to-gguf:blk.0.ffn_up.weight,       torch.float32 --> F16, shape = {3072, 16384}
INFO:hf-to-gguf:blk.0.ffn_norm.weight,     torch.float32 --> F32, shape = {3072}
INFO:hf-to-gguf:blk.0.attn_output.weight,  torch.float32 --> F16, shape = {3072, 3072}
INFO:hf-to-gguf:blk.0.attn_qkv.weight,     torch.float32 --> F16, shape = {3072, 9216}
INFO:hf-to-gguf:blk.1.attn_norm.weight,    torch.float32 --> F32, shape = {3072}
INFO:hf-to-gguf:blk.1.ffn_down.weight,     torch.float32 --> F16, shape = {8192, 3072}
INFO:hf-to-gguf:blk.1.ffn_up.weight,       torch.float32 --> F16, shape = {3072, 16384}
INFO:hf-to-gguf:blk.1.ffn_norm.weight,     torch.float32 --> F32, shape = {3072}
INFO:hf-to-gguf:blk.1.attn_output.weight,  torch.float32 --> F16, shape = {3072, 3072}
INFO:hf-to-gguf:blk.1.attn_qkv.weight,     torch.float32 --> F16, shape = {3072, 9216}
INFO:hf-to-gguf:blk.10.attn_output.weight, torch.float32 --> F16, shape = {3072, 3072}
INFO:hf-to-gguf:blk.2.attn_norm.weight,    torch.float32 --> F32, shape = {3072}
INFO:hf-to-gguf:blk.2.ffn_down.weight,     torch.float32 --> F16, shape = {8192, 3072}
INFO:hf-to-gguf:blk.2.ffn_up.weight,       torch.float32 --> F16, shape = {3072, 16384}
INFO:hf-to-gguf:blk.2.ffn_norm.weight,     torch.float32 --> F32, shape = {3072}
INFO:hf-to-gguf:blk.2.attn_output.weight,  torch.float32 --> F16, shape = {3072, 3072}
INFO:hf-to-gguf:blk.2.attn_qkv.weight,     torch.float32 --> F16, shape = {3072, 9216}
INFO:hf-to-gguf:blk.3.attn_norm.weight,    torch.float32 --> F32, shape = {3072}
INFO:hf-to-gguf:blk.3.ffn_down.weight,     torch.float32 --> F16, shape = {8192, 3072}
INFO:hf-to-gguf:blk.3.ffn_up.weight,       torch.float32 --> F16, shape = {3072, 16384}
INFO:hf-to-gguf:blk.3.ffn_norm.weight,     torch.float32 --> F32, shape = {3072}
INFO:hf-to-gguf:blk.3.attn_output.weight,  torch.float32 --> F16, shape = {3072, 3072}
INFO:hf-to-gguf:blk.3.attn_qkv.weight,     torch.float32 --> F16, shape = {3072, 9216}
INFO:hf-to-gguf:blk.4.attn_norm.weight,    torch.float32 --> F32, shape = {3072}
INFO:hf-to-gguf:blk.4.ffn_down.weight,     torch.float32 --> F16, shape = {8192, 3072}
INFO:hf-to-gguf:blk.4.ffn_up.weight,       torch.float32 --> F16, shape = {3072, 16384}
INFO:hf-to-gguf:blk.4.ffn_norm.weight,     torch.float32 --> F32, shape = {3072}
INFO:hf-to-gguf:blk.4.attn_output.weight,  torch.float32 --> F16, shape = {3072, 3072}
INFO:hf-to-gguf:blk.4.attn_qkv.weight,     torch.float32 --> F16, shape = {3072, 9216}
INFO:hf-to-gguf:blk.5.attn_norm.weight,    torch.float32 --> F32, shape = {3072}
INFO:hf-to-gguf:blk.5.ffn_down.weight,     torch.float32 --> F16, shape = {8192, 3072}
INFO:hf-to-gguf:blk.5.ffn_up.weight,       torch.float32 --> F16, shape = {3072, 16384}
INFO:hf-to-gguf:blk.5.ffn_norm.weight,     torch.float32 --> F32, shape = {3072}
INFO:hf-to-gguf:blk.5.attn_output.weight,  torch.float32 --> F16, shape = {3072, 3072}
INFO:hf-to-gguf:blk.5.attn_qkv.weight,     torch.float32 --> F16, shape = {3072, 9216}
INFO:hf-to-gguf:blk.6.attn_norm.weight,    torch.float32 --> F32, shape = {3072}
INFO:hf-to-gguf:blk.6.ffn_down.weight,     torch.float32 --> F16, shape = {8192, 3072}
INFO:hf-to-gguf:blk.6.ffn_up.weight,       torch.float32 --> F16, shape = {3072, 16384}
INFO:hf-to-gguf:blk.6.ffn_norm.weight,     torch.float32 --> F32, shape = {3072}
INFO:hf-to-gguf:blk.6.attn_output.weight,  torch.float32 --> F16, shape = {3072, 3072}
INFO:hf-to-gguf:blk.6.attn_qkv.weight,     torch.float32 --> F16, shape = {3072, 9216}
INFO:hf-to-gguf:blk.7.attn_norm.weight,    torch.float32 --> F32, shape = {3072}
INFO:hf-to-gguf:blk.7.ffn_down.weight,     torch.float32 --> F16, shape = {8192, 3072}
INFO:hf-to-gguf:blk.7.ffn_up.weight,       torch.float32 --> F16, shape = {3072, 16384}
INFO:hf-to-gguf:blk.7.ffn_norm.weight,     torch.float32 --> F32, shape = {3072}
INFO:hf-to-gguf:blk.7.attn_output.weight,  torch.float32 --> F16, shape = {3072, 3072}
INFO:hf-to-gguf:blk.7.attn_qkv.weight,     torch.float32 --> F16, shape = {3072, 9216}
INFO:hf-to-gguf:blk.8.attn_norm.weight,    torch.float32 --> F32, shape = {3072}
INFO:hf-to-gguf:blk.8.ffn_down.weight,     torch.float32 --> F16, shape = {8192, 3072}
INFO:hf-to-gguf:blk.8.ffn_up.weight,       torch.float32 --> F16, shape = {3072, 16384}
INFO:hf-to-gguf:blk.8.ffn_norm.weight,     torch.float32 --> F32, shape = {3072}
INFO:hf-to-gguf:blk.8.attn_output.weight,  torch.float32 --> F16, shape = {3072, 3072}
INFO:hf-to-gguf:blk.8.attn_qkv.weight,     torch.float32 --> F16, shape = {3072, 9216}
INFO:hf-to-gguf:blk.9.attn_norm.weight,    torch.float32 --> F32, shape = {3072}
INFO:hf-to-gguf:blk.9.ffn_down.weight,     torch.float32 --> F16, shape = {8192, 3072}
INFO:hf-to-gguf:blk.9.ffn_up.weight,       torch.float32 --> F16, shape = {3072, 16384}
INFO:hf-to-gguf:blk.9.ffn_norm.weight,     torch.float32 --> F32, shape = {3072}
INFO:hf-to-gguf:blk.9.attn_output.weight,  torch.float32 --> F16, shape = {3072, 3072}
INFO:hf-to-gguf:blk.9.attn_qkv.weight,     torch.float32 --> F16, shape = {3072, 9216}
INFO:hf-to-gguf:blk.10.attn_norm.weight,   torch.float32 --> F32, shape = {3072}
INFO:hf-to-gguf:blk.10.ffn_down.weight,    torch.float32 --> F16, shape = {8192, 3072}
INFO:hf-to-gguf:blk.10.ffn_up.weight,      torch.float32 --> F16, shape = {3072, 16384}
INFO:hf-to-gguf:blk.10.ffn_norm.weight,    torch.float32 --> F32, shape = {3072}
INFO:hf-to-gguf:blk.10.attn_qkv.weight,    torch.float32 --> F16, shape = {3072, 9216}
INFO:hf-to-gguf:blk.11.attn_norm.weight,   torch.float32 --> F32, shape = {3072}
INFO:hf-to-gguf:blk.11.ffn_down.weight,    torch.float32 --> F16, shape = {8192, 3072}
INFO:hf-to-gguf:blk.11.ffn_up.weight,      torch.float32 --> F16, shape = {3072, 16384}
INFO:hf-to-gguf:blk.11.ffn_norm.weight,    torch.float32 --> F32, shape = {3072}
INFO:hf-to-gguf:blk.11.attn_output.weight, torch.float32 --> F16, shape = {3072, 3072}
INFO:hf-to-gguf:blk.11.attn_qkv.weight,    torch.float32 --> F16, shape = {3072, 9216}
INFO:hf-to-gguf:blk.12.attn_norm.weight,   torch.float32 --> F32, shape = {3072}
INFO:hf-to-gguf:blk.12.ffn_down.weight,    torch.float32 --> F16, shape = {8192, 3072}
INFO:hf-to-gguf:blk.12.ffn_up.weight,      torch.float32 --> F16, shape = {3072, 16384}
INFO:hf-to-gguf:blk.12.ffn_norm.weight,    torch.float32 --> F32, shape = {3072}
INFO:hf-to-gguf:blk.12.attn_output.weight, torch.float32 --> F16, shape = {3072, 3072}
INFO:hf-to-gguf:blk.12.attn_qkv.weight,    torch.float32 --> F16, shape = {3072, 9216}
INFO:hf-to-gguf:blk.13.attn_norm.weight,   torch.float32 --> F32, shape = {3072}
INFO:hf-to-gguf:blk.13.ffn_down.weight,    torch.float32 --> F16, shape = {8192, 3072}
INFO:hf-to-gguf:blk.13.ffn_up.weight,      torch.float32 --> F16, shape = {3072, 16384}
INFO:hf-to-gguf:blk.13.ffn_norm.weight,    torch.float32 --> F32, shape = {3072}
INFO:hf-to-gguf:blk.13.attn_output.weight, torch.float32 --> F16, shape = {3072, 3072}
INFO:hf-to-gguf:blk.13.attn_qkv.weight,    torch.float32 --> F16, shape = {3072, 9216}
INFO:hf-to-gguf:blk.14.attn_norm.weight,   torch.float32 --> F32, shape = {3072}
INFO:hf-to-gguf:blk.14.ffn_down.weight,    torch.float32 --> F16, shape = {8192, 3072}
INFO:hf-to-gguf:blk.14.ffn_up.weight,      torch.float32 --> F16, shape = {3072, 16384}
INFO:hf-to-gguf:blk.14.ffn_norm.weight,    torch.float32 --> F32, shape = {3072}
INFO:hf-to-gguf:blk.14.attn_output.weight, torch.float32 --> F16, shape = {3072, 3072}
INFO:hf-to-gguf:blk.14.attn_qkv.weight,    torch.float32 --> F16, shape = {3072, 9216}
INFO:hf-to-gguf:blk.15.attn_norm.weight,   torch.float32 --> F32, shape = {3072}
INFO:hf-to-gguf:blk.15.ffn_down.weight,    torch.float32 --> F16, shape = {8192, 3072}
INFO:hf-to-gguf:blk.15.ffn_up.weight,      torch.float32 --> F16, shape = {3072, 16384}
INFO:hf-to-gguf:blk.15.ffn_norm.weight,    torch.float32 --> F32, shape = {3072}
INFO:hf-to-gguf:blk.15.attn_output.weight, torch.float32 --> F16, shape = {3072, 3072}
INFO:hf-to-gguf:blk.15.attn_qkv.weight,    torch.float32 --> F16, shape = {3072, 9216}
INFO:hf-to-gguf:blk.16.attn_norm.weight,   torch.float32 --> F32, shape = {3072}
INFO:hf-to-gguf:blk.16.ffn_down.weight,    torch.float32 --> F16, shape = {8192, 3072}
INFO:hf-to-gguf:blk.16.ffn_up.weight,      torch.float32 --> F16, shape = {3072, 16384}
INFO:hf-to-gguf:blk.16.ffn_norm.weight,    torch.float32 --> F32, shape = {3072}
INFO:hf-to-gguf:blk.16.attn_output.weight, torch.float32 --> F16, shape = {3072, 3072}
INFO:hf-to-gguf:blk.16.attn_qkv.weight,    torch.float32 --> F16, shape = {3072, 9216}
INFO:hf-to-gguf:blk.17.attn_norm.weight,   torch.float32 --> F32, shape = {3072}
INFO:hf-to-gguf:blk.17.ffn_down.weight,    torch.float32 --> F16, shape = {8192, 3072}
INFO:hf-to-gguf:blk.17.ffn_up.weight,      torch.float32 --> F16, shape = {3072, 16384}
INFO:hf-to-gguf:blk.17.ffn_norm.weight,    torch.float32 --> F32, shape = {3072}
INFO:hf-to-gguf:blk.17.attn_output.weight, torch.float32 --> F16, shape = {3072, 3072}
INFO:hf-to-gguf:blk.17.attn_qkv.weight,    torch.float32 --> F16, shape = {3072, 9216}
INFO:hf-to-gguf:blk.18.attn_norm.weight,   torch.float32 --> F32, shape = {3072}
INFO:hf-to-gguf:blk.18.ffn_down.weight,    torch.float32 --> F16, shape = {8192, 3072}
INFO:hf-to-gguf:blk.18.ffn_up.weight,      torch.float32 --> F16, shape = {3072, 16384}
INFO:hf-to-gguf:blk.18.ffn_norm.weight,    torch.float32 --> F32, shape = {3072}
INFO:hf-to-gguf:blk.18.attn_output.weight, torch.float32 --> F16, shape = {3072, 3072}
INFO:hf-to-gguf:blk.18.attn_qkv.weight,    torch.float32 --> F16, shape = {3072, 9216}
INFO:hf-to-gguf:blk.19.attn_norm.weight,   torch.float32 --> F32, shape = {3072}
INFO:hf-to-gguf:blk.19.ffn_down.weight,    torch.float32 --> F16, shape = {8192, 3072}
INFO:hf-to-gguf:blk.19.ffn_up.weight,      torch.float32 --> F16, shape = {3072, 16384}
INFO:hf-to-gguf:blk.19.ffn_norm.weight,    torch.float32 --> F32, shape = {3072}
INFO:hf-to-gguf:blk.19.attn_output.weight, torch.float32 --> F16, shape = {3072, 3072}
INFO:hf-to-gguf:blk.19.attn_qkv.weight,    torch.float32 --> F16, shape = {3072, 9216}
INFO:hf-to-gguf:blk.20.attn_norm.weight,   torch.float32 --> F32, shape = {3072}
INFO:hf-to-gguf:blk.20.ffn_down.weight,    torch.float32 --> F16, shape = {8192, 3072}
INFO:hf-to-gguf:blk.20.ffn_up.weight,      torch.float32 --> F16, shape = {3072, 16384}
INFO:hf-to-gguf:blk.20.ffn_norm.weight,    torch.float32 --> F32, shape = {3072}
INFO:hf-to-gguf:blk.20.attn_output.weight, torch.float32 --> F16, shape = {3072, 3072}
INFO:hf-to-gguf:blk.20.attn_qkv.weight,    torch.float32 --> F16, shape = {3072, 9216}
INFO:hf-to-gguf:blk.21.attn_output.weight, torch.float32 --> F16, shape = {3072, 3072}
INFO:hf-to-gguf:blk.21.attn_norm.weight,   torch.float32 --> F32, shape = {3072}
INFO:hf-to-gguf:blk.21.ffn_down.weight,    torch.float32 --> F16, shape = {8192, 3072}
INFO:hf-to-gguf:blk.21.ffn_up.weight,      torch.float32 --> F16, shape = {3072, 16384}
INFO:hf-to-gguf:blk.21.ffn_norm.weight,    torch.float32 --> F32, shape = {3072}
INFO:hf-to-gguf:blk.21.attn_qkv.weight,    torch.float32 --> F16, shape = {3072, 9216}
INFO:hf-to-gguf:blk.22.attn_norm.weight,   torch.float32 --> F32, shape = {3072}
INFO:hf-to-gguf:blk.22.ffn_down.weight,    torch.float32 --> F16, shape = {8192, 3072}
INFO:hf-to-gguf:blk.22.ffn_up.weight,      torch.float32 --> F16, shape = {3072, 16384}
INFO:hf-to-gguf:blk.22.ffn_norm.weight,    torch.float32 --> F32, shape = {3072}
INFO:hf-to-gguf:blk.22.attn_output.weight, torch.float32 --> F16, shape = {3072, 3072}
INFO:hf-to-gguf:blk.22.attn_qkv.weight,    torch.float32 --> F16, shape = {3072, 9216}
INFO:hf-to-gguf:blk.23.attn_norm.weight,   torch.float32 --> F32, shape = {3072}
INFO:hf-to-gguf:blk.23.ffn_down.weight,    torch.float32 --> F16, shape = {8192, 3072}
INFO:hf-to-gguf:blk.23.ffn_up.weight,      torch.float32 --> F16, shape = {3072, 16384}
INFO:hf-to-gguf:blk.23.ffn_norm.weight,    torch.float32 --> F32, shape = {3072}
INFO:hf-to-gguf:blk.23.attn_output.weight, torch.float32 --> F16, shape = {3072, 3072}
INFO:hf-to-gguf:blk.23.attn_qkv.weight,    torch.float32 --> F16, shape = {3072, 9216}
INFO:hf-to-gguf:blk.24.attn_norm.weight,   torch.float32 --> F32, shape = {3072}
INFO:hf-to-gguf:blk.24.ffn_down.weight,    torch.float32 --> F16, shape = {8192, 3072}
INFO:hf-to-gguf:blk.24.ffn_up.weight,      torch.float32 --> F16, shape = {3072, 16384}
INFO:hf-to-gguf:blk.24.ffn_norm.weight,    torch.float32 --> F32, shape = {3072}
INFO:hf-to-gguf:blk.24.attn_output.weight, torch.float32 --> F16, shape = {3072, 3072}
INFO:hf-to-gguf:blk.24.attn_qkv.weight,    torch.float32 --> F16, shape = {3072, 9216}
INFO:hf-to-gguf:blk.25.attn_norm.weight,   torch.float32 --> F32, shape = {3072}
INFO:hf-to-gguf:blk.25.ffn_down.weight,    torch.float32 --> F16, shape = {8192, 3072}
INFO:hf-to-gguf:blk.25.ffn_up.weight,      torch.float32 --> F16, shape = {3072, 16384}
INFO:hf-to-gguf:blk.25.ffn_norm.weight,    torch.float32 --> F32, shape = {3072}
INFO:hf-to-gguf:blk.25.attn_output.weight, torch.float32 --> F16, shape = {3072, 3072}
INFO:hf-to-gguf:blk.25.attn_qkv.weight,    torch.float32 --> F16, shape = {3072, 9216}
INFO:hf-to-gguf:blk.26.attn_norm.weight,   torch.float32 --> F32, shape = {3072}
INFO:hf-to-gguf:blk.26.ffn_down.weight,    torch.float32 --> F16, shape = {8192, 3072}
INFO:hf-to-gguf:blk.26.ffn_up.weight,      torch.float32 --> F16, shape = {3072, 16384}
INFO:hf-to-gguf:blk.26.ffn_norm.weight,    torch.float32 --> F32, shape = {3072}
INFO:hf-to-gguf:blk.26.attn_output.weight, torch.float32 --> F16, shape = {3072, 3072}
INFO:hf-to-gguf:blk.26.attn_qkv.weight,    torch.float32 --> F16, shape = {3072, 9216}
INFO:hf-to-gguf:blk.27.attn_norm.weight,   torch.float32 --> F32, shape = {3072}
INFO:hf-to-gguf:blk.27.ffn_down.weight,    torch.float32 --> F16, shape = {8192, 3072}
INFO:hf-to-gguf:blk.27.ffn_up.weight,      torch.float32 --> F16, shape = {3072, 16384}
INFO:hf-to-gguf:blk.27.ffn_norm.weight,    torch.float32 --> F32, shape = {3072}
INFO:hf-to-gguf:blk.27.attn_output.weight, torch.float32 --> F16, shape = {3072, 3072}
INFO:hf-to-gguf:blk.27.attn_qkv.weight,    torch.float32 --> F16, shape = {3072, 9216}
INFO:hf-to-gguf:blk.28.attn_norm.weight,   torch.float32 --> F32, shape = {3072}
INFO:hf-to-gguf:blk.28.ffn_down.weight,    torch.float32 --> F16, shape = {8192, 3072}
INFO:hf-to-gguf:blk.28.ffn_up.weight,      torch.float32 --> F16, shape = {3072, 16384}
INFO:hf-to-gguf:blk.28.ffn_norm.weight,    torch.float32 --> F32, shape = {3072}
INFO:hf-to-gguf:blk.28.attn_output.weight, torch.float32 --> F16, shape = {3072, 3072}
INFO:hf-to-gguf:blk.28.attn_qkv.weight,    torch.float32 --> F16, shape = {3072, 9216}
INFO:hf-to-gguf:blk.29.attn_norm.weight,   torch.float32 --> F32, shape = {3072}
INFO:hf-to-gguf:blk.29.ffn_down.weight,    torch.float32 --> F16, shape = {8192, 3072}
INFO:hf-to-gguf:blk.29.ffn_up.weight,      torch.float32 --> F16, shape = {3072, 16384}
INFO:hf-to-gguf:blk.29.ffn_norm.weight,    torch.float32 --> F32, shape = {3072}
INFO:hf-to-gguf:blk.29.attn_output.weight, torch.float32 --> F16, shape = {3072, 3072}
INFO:hf-to-gguf:blk.29.attn_qkv.weight,    torch.float32 --> F16, shape = {3072, 9216}
INFO:hf-to-gguf:blk.30.attn_norm.weight,   torch.float32 --> F32, shape = {3072}
INFO:hf-to-gguf:blk.30.ffn_down.weight,    torch.float32 --> F16, shape = {8192, 3072}
INFO:hf-to-gguf:blk.30.ffn_up.weight,      torch.float32 --> F16, shape = {3072, 16384}
INFO:hf-to-gguf:blk.30.ffn_norm.weight,    torch.float32 --> F32, shape = {3072}
INFO:hf-to-gguf:blk.30.attn_output.weight, torch.float32 --> F16, shape = {3072, 3072}
INFO:hf-to-gguf:blk.30.attn_qkv.weight,    torch.float32 --> F16, shape = {3072, 9216}
INFO:hf-to-gguf:blk.31.attn_norm.weight,   torch.float32 --> F32, shape = {3072}
INFO:hf-to-gguf:blk.31.ffn_down.weight,    torch.float32 --> F16, shape = {8192, 3072}
INFO:hf-to-gguf:blk.31.ffn_up.weight,      torch.float32 --> F16, shape = {3072, 16384}
INFO:hf-to-gguf:blk.31.ffn_norm.weight,    torch.float32 --> F32, shape = {3072}
INFO:hf-to-gguf:blk.31.attn_output.weight, torch.float32 --> F16, shape = {3072, 3072}
INFO:hf-to-gguf:blk.31.attn_qkv.weight,    torch.float32 --> F16, shape = {3072, 9216}
INFO:hf-to-gguf:output_norm.weight,        torch.float32 --> F32, shape = {3072}
INFO:hf-to-gguf:output.weight,             torch.float32 --> F16, shape = {3072, 32064}
INFO:hf-to-gguf:Set meta model
INFO:hf-to-gguf:Set model parameters
INFO:hf-to-gguf:Set model quantization version
INFO:hf-to-gguf:Set model tokenizer
INFO:gguf.vocab:Setting special token type bos to 1
INFO:gguf.vocab:Setting special token type eos to 32000
INFO:gguf.vocab:Setting special token type unk to 0
INFO:gguf.vocab:Setting special token type pad to 32000
INFO:gguf.vocab:Setting add_bos_token to False
INFO:gguf.vocab:Setting add_eos_token to False
INFO:gguf.vocab:Setting chat_template to {% for message in messages %}{% if message['role'] == 'system' and message['content'] %}{{'<|system|>
' + message['content'] + '<|end|>
'}}{% elif message['role'] == 'user' %}{{'<|user|>
' + message['content'] + '<|end|>
'}}{% elif message['role'] == 'assistant' %}{{'<|assistant|>
' + message['content'] + '<|end|>
'}}{% endif %}{% endfor %}{% if add_generation_prompt %}{{ '<|assistant|>
' }}{% else %}{{ eos_token }}{% endif %}
INFO:gguf.gguf_writer:Writing the following files:
INFO:gguf.gguf_writer:/models_out/phi3_medical/medical-model-f16.gguf: n_tensors = 197, total_size = 7.6G
Writing:   0%|          | 0.00/7.64G [00:00<?, ?byte/s]Writing:   3%|▎         | 197M/7.64G [00:03<02:03, 60.5Mbyte/s]Writing:   3%|▎         | 247M/7.64G [00:04<02:04, 59.5Mbyte/s]Writing:   5%|▍         | 348M/7.64G [00:05<02:02, 59.6Mbyte/s]Writing:   5%|▍         | 367M/7.64G [00:06<02:03, 59.0Mbyte/s]Writing:   6%|▌         | 424M/7.64G [00:07<02:03, 58.6Mbyte/s]Writing:   6%|▌         | 474M/7.64G [00:07<02:01, 59.1Mbyte/s]Writing:   8%|▊         | 575M/7.64G [00:09<01:57, 60.1Mbyte/s]Writing:   8%|▊         | 593M/7.64G [00:10<02:06, 55.9Mbyte/s]Writing:   9%|▊         | 650M/7.64G [00:11<02:06, 55.3Mbyte/s]Writing:   9%|▉         | 669M/7.64G [00:11<02:05, 55.8Mbyte/s]Writing:   9%|▉         | 719M/7.64G [00:12<02:01, 57.1Mbyte/s]Writing:  11%|█         | 820M/7.64G [00:14<01:56, 58.8Mbyte/s]Writing:  11%|█         | 839M/7.64G [00:14<01:56, 58.5Mbyte/s]Writing:  12%|█▏        | 895M/7.64G [00:15<01:53, 59.5Mbyte/s]Writing:  12%|█▏        | 946M/7.64G [00:16<01:52, 59.4Mbyte/s]Writing:  14%|█▎        | 1.05G/7.64G [00:17<01:49, 60.1Mbyte/s]Writing:  14%|█▍        | 1.07G/7.64G [00:18<01:50, 59.6Mbyte/s]Writing:  15%|█▍        | 1.12G/7.64G [00:19<01:49, 59.7Mbyte/s]Writing:  15%|█▌        | 1.17G/7.64G [00:19<01:47, 60.2Mbyte/s]Writing:  17%|█▋        | 1.27G/7.64G [00:21<01:44, 60.8Mbyte/s]Writing:  17%|█▋        | 1.29G/7.64G [00:21<01:45, 60.1Mbyte/s]Writing:  18%|█▊        | 1.35G/7.64G [00:22<01:44, 60.3Mbyte/s]Writing:  18%|█▊        | 1.40G/7.64G [00:23<01:42, 60.7Mbyte/s]Writing:  20%|█▉        | 1.50G/7.64G [00:25<01:40, 60.9Mbyte/s]Writing:  20%|█▉        | 1.52G/7.64G [00:25<01:41, 60.3Mbyte/s]Writing:  21%|██        | 1.57G/7.64G [00:26<01:39, 60.9Mbyte/s]Writing:  21%|██▏       | 1.63G/7.64G [00:27<01:38, 61.1Mbyte/s]Writing:  23%|██▎       | 1.73G/7.64G [00:28<01:37, 60.8Mbyte/s]Writing:  23%|██▎       | 1.74G/7.64G [00:29<01:37, 60.4Mbyte/s]Writing:  24%|██▎       | 1.80G/7.64G [00:30<01:35, 61.0Mbyte/s]Writing:  24%|██▍       | 1.85G/7.64G [00:31<01:35, 60.7Mbyte/s]Writing:  26%|██▌       | 1.95G/7.64G [00:32<01:33, 60.9Mbyte/s]Writing:  26%|██▌       | 1.97G/7.64G [00:33<01:34, 59.9Mbyte/s]Writing:  27%|██▋       | 2.03G/7.64G [00:34<01:33, 60.0Mbyte/s]Writing:  27%|██▋       | 2.08G/7.64G [00:34<01:33, 59.8Mbyte/s]Writing:  29%|██▊       | 2.18G/7.64G [00:36<01:31, 59.5Mbyte/s]Writing:  29%|██▉       | 2.20G/7.64G [00:36<01:33, 58.4Mbyte/s]Writing:  29%|██▉       | 2.25G/7.64G [00:37<01:32, 58.2Mbyte/s]Writing:  30%|███       | 2.30G/7.64G [00:38<01:32, 57.4Mbyte/s]Writing:  31%|███▏      | 2.41G/7.64G [00:40<01:31, 57.4Mbyte/s]Writing:  32%|███▏      | 2.42G/7.64G [00:40<01:32, 56.4Mbyte/s]Writing:  32%|███▏      | 2.48G/7.64G [00:41<01:31, 56.7Mbyte/s]Writing:  33%|███▎      | 2.53G/7.64G [00:42<01:31, 55.6Mbyte/s]Writing:  34%|███▍      | 2.63G/7.64G [00:44<01:29, 56.2Mbyte/s]Writing:  35%|███▌      | 2.69G/7.64G [00:45<01:27, 56.7Mbyte/s]Writing:  36%|███▌      | 2.74G/7.64G [00:46<01:25, 57.4Mbyte/s]Writing:  37%|███▋      | 2.84G/7.64G [00:48<01:21, 59.0Mbyte/s]Writing:  37%|███▋      | 2.86G/7.64G [00:48<01:21, 58.6Mbyte/s]Writing:  38%|███▊      | 2.92G/7.64G [00:49<01:19, 59.1Mbyte/s]Writing:  39%|███▉      | 2.97G/7.64G [00:50<01:18, 59.7Mbyte/s]Writing:  40%|████      | 3.07G/7.64G [00:51<01:15, 60.8Mbyte/s]Writing:  40%|████      | 3.09G/7.64G [00:52<01:15, 60.4Mbyte/s]Writing:  41%|████      | 3.14G/7.64G [00:53<01:14, 60.3Mbyte/s]Writing:  42%|████▏     | 3.19G/7.64G [00:53<01:13, 60.6Mbyte/s]Writing:  43%|████▎     | 3.29G/7.64G [00:55<01:11, 60.8Mbyte/s]Writing:  43%|████▎     | 3.31G/7.64G [00:55<01:12, 60.0Mbyte/s]Writing:  44%|████▍     | 3.37G/7.64G [00:56<01:10, 60.9Mbyte/s]Writing:  45%|████▍     | 3.42G/7.64G [00:57<01:09, 60.5Mbyte/s]Writing:  46%|████▌     | 3.52G/7.64G [00:59<01:07, 61.1Mbyte/s]Writing:  46%|████▋     | 3.54G/7.64G [00:59<01:07, 60.6Mbyte/s]Writing:  47%|████▋     | 3.59G/7.64G [01:00<01:07, 60.1Mbyte/s]Writing:  48%|████▊     | 3.65G/7.64G [01:01<01:08, 58.3Mbyte/s]Writing:  49%|████▉     | 3.75G/7.64G [01:03<01:06, 58.9Mbyte/s]Writing:  49%|████▉     | 3.76G/7.64G [01:03<01:05, 58.9Mbyte/s]Writing:  50%|████▉     | 3.82G/7.64G [01:04<01:04, 59.3Mbyte/s]Writing:  51%|█████     | 3.87G/7.64G [01:05<01:02, 59.9Mbyte/s]Writing:  52%|█████▏    | 3.97G/7.64G [01:06<01:00, 60.6Mbyte/s]Writing:  52%|█████▏    | 3.99G/7.64G [01:07<01:00, 60.2Mbyte/s]Writing:  53%|█████▎    | 4.05G/7.64G [01:08<00:59, 60.8Mbyte/s]Writing:  54%|█████▎    | 4.10G/7.64G [01:09<00:58, 60.1Mbyte/s]Writing:  55%|█████▍    | 4.20G/7.64G [01:10<00:56, 60.4Mbyte/s]Writing:  55%|█████▌    | 4.22G/7.64G [01:11<00:57, 60.0Mbyte/s]Writing:  56%|█████▌    | 4.27G/7.64G [01:11<00:55, 60.6Mbyte/s]Writing:  57%|█████▋    | 4.32G/7.64G [01:12<00:54, 60.4Mbyte/s]Writing:  58%|█████▊    | 4.43G/7.64G [01:14<00:52, 60.7Mbyte/s]Writing:  58%|█████▊    | 4.44G/7.64G [01:14<00:53, 60.1Mbyte/s]Writing:  59%|█████▉    | 4.50G/7.64G [01:15<00:52, 59.8Mbyte/s]Writing:  60%|█████▉    | 4.55G/7.64G [01:16<00:51, 59.6Mbyte/s]Writing:  61%|██████    | 4.65G/7.64G [01:18<00:49, 59.9Mbyte/s]Writing:  61%|██████    | 4.67G/7.64G [01:18<00:50, 59.4Mbyte/s]Writing:  62%|██████▏   | 4.73G/7.64G [01:19<00:48, 59.8Mbyte/s]Writing:  63%|██████▎   | 4.78G/7.64G [01:20<00:47, 60.1Mbyte/s]Writing:  64%|██████▍   | 4.88G/7.64G [01:21<00:45, 61.1Mbyte/s]Writing:  64%|██████▍   | 4.90G/7.64G [01:22<00:45, 60.7Mbyte/s]Writing:  65%|██████▍   | 4.95G/7.64G [01:23<00:44, 61.1Mbyte/s]Writing:  65%|██████▌   | 4.97G/7.64G [01:23<00:44, 60.4Mbyte/s]Writing:  66%|██████▌   | 5.02G/7.64G [01:24<00:43, 60.7Mbyte/s]Writing:  67%|██████▋   | 5.12G/7.64G [01:26<00:41, 61.0Mbyte/s]Writing:  68%|██████▊   | 5.18G/7.64G [01:26<00:40, 60.7Mbyte/s]Writing:  68%|██████▊   | 5.23G/7.64G [01:27<00:39, 60.6Mbyte/s]Writing:  70%|██████▉   | 5.33G/7.64G [01:29<00:38, 60.3Mbyte/s]Writing:  70%|███████   | 5.35G/7.64G [01:29<00:38, 60.0Mbyte/s]Writing:  71%|███████   | 5.41G/7.64G [01:30<00:37, 60.2Mbyte/s]Writing:  71%|███████▏  | 5.46G/7.64G [01:31<00:36, 60.7Mbyte/s]Writing:  73%|███████▎  | 5.56G/7.64G [01:33<00:34, 60.7Mbyte/s]Writing:  73%|███████▎  | 5.58G/7.64G [01:33<00:34, 60.5Mbyte/s]Writing:  74%|███████▎  | 5.63G/7.64G [01:34<00:33, 60.7Mbyte/s]Writing:  74%|███████▍  | 5.68G/7.64G [01:35<00:32, 60.4Mbyte/s]Writing:  76%|███████▌  | 5.78G/7.64G [01:36<00:30, 60.7Mbyte/s]Writing:  76%|███████▌  | 5.80G/7.64G [01:37<00:30, 59.9Mbyte/s]Writing:  77%|███████▋  | 5.86G/7.64G [01:38<00:29, 59.8Mbyte/s]Writing:  77%|███████▋  | 5.91G/7.64G [01:39<00:29, 58.5Mbyte/s]Writing:  79%|███████▊  | 6.01G/7.64G [01:40<00:28, 58.3Mbyte/s]Writing:  79%|███████▉  | 6.03G/7.64G [01:41<00:27, 57.6Mbyte/s]Writing:  80%|███████▉  | 6.09G/7.64G [01:42<00:26, 58.7Mbyte/s]Writing:  80%|████████  | 6.14G/7.64G [01:43<00:25, 59.0Mbyte/s]Writing:  82%|████████▏ | 6.24G/7.64G [01:44<00:23, 59.7Mbyte/s]Writing:  82%|████████▏ | 6.26G/7.64G [01:44<00:23, 59.5Mbyte/s]Writing:  83%|████████▎ | 6.31G/7.64G [01:45<00:22, 59.7Mbyte/s]Writing:  83%|████████▎ | 6.36G/7.64G [01:46<00:21, 59.5Mbyte/s]Writing:  85%|████████▍ | 6.46G/7.64G [01:48<00:19, 61.0Mbyte/s]Writing:  85%|████████▍ | 6.48G/7.64G [01:48<00:19, 60.8Mbyte/s]Writing:  86%|████████▌ | 6.54G/7.64G [01:49<00:18, 61.0Mbyte/s]Writing:  86%|████████▌ | 6.59G/7.64G [01:50<00:17, 61.2Mbyte/s]Writing:  88%|████████▊ | 6.69G/7.64G [01:52<00:15, 61.4Mbyte/s]Writing:  88%|████████▊ | 6.71G/7.64G [01:52<00:15, 60.9Mbyte/s]Writing:  89%|████████▊ | 6.77G/7.64G [01:53<00:14, 60.4Mbyte/s]Writing:  89%|████████▉ | 6.82G/7.64G [01:54<00:13, 60.1Mbyte/s]Writing:  91%|█████████ | 6.92G/7.64G [01:55<00:12, 60.4Mbyte/s]Writing:  91%|█████████ | 6.94G/7.64G [01:56<00:11, 60.0Mbyte/s]Writing:  91%|█████████▏| 6.99G/7.64G [01:57<00:10, 60.6Mbyte/s]Writing:  92%|█████████▏| 7.04G/7.64G [01:57<00:09, 61.1Mbyte/s]Writing:  93%|█████████▎| 7.14G/7.64G [01:59<00:08, 61.4Mbyte/s]Writing:  94%|█████████▎| 7.16G/7.64G [01:59<00:07, 60.9Mbyte/s]Writing:  94%|█████████▍| 7.22G/7.64G [02:00<00:06, 61.1Mbyte/s]Writing:  95%|█████████▌| 7.27G/7.64G [02:01<00:06, 60.8Mbyte/s]Writing:  96%|█████████▋| 7.37G/7.64G [02:03<00:04, 60.3Mbyte/s]Writing:  97%|█████████▋| 7.39G/7.64G [02:03<00:04, 59.6Mbyte/s]Writing:  97%|█████████▋| 7.45G/7.64G [02:04<00:03, 59.1Mbyte/s]Writing: 100%|██████████| 7.64G/7.64G [02:07<00:00, 59.9Mbyte/s]Writing: 100%|██████████| 7.64G/7.64G [02:07<00:00, 59.7Mbyte/s]
INFO:hf-to-gguf:Model successfully exported to /models_out/phi3_medical/medical-model-f16.gguf
✅ [Medical] Conversion GGUF terminée : models/phi3_medical/medical-model-f16.gguf
🐳 Starting Docker containers...
 Network infra_default Creating 
 Network infra_default Created 
 Container techcorp_ollama Creating 
 Container techcorp_ollama Created 
 Container techcorp_frontend Creating 
 Container techcorp_frontend Created 
 Container techcorp_ollama Starting 
 Container techcorp_ollama Started 
 Container techcorp_frontend Starting 
 Container techcorp_frontend Started 
⏳ Waiting for Ollama server to initialize...
✅ Ollama est prêt !
💼 Injecting the Financial audited model configuration...
[?2026h[?25l[1Ggathering model components ⠋ [K[?25h[?2026l[?2026h[?25l[1Ggathering model components ⠙ [K[?25h[?2026l[?2026h[?25l[1Ggathering model components [K
copying file sha256:055cfc12dd09f75a50737d62cbb323008095bf81e7dd1d075b30e6a7c129f6d3 100% [K[?25h[?2026l[?2026h[?25l[A[1Ggathering model components [K
copying file sha256:055cfc12dd09f75a50737d62cbb323008095bf81e7dd1d075b30e6a7c129f6d3 100% [K
parsing GGUF [K
using existing layer sha256:b5374915da534cb93df39f03bd4f2cd5a0c533df0d5e21957dc9556c260be9eb [K
using existing layer sha256:c608dc615584cd20d9d830363dabf8a4783ae5d34245c3d8c115edb3bc7b28e4 [K
using existing layer sha256:c5f9f560a7047d53bbefeef37f0a5b448aba03871b2fb63c4331b9ae0248914a [K
using existing layer sha256:055cfc12dd09f75a50737d62cbb323008095bf81e7dd1d075b30e6a7c129f6d3 [K
using existing layer sha256:5630e821e515c50c8a32a7255c0a5d0192e6aba7dac124ab2ca64090600e3da7 [K
using existing layer sha256:e47797f077a9cb94ad2dd74ba9a05942936192a6d8c91472699e39dae7533b17 [K
writing manifest ⠋ [K[?25h[?2026l[?2026h[?25l[A[A[A[A[A[A[A[A[A[1Ggathering model components [K
copying file sha256:055cfc12dd09f75a50737d62cbb323008095bf81e7dd1d075b30e6a7c129f6d3 100% [K
parsing GGUF [K
using existing layer sha256:b5374915da534cb93df39f03bd4f2cd5a0c533df0d5e21957dc9556c260be9eb [K
using existing layer sha256:c608dc615584cd20d9d830363dabf8a4783ae5d34245c3d8c115edb3bc7b28e4 [K
using existing layer sha256:c5f9f560a7047d53bbefeef37f0a5b448aba03871b2fb63c4331b9ae0248914a [K
using existing layer sha256:055cfc12dd09f75a50737d62cbb323008095bf81e7dd1d075b30e6a7c129f6d3 [K
using existing layer sha256:5630e821e515c50c8a32a7255c0a5d0192e6aba7dac124ab2ca64090600e3da7 [K
using existing layer sha256:e47797f077a9cb94ad2dd74ba9a05942936192a6d8c91472699e39dae7533b17 [K
writing manifest [K
success [K[?25h[?2026l
💉 Injecting the Medical model configuration...
[?2026h[?25l[1Ggathering model components ⠋ [K[?25h[?2026l[?2026h[?25l[1Ggathering model components ⠙ [K[?25h[?2026l[?2026h[?25l[1Ggathering model components ⠹ [K[?25h[?2026l[?2026h[?25l[1Ggathering model components ⠸ [K[?25h[?2026l[?2026h[?25l[1Ggathering model components ⠼ [K[?25h[?2026l[?2026h[?25l[1Ggathering model components ⠴ [K[?25h[?2026l[?2026h[?25l[1Ggathering model components ⠦ [K[?25h[?2026l[?2026h[?25l[1Ggathering model components ⠧ [K[?25h[?2026l[?2026h[?25l[1Ggathering model components ⠇ [K[?25h[?2026l[?2026h[?25l[1Ggathering model components ⠏ [K[?25h[?2026l[?2026h[?25l[1Ggathering model components ⠋ [K[?25h[?2026l[?2026h[?25l[1Ggathering model components ⠙ [K[?25h[?2026l[?2026h[?25l[1Ggathering model components ⠹ [K[?25h[?2026l[?2026h[?25l[1Ggathering model components ⠸ [K[?25h[?2026l[?2026h[?25l[1Ggathering model components ⠼ [K[?25h[?2026l[?2026h[?25l[1Ggathering model components ⠴ [K[?25h[?2026l[?2026h[?25l[1Ggathering model components ⠦ [K[?25h[?2026l[?2026h[?25l[1Ggathering model components ⠧ [K[?25h[?2026l[?2026h[?25l[1Ggathering model components ⠇ [K[?25h[?2026l[?2026h[?25l[1Ggathering model components ⠏ [K[?25h[?2026l[?2026h[?25l[1Ggathering model components ⠋ [K[?25h[?2026l[?2026h[?25l[1Ggathering model components ⠙ [K[?25h[?2026l[?2026h[?25l[1Ggathering model components ⠹ [K[?25h[?2026l[?2026h[?25l[1Ggathering model components ⠸ [K[?25h[?2026l[?2026h[?25l[1Ggathering model components ⠼ [K[?25h[?2026l[?2026h[?25l[1Ggathering model components ⠴ [K[?25h[?2026l[?2026h[?25l[1Ggathering model components ⠦ [K[?25h[?2026l[?2026h[?25l[1Ggathering model components ⠧ [K[?25h[?2026l[?2026h[?25l[1Ggathering model components ⠇ [K[?25h[?2026l[?2026h[?25l[1Ggathering model components ⠏ [K[?25h[?2026l[?2026h[?25l[1Ggathering model components ⠋ [K[?25h[?2026l[?2026h[?25l[1Ggathering model components ⠙ [K[?25h[?2026l[?2026h[?25l[1Ggathering model components ⠹ [K[?25h[?2026l[?2026h[?25l[1Ggathering model components ⠸ [K[?25h[?2026l[?2026h[?25l[1Ggathering model components ⠼ [K[?25h[?2026l[?2026h[?25l[1Ggathering model components ⠴ [K[?25h[?2026l[?2026h[?25l[1Ggathering model components ⠦ [K[?25h[?2026l[?2026h[?25l[1Ggathering model components ⠧ [K[?25h[?2026l[?2026h[?25l[1Ggathering model components ⠇ [K[?25h[?2026l[?2026h[?25l[1Ggathering model components ⠏ [K[?25h[?2026l[?2026h[?25l[1Ggathering model components ⠋ [K[?25h[?2026l[?2026h[?25l[1Ggathering model components ⠙ [K[?25h[?2026l[?2026h[?25l[1Ggathering model components ⠹ [K[?25h[?2026l[?2026h[?25l[1Ggathering model components ⠸ [K[?25h[?2026l[?2026h[?25l[1Ggathering model components ⠼ [K[?25h[?2026l[?2026h[?25l[1Ggathering model components ⠴ [K[?25h[?2026l[?2026h[?25l[1Ggathering model components ⠦ [K[?25h[?2026l[?2026h[?25l[1Ggathering model components ⠧ [K[?25h[?2026l[?2026h[?25l[1Ggathering model components ⠇ [K[?25h[?2026l[?2026h[?25l[1Ggathering model components ⠏ [K[?25h[?2026l[?2026h[?25l[1Ggathering model components ⠋ [K[?25h[?2026l[?2026h[?25l[1Ggathering model components ⠙ [K[?25h[?2026l[?2026h[?25l[1Ggathering model components ⠹ [K[?25h[?2026l[?2026h[?25l[1Ggathering model components ⠸ [K[?25h[?2026l[?2026h[?25l[1Ggathering model components ⠼ [K[?25h[?2026l[?2026h[?25l[1Ggathering model components ⠴ [K[?25h[?2026l[?2026h[?25l[1Ggathering model components ⠦ [K[?25h[?2026l[?2026h[?25l[1Ggathering model components ⠧ [K[?25h[?2026l[?2026h[?25l[1Ggathering model components ⠇ [K[?25h[?2026l[?2026h[?25l[1Ggathering model components ⠏ [K[?25h[?2026l[?2026h[?25l[1Ggathering model components ⠋ [K[?25h[?2026l[?2026h[?25l[1Ggathering model components ⠙ [K[?25h[?2026l[?2026h[?25l[1Ggathering model components ⠹ [K[?25h[?2026l[?2026h[?25l[1Ggathering model components ⠸ [K[?25h[?2026l[?2026h[?25l[1Ggathering model components ⠼ [K[?25h[?2026l[?2026h[?25l[1Ggathering model components ⠴ [K[?25h[?2026l[?2026h[?25l[1Ggathering model components ⠦ [K[?25h[?2026l[?2026h[?25l[1Ggathering model components ⠧ [K[?25h[?2026l[?2026h[?25l[1Ggathering model components ⠇ [K[?25h[?2026l[?2026h[?25l[1Ggathering model components ⠏ [K[?25h[?2026l[?2026h[?25l[1Ggathering model components ⠋ [K[?25h[?2026l[?2026h[?25l[1Ggathering model components ⠙ [K[?25h[?2026l[?2026h[?25l[1Ggathering model components ⠹ [K[?25h[?2026l[?2026h[?25l[1Ggathering model components ⠸ [K[?25h[?2026l[?2026h[?25l[1Ggathering model components ⠼ [K[?25h[?2026l[?2026h[?25l[1Ggathering model components ⠴ [K[?25h[?2026l[?2026h[?25l[1Ggathering model components ⠦ [K[?25h[?2026l[?2026h[?25l[1Ggathering model components ⠧ [K[?25h[?2026l[?2026h[?25l[1Ggathering model components ⠇ [K[?25h[?2026l[?2026h[?25l[1Ggathering model components ⠏ [K[?25h[?2026l[?2026h[?25l[1Ggathering model components ⠋ [K[?25h[?2026l[?2026h[?25l[1Ggathering model components ⠙ [K[?25h[?2026l[?2026h[?25l[1Ggathering model components ⠹ [K[?25h[?2026l[?2026h[?25l[1Ggathering model components ⠸ [K[?25h[?2026l[?2026h[?25l[1Ggathering model components ⠼ [K[?25h[?2026l[?2026h[?25l[1Ggathering model components ⠴ [K[?25h[?2026l[?2026h[?25l[1Ggathering model components ⠦ [K[?25h[?2026l[?2026h[?25l[1Ggathering model components ⠧ [K[?25h[?2026l[?2026h[?25l[1Ggathering model components ⠇ [K[?25h[?2026l[?2026h[?25l[1Ggathering model components ⠏ [K[?25h[?2026l[?2026h[?25l[1Ggathering model components ⠋ [K[?25h[?2026l[?2026h[?25l[1Ggathering model components ⠙ [K[?25h[?2026l[?2026h[?25l[1Ggathering model components ⠹ [K[?25h[?2026l[?2026h[?25l[1Ggathering model components ⠸ [K[?25h[?2026l[?2026h[?25l[1Ggathering model components ⠼ [K[?25h[?2026l[?2026h[?25l[1Ggathering model components ⠴ [K[?25h[?2026l[?2026h[?25l[1Ggathering model components ⠦ [K[?25h[?2026l[?2026h[?25l[1Ggathering model components ⠧ [K[?25h[?2026l[?2026h[?25l[1Ggathering model components ⠇ [K[?25h[?2026l[?2026h[?25l[1Ggathering model components ⠏ [K[?25h[?2026l[?2026h[?25l[1Ggathering model components ⠋ [K[?25h[?2026l[?2026h[?25l[1Ggathering model components ⠙ [K[?25h[?2026l[?2026h[?25l[1Ggathering model components ⠹ [K[?25h[?2026l[?2026h[?25l[1Ggathering model components ⠸ [K[?25h[?2026l[?2026h[?25l[1Ggathering model components ⠼ [K[?25h[?2026l[?2026h[?25l[1Ggathering model components ⠴ [K[?25h[?2026l[?2026h[?25l[1Ggathering model components ⠦ [K[?25h[?2026l[?2026h[?25l[1Ggathering model components ⠧ [K[?25h[?2026l[?2026h[?25l[1Ggathering model components ⠇ [K[?25h[?2026l[?2026h[?25l[1Ggathering model components ⠏ [K[?25h[?2026l[?2026h[?25l[1Ggathering model components ⠋ [K[?25h[?2026l[?2026h[?25l[1Ggathering model components ⠙ [K[?25h[?2026l[?2026h[?25l[1Ggathering model components ⠹ [K[?25h[?2026l[?2026h[?25l[1Ggathering model components ⠸ [K[?25h[?2026l[?2026h[?25l[1Ggathering model components ⠼ [K[?25h[?2026l[?2026h[?25l[1Ggathering model components ⠴ [K[?25h[?2026l[?2026h[?25l[1Ggathering model components ⠦ [K[?25h[?2026l[?2026h[?25l[1Ggathering model components ⠧ [K[?25h[?2026l[?2026h[?25l[1Ggathering model components ⠇ [K[?25h[?2026l[?2026h[?25l[1Ggathering model components ⠏ [K[?25h[?2026l[?2026h[?25l[1Ggathering model components ⠋ [K[?25h[?2026l[?2026h[?25l[1Ggathering model components ⠙ [K[?25h[?2026l[?2026h[?25l[1Ggathering model components ⠹ [K[?25h[?2026l[?2026h[?25l[1Ggathering model components ⠸ [K[?25h[?2026l[?2026h[?25l[1Ggathering model components ⠼ [K[?25h[?2026l[?2026h[?25l[1Ggathering model components ⠴ [K[?25h[?2026l[?2026h[?25l[1Ggathering model components ⠦ [K[?25h[?2026l[?2026h[?25l[1Ggathering model components ⠧ [K[?25h[?2026l[?2026h[?25l[1Ggathering model components ⠇ [K[?25h[?2026l[?2026h[?25l[1Ggathering model components ⠏ [K[?25h[?2026l[?2026h[?25l[1Ggathering model components ⠋ [K[?25h[?2026l[?2026h[?25l[1Ggathering model components ⠙ [K[?25h[?2026l[?2026h[?25l[1Ggathering model components ⠹ [K[?25h[?2026l[?2026h[?25l[1Ggathering model components ⠸ [K[?25h[?2026l[?2026h[?25l[1Ggathering model components ⠼ [K[?25h[?2026l[?2026h[?25l[1Ggathering model components ⠴ [K[?25h[?2026l[?2026h[?25l[1Ggathering model components ⠦ [K[?25h[?2026l[?2026h[?25l[1Ggathering model components ⠧ [K[?25h[?2026l[?2026h[?25l[1Ggathering model components ⠇ [K[?25h[?2026l[?2026h[?25l[1Ggathering model components ⠏ [K[?25h[?2026l[?2026h[?25l[1Ggathering model components ⠋ [K[?25h[?2026l[?2026h[?25l[1Ggathering model components ⠙ [K[?25h[?2026l[?2026h[?25l[1Ggathering model components ⠹ [K[?25h[?2026l[?2026h[?25l[1Ggathering model components ⠸ [K[?25h[?2026l[?2026h[?25l[1Ggathering model components ⠼ [K[?25h[?2026l[?2026h[?25l[1Ggathering model components ⠴ [K[?25h[?2026l[?2026h[?25l[1Ggathering model components ⠦ [K[?25h[?2026l[?2026h[?25l[1Ggathering model components ⠧ [K[?25h[?2026l[?2026h[?25l[1Ggathering model components ⠇ [K[?25h[?2026l[?2026h[?25l[1Ggathering model components ⠏ [K[?25h[?2026l[?2026h[?25l[1Ggathering model components ⠋ [K[?25h[?2026l[?2026h[?25l[1Ggathering model components ⠙ [K[?25h[?2026l[?2026h[?25l[1Ggathering model components ⠹ [K[?25h[?2026l[?2026h[?25l[1Ggathering model components ⠸ [K[?25h[?2026l[?2026h[?25l[1Ggathering model components ⠼ [K[?25h[?2026l[?2026h[?25l[1Ggathering model components ⠴ [K[?25h[?2026l[?2026h[?25l[1Ggathering model components ⠦ [K[?25h[?2026l[?2026h[?25l[1Ggathering model components ⠧ [K[?25h[?2026l[?2026h[?25l[1Ggathering model components ⠇ [K[?25h[?2026l[?2026h[?25l[1Ggathering model components ⠏ [K[?25h[?2026l[?2026h[?25l[1Ggathering model components ⠋ [K[?25h[?2026l[?2026h[?25l[1Ggathering model components ⠙ [K[?25h[?2026l[?2026h[?25l[1Ggathering model components ⠹ [K[?25h[?2026l[?2026h[?25l[1Ggathering model components ⠸ [K[?25h[?2026l[?2026h[?25l[1Ggathering model components ⠼ [K[?25h[?2026l[?2026h[?25l[1Ggathering model components ⠴ [K[?25h[?2026l[?2026h[?25l[1Ggathering model components ⠦ [K[?25h[?2026l[?2026h[?25l[1Ggathering model components ⠧ [K[?25h[?2026l[?2026h[?25l[1Ggathering model components ⠇ [K[?25h[?2026l[?2026h[?25l[1Ggathering model components ⠏ [K[?25h[?2026l[?2026h[?25l[1Ggathering model components ⠋ [K[?25h[?2026l[?2026h[?25l[1Ggathering model components ⠙ [K[?25h[?2026l[?2026h[?25l[1Ggathering model components ⠹ [K[?25h[?2026l[?2026h[?25l[1Ggathering model components ⠸ [K[?25h[?2026l[?2026h[?25l[1Ggathering model components ⠼ [K[?25h[?2026l[?2026h[?25l[1Ggathering model components ⠴ [K[?25h[?2026l[?2026h[?25l[1Ggathering model components ⠦ [K[?25h[?2026l[?2026h[?25l[1Ggathering model components ⠧ [K[?25h[?2026l[?2026h[?25l[1Ggathering model components ⠇ [K[?25h[?2026l[?2026h[?25l[1Ggathering model components ⠏ [K[?25h[?2026l[?2026h[?25l[1Ggathering model components ⠋ [K[?25h[?2026l[?2026h[?25l[1Ggathering model components ⠙ [K[?25h[?2026l[?2026h[?25l[1Ggathering model components ⠹ [K[?25h[?2026l[?2026h[?25l[1Ggathering model components ⠸ [K[?25h[?2026l[?2026h[?25l[1Ggathering model components ⠼ [K[?25h[?2026l[?2026h[?25l[1Ggathering model components ⠴ [K[?25h[?2026l[?2026h[?25l[1Ggathering model components ⠦ [K[?25h[?2026l[?2026h[?25l[1Ggathering model components ⠧ [K[?25h[?2026l[?2026h[?25l[1Ggathering model components ⠇ [K[?25h[?2026l[?2026h[?25l[1Ggathering model components ⠏ [K[?25h[?2026l[?2026h[?25l[1Ggathering model components ⠋ [K[?25h[?2026l[?2026h[?25l[1Ggathering model components ⠙ [K[?25h[?2026l[?2026h[?25l[1Ggathering model components ⠹ [K[?25h[?2026l[?2026h[?25l[1Ggathering model components ⠸ [K[?25h[?2026l[?2026h[?25l[1Ggathering model components ⠼ [K[?25h[?2026l[?2026h[?25l[1Ggathering model components ⠴ [K[?25h[?2026l[?2026h[?25l[1Ggathering model components ⠦ [K[?25h[?2026l[?2026h[?25l[1Ggathering model components ⠧ [K[?25h[?2026l[?2026h[?25l[1Ggathering model components ⠇ [K[?25h[?2026l[?2026h[?25l[1Ggathering model components ⠏ [K[?25h[?2026l[?2026h[?25l[1Ggathering model components ⠋ [K[?25h[?2026l[?2026h[?25l[1Ggathering model components ⠙ [K[?25h[?2026l[?2026h[?25l[1Ggathering model components ⠹ [K[?25h[?2026l[?2026h[?25l[1Ggathering model components ⠸ [K[?25h[?2026l[?2026h[?25l[1Ggathering model components ⠼ [K[?25h[?2026l[?2026h[?25l[1Ggathering model components ⠴ [K[?25h[?2026l[?2026h[?25l[1Ggathering model components ⠦ [K[?25h[?2026l[?2026h[?25l[1Ggathering model components ⠧ [K[?25h[?2026l[?2026h[?25l[1Ggathering model components ⠇ [K[?25h[?2026l[?2026h[?25l[1Ggathering model components ⠏ [K[?25h[?2026l[?2026h[?25l[1Ggathering model components ⠋ [K[?25h[?2026l[?2026h[?25l[1Ggathering model components ⠙ [K[?25h[?2026l[?2026h[?25l[1Ggathering model components ⠹ [K[?25h[?2026l[?2026h[?25l[1Ggathering model components ⠸ [K[?25h[?2026l[?2026h[?25l[1Ggathering model components ⠼ [K[?25h[?2026l[?2026h[?25l[1Ggathering model components ⠴ [K[?25h[?2026l[?2026h[?25l[1Ggathering model components ⠦ [K[?25h[?2026l[?2026h[?25l[1Ggathering model components ⠧ [K[?25h[?2026l[?2026h[?25l[1Ggathering model components ⠇ [K[?25h[?2026l[?2026h[?25l[1Ggathering model components ⠏ [K[?25h[?2026l[?2026h[?25l[1Ggathering model components ⠋ [K[?25h[?2026l[?2026h[?25l[1Ggathering model components ⠙ [K[?25h[?2026l[?2026h[?25l[1Ggathering model components ⠹ [K[?25h[?2026l[?2026h[?25l[1Ggathering model components ⠸ [K[?25h[?2026l[?2026h[?25l[1Ggathering model components ⠼ [K[?25h[?2026l[?2026h[?25l[1Ggathering model components ⠴ [K[?25h[?2026l[?2026h[?25l[1Ggathering model components ⠦ [K[?25h[?2026l[?2026h[?25l[1Ggathering model components ⠧ [K[?25h[?2026l[?2026h[?25l[1Ggathering model components ⠇ [K[?25h[?2026l[?2026h[?25l[1Ggathering model components ⠏ [K[?25h[?2026l[?2026h[?25l[1Ggathering model components ⠋ [K[?25h[?2026l[?2026h[?25l[1Ggathering model components ⠙ [K[?25h[?2026l[?2026h[?25l[1Ggathering model components ⠹ [K[?25h[?2026l[?2026h[?25l[1Ggathering model components ⠸ [K[?25h[?2026l[?2026h[?25l[1Ggathering model components ⠼ [K[?25h[?2026l[?2026h[?25l[1Ggathering model components ⠴ [K[?25h[?2026l[?2026h[?25l[1Ggathering model components ⠦ [K[?25h[?2026l[?2026h[?25l[1Ggathering model components ⠧ [K[?25h[?2026l[?2026h[?25l[1Ggathering model components ⠇ [K[?25h[?2026l[?2026h[?25l[1Ggathering model components ⠏ [K[?25h[?2026l[?2026h[?25l[1Ggathering model components ⠋ [K[?25h[?2026l[?2026h[?25l[1Ggathering model components ⠙ [K[?25h[?2026l[?2026h[?25l[1Ggathering model components ⠹ [K[?25h[?2026l[?2026h[?25l[1Ggathering model components ⠸ [K[?25h[?2026l[?2026h[?25l[1Ggathering model components ⠼ [K[?25h[?2026l[?2026h[?25l[1Ggathering model components ⠴ [K[?25h[?2026l[?2026h[?25l[1Ggathering model components ⠦ [K[?25h[?2026l[?2026h[?25l[1Ggathering model components ⠧ [K[?25h[?2026l[?2026h[?25l[1Ggathering model components ⠇ [K[?25h[?2026l[?2026h[?25l[1Ggathering model components ⠏ [K[?25h[?2026l[?2026h[?25l[1Ggathering model components ⠋ [K[?25h[?2026l[?2026h[?25l[1Ggathering model components ⠙ [K[?25h[?2026l[?2026h[?25l[1Ggathering model components ⠹ [K[?25h[?2026l[?2026h[?25l[1Ggathering model components ⠸ [K[?25h[?2026l[?2026h[?25l[1Ggathering model components ⠼ [K[?25h[?2026l[?2026h[?25l[1Ggathering model components ⠴ [K[?25h[?2026l[?2026h[?25l[1Ggathering model components ⠦ [K[?25h[?2026l[?2026h[?25l[1Ggathering model components ⠧ [K[?25h[?2026l[?2026h[?25l[1Ggathering model components ⠇ [K[?25h[?2026l[?2026h[?25l[1Ggathering model components ⠏ [K[?25h[?2026l[?2026h[?25l[1Ggathering model components ⠋ [K[?25h[?2026l[?2026h[?25l[1Ggathering model components ⠙ [K[?25h[?2026l[?2026h[?25l[1Ggathering model components ⠹ [K[?25h[?2026l[?2026h[?25l[1Ggathering model components ⠸ [K[?25h[?2026l[?2026h[?25l[1Ggathering model components ⠼ [K[?25h[?2026l[?2026h[?25l[1Ggathering model components ⠴ [K[?25h[?2026l[?2026h[?25l[1Ggathering model components ⠦ [K[?25h[?2026l[?2026h[?25l[1Ggathering model components ⠧ [K[?25h[?2026l[?2026h[?25l[1Ggathering model components ⠇ [K[?25h[?2026l[?2026h[?25l[1Ggathering model components ⠏ [K[?25h[?2026l[?2026h[?25l[1Ggathering model components ⠋ [K[?25h[?2026l[?2026h[?25l[1Ggathering model components ⠙ [K[?25h[?2026l[?2026h[?25l[1Ggathering model components ⠹ [K[?25h[?2026l[?2026h[?25l[1Ggathering model components ⠸ [K[?25h[?2026l[?2026h[?25l[1Ggathering model components ⠼ [K[?25h[?2026l[?2026h[?25l[1Ggathering model components ⠴ [K[?25h[?2026l[?2026h[?25l[1Ggathering model components ⠦ [K[?25h[?2026l[?2026h[?25l[1Ggathering model components ⠧ [K[?25h[?2026l[?2026h[?25l[1Ggathering model components ⠇ [K[?25h[?2026l[?2026h[?25l[1Ggathering model components ⠏ [K[?25h[?2026l[?2026h[?25l[1Ggathering model components ⠋ [K[?25h[?2026l[?2026h[?25l[1Ggathering model components ⠙ [K[?25h[?2026l[?2026h[?25l[1Ggathering model components ⠹ [K[?25h[?2026l[?2026h[?25l[1Ggathering model components ⠸ [K[?25h[?2026l[?2026h[?25l[1Ggathering model components ⠼ [K[?25h[?2026l[?2026h[?25l[1Ggathering model components ⠴ [K[?25h[?2026l[?2026h[?25l[1Ggathering model components ⠦ [K[?25h[?2026l[?2026h[?25l[1Ggathering model components ⠧ [K[?25h[?2026l[?2026h[?25l[1Ggathering model components ⠇ [K[?25h[?2026l[?2026h[?25l[1Ggathering model components ⠏ [K[?25h[?2026l[?2026h[?25l[1Ggathering model components ⠋ [K[?25h[?2026l[?2026h[?25l[1Ggathering model components ⠙ [K[?25h[?2026l[?2026h[?25l[1Ggathering model components ⠹ [K[?25h[?2026l[?2026h[?25l[1Ggathering model components ⠸ [K[?25h[?2026l[?2026h[?25l[1Ggathering model components ⠼ [K[?25h[?2026l[?2026h[?25l[1Ggathering model components ⠴ [K[?25h[?2026l[?2026h[?25l[1Ggathering model components ⠦ [K[?25h[?2026l[?2026h[?25l[1Ggathering model components ⠧ [K[?25h[?2026l[?2026h[?25l[1Ggathering model components ⠇ [K[?25h[?2026l[?2026h[?25l[1Ggathering model components ⠏ [K[?25h[?2026l[?2026h[?25l[1Ggathering model components ⠋ [K[?25h[?2026l[?2026h[?25l[1Ggathering model components ⠙ [K[?25h[?2026l[?2026h[?25l[1Ggathering model components ⠹ [K[?25h[?2026l[?2026h[?25l[1Ggathering model components ⠸ [K[?25h[?2026l[?2026h[?25l[1Ggathering model components ⠼ [K[?25h[?2026l[?2026h[?25l[1Ggathering model components ⠴ [K[?25h[?2026l[?2026h[?25l[1Ggathering model components ⠦ [K[?25h[?2026l[?2026h[?25l[1Ggathering model components ⠧ [K[?25h[?2026l[?2026h[?25l[1Ggathering model components ⠇ [K[?25h[?2026l[?2026h[?25l[1Ggathering model components ⠏ [K[?25h[?2026l[?2026h[?25l[1Ggathering model components ⠋ [K[?25h[?2026l[?2026h[?25l[1Ggathering model components ⠙ [K[?25h[?2026l[?2026h[?25l[1Ggathering model components ⠹ [K[?25h[?2026l[?2026h[?25l[1Ggathering model components ⠸ [K[?25h[?2026l[?2026h[?25l[1Ggathering model components ⠼ [K[?25h[?2026l[?2026h[?25l[1Ggathering model components ⠴ [K[?25h[?2026l[?2026h[?25l[1Ggathering model components ⠦ [K[?25h[?2026l[?2026h[?25l[1Ggathering model components ⠧ [K[?25h[?2026l[?2026h[?25l[1Ggathering model components ⠇ [K[?25h[?2026l[?2026h[?25l[1Ggathering model components ⠏ [K[?25h[?2026l[?2026h[?25l[1Ggathering model components ⠋ [K[?25h[?2026l[?2026h[?25l[1Ggathering model components ⠙ [K[?25h[?2026l[?2026h[?25l[1Ggathering model components ⠹ [K[?25h[?2026l[?2026h[?25l[1Ggathering model components ⠸ [K[?25h[?2026l[?2026h[?25l[1Ggathering model components ⠼ [K[?25h[?2026l[?2026h[?25l[1Ggathering model components ⠴ [K[?25h[?2026l[?2026h[?25l[1Ggathering model components ⠦ [K[?25h[?2026l[?2026h[?25l[1Ggathering model components ⠧ [K[?25h[?2026l[?2026h[?25l[1Ggathering model components ⠇ [K[?25h[?2026l[?2026h[?25l[1Ggathering model components ⠏ [K[?25h[?2026l[?2026h[?25l[1Ggathering model components ⠋ [K[?25h[?2026l[?2026h[?25l[1Ggathering model components ⠙ [K[?25h[?2026l[?2026h[?25l[1Ggathering model components ⠹ [K[?25h[?2026l[?2026h[?25l[1Ggathering model components ⠸ [K[?25h[?2026l[?2026h[?25l[1Ggathering model components ⠼ [K[?25h[?2026l[?2026h[?25l[1Ggathering model components ⠴ [K[?25h[?2026l[?2026h[?25l[1Ggathering model components ⠦ [K[?25h[?2026l[?2026h[?25l[1Ggathering model components ⠧ [K[?25h[?2026l[?2026h[?25l[1Ggathering model components ⠇ [K[?25h[?2026l[?2026h[?25l[1Ggathering model components ⠏ [K[?25h[?2026l[?2026h[?25l[1Ggathering model components ⠋ [K[?25h[?2026l[?2026h[?25l[1Ggathering model components ⠙ [K[?25h[?2026l[?2026h[?25l[1Ggathering model components ⠹ [K[?25h[?2026l[?2026h[?25l[1Ggathering model components ⠸ [K[?25h[?2026l[?2026h[?25l[1Ggathering model components ⠼ [K[?25h[?2026l[?2026h[?25l[1Ggathering model components ⠴ [K[?25h[?2026l[?2026h[?25l[1Ggathering model components ⠦ [K[?25h[?2026l[?2026h[?25l[1Ggathering model components ⠧ [K[?25h[?2026l[?2026h[?25l[1Ggathering model components ⠇ [K[?25h[?2026l[?2026h[?25l[1Ggathering model components ⠏ [K[?25h[?2026l[?2026h[?25l[1Ggathering model components ⠋ [K[?25h[?2026l[?2026h[?25l[1Ggathering model components ⠙ [K[?25h[?2026l[?2026h[?25l[1Ggathering model components ⠹ [K[?25h[?2026l[?2026h[?25l[1Ggathering model components ⠸ [K[?25h[?2026l[?2026h[?25l[1Ggathering model components ⠼ [K[?25h[?2026l[?2026h[?25l[1Ggathering model components ⠴ [K[?25h[?2026l[?2026h[?25l[1Ggathering model components ⠦ [K[?25h[?2026l[?2026h[?25l[1Ggathering model components ⠧ [K[?25h[?2026l[?2026h[?25l[1Ggathering model components ⠇ [K[?25h[?2026l[?2026h[?25l[1Ggathering model components ⠏ [K[?25h[?2026l[?2026h[?25l[1Ggathering model components ⠋ [K[?25h[?2026l[?2026h[?25l[1Ggathering model components ⠙ [K[?25h[?2026l[?2026h[?25l[1Ggathering model components ⠹ [K[?25h[?2026l[?2026h[?25l[1Ggathering model components ⠸ [K[?25h[?2026l[?2026h[?25l[1Ggathering model components ⠼ [K[?25h[?2026l[?2026h[?25l[1Ggathering model components ⠴ [K[?25h[?2026l[?2026h[?25l[1Ggathering model components ⠦ [K[?25h[?2026l[?2026h[?25l[1Ggathering model components ⠧ [K[?25h[?2026l[?2026h[?25l[1Ggathering model components ⠇ [K[?25h[?2026l[?2026h[?25l[1Ggathering model components ⠏ [K[?25h[?2026l[?2026h[?25l[1Ggathering model components ⠋ [K[?25h[?2026l[?2026h[?25l[1Ggathering model components ⠙ [K[?25h[?2026l[?2026h[?25l[1Ggathering model components ⠹ [K[?25h[?2026l[?2026h[?25l[1Ggathering model components ⠸ [K[?25h[?2026l[?2026h[?25l[1Ggathering model components ⠼ [K[?25h[?2026l[?2026h[?25l[1Ggathering model components ⠴ [K[?25h[?2026l[?2026h[?25l[1Ggathering model components ⠦ [K[?25h[?2026l[?2026h[?25l[1Ggathering model components ⠧ [K[?25h[?2026l[?2026h[?25l[1Ggathering model components ⠇ [K[?25h[?2026l[?2026h[?25l[1Ggathering model components ⠏ [K[?25h[?2026l[?2026h[?25l[1Ggathering model components ⠋ [K[?25h[?2026l[?2026h[?25l[1Ggathering model components ⠙ [K[?25h[?2026l[?2026h[?25l[1Ggathering model components ⠹ [K[?25h[?2026l[?2026h[?25l[1Ggathering model components ⠸ [K[?25h[?2026l[?2026h[?25l[1Ggathering model components ⠼ [K[?25h[?2026l[?2026h[?25l[1Ggathering model components ⠴ [K[?25h[?2026l[?2026h[?25l[1Ggathering model components ⠦ [K[?25h[?2026l[?2026h[?25l[1Ggathering model components ⠧ [K[?25h[?2026l[?2026h[?25l[1Ggathering model components ⠇ [K[?25h[?2026l[?2026h[?25l[1Ggathering model components ⠏ [K[?25h[?2026l[?2026h[?25l[1Ggathering model components ⠋ [K[?25h[?2026l[?2026h[?25l[1Ggathering model components ⠙ [K[?25h[?2026l[?2026h[?25l[1Ggathering model components ⠹ [K[?25h[?2026l[?2026h[?25l[1Ggathering model components ⠸ [K[?25h[?2026l[?2026h[?25l[1Ggathering model components ⠼ [K[?25h[?2026l[?2026h[?25l[1Ggathering model components ⠴ [K[?25h[?2026l[?2026h[?25l[1Ggathering model components ⠦ [K[?25h[?2026l[?2026h[?25l[1Ggathering model components ⠧ [K[?25h[?2026l[?2026h[?25l[1Ggathering model components ⠇ [K[?25h[?2026l[?2026h[?25l[1Ggathering model components ⠏ [K[?25h[?2026l[?2026h[?25l[1Ggathering model components ⠋ [K[?25h[?2026l[?2026h[?25l[1Ggathering model components ⠙ [K[?25h[?2026l[?2026h[?25l[1Ggathering model components ⠹ [K[?25h[?2026l[?2026h[?25l[1Ggathering model components ⠸ [K[?25h[?2026l[?2026h[?25l[1Ggathering model components ⠼ [K[?25h[?2026l[?2026h[?25l[1Ggathering model components ⠴ [K[?25h[?2026l[?2026h[?25l[1Ggathering model components ⠦ [K[?25h[?2026l[?2026h[?25l[1Ggathering model components ⠧ [K[?25h[?2026l[?2026h[?25l[1Ggathering model components ⠇ [K[?25h[?2026l[?2026h[?25l[1Ggathering model components ⠏ [K[?25h[?2026l[?2026h[?25l[1Ggathering model components ⠋ [K[?25h[?2026l[?2026h[?25l[1Ggathering model components ⠙ [K[?25h[?2026l[?2026h[?25l[1Ggathering model components ⠹ [K[?25h[?2026l[?2026h[?25l[1Ggathering model components ⠸ [K[?25h[?2026l[?2026h[?25l[1Ggathering model components ⠼ [K[?25h[?2026l[?2026h[?25l[1Ggathering model components ⠴ [K[?25h[?2026l[?2026h[?25l[1Ggathering model components ⠦ [K[?25h[?2026l[?2026h[?25l[1Ggathering model components ⠧ [K[?25h[?2026l[?2026h[?25l[1Ggathering model components ⠇ [K[?25h[?2026l[?2026h[?25l[1Ggathering model components ⠏ [K[?25h[?2026l[?2026h[?25l[1Ggathering model components ⠋ [K[?25h[?2026l[?2026h[?25l[1Ggathering model components ⠙ [K[?25h[?2026l[?2026h[?25l[1Ggathering model components ⠹ [K[?25h[?2026l[?2026h[?25l[1Ggathering model components ⠸ [K[?25h[?2026l[?2026h[?25l[1Ggathering model components ⠼ [K[?25h[?2026l[?2026h[?25l[1Ggathering model components ⠴ [K[?25h[?2026l[?2026h[?25l[1Ggathering model components ⠦ [K[?25h[?2026l[?2026h[?25l[1Ggathering model components ⠧ [K[?25h[?2026l[?2026h[?25l[1Ggathering model components ⠇ [K[?25h[?2026l[?2026h[?25l[1Ggathering model components ⠏ [K[?25h[?2026l[?2026h[?25l[1Ggathering model components ⠋ [K[?25h[?2026l[?2026h[?25l[1Ggathering model components ⠙ [K[?25h[?2026l[?2026h[?25l[1Ggathering model components ⠹ [K[?25h[?2026l[?2026h[?25l[1Ggathering model components ⠸ [K[?25h[?2026l[?2026h[?25l[1Ggathering model components ⠼ [K[?25h[?2026l[?2026h[?25l[1Ggathering model components ⠴ [K[?25h[?2026l[?2026h[?25l[1Ggathering model components ⠦ [K[?25h[?2026l[?2026h[?25l[1Ggathering model components ⠧ [K[?25h[?2026l[?2026h[?25l[1Ggathering model components ⠇ [K[?25h[?2026l[?2026h[?25l[1Ggathering model components ⠏ [K[?25h[?2026l[?2026h[?25l[1Ggathering model components ⠋ [K[?25h[?2026l[?2026h[?25l[1Ggathering model components ⠙ [K[?25h[?2026l[?2026h[?25l[1Ggathering model components ⠹ [K[?25h[?2026l[?2026h[?25l[1Ggathering model components ⠸ [K[?25h[?2026l[?2026h[?25l[1Ggathering model components ⠼ [K[?25h[?2026l[?2026h[?25l[1Ggathering model components ⠴ [K[?25h[?2026l[?2026h[?25l[1Ggathering model components ⠦ [K[?25h[?2026l[?2026h[?25l[1Ggathering model components ⠧ [K[?25h[?2026l[?2026h[?25l[1Ggathering model components ⠇ [K[?25h[?2026l[?2026h[?25l[1Ggathering model components ⠏ [K[?25h[?2026l[?2026h[?25l[1Ggathering model components ⠋ [K[?25h[?2026l[?2026h[?25l[1Ggathering model components ⠙ [K[?25h[?2026l[?2026h[?25l[1Ggathering model components ⠹ [K[?25h[?2026l[?2026h[?25l[1Ggathering model components ⠸ [K[?25h[?2026l[?2026h[?25l[1Ggathering model components ⠼ [K[?25h[?2026l[?2026h[?25l[1Ggathering model components ⠴ [K[?25h[?2026l[?2026h[?25l[1Ggathering model components ⠦ [K[?25h[?2026l[?2026h[?25l[1Ggathering model components ⠧ [K[?25h[?2026l[?2026h[?25l[1Ggathering model components ⠇ [K[?25h[?2026l[?2026h[?25l[1Ggathering model components ⠏ [K[?25h[?2026l[?2026h[?25l[1Ggathering model components ⠋ [K[?25h[?2026l[?2026h[?25l[1Ggathering model components ⠙ [K[?25h[?2026l[?2026h[?25l[1Ggathering model components ⠹ [K[?25h[?2026l[?2026h[?25l[1Ggathering model components ⠸ [K[?25h[?2026l[?2026h[?25l[1Ggathering model components ⠼ [K[?25h[?2026l[?2026h[?25l[1Ggathering model components ⠴ [K[?25h[?2026l[?2026h[?25l[1Ggathering model components ⠦ [K[?25h[?2026l[?2026h[?25l[1Ggathering model components ⠧ [K[?25h[?2026l[?2026h[?25l[1Ggathering model components ⠇ [K[?25h[?2026l[?2026h[?25l[1Ggathering model components ⠏ [K[?25h[?2026l[?2026h[?25l[1Ggathering model components ⠋ [K[?25h[?2026l[?2026h[?25l[1Ggathering model components ⠙ [K[?25h[?2026l[?2026h[?25l[1Ggathering model components ⠹ [K[?25h[?2026l[?2026h[?25l[1Ggathering model components ⠸ [K[?25h[?2026l[?2026h[?25l[1Ggathering model components ⠼ [K[?25h[?2026l[?2026h[?25l[1Ggathering model components ⠴ [K[?25h[?2026l[?2026h[?25l[1Ggathering model components ⠦ [K[?25h[?2026l[?2026h[?25l[1Ggathering model components ⠧ [K[?25h[?2026l[?2026h[?25l[1Ggathering model components ⠇ [K[?25h[?2026l[?2026h[?25l[1Ggathering model components ⠏ [K[?25h[?2026l[?2026h[?25l[1Ggathering model components ⠋ [K[?25h[?2026l[?2026h[?25l[1Ggathering model components ⠙ [K[?25h[?2026l[?2026h[?25l[1Ggathering model components ⠹ [K[?25h[?2026l[?2026h[?25l[1Ggathering model components ⠸ [K[?25h[?2026l[?2026h[?25l[1Ggathering model components ⠼ [K[?25h[?2026l[?2026h[?25l[1Ggathering model components ⠴ [K[?25h[?2026l[?2026h[?25l[1Ggathering model components ⠦ [K[?25h[?2026l[?2026h[?25l[1Ggathering model components ⠧ [K[?25h[?2026l[?2026h[?25l[1Ggathering model components ⠇ [K[?25h[?2026l[?2026h[?25l[1Ggathering model components ⠏ [K[?25h[?2026l[?2026h[?25l[1Ggathering model components ⠋ [K[?25h[?2026l[?2026h[?25l[1Ggathering model components ⠙ [K[?25h[?2026l[?2026h[?25l[1Ggathering model components ⠹ [K[?25h[?2026l[?2026h[?25l[1Ggathering model components ⠸ [K[?25h[?2026l[?2026h[?25l[1Ggathering model components ⠼ [K[?25h[?2026l[?2026h[?25l[1Ggathering model components ⠴ [K[?25h[?2026l[?2026h[?25l[1Ggathering model components ⠦ [K[?25h[?2026l[?2026h[?25l[1Ggathering model components ⠧ [K[?25h[?2026l[?2026h[?25l[1Ggathering model components ⠇ [K[?25h[?2026l[?2026h[?25l[1Ggathering model components ⠏ [K[?25h[?2026l[?2026h[?25l[1Ggathering model components ⠋ [K[?25h[?2026l[?2026h[?25l[1Ggathering model components ⠙ [K[?25h[?2026l[?2026h[?25l[1Ggathering model components ⠹ [K[?25h[?2026l[?2026h[?25l[1Ggathering model components ⠸ [K[?25h[?2026l[?2026h[?25l[1Ggathering model components ⠼ [K[?25h[?2026l[?2026h[?25l[1Ggathering model components ⠴ [K[?25h[?2026l[?2026h[?25l[1Ggathering model components ⠦ [K[?25h[?2026l[?2026h[?25l[1Ggathering model components ⠧ [K[?25h[?2026l[?2026h[?25l[1Ggathering model components ⠇ [K[?25h[?2026l[?2026h[?25l[1Ggathering model components ⠏ [K[?25h[?2026l[?2026h[?25l[1Ggathering model components ⠋ [K[?25h[?2026l[?2026h[?25l[1Ggathering model components ⠙ [K[?25h[?2026l[?2026h[?25l[1Ggathering model components ⠹ [K[?25h[?2026l[?2026h[?25l[1Ggathering model components ⠸ [K[?25h[?2026l[?2026h[?25l[1Ggathering model components ⠼ [K[?25h[?2026l[?2026h[?25l[1Ggathering model components ⠴ [K[?25h[?2026l[?2026h[?25l[1Ggathering model components ⠦ [K[?25h[?2026l[?2026h[?25l[1Ggathering model components ⠧ [K[?25h[?2026l[?2026h[?25l[1Ggathering model components ⠇ [K[?25h[?2026l[?2026h[?25l[1Ggathering model components ⠏ [K[?25h[?2026l[?2026h[?25l[1Ggathering model components ⠋ [K[?25h[?2026l[?2026h[?25l[1Ggathering model components ⠙ [K[?25h[?2026l[?2026h[?25l[1Ggathering model components ⠹ [K[?25h[?2026l[?2026h[?25l[1Ggathering model components ⠸ [K[?25h[?2026l[?2026h[?25l[1Ggathering model components ⠼ [K[?25h[?2026l[?2026h[?25l[1Ggathering model components ⠴ [K[?25h[?2026l[?2026h[?25l[1Ggathering model components ⠦ [K[?25h[?2026l[?2026h[?25l[1Ggathering model components ⠧ [K[?25h[?2026l[?2026h[?25l[1Ggathering model components ⠇ [K[?25h[?2026l[?2026h[?25l[1Ggathering model components ⠏ [K[?25h[?2026l[?2026h[?25l[1Ggathering model components ⠋ [K[?25h[?2026l[?2026h[?25l[1Ggathering model components ⠙ [K[?25h[?2026l[?2026h[?25l[1Ggathering model components ⠹ [K[?25h[?2026l[?2026h[?25l[1Ggathering model components ⠸ [K[?25h[?2026l[?2026h[?25l[1Ggathering model components ⠼ [K[?25h[?2026l[?2026h[?25l[1Ggathering model components ⠴ [K[?25h[?2026l[?2026h[?25l[1Ggathering model components ⠦ [K[?25h[?2026l[?2026h[?25l[1Ggathering model components ⠧ [K[?25h[?2026l[?2026h[?25l[1Ggathering model components ⠇ [K[?25h[?2026l[?2026h[?25l[1Ggathering model components ⠏ [K[?25h[?2026l[?2026h[?25l[1Ggathering model components ⠋ [K[?25h[?2026l[?2026h[?25l[1Ggathering model components ⠙ [K[?25h[?2026l[?2026h[?25l[1Ggathering model components ⠹ [K[?25h[?2026l[?2026h[?25l[1Ggathering model components ⠸ [K[?25h[?2026l[?2026h[?25l[1Ggathering model components ⠼ [K[?25h[?2026l[?2026h[?25l[1Ggathering model components ⠴ [K[?25h[?2026l[?2026h[?25l[1Ggathering model components ⠦ [K[?25h[?2026l[?2026h[?25l[1Ggathering model components ⠧ [K[?25h[?2026l[?2026h[?25l[1Ggathering model components ⠇ [K[?25h[?2026l[?2026h[?25l[1Ggathering model components ⠏ [K[?25h[?2026l[?2026h[?25l[1Ggathering model components ⠋ [K[?25h[?2026l[?2026h[?25l[1Ggathering model components ⠙ [K[?25h[?2026l[?2026h[?25l[1Ggathering model components ⠹ [K[?25h[?2026l[?2026h[?25l[1Ggathering model components ⠸ [K[?25h[?2026l[?2026h[?25l[1Ggathering model components ⠼ [K[?25h[?2026l[?2026h[?25l[1Ggathering model components ⠴ [K[?25h[?2026l[?2026h[?25l[1Ggathering model components [K
copying file sha256:8875b53e09efb8221ff4f1c02a167e968d20c6331faa7c7206a5b57aa5316202 0% ⠋ [K[?25h[?2026l[?2026h[?25l[A[1Ggathering model components [K
copying file sha256:8875b53e09efb8221ff4f1c02a167e968d20c6331faa7c7206a5b57aa5316202 0% ⠙ [K[?25h[?2026l[?2026h[?25l[A[1Ggathering model components [K
copying file sha256:8875b53e09efb8221ff4f1c02a167e968d20c6331faa7c7206a5b57aa5316202 0% ⠹ [K[?25h[?2026l[?2026h[?25l[A[1Ggathering model components [K
copying file sha256:8875b53e09efb8221ff4f1c02a167e968d20c6331faa7c7206a5b57aa5316202 0% ⠸ [K[?25h[?2026l[?2026h[?25l[A[1Ggathering model components [K
copying file sha256:8875b53e09efb8221ff4f1c02a167e968d20c6331faa7c7206a5b57aa5316202 0% ⠼ [K[?25h[?2026l[?2026h[?25l[A[1Ggathering model components [K
copying file sha256:8875b53e09efb8221ff4f1c02a167e968d20c6331faa7c7206a5b57aa5316202 0% ⠴ [K[?25h[?2026l[?2026h[?25l[A[1Ggathering model components [K
copying file sha256:8875b53e09efb8221ff4f1c02a167e968d20c6331faa7c7206a5b57aa5316202 0% ⠦ [K[?25h[?2026l[?2026h[?25l[A[1Ggathering model components [K
copying file sha256:8875b53e09efb8221ff4f1c02a167e968d20c6331faa7c7206a5b57aa5316202 0% ⠧ [K[?25h[?2026l[?2026h[?25l[A[1Ggathering model components [K
copying file sha256:8875b53e09efb8221ff4f1c02a167e968d20c6331faa7c7206a5b57aa5316202 0% ⠇ [K[?25h[?2026l[?2026h[?25l[A[1Ggathering model components [K
copying file sha256:8875b53e09efb8221ff4f1c02a167e968d20c6331faa7c7206a5b57aa5316202 0% ⠏ [K[?25h[?2026l[?2026h[?25l[A[1Ggathering model components [K
copying file sha256:8875b53e09efb8221ff4f1c02a167e968d20c6331faa7c7206a5b57aa5316202 1% ⠋ [K[?25h[?2026l[?2026h[?25l[A[1Ggathering model components [K
copying file sha256:8875b53e09efb8221ff4f1c02a167e968d20c6331faa7c7206a5b57aa5316202 1% ⠙ [K[?25h[?2026l[?2026h[?25l[A[1Ggathering model components [K
copying file sha256:8875b53e09efb8221ff4f1c02a167e968d20c6331faa7c7206a5b57aa5316202 1% ⠹ [K[?25h[?2026l[?2026h[?25l[A[1Ggathering model components [K
copying file sha256:8875b53e09efb8221ff4f1c02a167e968d20c6331faa7c7206a5b57aa5316202 1% ⠸ [K[?25h[?2026l[?2026h[?25l[A[1Ggathering model components [K
copying file sha256:8875b53e09efb8221ff4f1c02a167e968d20c6331faa7c7206a5b57aa5316202 1% ⠼ [K[?25h[?2026l[?2026h[?25l[A[1Ggathering model components [K
copying file sha256:8875b53e09efb8221ff4f1c02a167e968d20c6331faa7c7206a5b57aa5316202 1% ⠴ [K[?25h[?2026l[?2026h[?25l[A[1Ggathering model components [K
copying file sha256:8875b53e09efb8221ff4f1c02a167e968d20c6331faa7c7206a5b57aa5316202 1% ⠦ [K[?25h[?2026l[?2026h[?25l[A[1Ggathering model components [K
copying file sha256:8875b53e09efb8221ff4f1c02a167e968d20c6331faa7c7206a5b57aa5316202 1% ⠧ [K[?25h[?2026l[?2026h[?25l[A[1Ggathering model components [K
copying file sha256:8875b53e09efb8221ff4f1c02a167e968d20c6331faa7c7206a5b57aa5316202 1% ⠇ [K[?25h[?2026l[?2026h[?25l[A[1Ggathering model components [K
copying file sha256:8875b53e09efb8221ff4f1c02a167e968d20c6331faa7c7206a5b57aa5316202 1% ⠏ [K[?25h[?2026l[?2026h[?25l[A[1Ggathering model components [K
copying file sha256:8875b53e09efb8221ff4f1c02a167e968d20c6331faa7c7206a5b57aa5316202 2% ⠋ [K[?25h[?2026l[?2026h[?25l[A[1Ggathering model components [K
copying file sha256:8875b53e09efb8221ff4f1c02a167e968d20c6331faa7c7206a5b57aa5316202 2% ⠙ [K[?25h[?2026l[?2026h[?25l[A[1Ggathering model components [K
copying file sha256:8875b53e09efb8221ff4f1c02a167e968d20c6331faa7c7206a5b57aa5316202 2% ⠹ [K[?25h[?2026l[?2026h[?25l[A[1Ggathering model components [K
copying file sha256:8875b53e09efb8221ff4f1c02a167e968d20c6331faa7c7206a5b57aa5316202 2% ⠸ [K[?25h[?2026l[?2026h[?25l[A[1Ggathering model components [K
copying file sha256:8875b53e09efb8221ff4f1c02a167e968d20c6331faa7c7206a5b57aa5316202 2% ⠼ [K[?25h[?2026l[?2026h[?25l[A[1Ggathering model components [K
copying file sha256:8875b53e09efb8221ff4f1c02a167e968d20c6331faa7c7206a5b57aa5316202 2% ⠴ [K[?25h[?2026l[?2026h[?25l[A[1Ggathering model components [K
copying file sha256:8875b53e09efb8221ff4f1c02a167e968d20c6331faa7c7206a5b57aa5316202 2% ⠦ [K[?25h[?2026l[?2026h[?25l[A[1Ggathering model components [K
copying file sha256:8875b53e09efb8221ff4f1c02a167e968d20c6331faa7c7206a5b57aa5316202 2% ⠧ [K[?25h[?2026l[?2026h[?25l[A[1Ggathering model components [K
copying file sha256:8875b53e09efb8221ff4f1c02a167e968d20c6331faa7c7206a5b57aa5316202 2% ⠇ [K[?25h[?2026l[?2026h[?25l[A[1Ggathering model components [K
copying file sha256:8875b53e09efb8221ff4f1c02a167e968d20c6331faa7c7206a5b57aa5316202 2% ⠏ [K[?25h[?2026l[?2026h[?25l[A[1Ggathering model components [K
copying file sha256:8875b53e09efb8221ff4f1c02a167e968d20c6331faa7c7206a5b57aa5316202 3% ⠋ [K[?25h[?2026l[?2026h[?25l[A[1Ggathering model components [K
copying file sha256:8875b53e09efb8221ff4f1c02a167e968d20c6331faa7c7206a5b57aa5316202 3% ⠙ [K[?25h[?2026l[?2026h[?25l[A[1Ggathering model components [K
copying file sha256:8875b53e09efb8221ff4f1c02a167e968d20c6331faa7c7206a5b57aa5316202 3% ⠹ [K[?25h[?2026l[?2026h[?25l[A[1Ggathering model components [K
copying file sha256:8875b53e09efb8221ff4f1c02a167e968d20c6331faa7c7206a5b57aa5316202 3% ⠸ [K[?25h[?2026l[?2026h[?25l[A[1Ggathering model components [K
copying file sha256:8875b53e09efb8221ff4f1c02a167e968d20c6331faa7c7206a5b57aa5316202 3% ⠼ [K[?25h[?2026l[?2026h[?25l[A[1Ggathering model components [K
copying file sha256:8875b53e09efb8221ff4f1c02a167e968d20c6331faa7c7206a5b57aa5316202 3% ⠴ [K[?25h[?2026l[?2026h[?25l[A[1Ggathering model components [K
copying file sha256:8875b53e09efb8221ff4f1c02a167e968d20c6331faa7c7206a5b57aa5316202 3% ⠦ [K[?25h[?2026l[?2026h[?25l[A[1Ggathering model components [K
copying file sha256:8875b53e09efb8221ff4f1c02a167e968d20c6331faa7c7206a5b57aa5316202 3% ⠧ [K[?25h[?2026l[?2026h[?25l[A[1Ggathering model components [K
copying file sha256:8875b53e09efb8221ff4f1c02a167e968d20c6331faa7c7206a5b57aa5316202 3% ⠇ [K[?25h[?2026l[?2026h[?25l[A[1Ggathering model components [K
copying file sha256:8875b53e09efb8221ff4f1c02a167e968d20c6331faa7c7206a5b57aa5316202 3% ⠏ [K[?25h[?2026l[?2026h[?25l[A[1Ggathering model components [K
copying file sha256:8875b53e09efb8221ff4f1c02a167e968d20c6331faa7c7206a5b57aa5316202 3% ⠋ [K[?25h[?2026l[?2026h[?25l[A[1Ggathering model components [K
copying file sha256:8875b53e09efb8221ff4f1c02a167e968d20c6331faa7c7206a5b57aa5316202 4% ⠙ [K[?25h[?2026l[?2026h[?25l[A[1Ggathering model components [K
copying file sha256:8875b53e09efb8221ff4f1c02a167e968d20c6331faa7c7206a5b57aa5316202 4% ⠹ [K[?25h[?2026l[?2026h[?25l[A[1Ggathering model components [K
copying file sha256:8875b53e09efb8221ff4f1c02a167e968d20c6331faa7c7206a5b57aa5316202 4% ⠸ [K[?25h[?2026l[?2026h[?25l[A[1Ggathering model components [K
copying file sha256:8875b53e09efb8221ff4f1c02a167e968d20c6331faa7c7206a5b57aa5316202 4% ⠼ [K[?25h[?2026l[?2026h[?25l[A[1Ggathering model components [K
copying file sha256:8875b53e09efb8221ff4f1c02a167e968d20c6331faa7c7206a5b57aa5316202 4% ⠴ [K[?25h[?2026l[?2026h[?25l[A[1Ggathering model components [K
copying file sha256:8875b53e09efb8221ff4f1c02a167e968d20c6331faa7c7206a5b57aa5316202 4% ⠦ [K[?25h[?2026l[?2026h[?25l[A[1Ggathering model components [K
copying file sha256:8875b53e09efb8221ff4f1c02a167e968d20c6331faa7c7206a5b57aa5316202 4% ⠧ [K[?25h[?2026l[?2026h[?25l[A[1Ggathering model components [K
copying file sha256:8875b53e09efb8221ff4f1c02a167e968d20c6331faa7c7206a5b57aa5316202 4% ⠇ [K[?25h[?2026l[?2026h[?25l[A[1Ggathering model components [K
copying file sha256:8875b53e09efb8221ff4f1c02a167e968d20c6331faa7c7206a5b57aa5316202 4% ⠏ [K[?25h[?2026l[?2026h[?25l[A[1Ggathering model components [K
copying file sha256:8875b53e09efb8221ff4f1c02a167e968d20c6331faa7c7206a5b57aa5316202 5% ⠋ [K[?25h[?2026l[?2026h[?25l[A[1Ggathering model components [K
copying file sha256:8875b53e09efb8221ff4f1c02a167e968d20c6331faa7c7206a5b57aa5316202 5% ⠙ [K[?25h[?2026l[?2026h[?25l[A[1Ggathering model components [K
copying file sha256:8875b53e09efb8221ff4f1c02a167e968d20c6331faa7c7206a5b57aa5316202 5% ⠹ [K[?25h[?2026l[?2026h[?25l[A[1Ggathering model components [K
copying file sha256:8875b53e09efb8221ff4f1c02a167e968d20c6331faa7c7206a5b57aa5316202 5% ⠸ [K[?25h[?2026l[?2026h[?25l[A[1Ggathering model components [K
copying file sha256:8875b53e09efb8221ff4f1c02a167e968d20c6331faa7c7206a5b57aa5316202 5% ⠼ [K[?25h[?2026l[?2026h[?25l[A[1Ggathering model components [K
copying file sha256:8875b53e09efb8221ff4f1c02a167e968d20c6331faa7c7206a5b57aa5316202 5% ⠴ [K[?25h[?2026l[?2026h[?25l[A[1Ggathering model components [K
copying file sha256:8875b53e09efb8221ff4f1c02a167e968d20c6331faa7c7206a5b57aa5316202 5% ⠦ [K[?25h[?2026l[?2026h[?25l[A[1Ggathering model components [K
copying file sha256:8875b53e09efb8221ff4f1c02a167e968d20c6331faa7c7206a5b57aa5316202 5% ⠧ [K[?25h[?2026l[?2026h[?25l[A[1Ggathering model components [K
copying file sha256:8875b53e09efb8221ff4f1c02a167e968d20c6331faa7c7206a5b57aa5316202 5% ⠇ [K[?25h[?2026l[?2026h[?25l[A[1Ggathering model components [K
copying file sha256:8875b53e09efb8221ff4f1c02a167e968d20c6331faa7c7206a5b57aa5316202 5% ⠏ [K[?25h[?2026l[?2026h[?25l[A[1Ggathering model components [K
copying file sha256:8875b53e09efb8221ff4f1c02a167e968d20c6331faa7c7206a5b57aa5316202 6% ⠋ [K[?25h[?2026l[?2026h[?25l[A[1Ggathering model components [K
copying file sha256:8875b53e09efb8221ff4f1c02a167e968d20c6331faa7c7206a5b57aa5316202 6% ⠙ [K[?25h[?2026l[?2026h[?25l[A[1Ggathering model components [K
copying file sha256:8875b53e09efb8221ff4f1c02a167e968d20c6331faa7c7206a5b57aa5316202 6% ⠹ [K[?25h[?2026l[?2026h[?25l[A[1Ggathering model components [K
copying file sha256:8875b53e09efb8221ff4f1c02a167e968d20c6331faa7c7206a5b57aa5316202 6% ⠸ [K[?25h[?2026l[?2026h[?25l[A[1Ggathering model components [K
copying file sha256:8875b53e09efb8221ff4f1c02a167e968d20c6331faa7c7206a5b57aa5316202 6% ⠼ [K[?25h[?2026l[?2026h[?25l[A[1Ggathering model components [K
copying file sha256:8875b53e09efb8221ff4f1c02a167e968d20c6331faa7c7206a5b57aa5316202 6% ⠴ [K[?25h[?2026l[?2026h[?25l[A[1Ggathering model components [K
copying file sha256:8875b53e09efb8221ff4f1c02a167e968d20c6331faa7c7206a5b57aa5316202 6% ⠦ [K[?25h[?2026l[?2026h[?25l[A[1Ggathering model components [K
copying file sha256:8875b53e09efb8221ff4f1c02a167e968d20c6331faa7c7206a5b57aa5316202 6% ⠧ [K[?25h[?2026l[?2026h[?25l[A[1Ggathering model components [K
copying file sha256:8875b53e09efb8221ff4f1c02a167e968d20c6331faa7c7206a5b57aa5316202 6% ⠇ [K[?25h[?2026l[?2026h[?25l[A[1Ggathering model components [K
copying file sha256:8875b53e09efb8221ff4f1c02a167e968d20c6331faa7c7206a5b57aa5316202 6% ⠏ [K[?25h[?2026l[?2026h[?25l[A[1Ggathering model components [K
copying file sha256:8875b53e09efb8221ff4f1c02a167e968d20c6331faa7c7206a5b57aa5316202 6% ⠋ [K[?25h[?2026l[?2026h[?25l[A[1Ggathering model components [K
copying file sha256:8875b53e09efb8221ff4f1c02a167e968d20c6331faa7c7206a5b57aa5316202 7% ⠙ [K[?25h[?2026l[?2026h[?25l[A[1Ggathering model components [K
copying file sha256:8875b53e09efb8221ff4f1c02a167e968d20c6331faa7c7206a5b57aa5316202 7% ⠹ [K[?25h[?2026l[?2026h[?25l[A[1Ggathering model components [K
copying file sha256:8875b53e09efb8221ff4f1c02a167e968d20c6331faa7c7206a5b57aa5316202 7% ⠸ [K[?25h[?2026l[?2026h[?25l[A[1Ggathering model components [K
copying file sha256:8875b53e09efb8221ff4f1c02a167e968d20c6331faa7c7206a5b57aa5316202 7% ⠼ [K[?25h[?2026l[?2026h[?25l[A[1Ggathering model components [K
copying file sha256:8875b53e09efb8221ff4f1c02a167e968d20c6331faa7c7206a5b57aa5316202 7% ⠴ [K[?25h[?2026l[?2026h[?25l[A[1Ggathering model components [K
copying file sha256:8875b53e09efb8221ff4f1c02a167e968d20c6331faa7c7206a5b57aa5316202 7% ⠦ [K[?25h[?2026l[?2026h[?25l[A[1Ggathering model components [K
copying file sha256:8875b53e09efb8221ff4f1c02a167e968d20c6331faa7c7206a5b57aa5316202 7% ⠧ [K[?25h[?2026l[?2026h[?25l[A[1Ggathering model components [K
copying file sha256:8875b53e09efb8221ff4f1c02a167e968d20c6331faa7c7206a5b57aa5316202 7% ⠇ [K[?25h[?2026l[?2026h[?25l[A[1Ggathering model components [K
copying file sha256:8875b53e09efb8221ff4f1c02a167e968d20c6331faa7c7206a5b57aa5316202 7% ⠏ [K[?25h[?2026l[?2026h[?25l[A[1Ggathering model components [K
copying file sha256:8875b53e09efb8221ff4f1c02a167e968d20c6331faa7c7206a5b57aa5316202 7% ⠋ [K[?25h[?2026l[?2026h[?25l[A[1Ggathering model components [K
copying file sha256:8875b53e09efb8221ff4f1c02a167e968d20c6331faa7c7206a5b57aa5316202 8% ⠙ [K[?25h[?2026l[?2026h[?25l[A[1Ggathering model components [K
copying file sha256:8875b53e09efb8221ff4f1c02a167e968d20c6331faa7c7206a5b57aa5316202 8% ⠹ [K[?25h[?2026l[?2026h[?25l[A[1Ggathering model components [K
copying file sha256:8875b53e09efb8221ff4f1c02a167e968d20c6331faa7c7206a5b57aa5316202 8% ⠸ [K[?25h[?2026l[?2026h[?25l[A[1Ggathering model components [K
copying file sha256:8875b53e09efb8221ff4f1c02a167e968d20c6331faa7c7206a5b57aa5316202 8% ⠼ [K[?25h[?2026l[?2026h[?25l[A[1Ggathering model components [K
copying file sha256:8875b53e09efb8221ff4f1c02a167e968d20c6331faa7c7206a5b57aa5316202 8% ⠴ [K[?25h[?2026l[?2026h[?25l[A[1Ggathering model components [K
copying file sha256:8875b53e09efb8221ff4f1c02a167e968d20c6331faa7c7206a5b57aa5316202 8% ⠦ [K[?25h[?2026l[?2026h[?25l[A[1Ggathering model components [K
copying file sha256:8875b53e09efb8221ff4f1c02a167e968d20c6331faa7c7206a5b57aa5316202 8% ⠧ [K[?25h[?2026l[?2026h[?25l[A[1Ggathering model components [K
copying file sha256:8875b53e09efb8221ff4f1c02a167e968d20c6331faa7c7206a5b57aa5316202 8% ⠇ [K[?25h[?2026l[?2026h[?25l[A[1Ggathering model components [K
copying file sha256:8875b53e09efb8221ff4f1c02a167e968d20c6331faa7c7206a5b57aa5316202 8% ⠏ [K[?25h[?2026l[?2026h[?25l[A[1Ggathering model components [K
copying file sha256:8875b53e09efb8221ff4f1c02a167e968d20c6331faa7c7206a5b57aa5316202 9% ⠋ [K[?25h[?2026l[?2026h[?25l[A[1Ggathering model components [K
copying file sha256:8875b53e09efb8221ff4f1c02a167e968d20c6331faa7c7206a5b57aa5316202 9% ⠙ [K[?25h[?2026l[?2026h[?25l[A[1Ggathering model components [K
copying file sha256:8875b53e09efb8221ff4f1c02a167e968d20c6331faa7c7206a5b57aa5316202 9% ⠹ [K[?25h[?2026l[?2026h[?25l[A[1Ggathering model components [K
copying file sha256:8875b53e09efb8221ff4f1c02a167e968d20c6331faa7c7206a5b57aa5316202 9% ⠸ [K[?25h[?2026l[?2026h[?25l[A[1Ggathering model components [K
copying file sha256:8875b53e09efb8221ff4f1c02a167e968d20c6331faa7c7206a5b57aa5316202 9% ⠼ [K[?25h[?2026l[?2026h[?25l[A[1Ggathering model components [K
copying file sha256:8875b53e09efb8221ff4f1c02a167e968d20c6331faa7c7206a5b57aa5316202 9% ⠴ [K[?25h[?2026l[?2026h[?25l[A[1Ggathering model components [K
copying file sha256:8875b53e09efb8221ff4f1c02a167e968d20c6331faa7c7206a5b57aa5316202 9% ⠦ [K[?25h[?2026l[?2026h[?25l[A[1Ggathering model components [K
copying file sha256:8875b53e09efb8221ff4f1c02a167e968d20c6331faa7c7206a5b57aa5316202 9% ⠧ [K[?25h[?2026l[?2026h[?25l[A[1Ggathering model components [K
copying file sha256:8875b53e09efb8221ff4f1c02a167e968d20c6331faa7c7206a5b57aa5316202 9% ⠇ [K[?25h[?2026l[?2026h[?25l[A[1Ggathering model components [K
copying file sha256:8875b53e09efb8221ff4f1c02a167e968d20c6331faa7c7206a5b57aa5316202 9% ⠏ [K[?25h[?2026l[?2026h[?25l[A[1Ggathering model components [K
copying file sha256:8875b53e09efb8221ff4f1c02a167e968d20c6331faa7c7206a5b57aa5316202 10% ⠋ [K[?25h[?2026l[?2026h[?25l[A[1Ggathering model components [K
copying file sha256:8875b53e09efb8221ff4f1c02a167e968d20c6331faa7c7206a5b57aa5316202 10% ⠙ [K[?25h[?2026l[?2026h[?25l[A[1Ggathering model components [K
copying file sha256:8875b53e09efb8221ff4f1c02a167e968d20c6331faa7c7206a5b57aa5316202 10% ⠹ [K[?25h[?2026l[?2026h[?25l[A[1Ggathering model components [K
copying file sha256:8875b53e09efb8221ff4f1c02a167e968d20c6331faa7c7206a5b57aa5316202 10% ⠸ [K[?25h[?2026l[?2026h[?25l[A[1Ggathering model components [K
copying file sha256:8875b53e09efb8221ff4f1c02a167e968d20c6331faa7c7206a5b57aa5316202 10% ⠼ [K[?25h[?2026l[?2026h[?25l[A[1Ggathering model components [K
copying file sha256:8875b53e09efb8221ff4f1c02a167e968d20c6331faa7c7206a5b57aa5316202 10% ⠴ [K[?25h[?2026l[?2026h[?25l[A[1Ggathering model components [K
copying file sha256:8875b53e09efb8221ff4f1c02a167e968d20c6331faa7c7206a5b57aa5316202 10% ⠦ [K[?25h[?2026l[?2026h[?25l[A[1Ggathering model components [K
copying file sha256:8875b53e09efb8221ff4f1c02a167e968d20c6331faa7c7206a5b57aa5316202 10% ⠧ [K[?25h[?2026l[?2026h[?25l[A[1Ggathering model components [K
copying file sha256:8875b53e09efb8221ff4f1c02a167e968d20c6331faa7c7206a5b57aa5316202 10% ⠇ [K[?25h[?2026l[?2026h[?25l[A[1Ggathering model components [K
copying file sha256:8875b53e09efb8221ff4f1c02a167e968d20c6331faa7c7206a5b57aa5316202 10% ⠏ [K[?25h[?2026l[?2026h[?25l[A[1Ggathering model components [K
copying file sha256:8875b53e09efb8221ff4f1c02a167e968d20c6331faa7c7206a5b57aa5316202 11% ⠋ [K[?25h[?2026l[?2026h[?25l[A[1Ggathering model components [K
copying file sha256:8875b53e09efb8221ff4f1c02a167e968d20c6331faa7c7206a5b57aa5316202 11% ⠙ [K[?25h[?2026l[?2026h[?25l[A[1Ggathering model components [K
copying file sha256:8875b53e09efb8221ff4f1c02a167e968d20c6331faa7c7206a5b57aa5316202 11% ⠹ [K[?25h[?2026l[?2026h[?25l[A[1Ggathering model components [K
copying file sha256:8875b53e09efb8221ff4f1c02a167e968d20c6331faa7c7206a5b57aa5316202 11% ⠸ [K[?25h[?2026l[?2026h[?25l[A[1Ggathering model components [K
copying file sha256:8875b53e09efb8221ff4f1c02a167e968d20c6331faa7c7206a5b57aa5316202 11% ⠼ [K[?25h[?2026l[?2026h[?25l[A[1Ggathering model components [K
copying file sha256:8875b53e09efb8221ff4f1c02a167e968d20c6331faa7c7206a5b57aa5316202 11% ⠴ [K[?25h[?2026l[?2026h[?25l[A[1Ggathering model components [K
copying file sha256:8875b53e09efb8221ff4f1c02a167e968d20c6331faa7c7206a5b57aa5316202 11% ⠦ [K[?25h[?2026l[?2026h[?25l[A[1Ggathering model components [K
copying file sha256:8875b53e09efb8221ff4f1c02a167e968d20c6331faa7c7206a5b57aa5316202 11% ⠧ [K[?25h[?2026l[?2026h[?25l[A[1Ggathering model components [K
copying file sha256:8875b53e09efb8221ff4f1c02a167e968d20c6331faa7c7206a5b57aa5316202 11% ⠇ [K[?25h[?2026l[?2026h[?25l[A[1Ggathering model components [K
copying file sha256:8875b53e09efb8221ff4f1c02a167e968d20c6331faa7c7206a5b57aa5316202 11% ⠏ [K[?25h[?2026l[?2026h[?25l[A[1Ggathering model components [K
copying file sha256:8875b53e09efb8221ff4f1c02a167e968d20c6331faa7c7206a5b57aa5316202 11% ⠋ [K[?25h[?2026l[?2026h[?25l[A[1Ggathering model components [K
copying file sha256:8875b53e09efb8221ff4f1c02a167e968d20c6331faa7c7206a5b57aa5316202 12% ⠙ [K[?25h[?2026l[?2026h[?25l[A[1Ggathering model components [K
copying file sha256:8875b53e09efb8221ff4f1c02a167e968d20c6331faa7c7206a5b57aa5316202 12% ⠹ [K[?25h[?2026l[?2026h[?25l[A[1Ggathering model components [K
copying file sha256:8875b53e09efb8221ff4f1c02a167e968d20c6331faa7c7206a5b57aa5316202 12% ⠸ [K[?25h[?2026l[?2026h[?25l[A[1Ggathering model components [K
copying file sha256:8875b53e09efb8221ff4f1c02a167e968d20c6331faa7c7206a5b57aa5316202 12% ⠼ [K[?25h[?2026l[?2026h[?25l[A[1Ggathering model components [K
copying file sha256:8875b53e09efb8221ff4f1c02a167e968d20c6331faa7c7206a5b57aa5316202 12% ⠴ [K[?25h[?2026l[?2026h[?25l[A[1Ggathering model components [K
copying file sha256:8875b53e09efb8221ff4f1c02a167e968d20c6331faa7c7206a5b57aa5316202 12% ⠦ [K[?25h[?2026l[?2026h[?25l[A[1Ggathering model components [K
copying file sha256:8875b53e09efb8221ff4f1c02a167e968d20c6331faa7c7206a5b57aa5316202 12% ⠧ [K[?25h[?2026l[?2026h[?25l[A[1Ggathering model components [K
copying file sha256:8875b53e09efb8221ff4f1c02a167e968d20c6331faa7c7206a5b57aa5316202 12% ⠇ [K[?25h[?2026l[?2026h[?25l[A[1Ggathering model components [K
copying file sha256:8875b53e09efb8221ff4f1c02a167e968d20c6331faa7c7206a5b57aa5316202 12% ⠏ [K[?25h[?2026l[?2026h[?25l[A[1Ggathering model components [K
copying file sha256:8875b53e09efb8221ff4f1c02a167e968d20c6331faa7c7206a5b57aa5316202 12% ⠋ [K[?25h[?2026l[?2026h[?25l[A[1Ggathering model components [K
copying file sha256:8875b53e09efb8221ff4f1c02a167e968d20c6331faa7c7206a5b57aa5316202 13% ⠙ [K[?25h[?2026l[?2026h[?25l[A[1Ggathering model components [K
copying file sha256:8875b53e09efb8221ff4f1c02a167e968d20c6331faa7c7206a5b57aa5316202 13% ⠹ [K[?25h[?2026l[?2026h[?25l[A[1Ggathering model components [K
copying file sha256:8875b53e09efb8221ff4f1c02a167e968d20c6331faa7c7206a5b57aa5316202 13% ⠸ [K[?25h[?2026l[?2026h[?25l[A[1Ggathering model components [K
copying file sha256:8875b53e09efb8221ff4f1c02a167e968d20c6331faa7c7206a5b57aa5316202 13% ⠼ [K[?25h[?2026l[?2026h[?25l[A[1Ggathering model components [K
copying file sha256:8875b53e09efb8221ff4f1c02a167e968d20c6331faa7c7206a5b57aa5316202 13% ⠴ [K[?25h[?2026l[?2026h[?25l[A[1Ggathering model components [K
copying file sha256:8875b53e09efb8221ff4f1c02a167e968d20c6331faa7c7206a5b57aa5316202 13% ⠦ [K[?25h[?2026l[?2026h[?25l[A[1Ggathering model components [K
copying file sha256:8875b53e09efb8221ff4f1c02a167e968d20c6331faa7c7206a5b57aa5316202 13% ⠧ [K[?25h[?2026l[?2026h[?25l[A[1Ggathering model components [K
copying file sha256:8875b53e09efb8221ff4f1c02a167e968d20c6331faa7c7206a5b57aa5316202 13% ⠇ [K[?25h[?2026l[?2026h[?25l[A[1Ggathering model components [K
copying file sha256:8875b53e09efb8221ff4f1c02a167e968d20c6331faa7c7206a5b57aa5316202 13% ⠏ [K[?25h[?2026l[?2026h[?25l[A[1Ggathering model components [K
copying file sha256:8875b53e09efb8221ff4f1c02a167e968d20c6331faa7c7206a5b57aa5316202 13% ⠋ [K[?25h[?2026l[?2026h[?25l[A[1Ggathering model components [K
copying file sha256:8875b53e09efb8221ff4f1c02a167e968d20c6331faa7c7206a5b57aa5316202 14% ⠙ [K[?25h[?2026l[?2026h[?25l[A[1Ggathering model components [K
copying file sha256:8875b53e09efb8221ff4f1c02a167e968d20c6331faa7c7206a5b57aa5316202 14% ⠹ [K[?25h[?2026l[?2026h[?25l[A[1Ggathering model components [K
copying file sha256:8875b53e09efb8221ff4f1c02a167e968d20c6331faa7c7206a5b57aa5316202 14% ⠸ [K[?25h[?2026l[?2026h[?25l[A[1Ggathering model components [K
copying file sha256:8875b53e09efb8221ff4f1c02a167e968d20c6331faa7c7206a5b57aa5316202 14% ⠼ [K[?25h[?2026l[?2026h[?25l[A[1Ggathering model components [K
copying file sha256:8875b53e09efb8221ff4f1c02a167e968d20c6331faa7c7206a5b57aa5316202 14% ⠴ [K[?25h[?2026l[?2026h[?25l[A[1Ggathering model components [K
copying file sha256:8875b53e09efb8221ff4f1c02a167e968d20c6331faa7c7206a5b57aa5316202 14% ⠦ [K[?25h[?2026l[?2026h[?25l[A[1Ggathering model components [K
copying file sha256:8875b53e09efb8221ff4f1c02a167e968d20c6331faa7c7206a5b57aa5316202 14% ⠧ [K[?25h[?2026l[?2026h[?25l[A[1Ggathering model components [K
copying file sha256:8875b53e09efb8221ff4f1c02a167e968d20c6331faa7c7206a5b57aa5316202 14% ⠇ [K[?25h[?2026l[?2026h[?25l[A[1Ggathering model components [K
copying file sha256:8875b53e09efb8221ff4f1c02a167e968d20c6331faa7c7206a5b57aa5316202 14% ⠏ [K[?25h[?2026l[?2026h[?25l[A[1Ggathering model components [K
copying file sha256:8875b53e09efb8221ff4f1c02a167e968d20c6331faa7c7206a5b57aa5316202 14% ⠋ [K[?25h[?2026l[?2026h[?25l[A[1Ggathering model components [K
copying file sha256:8875b53e09efb8221ff4f1c02a167e968d20c6331faa7c7206a5b57aa5316202 15% ⠙ [K[?25h[?2026l[?2026h[?25l[A[1Ggathering model components [K
copying file sha256:8875b53e09efb8221ff4f1c02a167e968d20c6331faa7c7206a5b57aa5316202 15% ⠹ [K[?25h[?2026l[?2026h[?25l[A[1Ggathering model components [K
copying file sha256:8875b53e09efb8221ff4f1c02a167e968d20c6331faa7c7206a5b57aa5316202 15% ⠸ [K[?25h[?2026l[?2026h[?25l[A[1Ggathering model components [K
copying file sha256:8875b53e09efb8221ff4f1c02a167e968d20c6331faa7c7206a5b57aa5316202 15% ⠼ [K[?25h[?2026l[?2026h[?25l[A[1Ggathering model components [K
copying file sha256:8875b53e09efb8221ff4f1c02a167e968d20c6331faa7c7206a5b57aa5316202 15% ⠴ [K[?25h[?2026l[?2026h[?25l[A[1Ggathering model components [K
copying file sha256:8875b53e09efb8221ff4f1c02a167e968d20c6331faa7c7206a5b57aa5316202 15% ⠦ [K[?25h[?2026l[?2026h[?25l[A[1Ggathering model components [K
copying file sha256:8875b53e09efb8221ff4f1c02a167e968d20c6331faa7c7206a5b57aa5316202 15% ⠧ [K[?25h[?2026l[?2026h[?25l[A[1Ggathering model components [K
copying file sha256:8875b53e09efb8221ff4f1c02a167e968d20c6331faa7c7206a5b57aa5316202 15% ⠇ [K[?25h[?2026l[?2026h[?25l[A[1Ggathering model components [K
copying file sha256:8875b53e09efb8221ff4f1c02a167e968d20c6331faa7c7206a5b57aa5316202 15% ⠏ [K[?25h[?2026l[?2026h[?25l[A[1Ggathering model components [K
copying file sha256:8875b53e09efb8221ff4f1c02a167e968d20c6331faa7c7206a5b57aa5316202 15% ⠋ [K[?25h[?2026l[?2026h[?25l[A[1Ggathering model components [K
copying file sha256:8875b53e09efb8221ff4f1c02a167e968d20c6331faa7c7206a5b57aa5316202 15% ⠙ [K[?25h[?2026l[?2026h[?25l[A[1Ggathering model components [K
copying file sha256:8875b53e09efb8221ff4f1c02a167e968d20c6331faa7c7206a5b57aa5316202 16% ⠹ [K[?25h[?2026l[?2026h[?25l[A[1Ggathering model components [K
copying file sha256:8875b53e09efb8221ff4f1c02a167e968d20c6331faa7c7206a5b57aa5316202 16% ⠸ [K[?25h[?2026l[?2026h[?25l[A[1Ggathering model components [K
copying file sha256:8875b53e09efb8221ff4f1c02a167e968d20c6331faa7c7206a5b57aa5316202 16% ⠼ [K[?25h[?2026l[?2026h[?25l[A[1Ggathering model components [K
copying file sha256:8875b53e09efb8221ff4f1c02a167e968d20c6331faa7c7206a5b57aa5316202 16% ⠴ [K[?25h[?2026l[?2026h[?25l[A[1Ggathering model components [K
copying file sha256:8875b53e09efb8221ff4f1c02a167e968d20c6331faa7c7206a5b57aa5316202 16% ⠦ [K[?25h[?2026l[?2026h[?25l[A[1Ggathering model components [K
copying file sha256:8875b53e09efb8221ff4f1c02a167e968d20c6331faa7c7206a5b57aa5316202 16% ⠧ [K[?25h[?2026l[?2026h[?25l[A[1Ggathering model components [K
copying file sha256:8875b53e09efb8221ff4f1c02a167e968d20c6331faa7c7206a5b57aa5316202 16% ⠇ [K[?25h[?2026l[?2026h[?25l[A[1Ggathering model components [K
copying file sha256:8875b53e09efb8221ff4f1c02a167e968d20c6331faa7c7206a5b57aa5316202 16% ⠏ [K[?25h[?2026l[?2026h[?25l[A[1Ggathering model components [K
copying file sha256:8875b53e09efb8221ff4f1c02a167e968d20c6331faa7c7206a5b57aa5316202 16% ⠋ [K[?25h[?2026l[?2026h[?25l[A[1Ggathering model components [K
copying file sha256:8875b53e09efb8221ff4f1c02a167e968d20c6331faa7c7206a5b57aa5316202 16% ⠙ [K[?25h[?2026l[?2026h[?25l[A[1Ggathering model components [K
copying file sha256:8875b53e09efb8221ff4f1c02a167e968d20c6331faa7c7206a5b57aa5316202 17% ⠹ [K[?25h[?2026l[?2026h[?25l[A[1Ggathering model components [K
copying file sha256:8875b53e09efb8221ff4f1c02a167e968d20c6331faa7c7206a5b57aa5316202 17% ⠸ [K[?25h[?2026l[?2026h[?25l[A[1Ggathering model components [K
copying file sha256:8875b53e09efb8221ff4f1c02a167e968d20c6331faa7c7206a5b57aa5316202 17% ⠼ [K[?25h[?2026l[?2026h[?25l[A[1Ggathering model components [K
copying file sha256:8875b53e09efb8221ff4f1c02a167e968d20c6331faa7c7206a5b57aa5316202 17% ⠴ [K[?25h[?2026l[?2026h[?25l[A[1Ggathering model components [K
copying file sha256:8875b53e09efb8221ff4f1c02a167e968d20c6331faa7c7206a5b57aa5316202 17% ⠦ [K[?25h[?2026l[?2026h[?25l[A[1Ggathering model components [K
copying file sha256:8875b53e09efb8221ff4f1c02a167e968d20c6331faa7c7206a5b57aa5316202 17% ⠧ [K[?25h[?2026l[?2026h[?25l[A[1Ggathering model components [K
copying file sha256:8875b53e09efb8221ff4f1c02a167e968d20c6331faa7c7206a5b57aa5316202 17% ⠇ [K[?25h[?2026l[?2026h[?25l[A[1Ggathering model components [K
copying file sha256:8875b53e09efb8221ff4f1c02a167e968d20c6331faa7c7206a5b57aa5316202 17% ⠏ [K[?25h[?2026l[?2026h[?25l[A[1Ggathering model components [K
copying file sha256:8875b53e09efb8221ff4f1c02a167e968d20c6331faa7c7206a5b57aa5316202 17% ⠋ [K[?25h[?2026l[?2026h[?25l[A[1Ggathering model components [K
copying file sha256:8875b53e09efb8221ff4f1c02a167e968d20c6331faa7c7206a5b57aa5316202 17% ⠙ [K[?25h[?2026l[?2026h[?25l[A[1Ggathering model components [K
copying file sha256:8875b53e09efb8221ff4f1c02a167e968d20c6331faa7c7206a5b57aa5316202 18% ⠹ [K[?25h[?2026l[?2026h[?25l[A[1Ggathering model components [K
copying file sha256:8875b53e09efb8221ff4f1c02a167e968d20c6331faa7c7206a5b57aa5316202 18% ⠸ [K[?25h[?2026l[?2026h[?25l[A[1Ggathering model components [K
copying file sha256:8875b53e09efb8221ff4f1c02a167e968d20c6331faa7c7206a5b57aa5316202 18% ⠼ [K[?25h[?2026l[?2026h[?25l[A[1Ggathering model components [K
copying file sha256:8875b53e09efb8221ff4f1c02a167e968d20c6331faa7c7206a5b57aa5316202 18% ⠴ [K[?25h[?2026l[?2026h[?25l[A[1Ggathering model components [K
copying file sha256:8875b53e09efb8221ff4f1c02a167e968d20c6331faa7c7206a5b57aa5316202 18% ⠦ [K[?25h[?2026l[?2026h[?25l[A[1Ggathering model components [K
copying file sha256:8875b53e09efb8221ff4f1c02a167e968d20c6331faa7c7206a5b57aa5316202 18% ⠧ [K[?25h[?2026l[?2026h[?25l[A[1Ggathering model components [K
copying file sha256:8875b53e09efb8221ff4f1c02a167e968d20c6331faa7c7206a5b57aa5316202 18% ⠇ [K[?25h[?2026l[?2026h[?25l[A[1Ggathering model components [K
copying file sha256:8875b53e09efb8221ff4f1c02a167e968d20c6331faa7c7206a5b57aa5316202 18% ⠏ [K[?25h[?2026l[?2026h[?25l[A[1Ggathering model components [K
copying file sha256:8875b53e09efb8221ff4f1c02a167e968d20c6331faa7c7206a5b57aa5316202 18% ⠋ [K[?25h[?2026l[?2026h[?25l[A[1Ggathering model components [K
copying file sha256:8875b53e09efb8221ff4f1c02a167e968d20c6331faa7c7206a5b57aa5316202 18% ⠙ [K[?25h[?2026l[?2026h[?25l[A[1Ggathering model components [K
copying file sha256:8875b53e09efb8221ff4f1c02a167e968d20c6331faa7c7206a5b57aa5316202 19% ⠹ [K[?25h[?2026l[?2026h[?25l[A[1Ggathering model components [K
copying file sha256:8875b53e09efb8221ff4f1c02a167e968d20c6331faa7c7206a5b57aa5316202 19% ⠸ [K[?25h[?2026l[?2026h[?25l[A[1Ggathering model components [K
copying file sha256:8875b53e09efb8221ff4f1c02a167e968d20c6331faa7c7206a5b57aa5316202 19% ⠼ [K[?25h[?2026l[?2026h[?25l[A[1Ggathering model components [K
copying file sha256:8875b53e09efb8221ff4f1c02a167e968d20c6331faa7c7206a5b57aa5316202 19% ⠴ [K[?25h[?2026l[?2026h[?25l[A[1Ggathering model components [K
copying file sha256:8875b53e09efb8221ff4f1c02a167e968d20c6331faa7c7206a5b57aa5316202 19% ⠦ [K[?25h[?2026l[?2026h[?25l[A[1Ggathering model components [K
copying file sha256:8875b53e09efb8221ff4f1c02a167e968d20c6331faa7c7206a5b57aa5316202 19% ⠧ [K[?25h[?2026l[?2026h[?25l[A[1Ggathering model components [K
copying file sha256:8875b53e09efb8221ff4f1c02a167e968d20c6331faa7c7206a5b57aa5316202 19% ⠇ [K[?25h[?2026l[?2026h[?25l[A[1Ggathering model components [K
copying file sha256:8875b53e09efb8221ff4f1c02a167e968d20c6331faa7c7206a5b57aa5316202 19% ⠏ [K[?25h[?2026l[?2026h[?25l[A[1Ggathering model components [K
copying file sha256:8875b53e09efb8221ff4f1c02a167e968d20c6331faa7c7206a5b57aa5316202 19% ⠋ [K[?25h[?2026l[?2026h[?25l[A[1Ggathering model components [K
copying file sha256:8875b53e09efb8221ff4f1c02a167e968d20c6331faa7c7206a5b57aa5316202 19% ⠙ [K[?25h[?2026l[?2026h[?25l[A[1Ggathering model components [K
copying file sha256:8875b53e09efb8221ff4f1c02a167e968d20c6331faa7c7206a5b57aa5316202 20% ⠹ [K[?25h[?2026l[?2026h[?25l[A[1Ggathering model components [K
copying file sha256:8875b53e09efb8221ff4f1c02a167e968d20c6331faa7c7206a5b57aa5316202 20% ⠸ [K[?25h[?2026l[?2026h[?25l[A[1Ggathering model components [K
copying file sha256:8875b53e09efb8221ff4f1c02a167e968d20c6331faa7c7206a5b57aa5316202 20% ⠼ [K[?25h[?2026l[?2026h[?25l[A[1Ggathering model components [K
copying file sha256:8875b53e09efb8221ff4f1c02a167e968d20c6331faa7c7206a5b57aa5316202 20% ⠴ [K[?25h[?2026l[?2026h[?25l[A[1Ggathering model components [K
copying file sha256:8875b53e09efb8221ff4f1c02a167e968d20c6331faa7c7206a5b57aa5316202 20% ⠦ [K[?25h[?2026l[?2026h[?25l[A[1Ggathering model components [K
copying file sha256:8875b53e09efb8221ff4f1c02a167e968d20c6331faa7c7206a5b57aa5316202 20% ⠧ [K[?25h[?2026l[?2026h[?25l[A[1Ggathering model components [K
copying file sha256:8875b53e09efb8221ff4f1c02a167e968d20c6331faa7c7206a5b57aa5316202 20% ⠇ [K[?25h[?2026l[?2026h[?25l[A[1Ggathering model components [K
copying file sha256:8875b53e09efb8221ff4f1c02a167e968d20c6331faa7c7206a5b57aa5316202 20% ⠏ [K[?25h[?2026l[?2026h[?25l[A[1Ggathering model components [K
copying file sha256:8875b53e09efb8221ff4f1c02a167e968d20c6331faa7c7206a5b57aa5316202 20% ⠋ [K[?25h[?2026l[?2026h[?25l[A[1Ggathering model components [K
copying file sha256:8875b53e09efb8221ff4f1c02a167e968d20c6331faa7c7206a5b57aa5316202 20% ⠙ [K[?25h[?2026l[?2026h[?25l[A[1Ggathering model components [K
copying file sha256:8875b53e09efb8221ff4f1c02a167e968d20c6331faa7c7206a5b57aa5316202 20% ⠹ [K[?25h[?2026l[?2026h[?25l[A[1Ggathering model components [K
copying file sha256:8875b53e09efb8221ff4f1c02a167e968d20c6331faa7c7206a5b57aa5316202 20% ⠸ [K[?25h[?2026l[?2026h[?25l[A[1Ggathering model components [K
copying file sha256:8875b53e09efb8221ff4f1c02a167e968d20c6331faa7c7206a5b57aa5316202 21% ⠼ [K[?25h[?2026l[?2026h[?25l[A[1Ggathering model components [K
copying file sha256:8875b53e09efb8221ff4f1c02a167e968d20c6331faa7c7206a5b57aa5316202 21% ⠴ [K[?25h[?2026l[?2026h[?25l[A[1Ggathering model components [K
copying file sha256:8875b53e09efb8221ff4f1c02a167e968d20c6331faa7c7206a5b57aa5316202 21% ⠦ [K[?25h[?2026l[?2026h[?25l[A[1Ggathering model components [K
copying file sha256:8875b53e09efb8221ff4f1c02a167e968d20c6331faa7c7206a5b57aa5316202 21% ⠧ [K[?25h[?2026l[?2026h[?25l[A[1Ggathering model components [K
copying file sha256:8875b53e09efb8221ff4f1c02a167e968d20c6331faa7c7206a5b57aa5316202 21% ⠇ [K[?25h[?2026l[?2026h[?25l[A[1Ggathering model components [K
copying file sha256:8875b53e09efb8221ff4f1c02a167e968d20c6331faa7c7206a5b57aa5316202 21% ⠏ [K[?25h[?2026l[?2026h[?25l[A[1Ggathering model components [K
copying file sha256:8875b53e09efb8221ff4f1c02a167e968d20c6331faa7c7206a5b57aa5316202 21% ⠋ [K[?25h[?2026l[?2026h[?25l[A[1Ggathering model components [K
copying file sha256:8875b53e09efb8221ff4f1c02a167e968d20c6331faa7c7206a5b57aa5316202 21% ⠙ [K[?25h[?2026l[?2026h[?25l[A[1Ggathering model components [K
copying file sha256:8875b53e09efb8221ff4f1c02a167e968d20c6331faa7c7206a5b57aa5316202 21% ⠹ [K[?25h[?2026l[?2026h[?25l[A[1Ggathering model components [K
copying file sha256:8875b53e09efb8221ff4f1c02a167e968d20c6331faa7c7206a5b57aa5316202 21% ⠸ [K[?25h[?2026l[?2026h[?25l[A[1Ggathering model components [K
copying file sha256:8875b53e09efb8221ff4f1c02a167e968d20c6331faa7c7206a5b57aa5316202 22% ⠼ [K[?25h[?2026l[?2026h[?25l[A[1Ggathering model components [K
copying file sha256:8875b53e09efb8221ff4f1c02a167e968d20c6331faa7c7206a5b57aa5316202 22% ⠴ [K[?25h[?2026l[?2026h[?25l[A[1Ggathering model components [K
copying file sha256:8875b53e09efb8221ff4f1c02a167e968d20c6331faa7c7206a5b57aa5316202 22% ⠦ [K[?25h[?2026l[?2026h[?25l[A[1Ggathering model components [K
copying file sha256:8875b53e09efb8221ff4f1c02a167e968d20c6331faa7c7206a5b57aa5316202 22% ⠧ [K[?25h[?2026l[?2026h[?25l[A[1Ggathering model components [K
copying file sha256:8875b53e09efb8221ff4f1c02a167e968d20c6331faa7c7206a5b57aa5316202 22% ⠇ [K[?25h[?2026l[?2026h[?25l[A[1Ggathering model components [K
copying file sha256:8875b53e09efb8221ff4f1c02a167e968d20c6331faa7c7206a5b57aa5316202 22% ⠏ [K[?25h[?2026l[?2026h[?25l[A[1Ggathering model components [K
copying file sha256:8875b53e09efb8221ff4f1c02a167e968d20c6331faa7c7206a5b57aa5316202 22% ⠋ [K[?25h[?2026l[?2026h[?25l[A[1Ggathering model components [K
copying file sha256:8875b53e09efb8221ff4f1c02a167e968d20c6331faa7c7206a5b57aa5316202 22% ⠙ [K[?25h[?2026l[?2026h[?25l[A[1Ggathering model components [K
copying file sha256:8875b53e09efb8221ff4f1c02a167e968d20c6331faa7c7206a5b57aa5316202 22% ⠹ [K[?25h[?2026l[?2026h[?25l[A[1Ggathering model components [K
copying file sha256:8875b53e09efb8221ff4f1c02a167e968d20c6331faa7c7206a5b57aa5316202 22% ⠸ [K[?25h[?2026l[?2026h[?25l[A[1Ggathering model components [K
copying file sha256:8875b53e09efb8221ff4f1c02a167e968d20c6331faa7c7206a5b57aa5316202 23% ⠼ [K[?25h[?2026l[?2026h[?25l[A[1Ggathering model components [K
copying file sha256:8875b53e09efb8221ff4f1c02a167e968d20c6331faa7c7206a5b57aa5316202 23% ⠴ [K[?25h[?2026l[?2026h[?25l[A[1Ggathering model components [K
copying file sha256:8875b53e09efb8221ff4f1c02a167e968d20c6331faa7c7206a5b57aa5316202 23% ⠦ [K[?25h[?2026l[?2026h[?25l[A[1Ggathering model components [K
copying file sha256:8875b53e09efb8221ff4f1c02a167e968d20c6331faa7c7206a5b57aa5316202 23% ⠧ [K[?25h[?2026l[?2026h[?25l[A[1Ggathering model components [K
copying file sha256:8875b53e09efb8221ff4f1c02a167e968d20c6331faa7c7206a5b57aa5316202 23% ⠇ [K[?25h[?2026l[?2026h[?25l[A[1Ggathering model components [K
copying file sha256:8875b53e09efb8221ff4f1c02a167e968d20c6331faa7c7206a5b57aa5316202 23% ⠏ [K[?25h[?2026l[?2026h[?25l[A[1Ggathering model components [K
copying file sha256:8875b53e09efb8221ff4f1c02a167e968d20c6331faa7c7206a5b57aa5316202 23% ⠋ [K[?25h[?2026l[?2026h[?25l[A[1Ggathering model components [K
copying file sha256:8875b53e09efb8221ff4f1c02a167e968d20c6331faa7c7206a5b57aa5316202 23% ⠙ [K[?25h[?2026l[?2026h[?25l[A[1Ggathering model components [K
copying file sha256:8875b53e09efb8221ff4f1c02a167e968d20c6331faa7c7206a5b57aa5316202 23% ⠹ [K[?25h[?2026l[?2026h[?25l[A[1Ggathering model components [K
copying file sha256:8875b53e09efb8221ff4f1c02a167e968d20c6331faa7c7206a5b57aa5316202 23% ⠸ [K[?25h[?2026l[?2026h[?25l[A[1Ggathering model components [K
copying file sha256:8875b53e09efb8221ff4f1c02a167e968d20c6331faa7c7206a5b57aa5316202 23% ⠼ [K[?25h[?2026l[?2026h[?25l[A[1Ggathering model components [K
copying file sha256:8875b53e09efb8221ff4f1c02a167e968d20c6331faa7c7206a5b57aa5316202 24% ⠴ [K[?25h[?2026l[?2026h[?25l[A[1Ggathering model components [K
copying file sha256:8875b53e09efb8221ff4f1c02a167e968d20c6331faa7c7206a5b57aa5316202 24% ⠦ [K[?25h[?2026l[?2026h[?25l[A[1Ggathering model components [K
copying file sha256:8875b53e09efb8221ff4f1c02a167e968d20c6331faa7c7206a5b57aa5316202 24% ⠧ [K[?25h[?2026l[?2026h[?25l[A[1Ggathering model components [K
copying file sha256:8875b53e09efb8221ff4f1c02a167e968d20c6331faa7c7206a5b57aa5316202 24% ⠇ [K[?25h[?2026l[?2026h[?25l[A[1Ggathering model components [K
copying file sha256:8875b53e09efb8221ff4f1c02a167e968d20c6331faa7c7206a5b57aa5316202 24% ⠏ [K[?25h[?2026l[?2026h[?25l[A[1Ggathering model components [K
copying file sha256:8875b53e09efb8221ff4f1c02a167e968d20c6331faa7c7206a5b57aa5316202 24% ⠋ [K[?25h[?2026l[?2026h[?25l[A[1Ggathering model components [K
copying file sha256:8875b53e09efb8221ff4f1c02a167e968d20c6331faa7c7206a5b57aa5316202 24% ⠙ [K[?25h[?2026l[?2026h[?25l[A[1Ggathering model components [K
copying file sha256:8875b53e09efb8221ff4f1c02a167e968d20c6331faa7c7206a5b57aa5316202 24% ⠹ [K[?25h[?2026l[?2026h[?25l[A[1Ggathering model components [K
copying file sha256:8875b53e09efb8221ff4f1c02a167e968d20c6331faa7c7206a5b57aa5316202 24% ⠸ [K[?25h[?2026l[?2026h[?25l[A[1Ggathering model components [K
copying file sha256:8875b53e09efb8221ff4f1c02a167e968d20c6331faa7c7206a5b57aa5316202 24% ⠼ [K[?25h[?2026l[?2026h[?25l[A[1Ggathering model components [K
copying file sha256:8875b53e09efb8221ff4f1c02a167e968d20c6331faa7c7206a5b57aa5316202 25% ⠴ [K[?25h[?2026l[?2026h[?25l[A[1Ggathering model components [K
copying file sha256:8875b53e09efb8221ff4f1c02a167e968d20c6331faa7c7206a5b57aa5316202 25% ⠦ [K[?25h[?2026l[?2026h[?25l[A[1Ggathering model components [K
copying file sha256:8875b53e09efb8221ff4f1c02a167e968d20c6331faa7c7206a5b57aa5316202 25% ⠧ [K[?25h[?2026l[?2026h[?25l[A[1Ggathering model components [K
copying file sha256:8875b53e09efb8221ff4f1c02a167e968d20c6331faa7c7206a5b57aa5316202 25% ⠇ [K[?25h[?2026l[?2026h[?25l[A[1Ggathering model components [K
copying file sha256:8875b53e09efb8221ff4f1c02a167e968d20c6331faa7c7206a5b57aa5316202 25% ⠏ [K[?25h[?2026l[?2026h[?25l[A[1Ggathering model components [K
copying file sha256:8875b53e09efb8221ff4f1c02a167e968d20c6331faa7c7206a5b57aa5316202 25% ⠋ [K[?25h[?2026l[?2026h[?25l[A[1Ggathering model components [K
copying file sha256:8875b53e09efb8221ff4f1c02a167e968d20c6331faa7c7206a5b57aa5316202 25% ⠙ [K[?25h[?2026l[?2026h[?25l[A[1Ggathering model components [K
copying file sha256:8875b53e09efb8221ff4f1c02a167e968d20c6331faa7c7206a5b57aa5316202 25% ⠹ [K[?25h[?2026l[?2026h[?25l[A[1Ggathering model components [K
copying file sha256:8875b53e09efb8221ff4f1c02a167e968d20c6331faa7c7206a5b57aa5316202 25% ⠸ [K[?25h[?2026l[?2026h[?25l[A[1Ggathering model components [K
copying file sha256:8875b53e09efb8221ff4f1c02a167e968d20c6331faa7c7206a5b57aa5316202 25% ⠼ [K[?25h[?2026l[?2026h[?25l[A[1Ggathering model components [K
copying file sha256:8875b53e09efb8221ff4f1c02a167e968d20c6331faa7c7206a5b57aa5316202 26% ⠴ [K[?25h[?2026l[?2026h[?25l[A[1Ggathering model components [K
copying file sha256:8875b53e09efb8221ff4f1c02a167e968d20c6331faa7c7206a5b57aa5316202 26% ⠦ [K[?25h[?2026l[?2026h[?25l[A[1Ggathering model components [K
copying file sha256:8875b53e09efb8221ff4f1c02a167e968d20c6331faa7c7206a5b57aa5316202 26% ⠧ [K[?25h[?2026l[?2026h[?25l[A[1Ggathering model components [K
copying file sha256:8875b53e09efb8221ff4f1c02a167e968d20c6331faa7c7206a5b57aa5316202 26% ⠇ [K[?25h[?2026l[?2026h[?25l[A[1Ggathering model components [K
copying file sha256:8875b53e09efb8221ff4f1c02a167e968d20c6331faa7c7206a5b57aa5316202 26% ⠏ [K[?25h[?2026l[?2026h[?25l[A[1Ggathering model components [K
copying file sha256:8875b53e09efb8221ff4f1c02a167e968d20c6331faa7c7206a5b57aa5316202 26% ⠋ [K[?25h[?2026l[?2026h[?25l[A[1Ggathering model components [K
copying file sha256:8875b53e09efb8221ff4f1c02a167e968d20c6331faa7c7206a5b57aa5316202 26% ⠙ [K[?25h[?2026l[?2026h[?25l[A[1Ggathering model components [K
copying file sha256:8875b53e09efb8221ff4f1c02a167e968d20c6331faa7c7206a5b57aa5316202 26% ⠹ [K[?25h[?2026l[?2026h[?25l[A[1Ggathering model components [K
copying file sha256:8875b53e09efb8221ff4f1c02a167e968d20c6331faa7c7206a5b57aa5316202 26% ⠸ [K[?25h[?2026l[?2026h[?25l[A[1Ggathering model components [K
copying file sha256:8875b53e09efb8221ff4f1c02a167e968d20c6331faa7c7206a5b57aa5316202 26% ⠼ [K[?25h[?2026l[?2026h[?25l[A[1Ggathering model components [K
copying file sha256:8875b53e09efb8221ff4f1c02a167e968d20c6331faa7c7206a5b57aa5316202 27% ⠴ [K[?25h[?2026l[?2026h[?25l[A[1Ggathering model components [K
copying file sha256:8875b53e09efb8221ff4f1c02a167e968d20c6331faa7c7206a5b57aa5316202 27% ⠦ [K[?25h[?2026l[?2026h[?25l[A[1Ggathering model components [K
copying file sha256:8875b53e09efb8221ff4f1c02a167e968d20c6331faa7c7206a5b57aa5316202 27% ⠧ [K[?25h[?2026l[?2026h[?25l[A[1Ggathering model components [K
copying file sha256:8875b53e09efb8221ff4f1c02a167e968d20c6331faa7c7206a5b57aa5316202 27% ⠇ [K[?25h[?2026l[?2026h[?25l[A[1Ggathering model components [K
copying file sha256:8875b53e09efb8221ff4f1c02a167e968d20c6331faa7c7206a5b57aa5316202 27% ⠏ [K[?25h[?2026l[?2026h[?25l[A[1Ggathering model components [K
copying file sha256:8875b53e09efb8221ff4f1c02a167e968d20c6331faa7c7206a5b57aa5316202 27% ⠋ [K[?25h[?2026l[?2026h[?25l[A[1Ggathering model components [K
copying file sha256:8875b53e09efb8221ff4f1c02a167e968d20c6331faa7c7206a5b57aa5316202 27% ⠙ [K[?25h[?2026l[?2026h[?25l[A[1Ggathering model components [K
copying file sha256:8875b53e09efb8221ff4f1c02a167e968d20c6331faa7c7206a5b57aa5316202 27% ⠹ [K[?25h[?2026l[?2026h[?25l[A[1Ggathering model components [K
copying file sha256:8875b53e09efb8221ff4f1c02a167e968d20c6331faa7c7206a5b57aa5316202 27% ⠸ [K[?25h[?2026l[?2026h[?25l[A[1Ggathering model components [K
copying file sha256:8875b53e09efb8221ff4f1c02a167e968d20c6331faa7c7206a5b57aa5316202 27% ⠼ [K[?25h[?2026l[?2026h[?25l[A[1Ggathering model components [K
copying file sha256:8875b53e09efb8221ff4f1c02a167e968d20c6331faa7c7206a5b57aa5316202 27% ⠴ [K[?25h[?2026l[?2026h[?25l[A[1Ggathering model components [K
copying file sha256:8875b53e09efb8221ff4f1c02a167e968d20c6331faa7c7206a5b57aa5316202 28% ⠦ [K[?25h[?2026l[?2026h[?25l[A[1Ggathering model components [K
copying file sha256:8875b53e09efb8221ff4f1c02a167e968d20c6331faa7c7206a5b57aa5316202 28% ⠧ [K[?25h[?2026l[?2026h[?25l[A[1Ggathering model components [K
copying file sha256:8875b53e09efb8221ff4f1c02a167e968d20c6331faa7c7206a5b57aa5316202 28% ⠇ [K[?25h[?2026l[?2026h[?25l[A[1Ggathering model components [K
copying file sha256:8875b53e09efb8221ff4f1c02a167e968d20c6331faa7c7206a5b57aa5316202 28% ⠏ [K[?25h[?2026l[?2026h[?25l[A[1Ggathering model components [K
copying file sha256:8875b53e09efb8221ff4f1c02a167e968d20c6331faa7c7206a5b57aa5316202 28% ⠋ [K[?25h[?2026l[?2026h[?25l[A[1Ggathering model components [K
copying file sha256:8875b53e09efb8221ff4f1c02a167e968d20c6331faa7c7206a5b57aa5316202 28% ⠙ [K[?25h[?2026l[?2026h[?25l[A[1Ggathering model components [K
copying file sha256:8875b53e09efb8221ff4f1c02a167e968d20c6331faa7c7206a5b57aa5316202 28% ⠹ [K[?25h[?2026l[?2026h[?25l[A[1Ggathering model components [K
copying file sha256:8875b53e09efb8221ff4f1c02a167e968d20c6331faa7c7206a5b57aa5316202 28% ⠸ [K[?25h[?2026l[?2026h[?25l[A[1Ggathering model components [K
copying file sha256:8875b53e09efb8221ff4f1c02a167e968d20c6331faa7c7206a5b57aa5316202 28% ⠼ [K[?25h[?2026l[?2026h[?25l[A[1Ggathering model components [K
copying file sha256:8875b53e09efb8221ff4f1c02a167e968d20c6331faa7c7206a5b57aa5316202 28% ⠴ [K[?25h[?2026l[?2026h[?25l[A[1Ggathering model components [K
copying file sha256:8875b53e09efb8221ff4f1c02a167e968d20c6331faa7c7206a5b57aa5316202 29% ⠦ [K[?25h[?2026l[?2026h[?25l[A[1Ggathering model components [K
copying file sha256:8875b53e09efb8221ff4f1c02a167e968d20c6331faa7c7206a5b57aa5316202 29% ⠧ [K[?25h[?2026l[?2026h[?25l[A[1Ggathering model components [K
copying file sha256:8875b53e09efb8221ff4f1c02a167e968d20c6331faa7c7206a5b57aa5316202 29% ⠇ [K[?25h[?2026l[?2026h[?25l[A[1Ggathering model components [K
copying file sha256:8875b53e09efb8221ff4f1c02a167e968d20c6331faa7c7206a5b57aa5316202 29% ⠏ [K[?25h[?2026l[?2026h[?25l[A[1Ggathering model components [K
copying file sha256:8875b53e09efb8221ff4f1c02a167e968d20c6331faa7c7206a5b57aa5316202 29% ⠋ [K[?25h[?2026l[?2026h[?25l[A[1Ggathering model components [K
copying file sha256:8875b53e09efb8221ff4f1c02a167e968d20c6331faa7c7206a5b57aa5316202 29% ⠙ [K[?25h[?2026l[?2026h[?25l[A[1Ggathering model components [K
copying file sha256:8875b53e09efb8221ff4f1c02a167e968d20c6331faa7c7206a5b57aa5316202 29% ⠹ [K[?25h[?2026l[?2026h[?25l[A[1Ggathering model components [K
copying file sha256:8875b53e09efb8221ff4f1c02a167e968d20c6331faa7c7206a5b57aa5316202 29% ⠸ [K[?25h[?2026l[?2026h[?25l[A[1Ggathering model components [K
copying file sha256:8875b53e09efb8221ff4f1c02a167e968d20c6331faa7c7206a5b57aa5316202 29% ⠼ [K[?25h[?2026l[?2026h[?25l[A[1Ggathering model components [K
copying file sha256:8875b53e09efb8221ff4f1c02a167e968d20c6331faa7c7206a5b57aa5316202 29% ⠴ [K[?25h[?2026l[?2026h[?25l[A[1Ggathering model components [K
copying file sha256:8875b53e09efb8221ff4f1c02a167e968d20c6331faa7c7206a5b57aa5316202 30% ⠦ [K[?25h[?2026l[?2026h[?25l[A[1Ggathering model components [K
copying file sha256:8875b53e09efb8221ff4f1c02a167e968d20c6331faa7c7206a5b57aa5316202 30% ⠧ [K[?25h[?2026l[?2026h[?25l[A[1Ggathering model components [K
copying file sha256:8875b53e09efb8221ff4f1c02a167e968d20c6331faa7c7206a5b57aa5316202 30% ⠇ [K[?25h[?2026l[?2026h[?25l[A[1Ggathering model components [K
copying file sha256:8875b53e09efb8221ff4f1c02a167e968d20c6331faa7c7206a5b57aa5316202 30% ⠏ [K[?25h[?2026l[?2026h[?25l[A[1Ggathering model components [K
copying file sha256:8875b53e09efb8221ff4f1c02a167e968d20c6331faa7c7206a5b57aa5316202 30% ⠋ [K[?25h[?2026l[?2026h[?25l[A[1Ggathering model components [K
copying file sha256:8875b53e09efb8221ff4f1c02a167e968d20c6331faa7c7206a5b57aa5316202 30% ⠙ [K[?25h[?2026l[?2026h[?25l[A[1Ggathering model components [K
copying file sha256:8875b53e09efb8221ff4f1c02a167e968d20c6331faa7c7206a5b57aa5316202 30% ⠹ [K[?25h[?2026l[?2026h[?25l[A[1Ggathering model components [K
copying file sha256:8875b53e09efb8221ff4f1c02a167e968d20c6331faa7c7206a5b57aa5316202 30% ⠸ [K[?25h[?2026l[?2026h[?25l[A[1Ggathering model components [K
copying file sha256:8875b53e09efb8221ff4f1c02a167e968d20c6331faa7c7206a5b57aa5316202 30% ⠼ [K[?25h[?2026l[?2026h[?25l[A[1Ggathering model components [K
copying file sha256:8875b53e09efb8221ff4f1c02a167e968d20c6331faa7c7206a5b57aa5316202 30% ⠴ [K[?25h[?2026l[?2026h[?25l[A[1Ggathering model components [K
copying file sha256:8875b53e09efb8221ff4f1c02a167e968d20c6331faa7c7206a5b57aa5316202 30% ⠦ [K[?25h[?2026l[?2026h[?25l[A[1Ggathering model components [K
copying file sha256:8875b53e09efb8221ff4f1c02a167e968d20c6331faa7c7206a5b57aa5316202 31% ⠧ [K[?25h[?2026l[?2026h[?25l[A[1Ggathering model components [K
copying file sha256:8875b53e09efb8221ff4f1c02a167e968d20c6331faa7c7206a5b57aa5316202 31% ⠇ [K[?25h[?2026l[?2026h[?25l[A[1Ggathering model components [K
copying file sha256:8875b53e09efb8221ff4f1c02a167e968d20c6331faa7c7206a5b57aa5316202 31% ⠏ [K[?25h[?2026l[?2026h[?25l[A[1Ggathering model components [K
copying file sha256:8875b53e09efb8221ff4f1c02a167e968d20c6331faa7c7206a5b57aa5316202 31% ⠋ [K[?25h[?2026l[?2026h[?25l[A[1Ggathering model components [K
copying file sha256:8875b53e09efb8221ff4f1c02a167e968d20c6331faa7c7206a5b57aa5316202 31% ⠙ [K[?25h[?2026l[?2026h[?25l[A[1Ggathering model components [K
copying file sha256:8875b53e09efb8221ff4f1c02a167e968d20c6331faa7c7206a5b57aa5316202 31% ⠹ [K[?25h[?2026l[?2026h[?25l[A[1Ggathering model components [K
copying file sha256:8875b53e09efb8221ff4f1c02a167e968d20c6331faa7c7206a5b57aa5316202 31% ⠸ [K[?25h[?2026l[?2026h[?25l[A[1Ggathering model components [K
copying file sha256:8875b53e09efb8221ff4f1c02a167e968d20c6331faa7c7206a5b57aa5316202 31% ⠼ [K[?25h[?2026l[?2026h[?25l[A[1Ggathering model components [K
copying file sha256:8875b53e09efb8221ff4f1c02a167e968d20c6331faa7c7206a5b57aa5316202 31% ⠴ [K[?25h[?2026l[?2026h[?25l[A[1Ggathering model components [K
copying file sha256:8875b53e09efb8221ff4f1c02a167e968d20c6331faa7c7206a5b57aa5316202 31% ⠦ [K[?25h[?2026l[?2026h[?25l[A[1Ggathering model components [K
copying file sha256:8875b53e09efb8221ff4f1c02a167e968d20c6331faa7c7206a5b57aa5316202 32% ⠧ [K[?25h[?2026l[?2026h[?25l[A[1Ggathering model components [K
copying file sha256:8875b53e09efb8221ff4f1c02a167e968d20c6331faa7c7206a5b57aa5316202 32% ⠇ [K[?25h[?2026l[?2026h[?25l[A[1Ggathering model components [K
copying file sha256:8875b53e09efb8221ff4f1c02a167e968d20c6331faa7c7206a5b57aa5316202 32% ⠏ [K[?25h[?2026l[?2026h[?25l[A[1Ggathering model components [K
copying file sha256:8875b53e09efb8221ff4f1c02a167e968d20c6331faa7c7206a5b57aa5316202 32% ⠋ [K[?25h[?2026l[?2026h[?25l[A[1Ggathering model components [K
copying file sha256:8875b53e09efb8221ff4f1c02a167e968d20c6331faa7c7206a5b57aa5316202 32% ⠙ [K[?25h[?2026l[?2026h[?25l[A[1Ggathering model components [K
copying file sha256:8875b53e09efb8221ff4f1c02a167e968d20c6331faa7c7206a5b57aa5316202 32% ⠹ [K[?25h[?2026l[?2026h[?25l[A[1Ggathering model components [K
copying file sha256:8875b53e09efb8221ff4f1c02a167e968d20c6331faa7c7206a5b57aa5316202 32% ⠸ [K[?25h[?2026l[?2026h[?25l[A[1Ggathering model components [K
copying file sha256:8875b53e09efb8221ff4f1c02a167e968d20c6331faa7c7206a5b57aa5316202 32% ⠼ [K[?25h[?2026l[?2026h[?25l[A[1Ggathering model components [K
copying file sha256:8875b53e09efb8221ff4f1c02a167e968d20c6331faa7c7206a5b57aa5316202 32% ⠴ [K[?25h[?2026l[?2026h[?25l[A[1Ggathering model components [K
copying file sha256:8875b53e09efb8221ff4f1c02a167e968d20c6331faa7c7206a5b57aa5316202 32% ⠦ [K[?25h[?2026l[?2026h[?25l[A[1Ggathering model components [K
copying file sha256:8875b53e09efb8221ff4f1c02a167e968d20c6331faa7c7206a5b57aa5316202 32% ⠧ [K[?25h[?2026l[?2026h[?25l[A[1Ggathering model components [K
copying file sha256:8875b53e09efb8221ff4f1c02a167e968d20c6331faa7c7206a5b57aa5316202 33% ⠇ [K[?25h[?2026l[?2026h[?25l[A[1Ggathering model components [K
copying file sha256:8875b53e09efb8221ff4f1c02a167e968d20c6331faa7c7206a5b57aa5316202 33% ⠏ [K[?25h[?2026l[?2026h[?25l[A[1Ggathering model components [K
copying file sha256:8875b53e09efb8221ff4f1c02a167e968d20c6331faa7c7206a5b57aa5316202 33% ⠋ [K[?25h[?2026l[?2026h[?25l[A[1Ggathering model components [K
copying file sha256:8875b53e09efb8221ff4f1c02a167e968d20c6331faa7c7206a5b57aa5316202 33% ⠙ [K[?25h[?2026l[?2026h[?25l[A[1Ggathering model components [K
copying file sha256:8875b53e09efb8221ff4f1c02a167e968d20c6331faa7c7206a5b57aa5316202 33% ⠹ [K[?25h[?2026l[?2026h[?25l[A[1Ggathering model components [K
copying file sha256:8875b53e09efb8221ff4f1c02a167e968d20c6331faa7c7206a5b57aa5316202 33% ⠸ [K[?25h[?2026l[?2026h[?25l[A[1Ggathering model components [K
copying file sha256:8875b53e09efb8221ff4f1c02a167e968d20c6331faa7c7206a5b57aa5316202 33% ⠼ [K[?25h[?2026l[?2026h[?25l[A[1Ggathering model components [K
copying file sha256:8875b53e09efb8221ff4f1c02a167e968d20c6331faa7c7206a5b57aa5316202 33% ⠴ [K[?25h[?2026l[?2026h[?25l[A[1Ggathering model components [K
copying file sha256:8875b53e09efb8221ff4f1c02a167e968d20c6331faa7c7206a5b57aa5316202 33% ⠦ [K[?25h[?2026l[?2026h[?25l[A[1Ggathering model components [K
copying file sha256:8875b53e09efb8221ff4f1c02a167e968d20c6331faa7c7206a5b57aa5316202 33% ⠧ [K[?25h[?2026l[?2026h[?25l[A[1Ggathering model components [K
copying file sha256:8875b53e09efb8221ff4f1c02a167e968d20c6331faa7c7206a5b57aa5316202 34% ⠇ [K[?25h[?2026l[?2026h[?25l[A[1Ggathering model components [K
copying file sha256:8875b53e09efb8221ff4f1c02a167e968d20c6331faa7c7206a5b57aa5316202 34% ⠏ [K[?25h[?2026l[?2026h[?25l[A[1Ggathering model components [K
copying file sha256:8875b53e09efb8221ff4f1c02a167e968d20c6331faa7c7206a5b57aa5316202 34% ⠋ [K[?25h[?2026l[?2026h[?25l[A[1Ggathering model components [K
copying file sha256:8875b53e09efb8221ff4f1c02a167e968d20c6331faa7c7206a5b57aa5316202 34% ⠙ [K[?25h[?2026l[?2026h[?25l[A[1Ggathering model components [K
copying file sha256:8875b53e09efb8221ff4f1c02a167e968d20c6331faa7c7206a5b57aa5316202 34% ⠹ [K[?25h[?2026l[?2026h[?25l[A[1Ggathering model components [K
copying file sha256:8875b53e09efb8221ff4f1c02a167e968d20c6331faa7c7206a5b57aa5316202 34% ⠸ [K[?25h[?2026l[?2026h[?25l[A[1Ggathering model components [K
copying file sha256:8875b53e09efb8221ff4f1c02a167e968d20c6331faa7c7206a5b57aa5316202 34% ⠼ [K[?25h[?2026l[?2026h[?25l[A[1Ggathering model components [K
copying file sha256:8875b53e09efb8221ff4f1c02a167e968d20c6331faa7c7206a5b57aa5316202 34% ⠴ [K[?25h[?2026l[?2026h[?25l[A[1Ggathering model components [K
copying file sha256:8875b53e09efb8221ff4f1c02a167e968d20c6331faa7c7206a5b57aa5316202 34% ⠦ [K[?25h[?2026l[?2026h[?25l[A[1Ggathering model components [K
copying file sha256:8875b53e09efb8221ff4f1c02a167e968d20c6331faa7c7206a5b57aa5316202 34% ⠧ [K[?25h[?2026l[?2026h[?25l[A[1Ggathering model components [K
copying file sha256:8875b53e09efb8221ff4f1c02a167e968d20c6331faa7c7206a5b57aa5316202 34% ⠇ [K[?25h[?2026l[?2026h[?25l[A[1Ggathering model components [K
copying file sha256:8875b53e09efb8221ff4f1c02a167e968d20c6331faa7c7206a5b57aa5316202 35% ⠏ [K[?25h[?2026l[?2026h[?25l[A[1Ggathering model components [K
copying file sha256:8875b53e09efb8221ff4f1c02a167e968d20c6331faa7c7206a5b57aa5316202 35% ⠋ [K[?25h[?2026l[?2026h[?25l[A[1Ggathering model components [K
copying file sha256:8875b53e09efb8221ff4f1c02a167e968d20c6331faa7c7206a5b57aa5316202 35% ⠙ [K[?25h[?2026l[?2026h[?25l[A[1Ggathering model components [K
copying file sha256:8875b53e09efb8221ff4f1c02a167e968d20c6331faa7c7206a5b57aa5316202 35% ⠹ [K[?25h[?2026l[?2026h[?25l[A[1Ggathering model components [K
copying file sha256:8875b53e09efb8221ff4f1c02a167e968d20c6331faa7c7206a5b57aa5316202 35% ⠸ [K[?25h[?2026l[?2026h[?25l[A[1Ggathering model components [K
copying file sha256:8875b53e09efb8221ff4f1c02a167e968d20c6331faa7c7206a5b57aa5316202 35% ⠼ [K[?25h[?2026l[?2026h[?25l[A[1Ggathering model components [K
copying file sha256:8875b53e09efb8221ff4f1c02a167e968d20c6331faa7c7206a5b57aa5316202 35% ⠴ [K[?25h[?2026l[?2026h[?25l[A[1Ggathering model components [K
copying file sha256:8875b53e09efb8221ff4f1c02a167e968d20c6331faa7c7206a5b57aa5316202 35% ⠦ [K[?25h[?2026l[?2026h[?25l[A[1Ggathering model components [K
copying file sha256:8875b53e09efb8221ff4f1c02a167e968d20c6331faa7c7206a5b57aa5316202 35% ⠧ [K[?25h[?2026l[?2026h[?25l[A[1Ggathering model components [K
copying file sha256:8875b53e09efb8221ff4f1c02a167e968d20c6331faa7c7206a5b57aa5316202 35% ⠇ [K[?25h[?2026l[?2026h[?25l[A[1Ggathering model components [K
copying file sha256:8875b53e09efb8221ff4f1c02a167e968d20c6331faa7c7206a5b57aa5316202 36% ⠏ [K[?25h[?2026l[?2026h[?25l[A[1Ggathering model components [K
copying file sha256:8875b53e09efb8221ff4f1c02a167e968d20c6331faa7c7206a5b57aa5316202 36% ⠋ [K[?25h[?2026l[?2026h[?25l[A[1Ggathering model components [K
copying file sha256:8875b53e09efb8221ff4f1c02a167e968d20c6331faa7c7206a5b57aa5316202 36% ⠙ [K[?25h[?2026l[?2026h[?25l[A[1Ggathering model components [K
copying file sha256:8875b53e09efb8221ff4f1c02a167e968d20c6331faa7c7206a5b57aa5316202 36% ⠹ [K[?25h[?2026l[?2026h[?25l[A[1Ggathering model components [K
copying file sha256:8875b53e09efb8221ff4f1c02a167e968d20c6331faa7c7206a5b57aa5316202 36% ⠸ [K[?25h[?2026l[?2026h[?25l[A[1Ggathering model components [K
copying file sha256:8875b53e09efb8221ff4f1c02a167e968d20c6331faa7c7206a5b57aa5316202 36% ⠼ [K[?25h[?2026l[?2026h[?25l[A[1Ggathering model components [K
copying file sha256:8875b53e09efb8221ff4f1c02a167e968d20c6331faa7c7206a5b57aa5316202 36% ⠴ [K[?25h[?2026l[?2026h[?25l[A[1Ggathering model components [K
copying file sha256:8875b53e09efb8221ff4f1c02a167e968d20c6331faa7c7206a5b57aa5316202 36% ⠦ [K[?25h[?2026l[?2026h[?25l[A[1Ggathering model components [K
copying file sha256:8875b53e09efb8221ff4f1c02a167e968d20c6331faa7c7206a5b57aa5316202 36% ⠧ [K[?25h[?2026l[?2026h[?25l[A[1Ggathering model components [K
copying file sha256:8875b53e09efb8221ff4f1c02a167e968d20c6331faa7c7206a5b57aa5316202 36% ⠇ [K[?25h[?2026l[?2026h[?25l[A[1Ggathering model components [K
copying file sha256:8875b53e09efb8221ff4f1c02a167e968d20c6331faa7c7206a5b57aa5316202 36% ⠏ [K[?25h[?2026l[?2026h[?25l[A[1Ggathering model components [K
copying file sha256:8875b53e09efb8221ff4f1c02a167e968d20c6331faa7c7206a5b57aa5316202 37% ⠋ [K[?25h[?2026l[?2026h[?25l[A[1Ggathering model components [K
copying file sha256:8875b53e09efb8221ff4f1c02a167e968d20c6331faa7c7206a5b57aa5316202 37% ⠙ [K[?25h[?2026l[?2026h[?25l[A[1Ggathering model components [K
copying file sha256:8875b53e09efb8221ff4f1c02a167e968d20c6331faa7c7206a5b57aa5316202 37% ⠹ [K[?25h[?2026l[?2026h[?25l[A[1Ggathering model components [K
copying file sha256:8875b53e09efb8221ff4f1c02a167e968d20c6331faa7c7206a5b57aa5316202 37% ⠸ [K[?25h[?2026l[?2026h[?25l[A[1Ggathering model components [K
copying file sha256:8875b53e09efb8221ff4f1c02a167e968d20c6331faa7c7206a5b57aa5316202 37% ⠼ [K[?25h[?2026l[?2026h[?25l[A[1Ggathering model components [K
copying file sha256:8875b53e09efb8221ff4f1c02a167e968d20c6331faa7c7206a5b57aa5316202 37% ⠴ [K[?25h[?2026l[?2026h[?25l[A[1Ggathering model components [K
copying file sha256:8875b53e09efb8221ff4f1c02a167e968d20c6331faa7c7206a5b57aa5316202 37% ⠦ [K[?25h[?2026l[?2026h[?25l[A[1Ggathering model components [K
copying file sha256:8875b53e09efb8221ff4f1c02a167e968d20c6331faa7c7206a5b57aa5316202 37% ⠧ [K[?25h[?2026l[?2026h[?25l[A[1Ggathering model components [K
copying file sha256:8875b53e09efb8221ff4f1c02a167e968d20c6331faa7c7206a5b57aa5316202 37% ⠇ [K[?25h[?2026l[?2026h[?25l[A[1Ggathering model components [K
copying file sha256:8875b53e09efb8221ff4f1c02a167e968d20c6331faa7c7206a5b57aa5316202 37% ⠏ [K[?25h[?2026l[?2026h[?25l[A[1Ggathering model components [K
copying file sha256:8875b53e09efb8221ff4f1c02a167e968d20c6331faa7c7206a5b57aa5316202 38% ⠋ [K[?25h[?2026l[?2026h[?25l[A[1Ggathering model components [K
copying file sha256:8875b53e09efb8221ff4f1c02a167e968d20c6331faa7c7206a5b57aa5316202 38% ⠙ [K[?25h[?2026l[?2026h[?25l[A[1Ggathering model components [K
copying file sha256:8875b53e09efb8221ff4f1c02a167e968d20c6331faa7c7206a5b57aa5316202 38% ⠹ [K[?25h[?2026l[?2026h[?25l[A[1Ggathering model components [K
copying file sha256:8875b53e09efb8221ff4f1c02a167e968d20c6331faa7c7206a5b57aa5316202 38% ⠸ [K[?25h[?2026l[?2026h[?25l[A[1Ggathering model components [K
copying file sha256:8875b53e09efb8221ff4f1c02a167e968d20c6331faa7c7206a5b57aa5316202 38% ⠼ [K[?25h[?2026l[?2026h[?25l[A[1Ggathering model components [K
copying file sha256:8875b53e09efb8221ff4f1c02a167e968d20c6331faa7c7206a5b57aa5316202 38% ⠴ [K[?25h[?2026l[?2026h[?25l[A[1Ggathering model components [K
copying file sha256:8875b53e09efb8221ff4f1c02a167e968d20c6331faa7c7206a5b57aa5316202 38% ⠦ [K[?25h[?2026l[?2026h[?25l[A[1Ggathering model components [K
copying file sha256:8875b53e09efb8221ff4f1c02a167e968d20c6331faa7c7206a5b57aa5316202 38% ⠧ [K[?25h[?2026l[?2026h[?25l[A[1Ggathering model components [K
copying file sha256:8875b53e09efb8221ff4f1c02a167e968d20c6331faa7c7206a5b57aa5316202 38% ⠇ [K[?25h[?2026l[?2026h[?25l[A[1Ggathering model components [K
copying file sha256:8875b53e09efb8221ff4f1c02a167e968d20c6331faa7c7206a5b57aa5316202 38% ⠏ [K[?25h[?2026l[?2026h[?25l[A[1Ggathering model components [K
copying file sha256:8875b53e09efb8221ff4f1c02a167e968d20c6331faa7c7206a5b57aa5316202 38% ⠋ [K[?25h[?2026l[?2026h[?25l[A[1Ggathering model components [K
copying file sha256:8875b53e09efb8221ff4f1c02a167e968d20c6331faa7c7206a5b57aa5316202 39% ⠙ [K[?25h[?2026l[?2026h[?25l[A[1Ggathering model components [K
copying file sha256:8875b53e09efb8221ff4f1c02a167e968d20c6331faa7c7206a5b57aa5316202 39% ⠹ [K[?25h[?2026l[?2026h[?25l[A[1Ggathering model components [K
copying file sha256:8875b53e09efb8221ff4f1c02a167e968d20c6331faa7c7206a5b57aa5316202 39% ⠸ [K[?25h[?2026l[?2026h[?25l[A[1Ggathering model components [K
copying file sha256:8875b53e09efb8221ff4f1c02a167e968d20c6331faa7c7206a5b57aa5316202 39% ⠼ [K[?25h[?2026l[?2026h[?25l[A[1Ggathering model components [K
copying file sha256:8875b53e09efb8221ff4f1c02a167e968d20c6331faa7c7206a5b57aa5316202 39% ⠴ [K[?25h[?2026l[?2026h[?25l[A[1Ggathering model components [K
copying file sha256:8875b53e09efb8221ff4f1c02a167e968d20c6331faa7c7206a5b57aa5316202 39% ⠦ [K[?25h[?2026l[?2026h[?25l[A[1Ggathering model components [K
copying file sha256:8875b53e09efb8221ff4f1c02a167e968d20c6331faa7c7206a5b57aa5316202 39% ⠧ [K[?25h[?2026l[?2026h[?25l[A[1Ggathering model components [K
copying file sha256:8875b53e09efb8221ff4f1c02a167e968d20c6331faa7c7206a5b57aa5316202 39% ⠇ [K[?25h[?2026l[?2026h[?25l[A[1Ggathering model components [K
copying file sha256:8875b53e09efb8221ff4f1c02a167e968d20c6331faa7c7206a5b57aa5316202 39% ⠏ [K[?25h[?2026l[?2026h[?25l[A[1Ggathering model components [K
copying file sha256:8875b53e09efb8221ff4f1c02a167e968d20c6331faa7c7206a5b57aa5316202 39% ⠋ [K[?25h[?2026l[?2026h[?25l[A[1Ggathering model components [K
copying file sha256:8875b53e09efb8221ff4f1c02a167e968d20c6331faa7c7206a5b57aa5316202 40% ⠙ [K[?25h[?2026l[?2026h[?25l[A[1Ggathering model components [K
copying file sha256:8875b53e09efb8221ff4f1c02a167e968d20c6331faa7c7206a5b57aa5316202 40% ⠹ [K[?25h[?2026l[?2026h[?25l[A[1Ggathering model components [K
copying file sha256:8875b53e09efb8221ff4f1c02a167e968d20c6331faa7c7206a5b57aa5316202 40% ⠸ [K[?25h[?2026l[?2026h[?25l[A[1Ggathering model components [K
copying file sha256:8875b53e09efb8221ff4f1c02a167e968d20c6331faa7c7206a5b57aa5316202 40% ⠼ [K[?25h[?2026l[?2026h[?25l[A[1Ggathering model components [K
copying file sha256:8875b53e09efb8221ff4f1c02a167e968d20c6331faa7c7206a5b57aa5316202 40% ⠴ [K[?25h[?2026l[?2026h[?25l[A[1Ggathering model components [K
copying file sha256:8875b53e09efb8221ff4f1c02a167e968d20c6331faa7c7206a5b57aa5316202 40% ⠦ [K[?25h[?2026l[?2026h[?25l[A[1Ggathering model components [K
copying file sha256:8875b53e09efb8221ff4f1c02a167e968d20c6331faa7c7206a5b57aa5316202 40% ⠧ [K[?25h[?2026l[?2026h[?25l[A[1Ggathering model components [K
copying file sha256:8875b53e09efb8221ff4f1c02a167e968d20c6331faa7c7206a5b57aa5316202 40% ⠇ [K[?25h[?2026l[?2026h[?25l[A[1Ggathering model components [K
copying file sha256:8875b53e09efb8221ff4f1c02a167e968d20c6331faa7c7206a5b57aa5316202 40% ⠏ [K[?25h[?2026l[?2026h[?25l[A[1Ggathering model components [K
copying file sha256:8875b53e09efb8221ff4f1c02a167e968d20c6331faa7c7206a5b57aa5316202 40% ⠋ [K[?25h[?2026l[?2026h[?25l[A[1Ggathering model components [K
copying file sha256:8875b53e09efb8221ff4f1c02a167e968d20c6331faa7c7206a5b57aa5316202 40% ⠙ [K[?25h[?2026l[?2026h[?25l[A[1Ggathering model components [K
copying file sha256:8875b53e09efb8221ff4f1c02a167e968d20c6331faa7c7206a5b57aa5316202 41% ⠹ [K[?25h[?2026l[?2026h[?25l[A[1Ggathering model components [K
copying file sha256:8875b53e09efb8221ff4f1c02a167e968d20c6331faa7c7206a5b57aa5316202 41% ⠸ [K[?25h[?2026l[?2026h[?25l[A[1Ggathering model components [K
copying file sha256:8875b53e09efb8221ff4f1c02a167e968d20c6331faa7c7206a5b57aa5316202 41% ⠼ [K[?25h[?2026l[?2026h[?25l[A[1Ggathering model components [K
copying file sha256:8875b53e09efb8221ff4f1c02a167e968d20c6331faa7c7206a5b57aa5316202 41% ⠴ [K[?25h[?2026l[?2026h[?25l[A[1Ggathering model components [K
copying file sha256:8875b53e09efb8221ff4f1c02a167e968d20c6331faa7c7206a5b57aa5316202 41% ⠦ [K[?25h[?2026l[?2026h[?25l[A[1Ggathering model components [K
copying file sha256:8875b53e09efb8221ff4f1c02a167e968d20c6331faa7c7206a5b57aa5316202 41% ⠧ [K[?25h[?2026l[?2026h[?25l[A[1Ggathering model components [K
copying file sha256:8875b53e09efb8221ff4f1c02a167e968d20c6331faa7c7206a5b57aa5316202 41% ⠇ [K[?25h[?2026l[?2026h[?25l[A[1Ggathering model components [K
copying file sha256:8875b53e09efb8221ff4f1c02a167e968d20c6331faa7c7206a5b57aa5316202 41% ⠏ [K[?25h[?2026l[?2026h[?25l[A[1Ggathering model components [K
copying file sha256:8875b53e09efb8221ff4f1c02a167e968d20c6331faa7c7206a5b57aa5316202 41% ⠋ [K[?25h[?2026l[?2026h[?25l[A[1Ggathering model components [K
copying file sha256:8875b53e09efb8221ff4f1c02a167e968d20c6331faa7c7206a5b57aa5316202 41% ⠙ [K[?25h[?2026l[?2026h[?25l[A[1Ggathering model components [K
copying file sha256:8875b53e09efb8221ff4f1c02a167e968d20c6331faa7c7206a5b57aa5316202 41% ⠹ [K[?25h[?2026l[?2026h[?25l[A[1Ggathering model components [K
copying file sha256:8875b53e09efb8221ff4f1c02a167e968d20c6331faa7c7206a5b57aa5316202 42% ⠸ [K[?25h[?2026l[?2026h[?25l[A[1Ggathering model components [K
copying file sha256:8875b53e09efb8221ff4f1c02a167e968d20c6331faa7c7206a5b57aa5316202 42% ⠼ [K[?25h[?2026l[?2026h[?25l[A[1Ggathering model components [K
copying file sha256:8875b53e09efb8221ff4f1c02a167e968d20c6331faa7c7206a5b57aa5316202 42% ⠴ [K[?25h[?2026l[?2026h[?25l[A[1Ggathering model components [K
copying file sha256:8875b53e09efb8221ff4f1c02a167e968d20c6331faa7c7206a5b57aa5316202 42% ⠦ [K[?25h[?2026l[?2026h[?25l[A[1Ggathering model components [K
copying file sha256:8875b53e09efb8221ff4f1c02a167e968d20c6331faa7c7206a5b57aa5316202 42% ⠧ [K[?25h[?2026l[?2026h[?25l[A[1Ggathering model components [K
copying file sha256:8875b53e09efb8221ff4f1c02a167e968d20c6331faa7c7206a5b57aa5316202 42% ⠇ [K[?25h[?2026l[?2026h[?25l[A[1Ggathering model components [K
copying file sha256:8875b53e09efb8221ff4f1c02a167e968d20c6331faa7c7206a5b57aa5316202 42% ⠏ [K[?25h[?2026l[?2026h[?25l[A[1Ggathering model components [K
copying file sha256:8875b53e09efb8221ff4f1c02a167e968d20c6331faa7c7206a5b57aa5316202 42% ⠋ [K[?25h[?2026l[?2026h[?25l[A[1Ggathering model components [K
copying file sha256:8875b53e09efb8221ff4f1c02a167e968d20c6331faa7c7206a5b57aa5316202 42% ⠙ [K[?25h[?2026l[?2026h[?25l[A[1Ggathering model components [K
copying file sha256:8875b53e09efb8221ff4f1c02a167e968d20c6331faa7c7206a5b57aa5316202 42% ⠹ [K[?25h[?2026l[?2026h[?25l[A[1Ggathering model components [K
copying file sha256:8875b53e09efb8221ff4f1c02a167e968d20c6331faa7c7206a5b57aa5316202 42% ⠸ [K[?25h[?2026l[?2026h[?25l[A[1Ggathering model components [K
copying file sha256:8875b53e09efb8221ff4f1c02a167e968d20c6331faa7c7206a5b57aa5316202 43% ⠼ [K[?25h[?2026l[?2026h[?25l[A[1Ggathering model components [K
copying file sha256:8875b53e09efb8221ff4f1c02a167e968d20c6331faa7c7206a5b57aa5316202 43% ⠴ [K[?25h[?2026l[?2026h[?25l[A[1Ggathering model components [K
copying file sha256:8875b53e09efb8221ff4f1c02a167e968d20c6331faa7c7206a5b57aa5316202 43% ⠦ [K[?25h[?2026l[?2026h[?25l[A[1Ggathering model components [K
copying file sha256:8875b53e09efb8221ff4f1c02a167e968d20c6331faa7c7206a5b57aa5316202 43% ⠧ [K[?25h[?2026l[?2026h[?25l[A[1Ggathering model components [K
copying file sha256:8875b53e09efb8221ff4f1c02a167e968d20c6331faa7c7206a5b57aa5316202 43% ⠇ [K[?25h[?2026l[?2026h[?25l[A[1Ggathering model components [K
copying file sha256:8875b53e09efb8221ff4f1c02a167e968d20c6331faa7c7206a5b57aa5316202 43% ⠏ [K[?25h[?2026l[?2026h[?25l[A[1Ggathering model components [K
copying file sha256:8875b53e09efb8221ff4f1c02a167e968d20c6331faa7c7206a5b57aa5316202 43% ⠋ [K[?25h[?2026l[?2026h[?25l[A[1Ggathering model components [K
copying file sha256:8875b53e09efb8221ff4f1c02a167e968d20c6331faa7c7206a5b57aa5316202 43% ⠙ [K[?25h[?2026l[?2026h[?25l[A[1Ggathering model components [K
copying file sha256:8875b53e09efb8221ff4f1c02a167e968d20c6331faa7c7206a5b57aa5316202 43% ⠹ [K[?25h[?2026l[?2026h[?25l[A[1Ggathering model components [K
copying file sha256:8875b53e09efb8221ff4f1c02a167e968d20c6331faa7c7206a5b57aa5316202 43% ⠸ [K[?25h[?2026l[?2026h[?25l[A[1Ggathering model components [K
copying file sha256:8875b53e09efb8221ff4f1c02a167e968d20c6331faa7c7206a5b57aa5316202 43% ⠼ [K[?25h[?2026l[?2026h[?25l[A[1Ggathering model components [K
copying file sha256:8875b53e09efb8221ff4f1c02a167e968d20c6331faa7c7206a5b57aa5316202 43% ⠴ [K[?25h[?2026l[?2026h[?25l[A[1Ggathering model components [K
copying file sha256:8875b53e09efb8221ff4f1c02a167e968d20c6331faa7c7206a5b57aa5316202 43% ⠦ [K[?25h[?2026l[?2026h[?25l[A[1Ggathering model components [K
copying file sha256:8875b53e09efb8221ff4f1c02a167e968d20c6331faa7c7206a5b57aa5316202 43% ⠧ [K[?25h[?2026l[?2026h[?25l[A[1Ggathering model components [K
copying file sha256:8875b53e09efb8221ff4f1c02a167e968d20c6331faa7c7206a5b57aa5316202 43% ⠇ [K[?25h[?2026l[?2026h[?25l[A[1Ggathering model components [K
copying file sha256:8875b53e09efb8221ff4f1c02a167e968d20c6331faa7c7206a5b57aa5316202 43% ⠏ [K[?25h[?2026l[?2026h[?25l[A[1Ggathering model components [K
copying file sha256:8875b53e09efb8221ff4f1c02a167e968d20c6331faa7c7206a5b57aa5316202 43% ⠋ [K[?25h[?2026l[?2026h[?25l[A[1Ggathering model components [K
copying file sha256:8875b53e09efb8221ff4f1c02a167e968d20c6331faa7c7206a5b57aa5316202 43% ⠙ [K[?25h[?2026l[?2026h[?25l[A[1Ggathering model components [K
copying file sha256:8875b53e09efb8221ff4f1c02a167e968d20c6331faa7c7206a5b57aa5316202 44% ⠹ [K[?25h[?2026l[?2026h[?25l[A[1Ggathering model components [K
copying file sha256:8875b53e09efb8221ff4f1c02a167e968d20c6331faa7c7206a5b57aa5316202 44% ⠸ [K[?25h[?2026l[?2026h[?25l[A[1Ggathering model components [K
copying file sha256:8875b53e09efb8221ff4f1c02a167e968d20c6331faa7c7206a5b57aa5316202 44% ⠼ [K[?25h[?2026l[?2026h[?25l[A[1Ggathering model components [K
copying file sha256:8875b53e09efb8221ff4f1c02a167e968d20c6331faa7c7206a5b57aa5316202 44% ⠴ [K[?25h[?2026l[?2026h[?25l[A[1Ggathering model components [K
copying file sha256:8875b53e09efb8221ff4f1c02a167e968d20c6331faa7c7206a5b57aa5316202 44% ⠦ [K[?25h[?2026l[?2026h[?25l[A[1Ggathering model components [K
copying file sha256:8875b53e09efb8221ff4f1c02a167e968d20c6331faa7c7206a5b57aa5316202 44% ⠧ [K[?25h[?2026l[?2026h[?25l[A[1Ggathering model components [K
copying file sha256:8875b53e09efb8221ff4f1c02a167e968d20c6331faa7c7206a5b57aa5316202 44% ⠇ [K[?25h[?2026l[?2026h[?25l[A[1Ggathering model components [K
copying file sha256:8875b53e09efb8221ff4f1c02a167e968d20c6331faa7c7206a5b57aa5316202 44% ⠏ [K[?25h[?2026l[?2026h[?25l[A[1Ggathering model components [K
copying file sha256:8875b53e09efb8221ff4f1c02a167e968d20c6331faa7c7206a5b57aa5316202 44% ⠋ [K[?25h[?2026l[?2026h[?25l[A[1Ggathering model components [K
copying file sha256:8875b53e09efb8221ff4f1c02a167e968d20c6331faa7c7206a5b57aa5316202 44% ⠙ [K[?25h[?2026l[?2026h[?25l[A[1Ggathering model components [K
copying file sha256:8875b53e09efb8221ff4f1c02a167e968d20c6331faa7c7206a5b57aa5316202 45% ⠹ [K[?25h[?2026l[?2026h[?25l[A[1Ggathering model components [K
copying file sha256:8875b53e09efb8221ff4f1c02a167e968d20c6331faa7c7206a5b57aa5316202 45% ⠸ [K[?25h[?2026l[?2026h[?25l[A[1Ggathering model components [K
copying file sha256:8875b53e09efb8221ff4f1c02a167e968d20c6331faa7c7206a5b57aa5316202 45% ⠼ [K[?25h[?2026l[?2026h[?25l[A[1Ggathering model components [K
copying file sha256:8875b53e09efb8221ff4f1c02a167e968d20c6331faa7c7206a5b57aa5316202 45% ⠴ [K[?25h[?2026l[?2026h[?25l[A[1Ggathering model components [K
copying file sha256:8875b53e09efb8221ff4f1c02a167e968d20c6331faa7c7206a5b57aa5316202 45% ⠦ [K[?25h[?2026l[?2026h[?25l[A[1Ggathering model components [K
copying file sha256:8875b53e09efb8221ff4f1c02a167e968d20c6331faa7c7206a5b57aa5316202 45% ⠧ [K[?25h[?2026l[?2026h[?25l[A[1Ggathering model components [K
copying file sha256:8875b53e09efb8221ff4f1c02a167e968d20c6331faa7c7206a5b57aa5316202 45% ⠇ [K[?25h[?2026l[?2026h[?25l[A[1Ggathering model components [K
copying file sha256:8875b53e09efb8221ff4f1c02a167e968d20c6331faa7c7206a5b57aa5316202 45% ⠏ [K[?25h[?2026l[?2026h[?25l[A[1Ggathering model components [K
copying file sha256:8875b53e09efb8221ff4f1c02a167e968d20c6331faa7c7206a5b57aa5316202 45% ⠋ [K[?25h[?2026l[?2026h[?25l[A[1Ggathering model components [K
copying file sha256:8875b53e09efb8221ff4f1c02a167e968d20c6331faa7c7206a5b57aa5316202 45% ⠙ [K[?25h[?2026l[?2026h[?25l[A[1Ggathering model components [K
copying file sha256:8875b53e09efb8221ff4f1c02a167e968d20c6331faa7c7206a5b57aa5316202 46% ⠹ [K[?25h[?2026l[?2026h[?25l[A[1Ggathering model components [K
copying file sha256:8875b53e09efb8221ff4f1c02a167e968d20c6331faa7c7206a5b57aa5316202 46% ⠸ [K[?25h[?2026l[?2026h[?25l[A[1Ggathering model components [K
copying file sha256:8875b53e09efb8221ff4f1c02a167e968d20c6331faa7c7206a5b57aa5316202 46% ⠼ [K[?25h[?2026l[?2026h[?25l[A[1Ggathering model components [K
copying file sha256:8875b53e09efb8221ff4f1c02a167e968d20c6331faa7c7206a5b57aa5316202 46% ⠴ [K[?25h[?2026l[?2026h[?25l[A[1Ggathering model components [K
copying file sha256:8875b53e09efb8221ff4f1c02a167e968d20c6331faa7c7206a5b57aa5316202 46% ⠦ [K[?25h[?2026l[?2026h[?25l[A[1Ggathering model components [K
copying file sha256:8875b53e09efb8221ff4f1c02a167e968d20c6331faa7c7206a5b57aa5316202 46% ⠧ [K[?25h[?2026l[?2026h[?25l[A[1Ggathering model components [K
copying file sha256:8875b53e09efb8221ff4f1c02a167e968d20c6331faa7c7206a5b57aa5316202 46% ⠇ [K[?25h[?2026l[?2026h[?25l[A[1Ggathering model components [K
copying file sha256:8875b53e09efb8221ff4f1c02a167e968d20c6331faa7c7206a5b57aa5316202 46% ⠏ [K[?25h[?2026l[?2026h[?25l[A[1Ggathering model components [K
copying file sha256:8875b53e09efb8221ff4f1c02a167e968d20c6331faa7c7206a5b57aa5316202 46% ⠋ [K[?25h[?2026l[?2026h[?25l[A[1Ggathering model components [K
copying file sha256:8875b53e09efb8221ff4f1c02a167e968d20c6331faa7c7206a5b57aa5316202 46% ⠙ [K[?25h[?2026l[?2026h[?25l[A[1Ggathering model components [K
copying file sha256:8875b53e09efb8221ff4f1c02a167e968d20c6331faa7c7206a5b57aa5316202 47% ⠹ [K[?25h[?2026l[?2026h[?25l[A[1Ggathering model components [K
copying file sha256:8875b53e09efb8221ff4f1c02a167e968d20c6331faa7c7206a5b57aa5316202 47% ⠸ [K[?25h[?2026l[?2026h[?25l[A[1Ggathering model components [K
copying file sha256:8875b53e09efb8221ff4f1c02a167e968d20c6331faa7c7206a5b57aa5316202 47% ⠼ [K[?25h[?2026l[?2026h[?25l[A[1Ggathering model components [K
copying file sha256:8875b53e09efb8221ff4f1c02a167e968d20c6331faa7c7206a5b57aa5316202 47% ⠴ [K[?25h[?2026l[?2026h[?25l[A[1Ggathering model components [K
copying file sha256:8875b53e09efb8221ff4f1c02a167e968d20c6331faa7c7206a5b57aa5316202 47% ⠦ [K[?25h[?2026l[?2026h[?25l[A[1Ggathering model components [K
copying file sha256:8875b53e09efb8221ff4f1c02a167e968d20c6331faa7c7206a5b57aa5316202 47% ⠧ [K[?25h[?2026l[?2026h[?25l[A[1Ggathering model components [K
copying file sha256:8875b53e09efb8221ff4f1c02a167e968d20c6331faa7c7206a5b57aa5316202 47% ⠇ [K[?25h[?2026l[?2026h[?25l[A[1Ggathering model components [K
copying file sha256:8875b53e09efb8221ff4f1c02a167e968d20c6331faa7c7206a5b57aa5316202 47% ⠏ [K[?25h[?2026l[?2026h[?25l[A[1Ggathering model components [K
copying file sha256:8875b53e09efb8221ff4f1c02a167e968d20c6331faa7c7206a5b57aa5316202 47% ⠋ [K[?25h[?2026l[?2026h[?25l[A[1Ggathering model components [K
copying file sha256:8875b53e09efb8221ff4f1c02a167e968d20c6331faa7c7206a5b57aa5316202 47% ⠙ [K[?25h[?2026l[?2026h[?25l[A[1Ggathering model components [K
copying file sha256:8875b53e09efb8221ff4f1c02a167e968d20c6331faa7c7206a5b57aa5316202 47% ⠹ [K[?25h[?2026l[?2026h[?25l[A[1Ggathering model components [K
copying file sha256:8875b53e09efb8221ff4f1c02a167e968d20c6331faa7c7206a5b57aa5316202 48% ⠸ [K[?25h[?2026l[?2026h[?25l[A[1Ggathering model components [K
copying file sha256:8875b53e09efb8221ff4f1c02a167e968d20c6331faa7c7206a5b57aa5316202 48% ⠼ [K[?25h[?2026l[?2026h[?25l[A[1Ggathering model components [K
copying file sha256:8875b53e09efb8221ff4f1c02a167e968d20c6331faa7c7206a5b57aa5316202 48% ⠴ [K[?25h[?2026l[?2026h[?25l[A[1Ggathering model components [K
copying file sha256:8875b53e09efb8221ff4f1c02a167e968d20c6331faa7c7206a5b57aa5316202 48% ⠦ [K[?25h[?2026l[?2026h[?25l[A[1Ggathering model components [K
copying file sha256:8875b53e09efb8221ff4f1c02a167e968d20c6331faa7c7206a5b57aa5316202 48% ⠧ [K[?25h[?2026l[?2026h[?25l[A[1Ggathering model components [K
copying file sha256:8875b53e09efb8221ff4f1c02a167e968d20c6331faa7c7206a5b57aa5316202 48% ⠇ [K[?25h[?2026l[?2026h[?25l[A[1Ggathering model components [K
copying file sha256:8875b53e09efb8221ff4f1c02a167e968d20c6331faa7c7206a5b57aa5316202 48% ⠏ [K[?25h[?2026l[?2026h[?25l[A[1Ggathering model components [K
copying file sha256:8875b53e09efb8221ff4f1c02a167e968d20c6331faa7c7206a5b57aa5316202 48% ⠋ [K[?25h[?2026l[?2026h[?25l[A[1Ggathering model components [K
copying file sha256:8875b53e09efb8221ff4f1c02a167e968d20c6331faa7c7206a5b57aa5316202 48% ⠙ [K[?25h[?2026l[?2026h[?25l[A[1Ggathering model components [K
copying file sha256:8875b53e09efb8221ff4f1c02a167e968d20c6331faa7c7206a5b57aa5316202 48% ⠹ [K[?25h[?2026l[?2026h[?25l[A[1Ggathering model components [K
copying file sha256:8875b53e09efb8221ff4f1c02a167e968d20c6331faa7c7206a5b57aa5316202 49% ⠸ [K[?25h[?2026l[?2026h[?25l[A[1Ggathering model components [K
copying file sha256:8875b53e09efb8221ff4f1c02a167e968d20c6331faa7c7206a5b57aa5316202 49% ⠼ [K[?25h[?2026l[?2026h[?25l[A[1Ggathering model components [K
copying file sha256:8875b53e09efb8221ff4f1c02a167e968d20c6331faa7c7206a5b57aa5316202 49% ⠴ [K[?25h[?2026l[?2026h[?25l[A[1Ggathering model components [K
copying file sha256:8875b53e09efb8221ff4f1c02a167e968d20c6331faa7c7206a5b57aa5316202 49% ⠦ [K[?25h[?2026l[?2026h[?25l[A[1Ggathering model components [K
copying file sha256:8875b53e09efb8221ff4f1c02a167e968d20c6331faa7c7206a5b57aa5316202 49% ⠧ [K[?25h[?2026l[?2026h[?25l[A[1Ggathering model components [K
copying file sha256:8875b53e09efb8221ff4f1c02a167e968d20c6331faa7c7206a5b57aa5316202 49% ⠇ [K[?25h[?2026l[?2026h[?25l[A[1Ggathering model components [K
copying file sha256:8875b53e09efb8221ff4f1c02a167e968d20c6331faa7c7206a5b57aa5316202 49% ⠏ [K[?25h[?2026l[?2026h[?25l[A[1Ggathering model components [K
copying file sha256:8875b53e09efb8221ff4f1c02a167e968d20c6331faa7c7206a5b57aa5316202 49% ⠋ [K[?25h[?2026l[?2026h[?25l[A[1Ggathering model components [K
copying file sha256:8875b53e09efb8221ff4f1c02a167e968d20c6331faa7c7206a5b57aa5316202 49% ⠙ [K[?25h[?2026l[?2026h[?25l[A[1Ggathering model components [K
copying file sha256:8875b53e09efb8221ff4f1c02a167e968d20c6331faa7c7206a5b57aa5316202 49% ⠹ [K[?25h[?2026l[?2026h[?25l[A[1Ggathering model components [K
copying file sha256:8875b53e09efb8221ff4f1c02a167e968d20c6331faa7c7206a5b57aa5316202 50% ⠸ [K[?25h[?2026l[?2026h[?25l[A[1Ggathering model components [K
copying file sha256:8875b53e09efb8221ff4f1c02a167e968d20c6331faa7c7206a5b57aa5316202 50% ⠼ [K[?25h[?2026l[?2026h[?25l[A[1Ggathering model components [K
copying file sha256:8875b53e09efb8221ff4f1c02a167e968d20c6331faa7c7206a5b57aa5316202 50% ⠴ [K[?25h[?2026l[?2026h[?25l[A[1Ggathering model components [K
copying file sha256:8875b53e09efb8221ff4f1c02a167e968d20c6331faa7c7206a5b57aa5316202 50% ⠦ [K[?25h[?2026l[?2026h[?25l[A[1Ggathering model components [K
copying file sha256:8875b53e09efb8221ff4f1c02a167e968d20c6331faa7c7206a5b57aa5316202 50% ⠧ [K[?25h[?2026l[?2026h[?25l[A[1Ggathering model components [K
copying file sha256:8875b53e09efb8221ff4f1c02a167e968d20c6331faa7c7206a5b57aa5316202 50% ⠇ [K[?25h[?2026l[?2026h[?25l[A[1Ggathering model components [K
copying file sha256:8875b53e09efb8221ff4f1c02a167e968d20c6331faa7c7206a5b57aa5316202 50% ⠏ [K[?25h[?2026l[?2026h[?25l[A[1Ggathering model components [K
copying file sha256:8875b53e09efb8221ff4f1c02a167e968d20c6331faa7c7206a5b57aa5316202 50% ⠋ [K[?25h[?2026l[?2026h[?25l[A[1Ggathering model components [K
copying file sha256:8875b53e09efb8221ff4f1c02a167e968d20c6331faa7c7206a5b57aa5316202 50% ⠙ [K[?25h[?2026l[?2026h[?25l[A[1Ggathering model components [K
copying file sha256:8875b53e09efb8221ff4f1c02a167e968d20c6331faa7c7206a5b57aa5316202 50% ⠹ [K[?25h[?2026l[?2026h[?25l[A[1Ggathering model components [K
copying file sha256:8875b53e09efb8221ff4f1c02a167e968d20c6331faa7c7206a5b57aa5316202 50% ⠸ [K[?25h[?2026l[?2026h[?25l[A[1Ggathering model components [K
copying file sha256:8875b53e09efb8221ff4f1c02a167e968d20c6331faa7c7206a5b57aa5316202 50% ⠼ [K[?25h[?2026l[?2026h[?25l[A[1Ggathering model components [K
copying file sha256:8875b53e09efb8221ff4f1c02a167e968d20c6331faa7c7206a5b57aa5316202 50% ⠴ [K[?25h[?2026l[?2026h[?25l[A[1Ggathering model components [K
copying file sha256:8875b53e09efb8221ff4f1c02a167e968d20c6331faa7c7206a5b57aa5316202 50% ⠦ [K[?25h[?2026l[?2026h[?25l[A[1Ggathering model components [K
copying file sha256:8875b53e09efb8221ff4f1c02a167e968d20c6331faa7c7206a5b57aa5316202 50% ⠧ [K[?25h[?2026l[?2026h[?25l[A[1Ggathering model components [K
copying file sha256:8875b53e09efb8221ff4f1c02a167e968d20c6331faa7c7206a5b57aa5316202 51% ⠇ [K[?25h[?2026l[?2026h[?25l[A[1Ggathering model components [K
copying file sha256:8875b53e09efb8221ff4f1c02a167e968d20c6331faa7c7206a5b57aa5316202 51% ⠏ [K[?25h[?2026l[?2026h[?25l[A[1Ggathering model components [K
copying file sha256:8875b53e09efb8221ff4f1c02a167e968d20c6331faa7c7206a5b57aa5316202 51% ⠋ [K[?25h[?2026l[?2026h[?25l[A[1Ggathering model components [K
copying file sha256:8875b53e09efb8221ff4f1c02a167e968d20c6331faa7c7206a5b57aa5316202 51% ⠙ [K[?25h[?2026l[?2026h[?25l[A[1Ggathering model components [K
copying file sha256:8875b53e09efb8221ff4f1c02a167e968d20c6331faa7c7206a5b57aa5316202 51% ⠹ [K[?25h[?2026l[?2026h[?25l[A[1Ggathering model components [K
copying file sha256:8875b53e09efb8221ff4f1c02a167e968d20c6331faa7c7206a5b57aa5316202 51% ⠸ [K[?25h[?2026l[?2026h[?25l[A[1Ggathering model components [K
copying file sha256:8875b53e09efb8221ff4f1c02a167e968d20c6331faa7c7206a5b57aa5316202 51% ⠼ [K[?25h[?2026l[?2026h[?25l[A[1Ggathering model components [K
copying file sha256:8875b53e09efb8221ff4f1c02a167e968d20c6331faa7c7206a5b57aa5316202 51% ⠴ [K[?25h[?2026l[?2026h[?25l[A[1Ggathering model components [K
copying file sha256:8875b53e09efb8221ff4f1c02a167e968d20c6331faa7c7206a5b57aa5316202 51% ⠦ [K[?25h[?2026l[?2026h[?25l[A[1Ggathering model components [K
copying file sha256:8875b53e09efb8221ff4f1c02a167e968d20c6331faa7c7206a5b57aa5316202 51% ⠧ [K[?25h[?2026l[?2026h[?25l[A[1Ggathering model components [K
copying file sha256:8875b53e09efb8221ff4f1c02a167e968d20c6331faa7c7206a5b57aa5316202 52% ⠇ [K[?25h[?2026l[?2026h[?25l[A[1Ggathering model components [K
copying file sha256:8875b53e09efb8221ff4f1c02a167e968d20c6331faa7c7206a5b57aa5316202 52% ⠏ [K[?25h[?2026l[?2026h[?25l[A[1Ggathering model components [K
copying file sha256:8875b53e09efb8221ff4f1c02a167e968d20c6331faa7c7206a5b57aa5316202 52% ⠋ [K[?25h[?2026l[?2026h[?25l[A[1Ggathering model components [K
copying file sha256:8875b53e09efb8221ff4f1c02a167e968d20c6331faa7c7206a5b57aa5316202 52% ⠙ [K[?25h[?2026l[?2026h[?25l[A[1Ggathering model components [K
copying file sha256:8875b53e09efb8221ff4f1c02a167e968d20c6331faa7c7206a5b57aa5316202 52% ⠹ [K[?25h[?2026l[?2026h[?25l[A[1Ggathering model components [K
copying file sha256:8875b53e09efb8221ff4f1c02a167e968d20c6331faa7c7206a5b57aa5316202 52% ⠸ [K[?25h[?2026l[?2026h[?25l[A[1Ggathering model components [K
copying file sha256:8875b53e09efb8221ff4f1c02a167e968d20c6331faa7c7206a5b57aa5316202 52% ⠼ [K[?25h[?2026l[?2026h[?25l[A[1Ggathering model components [K
copying file sha256:8875b53e09efb8221ff4f1c02a167e968d20c6331faa7c7206a5b57aa5316202 52% ⠴ [K[?25h[?2026l[?2026h[?25l[A[1Ggathering model components [K
copying file sha256:8875b53e09efb8221ff4f1c02a167e968d20c6331faa7c7206a5b57aa5316202 52% ⠦ [K[?25h[?2026l[?2026h[?25l[A[1Ggathering model components [K
copying file sha256:8875b53e09efb8221ff4f1c02a167e968d20c6331faa7c7206a5b57aa5316202 52% ⠧ [K[?25h[?2026l[?2026h[?25l[A[1Ggathering model components [K
copying file sha256:8875b53e09efb8221ff4f1c02a167e968d20c6331faa7c7206a5b57aa5316202 53% ⠇ [K[?25h[?2026l[?2026h[?25l[A[1Ggathering model components [K
copying file sha256:8875b53e09efb8221ff4f1c02a167e968d20c6331faa7c7206a5b57aa5316202 53% ⠏ [K[?25h[?2026l[?2026h[?25l[A[1Ggathering model components [K
copying file sha256:8875b53e09efb8221ff4f1c02a167e968d20c6331faa7c7206a5b57aa5316202 53% ⠋ [K[?25h[?2026l[?2026h[?25l[A[1Ggathering model components [K
copying file sha256:8875b53e09efb8221ff4f1c02a167e968d20c6331faa7c7206a5b57aa5316202 53% ⠙ [K[?25h[?2026l[?2026h[?25l[A[1Ggathering model components [K
copying file sha256:8875b53e09efb8221ff4f1c02a167e968d20c6331faa7c7206a5b57aa5316202 53% ⠹ [K[?25h[?2026l[?2026h[?25l[A[1Ggathering model components [K
copying file sha256:8875b53e09efb8221ff4f1c02a167e968d20c6331faa7c7206a5b57aa5316202 53% ⠸ [K[?25h[?2026l[?2026h[?25l[A[1Ggathering model components [K
copying file sha256:8875b53e09efb8221ff4f1c02a167e968d20c6331faa7c7206a5b57aa5316202 53% ⠼ [K[?25h[?2026l[?2026h[?25l[A[1Ggathering model components [K
copying file sha256:8875b53e09efb8221ff4f1c02a167e968d20c6331faa7c7206a5b57aa5316202 53% ⠴ [K[?25h[?2026l[?2026h[?25l[A[1Ggathering model components [K
copying file sha256:8875b53e09efb8221ff4f1c02a167e968d20c6331faa7c7206a5b57aa5316202 53% ⠦ [K[?25h[?2026l[?2026h[?25l[A[1Ggathering model components [K
copying file sha256:8875b53e09efb8221ff4f1c02a167e968d20c6331faa7c7206a5b57aa5316202 54% ⠧ [K[?25h[?2026l[?2026h[?25l[A[1Ggathering model components [K
copying file sha256:8875b53e09efb8221ff4f1c02a167e968d20c6331faa7c7206a5b57aa5316202 54% ⠇ [K[?25h[?2026l[?2026h[?25l[A[1Ggathering model components [K
copying file sha256:8875b53e09efb8221ff4f1c02a167e968d20c6331faa7c7206a5b57aa5316202 54% ⠏ [K[?25h[?2026l[?2026h[?25l[A[1Ggathering model components [K
copying file sha256:8875b53e09efb8221ff4f1c02a167e968d20c6331faa7c7206a5b57aa5316202 54% ⠋ [K[?25h[?2026l[?2026h[?25l[A[1Ggathering model components [K
copying file sha256:8875b53e09efb8221ff4f1c02a167e968d20c6331faa7c7206a5b57aa5316202 54% ⠙ [K[?25h[?2026l[?2026h[?25l[A[1Ggathering model components [K
copying file sha256:8875b53e09efb8221ff4f1c02a167e968d20c6331faa7c7206a5b57aa5316202 54% ⠹ [K[?25h[?2026l[?2026h[?25l[A[1Ggathering model components [K
copying file sha256:8875b53e09efb8221ff4f1c02a167e968d20c6331faa7c7206a5b57aa5316202 54% ⠸ [K[?25h[?2026l[?2026h[?25l[A[1Ggathering model components [K
copying file sha256:8875b53e09efb8221ff4f1c02a167e968d20c6331faa7c7206a5b57aa5316202 54% ⠼ [K[?25h[?2026l[?2026h[?25l[A[1Ggathering model components [K
copying file sha256:8875b53e09efb8221ff4f1c02a167e968d20c6331faa7c7206a5b57aa5316202 54% ⠴ [K[?25h[?2026l[?2026h[?25l[A[1Ggathering model components [K
copying file sha256:8875b53e09efb8221ff4f1c02a167e968d20c6331faa7c7206a5b57aa5316202 54% ⠦ [K[?25h[?2026l[?2026h[?25l[A[1Ggathering model components [K
copying file sha256:8875b53e09efb8221ff4f1c02a167e968d20c6331faa7c7206a5b57aa5316202 54% ⠧ [K[?25h[?2026l[?2026h[?25l[A[1Ggathering model components [K
copying file sha256:8875b53e09efb8221ff4f1c02a167e968d20c6331faa7c7206a5b57aa5316202 55% ⠇ [K[?25h[?2026l[?2026h[?25l[A[1Ggathering model components [K
copying file sha256:8875b53e09efb8221ff4f1c02a167e968d20c6331faa7c7206a5b57aa5316202 55% ⠏ [K[?25h[?2026l[?2026h[?25l[A[1Ggathering model components [K
copying file sha256:8875b53e09efb8221ff4f1c02a167e968d20c6331faa7c7206a5b57aa5316202 55% ⠋ [K[?25h[?2026l[?2026h[?25l[A[1Ggathering model components [K
copying file sha256:8875b53e09efb8221ff4f1c02a167e968d20c6331faa7c7206a5b57aa5316202 55% ⠙ [K[?25h[?2026l[?2026h[?25l[A[1Ggathering model components [K
copying file sha256:8875b53e09efb8221ff4f1c02a167e968d20c6331faa7c7206a5b57aa5316202 55% ⠹ [K[?25h[?2026l[?2026h[?25l[A[1Ggathering model components [K
copying file sha256:8875b53e09efb8221ff4f1c02a167e968d20c6331faa7c7206a5b57aa5316202 55% ⠸ [K[?25h[?2026l[?2026h[?25l[A[1Ggathering model components [K
copying file sha256:8875b53e09efb8221ff4f1c02a167e968d20c6331faa7c7206a5b57aa5316202 55% ⠼ [K[?25h[?2026l[?2026h[?25l[A[1Ggathering model components [K
copying file sha256:8875b53e09efb8221ff4f1c02a167e968d20c6331faa7c7206a5b57aa5316202 55% ⠴ [K[?25h[?2026l[?2026h[?25l[A[1Ggathering model components [K
copying file sha256:8875b53e09efb8221ff4f1c02a167e968d20c6331faa7c7206a5b57aa5316202 55% ⠦ [K[?25h[?2026l[?2026h[?25l[A[1Ggathering model components [K
copying file sha256:8875b53e09efb8221ff4f1c02a167e968d20c6331faa7c7206a5b57aa5316202 55% ⠧ [K[?25h[?2026l[?2026h[?25l[A[1Ggathering model components [K
copying file sha256:8875b53e09efb8221ff4f1c02a167e968d20c6331faa7c7206a5b57aa5316202 56% ⠇ [K[?25h[?2026l[?2026h[?25l[A[1Ggathering model components [K
copying file sha256:8875b53e09efb8221ff4f1c02a167e968d20c6331faa7c7206a5b57aa5316202 56% ⠏ [K[?25h[?2026l[?2026h[?25l[A[1Ggathering model components [K
copying file sha256:8875b53e09efb8221ff4f1c02a167e968d20c6331faa7c7206a5b57aa5316202 56% ⠋ [K[?25h[?2026l[?2026h[?25l[A[1Ggathering model components [K
copying file sha256:8875b53e09efb8221ff4f1c02a167e968d20c6331faa7c7206a5b57aa5316202 56% ⠙ [K[?25h[?2026l[?2026h[?25l[A[1Ggathering model components [K
copying file sha256:8875b53e09efb8221ff4f1c02a167e968d20c6331faa7c7206a5b57aa5316202 56% ⠹ [K[?25h[?2026l[?2026h[?25l[A[1Ggathering model components [K
copying file sha256:8875b53e09efb8221ff4f1c02a167e968d20c6331faa7c7206a5b57aa5316202 56% ⠸ [K[?25h[?2026l[?2026h[?25l[A[1Ggathering model components [K
copying file sha256:8875b53e09efb8221ff4f1c02a167e968d20c6331faa7c7206a5b57aa5316202 56% ⠼ [K[?25h[?2026l[?2026h[?25l[A[1Ggathering model components [K
copying file sha256:8875b53e09efb8221ff4f1c02a167e968d20c6331faa7c7206a5b57aa5316202 56% ⠴ [K[?25h[?2026l[?2026h[?25l[A[1Ggathering model components [K
copying file sha256:8875b53e09efb8221ff4f1c02a167e968d20c6331faa7c7206a5b57aa5316202 56% ⠦ [K[?25h[?2026l[?2026h[?25l[A[1Ggathering model components [K
copying file sha256:8875b53e09efb8221ff4f1c02a167e968d20c6331faa7c7206a5b57aa5316202 56% ⠧ [K[?25h[?2026l[?2026h[?25l[A[1Ggathering model components [K
copying file sha256:8875b53e09efb8221ff4f1c02a167e968d20c6331faa7c7206a5b57aa5316202 57% ⠇ [K[?25h[?2026l[?2026h[?25l[A[1Ggathering model components [K
copying file sha256:8875b53e09efb8221ff4f1c02a167e968d20c6331faa7c7206a5b57aa5316202 57% ⠏ [K[?25h[?2026l[?2026h[?25l[A[1Ggathering model components [K
copying file sha256:8875b53e09efb8221ff4f1c02a167e968d20c6331faa7c7206a5b57aa5316202 57% ⠋ [K[?25h[?2026l[?2026h[?25l[A[1Ggathering model components [K
copying file sha256:8875b53e09efb8221ff4f1c02a167e968d20c6331faa7c7206a5b57aa5316202 57% ⠙ [K[?25h[?2026l[?2026h[?25l[A[1Ggathering model components [K
copying file sha256:8875b53e09efb8221ff4f1c02a167e968d20c6331faa7c7206a5b57aa5316202 57% ⠹ [K[?25h[?2026l[?2026h[?25l[A[1Ggathering model components [K
copying file sha256:8875b53e09efb8221ff4f1c02a167e968d20c6331faa7c7206a5b57aa5316202 57% ⠸ [K[?25h[?2026l[?2026h[?25l[A[1Ggathering model components [K
copying file sha256:8875b53e09efb8221ff4f1c02a167e968d20c6331faa7c7206a5b57aa5316202 57% ⠼ [K[?25h[?2026l[?2026h[?25l[A[1Ggathering model components [K
copying file sha256:8875b53e09efb8221ff4f1c02a167e968d20c6331faa7c7206a5b57aa5316202 57% ⠴ [K[?25h[?2026l[?2026h[?25l[A[1Ggathering model components [K
copying file sha256:8875b53e09efb8221ff4f1c02a167e968d20c6331faa7c7206a5b57aa5316202 57% ⠦ [K[?25h[?2026l[?2026h[?25l[A[1Ggathering model components [K
copying file sha256:8875b53e09efb8221ff4f1c02a167e968d20c6331faa7c7206a5b57aa5316202 57% ⠧ [K[?25h[?2026l[?2026h[?25l[A[1Ggathering model components [K
copying file sha256:8875b53e09efb8221ff4f1c02a167e968d20c6331faa7c7206a5b57aa5316202 58% ⠇ [K[?25h[?2026l[?2026h[?25l[A[1Ggathering model components [K
copying file sha256:8875b53e09efb8221ff4f1c02a167e968d20c6331faa7c7206a5b57aa5316202 58% ⠏ [K[?25h[?2026l[?2026h[?25l[A[1Ggathering model components [K
copying file sha256:8875b53e09efb8221ff4f1c02a167e968d20c6331faa7c7206a5b57aa5316202 58% ⠋ [K[?25h[?2026l[?2026h[?25l[A[1Ggathering model components [K
copying file sha256:8875b53e09efb8221ff4f1c02a167e968d20c6331faa7c7206a5b57aa5316202 58% ⠙ [K[?25h[?2026l[?2026h[?25l[A[1Ggathering model components [K
copying file sha256:8875b53e09efb8221ff4f1c02a167e968d20c6331faa7c7206a5b57aa5316202 58% ⠹ [K[?25h[?2026l[?2026h[?25l[A[1Ggathering model components [K
copying file sha256:8875b53e09efb8221ff4f1c02a167e968d20c6331faa7c7206a5b57aa5316202 58% ⠸ [K[?25h[?2026l[?2026h[?25l[A[1Ggathering model components [K
copying file sha256:8875b53e09efb8221ff4f1c02a167e968d20c6331faa7c7206a5b57aa5316202 58% ⠼ [K[?25h[?2026l[?2026h[?25l[A[1Ggathering model components [K
copying file sha256:8875b53e09efb8221ff4f1c02a167e968d20c6331faa7c7206a5b57aa5316202 58% ⠴ [K[?25h[?2026l[?2026h[?25l[A[1Ggathering model components [K
copying file sha256:8875b53e09efb8221ff4f1c02a167e968d20c6331faa7c7206a5b57aa5316202 58% ⠦ [K[?25h[?2026l[?2026h[?25l[A[1Ggathering model components [K
copying file sha256:8875b53e09efb8221ff4f1c02a167e968d20c6331faa7c7206a5b57aa5316202 58% ⠧ [K[?25h[?2026l[?2026h[?25l[A[1Ggathering model components [K
copying file sha256:8875b53e09efb8221ff4f1c02a167e968d20c6331faa7c7206a5b57aa5316202 59% ⠇ [K[?25h[?2026l[?2026h[?25l[A[1Ggathering model components [K
copying file sha256:8875b53e09efb8221ff4f1c02a167e968d20c6331faa7c7206a5b57aa5316202 59% ⠏ [K[?25h[?2026l[?2026h[?25l[A[1Ggathering model components [K
copying file sha256:8875b53e09efb8221ff4f1c02a167e968d20c6331faa7c7206a5b57aa5316202 59% ⠋ [K[?25h[?2026l[?2026h[?25l[A[1Ggathering model components [K
copying file sha256:8875b53e09efb8221ff4f1c02a167e968d20c6331faa7c7206a5b57aa5316202 59% ⠙ [K[?25h[?2026l[?2026h[?25l[A[1Ggathering model components [K
copying file sha256:8875b53e09efb8221ff4f1c02a167e968d20c6331faa7c7206a5b57aa5316202 59% ⠹ [K[?25h[?2026l[?2026h[?25l[A[1Ggathering model components [K
copying file sha256:8875b53e09efb8221ff4f1c02a167e968d20c6331faa7c7206a5b57aa5316202 59% ⠸ [K[?25h[?2026l[?2026h[?25l[A[1Ggathering model components [K
copying file sha256:8875b53e09efb8221ff4f1c02a167e968d20c6331faa7c7206a5b57aa5316202 59% ⠼ [K[?25h[?2026l[?2026h[?25l[A[1Ggathering model components [K
copying file sha256:8875b53e09efb8221ff4f1c02a167e968d20c6331faa7c7206a5b57aa5316202 59% ⠴ [K[?25h[?2026l[?2026h[?25l[A[1Ggathering model components [K
copying file sha256:8875b53e09efb8221ff4f1c02a167e968d20c6331faa7c7206a5b57aa5316202 59% ⠦ [K[?25h[?2026l[?2026h[?25l[A[1Ggathering model components [K
copying file sha256:8875b53e09efb8221ff4f1c02a167e968d20c6331faa7c7206a5b57aa5316202 59% ⠧ [K[?25h[?2026l[?2026h[?25l[A[1Ggathering model components [K
copying file sha256:8875b53e09efb8221ff4f1c02a167e968d20c6331faa7c7206a5b57aa5316202 59% ⠇ [K[?25h[?2026l[?2026h[?25l[A[1Ggathering model components [K
copying file sha256:8875b53e09efb8221ff4f1c02a167e968d20c6331faa7c7206a5b57aa5316202 60% ⠏ [K[?25h[?2026l[?2026h[?25l[A[1Ggathering model components [K
copying file sha256:8875b53e09efb8221ff4f1c02a167e968d20c6331faa7c7206a5b57aa5316202 60% ⠋ [K[?25h[?2026l[?2026h[?25l[A[1Ggathering model components [K
copying file sha256:8875b53e09efb8221ff4f1c02a167e968d20c6331faa7c7206a5b57aa5316202 60% ⠙ [K[?25h[?2026l[?2026h[?25l[A[1Ggathering model components [K
copying file sha256:8875b53e09efb8221ff4f1c02a167e968d20c6331faa7c7206a5b57aa5316202 60% ⠹ [K[?25h[?2026l[?2026h[?25l[A[1Ggathering model components [K
copying file sha256:8875b53e09efb8221ff4f1c02a167e968d20c6331faa7c7206a5b57aa5316202 60% ⠸ [K[?25h[?2026l[?2026h[?25l[A[1Ggathering model components [K
copying file sha256:8875b53e09efb8221ff4f1c02a167e968d20c6331faa7c7206a5b57aa5316202 60% ⠼ [K[?25h[?2026l[?2026h[?25l[A[1Ggathering model components [K
copying file sha256:8875b53e09efb8221ff4f1c02a167e968d20c6331faa7c7206a5b57aa5316202 60% ⠴ [K[?25h[?2026l[?2026h[?25l[A[1Ggathering model components [K
copying file sha256:8875b53e09efb8221ff4f1c02a167e968d20c6331faa7c7206a5b57aa5316202 60% ⠦ [K[?25h[?2026l[?2026h[?25l[A[1Ggathering model components [K
copying file sha256:8875b53e09efb8221ff4f1c02a167e968d20c6331faa7c7206a5b57aa5316202 60% ⠧ [K[?25h[?2026l[?2026h[?25l[A[1Ggathering model components [K
copying file sha256:8875b53e09efb8221ff4f1c02a167e968d20c6331faa7c7206a5b57aa5316202 60% ⠇ [K[?25h[?2026l[?2026h[?25l[A[1Ggathering model components [K
copying file sha256:8875b53e09efb8221ff4f1c02a167e968d20c6331faa7c7206a5b57aa5316202 60% ⠏ [K[?25h[?2026l[?2026h[?25l[A[1Ggathering model components [K
copying file sha256:8875b53e09efb8221ff4f1c02a167e968d20c6331faa7c7206a5b57aa5316202 61% ⠋ [K[?25h[?2026l[?2026h[?25l[A[1Ggathering model components [K
copying file sha256:8875b53e09efb8221ff4f1c02a167e968d20c6331faa7c7206a5b57aa5316202 61% ⠙ [K[?25h[?2026l[?2026h[?25l[A[1Ggathering model components [K
copying file sha256:8875b53e09efb8221ff4f1c02a167e968d20c6331faa7c7206a5b57aa5316202 61% ⠹ [K[?25h[?2026l[?2026h[?25l[A[1Ggathering model components [K
copying file sha256:8875b53e09efb8221ff4f1c02a167e968d20c6331faa7c7206a5b57aa5316202 61% ⠸ [K[?25h[?2026l[?2026h[?25l[A[1Ggathering model components [K
copying file sha256:8875b53e09efb8221ff4f1c02a167e968d20c6331faa7c7206a5b57aa5316202 61% ⠼ [K[?25h[?2026l[?2026h[?25l[A[1Ggathering model components [K
copying file sha256:8875b53e09efb8221ff4f1c02a167e968d20c6331faa7c7206a5b57aa5316202 61% ⠴ [K[?25h[?2026l[?2026h[?25l[A[1Ggathering model components [K
copying file sha256:8875b53e09efb8221ff4f1c02a167e968d20c6331faa7c7206a5b57aa5316202 61% ⠦ [K[?25h[?2026l[?2026h[?25l[A[1Ggathering model components [K
copying file sha256:8875b53e09efb8221ff4f1c02a167e968d20c6331faa7c7206a5b57aa5316202 61% ⠧ [K[?25h[?2026l[?2026h[?25l[A[1Ggathering model components [K
copying file sha256:8875b53e09efb8221ff4f1c02a167e968d20c6331faa7c7206a5b57aa5316202 61% ⠇ [K[?25h[?2026l[?2026h[?25l[A[1Ggathering model components [K
copying file sha256:8875b53e09efb8221ff4f1c02a167e968d20c6331faa7c7206a5b57aa5316202 62% ⠏ [K[?25h[?2026l[?2026h[?25l[A[1Ggathering model components [K
copying file sha256:8875b53e09efb8221ff4f1c02a167e968d20c6331faa7c7206a5b57aa5316202 62% ⠋ [K[?25h[?2026l[?2026h[?25l[A[1Ggathering model components [K
copying file sha256:8875b53e09efb8221ff4f1c02a167e968d20c6331faa7c7206a5b57aa5316202 62% ⠙ [K[?25h[?2026l[?2026h[?25l[A[1Ggathering model components [K
copying file sha256:8875b53e09efb8221ff4f1c02a167e968d20c6331faa7c7206a5b57aa5316202 62% ⠹ [K[?25h[?2026l[?2026h[?25l[A[1Ggathering model components [K
copying file sha256:8875b53e09efb8221ff4f1c02a167e968d20c6331faa7c7206a5b57aa5316202 62% ⠸ [K[?25h[?2026l[?2026h[?25l[A[1Ggathering model components [K
copying file sha256:8875b53e09efb8221ff4f1c02a167e968d20c6331faa7c7206a5b57aa5316202 62% ⠼ [K[?25h[?2026l[?2026h[?25l[A[1Ggathering model components [K
copying file sha256:8875b53e09efb8221ff4f1c02a167e968d20c6331faa7c7206a5b57aa5316202 62% ⠴ [K[?25h[?2026l[?2026h[?25l[A[1Ggathering model components [K
copying file sha256:8875b53e09efb8221ff4f1c02a167e968d20c6331faa7c7206a5b57aa5316202 62% ⠦ [K[?25h[?2026l[?2026h[?25l[A[1Ggathering model components [K
copying file sha256:8875b53e09efb8221ff4f1c02a167e968d20c6331faa7c7206a5b57aa5316202 62% ⠧ [K[?25h[?2026l[?2026h[?25l[A[1Ggathering model components [K
copying file sha256:8875b53e09efb8221ff4f1c02a167e968d20c6331faa7c7206a5b57aa5316202 62% ⠇ [K[?25h[?2026l[?2026h[?25l[A[1Ggathering model components [K
copying file sha256:8875b53e09efb8221ff4f1c02a167e968d20c6331faa7c7206a5b57aa5316202 62% ⠏ [K[?25h[?2026l[?2026h[?25l[A[1Ggathering model components [K
copying file sha256:8875b53e09efb8221ff4f1c02a167e968d20c6331faa7c7206a5b57aa5316202 62% ⠋ [K[?25h[?2026l[?2026h[?25l[A[1Ggathering model components [K
copying file sha256:8875b53e09efb8221ff4f1c02a167e968d20c6331faa7c7206a5b57aa5316202 63% ⠙ [K[?25h[?2026l[?2026h[?25l[A[1Ggathering model components [K
copying file sha256:8875b53e09efb8221ff4f1c02a167e968d20c6331faa7c7206a5b57aa5316202 63% ⠹ [K[?25h[?2026l[?2026h[?25l[A[1Ggathering model components [K
copying file sha256:8875b53e09efb8221ff4f1c02a167e968d20c6331faa7c7206a5b57aa5316202 63% ⠸ [K[?25h[?2026l[?2026h[?25l[A[1Ggathering model components [K
copying file sha256:8875b53e09efb8221ff4f1c02a167e968d20c6331faa7c7206a5b57aa5316202 63% ⠼ [K[?25h[?2026l[?2026h[?25l[A[1Ggathering model components [K
copying file sha256:8875b53e09efb8221ff4f1c02a167e968d20c6331faa7c7206a5b57aa5316202 63% ⠴ [K[?25h[?2026l[?2026h[?25l[A[1Ggathering model components [K
copying file sha256:8875b53e09efb8221ff4f1c02a167e968d20c6331faa7c7206a5b57aa5316202 63% ⠦ [K[?25h[?2026l[?2026h[?25l[A[1Ggathering model components [K
copying file sha256:8875b53e09efb8221ff4f1c02a167e968d20c6331faa7c7206a5b57aa5316202 63% ⠧ [K[?25h[?2026l[?2026h[?25l[A[1Ggathering model components [K
copying file sha256:8875b53e09efb8221ff4f1c02a167e968d20c6331faa7c7206a5b57aa5316202 63% ⠇ [K[?25h[?2026l[?2026h[?25l[A[1Ggathering model components [K
copying file sha256:8875b53e09efb8221ff4f1c02a167e968d20c6331faa7c7206a5b57aa5316202 63% ⠏ [K[?25h[?2026l[?2026h[?25l[A[1Ggathering model components [K
copying file sha256:8875b53e09efb8221ff4f1c02a167e968d20c6331faa7c7206a5b57aa5316202 63% ⠋ [K[?25h[?2026l[?2026h[?25l[A[1Ggathering model components [K
copying file sha256:8875b53e09efb8221ff4f1c02a167e968d20c6331faa7c7206a5b57aa5316202 64% ⠙ [K[?25h[?2026l[?2026h[?25l[A[1Ggathering model components [K
copying file sha256:8875b53e09efb8221ff4f1c02a167e968d20c6331faa7c7206a5b57aa5316202 64% ⠹ [K[?25h[?2026l[?2026h[?25l[A[1Ggathering model components [K
copying file sha256:8875b53e09efb8221ff4f1c02a167e968d20c6331faa7c7206a5b57aa5316202 64% ⠸ [K[?25h[?2026l[?2026h[?25l[A[1Ggathering model components [K
copying file sha256:8875b53e09efb8221ff4f1c02a167e968d20c6331faa7c7206a5b57aa5316202 64% ⠼ [K[?25h[?2026l[?2026h[?25l[A[1Ggathering model components [K
copying file sha256:8875b53e09efb8221ff4f1c02a167e968d20c6331faa7c7206a5b57aa5316202 64% ⠴ [K[?25h[?2026l[?2026h[?25l[A[1Ggathering model components [K
copying file sha256:8875b53e09efb8221ff4f1c02a167e968d20c6331faa7c7206a5b57aa5316202 64% ⠦ [K[?25h[?2026l[?2026h[?25l[A[1Ggathering model components [K
copying file sha256:8875b53e09efb8221ff4f1c02a167e968d20c6331faa7c7206a5b57aa5316202 64% ⠧ [K[?25h[?2026l[?2026h[?25l[A[1Ggathering model components [K
copying file sha256:8875b53e09efb8221ff4f1c02a167e968d20c6331faa7c7206a5b57aa5316202 64% ⠇ [K[?25h[?2026l[?2026h[?25l[A[1Ggathering model components [K
copying file sha256:8875b53e09efb8221ff4f1c02a167e968d20c6331faa7c7206a5b57aa5316202 64% ⠏ [K[?25h[?2026l[?2026h[?25l[A[1Ggathering model components [K
copying file sha256:8875b53e09efb8221ff4f1c02a167e968d20c6331faa7c7206a5b57aa5316202 64% ⠋ [K[?25h[?2026l[?2026h[?25l[A[1Ggathering model components [K
copying file sha256:8875b53e09efb8221ff4f1c02a167e968d20c6331faa7c7206a5b57aa5316202 64% ⠙ [K[?25h[?2026l[?2026h[?25l[A[1Ggathering model components [K
copying file sha256:8875b53e09efb8221ff4f1c02a167e968d20c6331faa7c7206a5b57aa5316202 64% ⠹ [K[?25h[?2026l[?2026h[?25l[A[1Ggathering model components [K
copying file sha256:8875b53e09efb8221ff4f1c02a167e968d20c6331faa7c7206a5b57aa5316202 65% ⠸ [K[?25h[?2026l[?2026h[?25l[A[1Ggathering model components [K
copying file sha256:8875b53e09efb8221ff4f1c02a167e968d20c6331faa7c7206a5b57aa5316202 65% ⠼ [K[?25h[?2026l[?2026h[?25l[A[1Ggathering model components [K
copying file sha256:8875b53e09efb8221ff4f1c02a167e968d20c6331faa7c7206a5b57aa5316202 65% ⠴ [K[?25h[?2026l[?2026h[?25l[A[1Ggathering model components [K
copying file sha256:8875b53e09efb8221ff4f1c02a167e968d20c6331faa7c7206a5b57aa5316202 65% ⠦ [K[?25h[?2026l[?2026h[?25l[A[1Ggathering model components [K
copying file sha256:8875b53e09efb8221ff4f1c02a167e968d20c6331faa7c7206a5b57aa5316202 65% ⠧ [K[?25h[?2026l[?2026h[?25l[A[1Ggathering model components [K
copying file sha256:8875b53e09efb8221ff4f1c02a167e968d20c6331faa7c7206a5b57aa5316202 65% ⠇ [K[?25h[?2026l[?2026h[?25l[A[1Ggathering model components [K
copying file sha256:8875b53e09efb8221ff4f1c02a167e968d20c6331faa7c7206a5b57aa5316202 65% ⠏ [K[?25h[?2026l[?2026h[?25l[A[1Ggathering model components [K
copying file sha256:8875b53e09efb8221ff4f1c02a167e968d20c6331faa7c7206a5b57aa5316202 65% ⠋ [K[?25h[?2026l[?2026h[?25l[A[1Ggathering model components [K
copying file sha256:8875b53e09efb8221ff4f1c02a167e968d20c6331faa7c7206a5b57aa5316202 65% ⠙ [K[?25h[?2026l[?2026h[?25l[A[1Ggathering model components [K
copying file sha256:8875b53e09efb8221ff4f1c02a167e968d20c6331faa7c7206a5b57aa5316202 65% ⠹ [K[?25h[?2026l[?2026h[?25l[A[1Ggathering model components [K
copying file sha256:8875b53e09efb8221ff4f1c02a167e968d20c6331faa7c7206a5b57aa5316202 66% ⠸ [K[?25h[?2026l[?2026h[?25l[A[1Ggathering model components [K
copying file sha256:8875b53e09efb8221ff4f1c02a167e968d20c6331faa7c7206a5b57aa5316202 66% ⠼ [K[?25h[?2026l[?2026h[?25l[A[1Ggathering model components [K
copying file sha256:8875b53e09efb8221ff4f1c02a167e968d20c6331faa7c7206a5b57aa5316202 66% ⠴ [K[?25h[?2026l[?2026h[?25l[A[1Ggathering model components [K
copying file sha256:8875b53e09efb8221ff4f1c02a167e968d20c6331faa7c7206a5b57aa5316202 66% ⠦ [K[?25h[?2026l[?2026h[?25l[A[1Ggathering model components [K
copying file sha256:8875b53e09efb8221ff4f1c02a167e968d20c6331faa7c7206a5b57aa5316202 66% ⠧ [K[?25h[?2026l[?2026h[?25l[A[1Ggathering model components [K
copying file sha256:8875b53e09efb8221ff4f1c02a167e968d20c6331faa7c7206a5b57aa5316202 66% ⠇ [K[?25h[?2026l[?2026h[?25l[A[1Ggathering model components [K
copying file sha256:8875b53e09efb8221ff4f1c02a167e968d20c6331faa7c7206a5b57aa5316202 66% ⠏ [K[?25h[?2026l[?2026h[?25l[A[1Ggathering model components [K
copying file sha256:8875b53e09efb8221ff4f1c02a167e968d20c6331faa7c7206a5b57aa5316202 66% ⠋ [K[?25h[?2026l[?2026h[?25l[A[1Ggathering model components [K
copying file sha256:8875b53e09efb8221ff4f1c02a167e968d20c6331faa7c7206a5b57aa5316202 66% ⠙ [K[?25h[?2026l[?2026h[?25l[A[1Ggathering model components [K
copying file sha256:8875b53e09efb8221ff4f1c02a167e968d20c6331faa7c7206a5b57aa5316202 66% ⠹ [K[?25h[?2026l[?2026h[?25l[A[1Ggathering model components [K
copying file sha256:8875b53e09efb8221ff4f1c02a167e968d20c6331faa7c7206a5b57aa5316202 66% ⠸ [K[?25h[?2026l[?2026h[?25l[A[1Ggathering model components [K
copying file sha256:8875b53e09efb8221ff4f1c02a167e968d20c6331faa7c7206a5b57aa5316202 67% ⠼ [K[?25h[?2026l[?2026h[?25l[A[1Ggathering model components [K
copying file sha256:8875b53e09efb8221ff4f1c02a167e968d20c6331faa7c7206a5b57aa5316202 67% ⠴ [K[?25h[?2026l[?2026h[?25l[A[1Ggathering model components [K
copying file sha256:8875b53e09efb8221ff4f1c02a167e968d20c6331faa7c7206a5b57aa5316202 67% ⠦ [K[?25h[?2026l[?2026h[?25l[A[1Ggathering model components [K
copying file sha256:8875b53e09efb8221ff4f1c02a167e968d20c6331faa7c7206a5b57aa5316202 67% ⠧ [K[?25h[?2026l[?2026h[?25l[A[1Ggathering model components [K
copying file sha256:8875b53e09efb8221ff4f1c02a167e968d20c6331faa7c7206a5b57aa5316202 67% ⠇ [K[?25h[?2026l[?2026h[?25l[A[1Ggathering model components [K
copying file sha256:8875b53e09efb8221ff4f1c02a167e968d20c6331faa7c7206a5b57aa5316202 67% ⠏ [K[?25h[?2026l[?2026h[?25l[A[1Ggathering model components [K
copying file sha256:8875b53e09efb8221ff4f1c02a167e968d20c6331faa7c7206a5b57aa5316202 67% ⠋ [K[?25h[?2026l[?2026h[?25l[A[1Ggathering model components [K
copying file sha256:8875b53e09efb8221ff4f1c02a167e968d20c6331faa7c7206a5b57aa5316202 67% ⠙ [K[?25h[?2026l[?2026h[?25l[A[1Ggathering model components [K
copying file sha256:8875b53e09efb8221ff4f1c02a167e968d20c6331faa7c7206a5b57aa5316202 67% ⠹ [K[?25h[?2026l[?2026h[?25l[A[1Ggathering model components [K
copying file sha256:8875b53e09efb8221ff4f1c02a167e968d20c6331faa7c7206a5b57aa5316202 67% ⠸ [K[?25h[?2026l[?2026h[?25l[A[1Ggathering model components [K
copying file sha256:8875b53e09efb8221ff4f1c02a167e968d20c6331faa7c7206a5b57aa5316202 68% ⠼ [K[?25h[?2026l[?2026h[?25l[A[1Ggathering model components [K
copying file sha256:8875b53e09efb8221ff4f1c02a167e968d20c6331faa7c7206a5b57aa5316202 68% ⠴ [K[?25h[?2026l[?2026h[?25l[A[1Ggathering model components [K
copying file sha256:8875b53e09efb8221ff4f1c02a167e968d20c6331faa7c7206a5b57aa5316202 68% ⠦ [K[?25h[?2026l[?2026h[?25l[A[1Ggathering model components [K
copying file sha256:8875b53e09efb8221ff4f1c02a167e968d20c6331faa7c7206a5b57aa5316202 68% ⠧ [K[?25h[?2026l[?2026h[?25l[A[1Ggathering model components [K
copying file sha256:8875b53e09efb8221ff4f1c02a167e968d20c6331faa7c7206a5b57aa5316202 68% ⠇ [K[?25h[?2026l[?2026h[?25l[A[1Ggathering model components [K
copying file sha256:8875b53e09efb8221ff4f1c02a167e968d20c6331faa7c7206a5b57aa5316202 68% ⠏ [K[?25h[?2026l[?2026h[?25l[A[1Ggathering model components [K
copying file sha256:8875b53e09efb8221ff4f1c02a167e968d20c6331faa7c7206a5b57aa5316202 68% ⠋ [K[?25h[?2026l[?2026h[?25l[A[1Ggathering model components [K
copying file sha256:8875b53e09efb8221ff4f1c02a167e968d20c6331faa7c7206a5b57aa5316202 68% ⠙ [K[?25h[?2026l[?2026h[?25l[A[1Ggathering model components [K
copying file sha256:8875b53e09efb8221ff4f1c02a167e968d20c6331faa7c7206a5b57aa5316202 68% ⠹ [K[?25h[?2026l[?2026h[?25l[A[1Ggathering model components [K
copying file sha256:8875b53e09efb8221ff4f1c02a167e968d20c6331faa7c7206a5b57aa5316202 68% ⠸ [K[?25h[?2026l[?2026h[?25l[A[1Ggathering model components [K
copying file sha256:8875b53e09efb8221ff4f1c02a167e968d20c6331faa7c7206a5b57aa5316202 69% ⠼ [K[?25h[?2026l[?2026h[?25l[A[1Ggathering model components [K
copying file sha256:8875b53e09efb8221ff4f1c02a167e968d20c6331faa7c7206a5b57aa5316202 69% ⠴ [K[?25h[?2026l[?2026h[?25l[A[1Ggathering model components [K
copying file sha256:8875b53e09efb8221ff4f1c02a167e968d20c6331faa7c7206a5b57aa5316202 69% ⠦ [K[?25h[?2026l[?2026h[?25l[A[1Ggathering model components [K
copying file sha256:8875b53e09efb8221ff4f1c02a167e968d20c6331faa7c7206a5b57aa5316202 69% ⠧ [K[?25h[?2026l[?2026h[?25l[A[1Ggathering model components [K
copying file sha256:8875b53e09efb8221ff4f1c02a167e968d20c6331faa7c7206a5b57aa5316202 69% ⠇ [K[?25h[?2026l[?2026h[?25l[A[1Ggathering model components [K
copying file sha256:8875b53e09efb8221ff4f1c02a167e968d20c6331faa7c7206a5b57aa5316202 69% ⠏ [K[?25h[?2026l[?2026h[?25l[A[1Ggathering model components [K
copying file sha256:8875b53e09efb8221ff4f1c02a167e968d20c6331faa7c7206a5b57aa5316202 69% ⠋ [K[?25h[?2026l[?2026h[?25l[A[1Ggathering model components [K
copying file sha256:8875b53e09efb8221ff4f1c02a167e968d20c6331faa7c7206a5b57aa5316202 69% ⠙ [K[?25h[?2026l[?2026h[?25l[A[1Ggathering model components [K
copying file sha256:8875b53e09efb8221ff4f1c02a167e968d20c6331faa7c7206a5b57aa5316202 69% ⠹ [K[?25h[?2026l[?2026h[?25l[A[1Ggathering model components [K
copying file sha256:8875b53e09efb8221ff4f1c02a167e968d20c6331faa7c7206a5b57aa5316202 69% ⠸ [K[?25h[?2026l[?2026h[?25l[A[1Ggathering model components [K
copying file sha256:8875b53e09efb8221ff4f1c02a167e968d20c6331faa7c7206a5b57aa5316202 69% ⠼ [K[?25h[?2026l[?2026h[?25l[A[1Ggathering model components [K
copying file sha256:8875b53e09efb8221ff4f1c02a167e968d20c6331faa7c7206a5b57aa5316202 70% ⠴ [K[?25h[?2026l[?2026h[?25l[A[1Ggathering model components [K
copying file sha256:8875b53e09efb8221ff4f1c02a167e968d20c6331faa7c7206a5b57aa5316202 70% ⠦ [K[?25h[?2026l[?2026h[?25l[A[1Ggathering model components [K
copying file sha256:8875b53e09efb8221ff4f1c02a167e968d20c6331faa7c7206a5b57aa5316202 70% ⠧ [K[?25h[?2026l[?2026h[?25l[A[1Ggathering model components [K
copying file sha256:8875b53e09efb8221ff4f1c02a167e968d20c6331faa7c7206a5b57aa5316202 70% ⠇ [K[?25h[?2026l[?2026h[?25l[A[1Ggathering model components [K
copying file sha256:8875b53e09efb8221ff4f1c02a167e968d20c6331faa7c7206a5b57aa5316202 70% ⠏ [K[?25h[?2026l[?2026h[?25l[A[1Ggathering model components [K
copying file sha256:8875b53e09efb8221ff4f1c02a167e968d20c6331faa7c7206a5b57aa5316202 70% ⠋ [K[?25h[?2026l[?2026h[?25l[A[1Ggathering model components [K
copying file sha256:8875b53e09efb8221ff4f1c02a167e968d20c6331faa7c7206a5b57aa5316202 70% ⠙ [K[?25h[?2026l[?2026h[?25l[A[1Ggathering model components [K
copying file sha256:8875b53e09efb8221ff4f1c02a167e968d20c6331faa7c7206a5b57aa5316202 70% ⠹ [K[?25h[?2026l[?2026h[?25l[A[1Ggathering model components [K
copying file sha256:8875b53e09efb8221ff4f1c02a167e968d20c6331faa7c7206a5b57aa5316202 70% ⠸ [K[?25h[?2026l[?2026h[?25l[A[1Ggathering model components [K
copying file sha256:8875b53e09efb8221ff4f1c02a167e968d20c6331faa7c7206a5b57aa5316202 70% ⠼ [K[?25h[?2026l[?2026h[?25l[A[1Ggathering model components [K
copying file sha256:8875b53e09efb8221ff4f1c02a167e968d20c6331faa7c7206a5b57aa5316202 71% ⠴ [K[?25h[?2026l[?2026h[?25l[A[1Ggathering model components [K
copying file sha256:8875b53e09efb8221ff4f1c02a167e968d20c6331faa7c7206a5b57aa5316202 71% ⠦ [K[?25h[?2026l[?2026h[?25l[A[1Ggathering model components [K
copying file sha256:8875b53e09efb8221ff4f1c02a167e968d20c6331faa7c7206a5b57aa5316202 71% ⠧ [K[?25h[?2026l[?2026h[?25l[A[1Ggathering model components [K
copying file sha256:8875b53e09efb8221ff4f1c02a167e968d20c6331faa7c7206a5b57aa5316202 71% ⠇ [K[?25h[?2026l[?2026h[?25l[A[1Ggathering model components [K
copying file sha256:8875b53e09efb8221ff4f1c02a167e968d20c6331faa7c7206a5b57aa5316202 71% ⠏ [K[?25h[?2026l[?2026h[?25l[A[1Ggathering model components [K
copying file sha256:8875b53e09efb8221ff4f1c02a167e968d20c6331faa7c7206a5b57aa5316202 71% ⠋ [K[?25h[?2026l[?2026h[?25l[A[1Ggathering model components [K
copying file sha256:8875b53e09efb8221ff4f1c02a167e968d20c6331faa7c7206a5b57aa5316202 71% ⠙ [K[?25h[?2026l[?2026h[?25l[A[1Ggathering model components [K
copying file sha256:8875b53e09efb8221ff4f1c02a167e968d20c6331faa7c7206a5b57aa5316202 71% ⠹ [K[?25h[?2026l[?2026h[?25l[A[1Ggathering model components [K
copying file sha256:8875b53e09efb8221ff4f1c02a167e968d20c6331faa7c7206a5b57aa5316202 71% ⠸ [K[?25h[?2026l[?2026h[?25l[A[1Ggathering model components [K
copying file sha256:8875b53e09efb8221ff4f1c02a167e968d20c6331faa7c7206a5b57aa5316202 71% ⠼ [K[?25h[?2026l[?2026h[?25l[A[1Ggathering model components [K
copying file sha256:8875b53e09efb8221ff4f1c02a167e968d20c6331faa7c7206a5b57aa5316202 71% ⠴ [K[?25h[?2026l[?2026h[?25l[A[1Ggathering model components [K
copying file sha256:8875b53e09efb8221ff4f1c02a167e968d20c6331faa7c7206a5b57aa5316202 72% ⠦ [K[?25h[?2026l[?2026h[?25l[A[1Ggathering model components [K
copying file sha256:8875b53e09efb8221ff4f1c02a167e968d20c6331faa7c7206a5b57aa5316202 72% ⠧ [K[?25h[?2026l[?2026h[?25l[A[1Ggathering model components [K
copying file sha256:8875b53e09efb8221ff4f1c02a167e968d20c6331faa7c7206a5b57aa5316202 72% ⠇ [K[?25h[?2026l[?2026h[?25l[A[1Ggathering model components [K
copying file sha256:8875b53e09efb8221ff4f1c02a167e968d20c6331faa7c7206a5b57aa5316202 72% ⠏ [K[?25h[?2026l[?2026h[?25l[A[1Ggathering model components [K
copying file sha256:8875b53e09efb8221ff4f1c02a167e968d20c6331faa7c7206a5b57aa5316202 72% ⠋ [K[?25h[?2026l[?2026h[?25l[A[1Ggathering model components [K
copying file sha256:8875b53e09efb8221ff4f1c02a167e968d20c6331faa7c7206a5b57aa5316202 72% ⠙ [K[?25h[?2026l[?2026h[?25l[A[1Ggathering model components [K
copying file sha256:8875b53e09efb8221ff4f1c02a167e968d20c6331faa7c7206a5b57aa5316202 72% ⠹ [K[?25h[?2026l[?2026h[?25l[A[1Ggathering model components [K
copying file sha256:8875b53e09efb8221ff4f1c02a167e968d20c6331faa7c7206a5b57aa5316202 72% ⠸ [K[?25h[?2026l[?2026h[?25l[A[1Ggathering model components [K
copying file sha256:8875b53e09efb8221ff4f1c02a167e968d20c6331faa7c7206a5b57aa5316202 72% ⠼ [K[?25h[?2026l[?2026h[?25l[A[1Ggathering model components [K
copying file sha256:8875b53e09efb8221ff4f1c02a167e968d20c6331faa7c7206a5b57aa5316202 72% ⠴ [K[?25h[?2026l[?2026h[?25l[A[1Ggathering model components [K
copying file sha256:8875b53e09efb8221ff4f1c02a167e968d20c6331faa7c7206a5b57aa5316202 72% ⠦ [K[?25h[?2026l[?2026h[?25l[A[1Ggathering model components [K
copying file sha256:8875b53e09efb8221ff4f1c02a167e968d20c6331faa7c7206a5b57aa5316202 73% ⠧ [K[?25h[?2026l[?2026h[?25l[A[1Ggathering model components [K
copying file sha256:8875b53e09efb8221ff4f1c02a167e968d20c6331faa7c7206a5b57aa5316202 73% ⠇ [K[?25h[?2026l[?2026h[?25l[A[1Ggathering model components [K
copying file sha256:8875b53e09efb8221ff4f1c02a167e968d20c6331faa7c7206a5b57aa5316202 73% ⠏ [K[?25h[?2026l[?2026h[?25l[A[1Ggathering model components [K
copying file sha256:8875b53e09efb8221ff4f1c02a167e968d20c6331faa7c7206a5b57aa5316202 73% ⠋ [K[?25h[?2026l[?2026h[?25l[A[1Ggathering model components [K
copying file sha256:8875b53e09efb8221ff4f1c02a167e968d20c6331faa7c7206a5b57aa5316202 73% ⠙ [K[?25h[?2026l[?2026h[?25l[A[1Ggathering model components [K
copying file sha256:8875b53e09efb8221ff4f1c02a167e968d20c6331faa7c7206a5b57aa5316202 73% ⠹ [K[?25h[?2026l[?2026h[?25l[A[1Ggathering model components [K
copying file sha256:8875b53e09efb8221ff4f1c02a167e968d20c6331faa7c7206a5b57aa5316202 73% ⠸ [K[?25h[?2026l[?2026h[?25l[A[1Ggathering model components [K
copying file sha256:8875b53e09efb8221ff4f1c02a167e968d20c6331faa7c7206a5b57aa5316202 73% ⠼ [K[?25h[?2026l[?2026h[?25l[A[1Ggathering model components [K
copying file sha256:8875b53e09efb8221ff4f1c02a167e968d20c6331faa7c7206a5b57aa5316202 73% ⠴ [K[?25h[?2026l[?2026h[?25l[A[1Ggathering model components [K
copying file sha256:8875b53e09efb8221ff4f1c02a167e968d20c6331faa7c7206a5b57aa5316202 73% ⠦ [K[?25h[?2026l[?2026h[?25l[A[1Ggathering model components [K
copying file sha256:8875b53e09efb8221ff4f1c02a167e968d20c6331faa7c7206a5b57aa5316202 74% ⠧ [K[?25h[?2026l[?2026h[?25l[A[1Ggathering model components [K
copying file sha256:8875b53e09efb8221ff4f1c02a167e968d20c6331faa7c7206a5b57aa5316202 74% ⠇ [K[?25h[?2026l[?2026h[?25l[A[1Ggathering model components [K
copying file sha256:8875b53e09efb8221ff4f1c02a167e968d20c6331faa7c7206a5b57aa5316202 74% ⠏ [K[?25h[?2026l[?2026h[?25l[A[1Ggathering model components [K
copying file sha256:8875b53e09efb8221ff4f1c02a167e968d20c6331faa7c7206a5b57aa5316202 74% ⠋ [K[?25h[?2026l[?2026h[?25l[A[1Ggathering model components [K
copying file sha256:8875b53e09efb8221ff4f1c02a167e968d20c6331faa7c7206a5b57aa5316202 74% ⠙ [K[?25h[?2026l[?2026h[?25l[A[1Ggathering model components [K
copying file sha256:8875b53e09efb8221ff4f1c02a167e968d20c6331faa7c7206a5b57aa5316202 74% ⠹ [K[?25h[?2026l[?2026h[?25l[A[1Ggathering model components [K
copying file sha256:8875b53e09efb8221ff4f1c02a167e968d20c6331faa7c7206a5b57aa5316202 74% ⠸ [K[?25h[?2026l[?2026h[?25l[A[1Ggathering model components [K
copying file sha256:8875b53e09efb8221ff4f1c02a167e968d20c6331faa7c7206a5b57aa5316202 74% ⠼ [K[?25h[?2026l[?2026h[?25l[A[1Ggathering model components [K
copying file sha256:8875b53e09efb8221ff4f1c02a167e968d20c6331faa7c7206a5b57aa5316202 74% ⠴ [K[?25h[?2026l[?2026h[?25l[A[1Ggathering model components [K
copying file sha256:8875b53e09efb8221ff4f1c02a167e968d20c6331faa7c7206a5b57aa5316202 74% ⠦ [K[?25h[?2026l[?2026h[?25l[A[1Ggathering model components [K
copying file sha256:8875b53e09efb8221ff4f1c02a167e968d20c6331faa7c7206a5b57aa5316202 74% ⠧ [K[?25h[?2026l[?2026h[?25l[A[1Ggathering model components [K
copying file sha256:8875b53e09efb8221ff4f1c02a167e968d20c6331faa7c7206a5b57aa5316202 75% ⠇ [K[?25h[?2026l[?2026h[?25l[A[1Ggathering model components [K
copying file sha256:8875b53e09efb8221ff4f1c02a167e968d20c6331faa7c7206a5b57aa5316202 75% ⠏ [K[?25h[?2026l[?2026h[?25l[A[1Ggathering model components [K
copying file sha256:8875b53e09efb8221ff4f1c02a167e968d20c6331faa7c7206a5b57aa5316202 75% ⠋ [K[?25h[?2026l[?2026h[?25l[A[1Ggathering model components [K
copying file sha256:8875b53e09efb8221ff4f1c02a167e968d20c6331faa7c7206a5b57aa5316202 75% ⠙ [K[?25h[?2026l[?2026h[?25l[A[1Ggathering model components [K
copying file sha256:8875b53e09efb8221ff4f1c02a167e968d20c6331faa7c7206a5b57aa5316202 75% ⠹ [K[?25h[?2026l[?2026h[?25l[A[1Ggathering model components [K
copying file sha256:8875b53e09efb8221ff4f1c02a167e968d20c6331faa7c7206a5b57aa5316202 75% ⠸ [K[?25h[?2026l[?2026h[?25l[A[1Ggathering model components [K
copying file sha256:8875b53e09efb8221ff4f1c02a167e968d20c6331faa7c7206a5b57aa5316202 75% ⠼ [K[?25h[?2026l[?2026h[?25l[A[1Ggathering model components [K
copying file sha256:8875b53e09efb8221ff4f1c02a167e968d20c6331faa7c7206a5b57aa5316202 75% ⠴ [K[?25h[?2026l[?2026h[?25l[A[1Ggathering model components [K
copying file sha256:8875b53e09efb8221ff4f1c02a167e968d20c6331faa7c7206a5b57aa5316202 75% ⠦ [K[?25h[?2026l[?2026h[?25l[A[1Ggathering model components [K
copying file sha256:8875b53e09efb8221ff4f1c02a167e968d20c6331faa7c7206a5b57aa5316202 75% ⠧ [K[?25h[?2026l[?2026h[?25l[A[1Ggathering model components [K
copying file sha256:8875b53e09efb8221ff4f1c02a167e968d20c6331faa7c7206a5b57aa5316202 76% ⠇ [K[?25h[?2026l[?2026h[?25l[A[1Ggathering model components [K
copying file sha256:8875b53e09efb8221ff4f1c02a167e968d20c6331faa7c7206a5b57aa5316202 76% ⠏ [K[?25h[?2026l[?2026h[?25l[A[1Ggathering model components [K
copying file sha256:8875b53e09efb8221ff4f1c02a167e968d20c6331faa7c7206a5b57aa5316202 76% ⠋ [K[?25h[?2026l[?2026h[?25l[A[1Ggathering model components [K
copying file sha256:8875b53e09efb8221ff4f1c02a167e968d20c6331faa7c7206a5b57aa5316202 76% ⠙ [K[?25h[?2026l[?2026h[?25l[A[1Ggathering model components [K
copying file sha256:8875b53e09efb8221ff4f1c02a167e968d20c6331faa7c7206a5b57aa5316202 76% ⠹ [K[?25h[?2026l[?2026h[?25l[A[1Ggathering model components [K
copying file sha256:8875b53e09efb8221ff4f1c02a167e968d20c6331faa7c7206a5b57aa5316202 76% ⠸ [K[?25h[?2026l[?2026h[?25l[A[1Ggathering model components [K
copying file sha256:8875b53e09efb8221ff4f1c02a167e968d20c6331faa7c7206a5b57aa5316202 76% ⠼ [K[?25h[?2026l[?2026h[?25l[A[1Ggathering model components [K
copying file sha256:8875b53e09efb8221ff4f1c02a167e968d20c6331faa7c7206a5b57aa5316202 76% ⠴ [K[?25h[?2026l[?2026h[?25l[A[1Ggathering model components [K
copying file sha256:8875b53e09efb8221ff4f1c02a167e968d20c6331faa7c7206a5b57aa5316202 76% ⠦ [K[?25h[?2026l[?2026h[?25l[A[1Ggathering model components [K
copying file sha256:8875b53e09efb8221ff4f1c02a167e968d20c6331faa7c7206a5b57aa5316202 76% ⠧ [K[?25h[?2026l[?2026h[?25l[A[1Ggathering model components [K
copying file sha256:8875b53e09efb8221ff4f1c02a167e968d20c6331faa7c7206a5b57aa5316202 76% ⠇ [K[?25h[?2026l[?2026h[?25l[A[1Ggathering model components [K
copying file sha256:8875b53e09efb8221ff4f1c02a167e968d20c6331faa7c7206a5b57aa5316202 77% ⠏ [K[?25h[?2026l[?2026h[?25l[A[1Ggathering model components [K
copying file sha256:8875b53e09efb8221ff4f1c02a167e968d20c6331faa7c7206a5b57aa5316202 77% ⠋ [K[?25h[?2026l[?2026h[?25l[A[1Ggathering model components [K
copying file sha256:8875b53e09efb8221ff4f1c02a167e968d20c6331faa7c7206a5b57aa5316202 77% ⠙ [K[?25h[?2026l[?2026h[?25l[A[1Ggathering model components [K
copying file sha256:8875b53e09efb8221ff4f1c02a167e968d20c6331faa7c7206a5b57aa5316202 77% ⠹ [K[?25h[?2026l[?2026h[?25l[A[1Ggathering model components [K
copying file sha256:8875b53e09efb8221ff4f1c02a167e968d20c6331faa7c7206a5b57aa5316202 77% ⠸ [K[?25h[?2026l[?2026h[?25l[A[1Ggathering model components [K
copying file sha256:8875b53e09efb8221ff4f1c02a167e968d20c6331faa7c7206a5b57aa5316202 77% ⠼ [K[?25h[?2026l[?2026h[?25l[A[1Ggathering model components [K
copying file sha256:8875b53e09efb8221ff4f1c02a167e968d20c6331faa7c7206a5b57aa5316202 77% ⠴ [K[?25h[?2026l[?2026h[?25l[A[1Ggathering model components [K
copying file sha256:8875b53e09efb8221ff4f1c02a167e968d20c6331faa7c7206a5b57aa5316202 77% ⠦ [K[?25h[?2026l[?2026h[?25l[A[1Ggathering model components [K
copying file sha256:8875b53e09efb8221ff4f1c02a167e968d20c6331faa7c7206a5b57aa5316202 77% ⠧ [K[?25h[?2026l[?2026h[?25l[A[1Ggathering model components [K
copying file sha256:8875b53e09efb8221ff4f1c02a167e968d20c6331faa7c7206a5b57aa5316202 77% ⠇ [K[?25h[?2026l[?2026h[?25l[A[1Ggathering model components [K
copying file sha256:8875b53e09efb8221ff4f1c02a167e968d20c6331faa7c7206a5b57aa5316202 78% ⠏ [K[?25h[?2026l[?2026h[?25l[A[1Ggathering model components [K
copying file sha256:8875b53e09efb8221ff4f1c02a167e968d20c6331faa7c7206a5b57aa5316202 78% ⠋ [K[?25h[?2026l[?2026h[?25l[A[1Ggathering model components [K
copying file sha256:8875b53e09efb8221ff4f1c02a167e968d20c6331faa7c7206a5b57aa5316202 78% ⠙ [K[?25h[?2026l[?2026h[?25l[A[1Ggathering model components [K
copying file sha256:8875b53e09efb8221ff4f1c02a167e968d20c6331faa7c7206a5b57aa5316202 78% ⠹ [K[?25h[?2026l[?2026h[?25l[A[1Ggathering model components [K
copying file sha256:8875b53e09efb8221ff4f1c02a167e968d20c6331faa7c7206a5b57aa5316202 78% ⠸ [K[?25h[?2026l[?2026h[?25l[A[1Ggathering model components [K
copying file sha256:8875b53e09efb8221ff4f1c02a167e968d20c6331faa7c7206a5b57aa5316202 78% ⠼ [K[?25h[?2026l[?2026h[?25l[A[1Ggathering model components [K
copying file sha256:8875b53e09efb8221ff4f1c02a167e968d20c6331faa7c7206a5b57aa5316202 78% ⠴ [K[?25h[?2026l[?2026h[?25l[A[1Ggathering model components [K
copying file sha256:8875b53e09efb8221ff4f1c02a167e968d20c6331faa7c7206a5b57aa5316202 78% ⠦ [K[?25h[?2026l[?2026h[?25l[A[1Ggathering model components [K
copying file sha256:8875b53e09efb8221ff4f1c02a167e968d20c6331faa7c7206a5b57aa5316202 78% ⠧ [K[?25h[?2026l[?2026h[?25l[A[1Ggathering model components [K
copying file sha256:8875b53e09efb8221ff4f1c02a167e968d20c6331faa7c7206a5b57aa5316202 78% ⠇ [K[?25h[?2026l[?2026h[?25l[A[1Ggathering model components [K
copying file sha256:8875b53e09efb8221ff4f1c02a167e968d20c6331faa7c7206a5b57aa5316202 78% ⠏ [K[?25h[?2026l[?2026h[?25l[A[1Ggathering model components [K
copying file sha256:8875b53e09efb8221ff4f1c02a167e968d20c6331faa7c7206a5b57aa5316202 79% ⠋ [K[?25h[?2026l[?2026h[?25l[A[1Ggathering model components [K
copying file sha256:8875b53e09efb8221ff4f1c02a167e968d20c6331faa7c7206a5b57aa5316202 79% ⠙ [K[?25h[?2026l[?2026h[?25l[A[1Ggathering model components [K
copying file sha256:8875b53e09efb8221ff4f1c02a167e968d20c6331faa7c7206a5b57aa5316202 79% ⠹ [K[?25h[?2026l[?2026h[?25l[A[1Ggathering model components [K
copying file sha256:8875b53e09efb8221ff4f1c02a167e968d20c6331faa7c7206a5b57aa5316202 79% ⠸ [K[?25h[?2026l[?2026h[?25l[A[1Ggathering model components [K
copying file sha256:8875b53e09efb8221ff4f1c02a167e968d20c6331faa7c7206a5b57aa5316202 79% ⠼ [K[?25h[?2026l[?2026h[?25l[A[1Ggathering model components [K
copying file sha256:8875b53e09efb8221ff4f1c02a167e968d20c6331faa7c7206a5b57aa5316202 79% ⠴ [K[?25h[?2026l[?2026h[?25l[A[1Ggathering model components [K
copying file sha256:8875b53e09efb8221ff4f1c02a167e968d20c6331faa7c7206a5b57aa5316202 79% ⠦ [K[?25h[?2026l[?2026h[?25l[A[1Ggathering model components [K
copying file sha256:8875b53e09efb8221ff4f1c02a167e968d20c6331faa7c7206a5b57aa5316202 79% ⠧ [K[?25h[?2026l[?2026h[?25l[A[1Ggathering model components [K
copying file sha256:8875b53e09efb8221ff4f1c02a167e968d20c6331faa7c7206a5b57aa5316202 79% ⠇ [K[?25h[?2026l[?2026h[?25l[A[1Ggathering model components [K
copying file sha256:8875b53e09efb8221ff4f1c02a167e968d20c6331faa7c7206a5b57aa5316202 79% ⠏ [K[?25h[?2026l[?2026h[?25l[A[1Ggathering model components [K
copying file sha256:8875b53e09efb8221ff4f1c02a167e968d20c6331faa7c7206a5b57aa5316202 80% ⠋ [K[?25h[?2026l[?2026h[?25l[A[1Ggathering model components [K
copying file sha256:8875b53e09efb8221ff4f1c02a167e968d20c6331faa7c7206a5b57aa5316202 80% ⠙ [K[?25h[?2026l[?2026h[?25l[A[1Ggathering model components [K
copying file sha256:8875b53e09efb8221ff4f1c02a167e968d20c6331faa7c7206a5b57aa5316202 80% ⠹ [K[?25h[?2026l[?2026h[?25l[A[1Ggathering model components [K
copying file sha256:8875b53e09efb8221ff4f1c02a167e968d20c6331faa7c7206a5b57aa5316202 80% ⠸ [K[?25h[?2026l[?2026h[?25l[A[1Ggathering model components [K
copying file sha256:8875b53e09efb8221ff4f1c02a167e968d20c6331faa7c7206a5b57aa5316202 80% ⠼ [K[?25h[?2026l[?2026h[?25l[A[1Ggathering model components [K
copying file sha256:8875b53e09efb8221ff4f1c02a167e968d20c6331faa7c7206a5b57aa5316202 80% ⠴ [K[?25h[?2026l[?2026h[?25l[A[1Ggathering model components [K
copying file sha256:8875b53e09efb8221ff4f1c02a167e968d20c6331faa7c7206a5b57aa5316202 80% ⠦ [K[?25h[?2026l[?2026h[?25l[A[1Ggathering model components [K
copying file sha256:8875b53e09efb8221ff4f1c02a167e968d20c6331faa7c7206a5b57aa5316202 80% ⠧ [K[?25h[?2026l[?2026h[?25l[A[1Ggathering model components [K
copying file sha256:8875b53e09efb8221ff4f1c02a167e968d20c6331faa7c7206a5b57aa5316202 80% ⠇ [K[?25h[?2026l[?2026h[?25l[A[1Ggathering model components [K
copying file sha256:8875b53e09efb8221ff4f1c02a167e968d20c6331faa7c7206a5b57aa5316202 80% ⠏ [K[?25h[?2026l[?2026h[?25l[A[1Ggathering model components [K
copying file sha256:8875b53e09efb8221ff4f1c02a167e968d20c6331faa7c7206a5b57aa5316202 81% ⠋ [K[?25h[?2026l[?2026h[?25l[A[1Ggathering model components [K
copying file sha256:8875b53e09efb8221ff4f1c02a167e968d20c6331faa7c7206a5b57aa5316202 81% ⠙ [K[?25h[?2026l[?2026h[?25l[A[1Ggathering model components [K
copying file sha256:8875b53e09efb8221ff4f1c02a167e968d20c6331faa7c7206a5b57aa5316202 81% ⠹ [K[?25h[?2026l[?2026h[?25l[A[1Ggathering model components [K
copying file sha256:8875b53e09efb8221ff4f1c02a167e968d20c6331faa7c7206a5b57aa5316202 81% ⠸ [K[?25h[?2026l[?2026h[?25l[A[1Ggathering model components [K
copying file sha256:8875b53e09efb8221ff4f1c02a167e968d20c6331faa7c7206a5b57aa5316202 81% ⠼ [K[?25h[?2026l[?2026h[?25l[A[1Ggathering model components [K
copying file sha256:8875b53e09efb8221ff4f1c02a167e968d20c6331faa7c7206a5b57aa5316202 81% ⠴ [K[?25h[?2026l[?2026h[?25l[A[1Ggathering model components [K
copying file sha256:8875b53e09efb8221ff4f1c02a167e968d20c6331faa7c7206a5b57aa5316202 81% ⠦ [K[?25h[?2026l[?2026h[?25l[A[1Ggathering model components [K
copying file sha256:8875b53e09efb8221ff4f1c02a167e968d20c6331faa7c7206a5b57aa5316202 81% ⠧ [K[?25h[?2026l[?2026h[?25l[A[1Ggathering model components [K
copying file sha256:8875b53e09efb8221ff4f1c02a167e968d20c6331faa7c7206a5b57aa5316202 81% ⠇ [K[?25h[?2026l[?2026h[?25l[A[1Ggathering model components [K
copying file sha256:8875b53e09efb8221ff4f1c02a167e968d20c6331faa7c7206a5b57aa5316202 81% ⠏ [K[?25h[?2026l[?2026h[?25l[A[1Ggathering model components [K
copying file sha256:8875b53e09efb8221ff4f1c02a167e968d20c6331faa7c7206a5b57aa5316202 81% ⠋ [K[?25h[?2026l[?2026h[?25l[A[1Ggathering model components [K
copying file sha256:8875b53e09efb8221ff4f1c02a167e968d20c6331faa7c7206a5b57aa5316202 82% ⠙ [K[?25h[?2026l[?2026h[?25l[A[1Ggathering model components [K
copying file sha256:8875b53e09efb8221ff4f1c02a167e968d20c6331faa7c7206a5b57aa5316202 82% ⠹ [K[?25h[?2026l[?2026h[?25l[A[1Ggathering model components [K
copying file sha256:8875b53e09efb8221ff4f1c02a167e968d20c6331faa7c7206a5b57aa5316202 82% ⠸ [K[?25h[?2026l[?2026h[?25l[A[1Ggathering model components [K
copying file sha256:8875b53e09efb8221ff4f1c02a167e968d20c6331faa7c7206a5b57aa5316202 82% ⠼ [K[?25h[?2026l[?2026h[?25l[A[1Ggathering model components [K
copying file sha256:8875b53e09efb8221ff4f1c02a167e968d20c6331faa7c7206a5b57aa5316202 82% ⠴ [K[?25h[?2026l[?2026h[?25l[A[1Ggathering model components [K
copying file sha256:8875b53e09efb8221ff4f1c02a167e968d20c6331faa7c7206a5b57aa5316202 82% ⠦ [K[?25h[?2026l[?2026h[?25l[A[1Ggathering model components [K
copying file sha256:8875b53e09efb8221ff4f1c02a167e968d20c6331faa7c7206a5b57aa5316202 82% ⠧ [K[?25h[?2026l[?2026h[?25l[A[1Ggathering model components [K
copying file sha256:8875b53e09efb8221ff4f1c02a167e968d20c6331faa7c7206a5b57aa5316202 82% ⠇ [K[?25h[?2026l[?2026h[?25l[A[1Ggathering model components [K
copying file sha256:8875b53e09efb8221ff4f1c02a167e968d20c6331faa7c7206a5b57aa5316202 82% ⠏ [K[?25h[?2026l[?2026h[?25l[A[1Ggathering model components [K
copying file sha256:8875b53e09efb8221ff4f1c02a167e968d20c6331faa7c7206a5b57aa5316202 82% ⠋ [K[?25h[?2026l[?2026h[?25l[A[1Ggathering model components [K
copying file sha256:8875b53e09efb8221ff4f1c02a167e968d20c6331faa7c7206a5b57aa5316202 83% ⠙ [K[?25h[?2026l[?2026h[?25l[A[1Ggathering model components [K
copying file sha256:8875b53e09efb8221ff4f1c02a167e968d20c6331faa7c7206a5b57aa5316202 83% ⠹ [K[?25h[?2026l[?2026h[?25l[A[1Ggathering model components [K
copying file sha256:8875b53e09efb8221ff4f1c02a167e968d20c6331faa7c7206a5b57aa5316202 83% ⠸ [K[?25h[?2026l[?2026h[?25l[A[1Ggathering model components [K
copying file sha256:8875b53e09efb8221ff4f1c02a167e968d20c6331faa7c7206a5b57aa5316202 83% ⠼ [K[?25h[?2026l[?2026h[?25l[A[1Ggathering model components [K
copying file sha256:8875b53e09efb8221ff4f1c02a167e968d20c6331faa7c7206a5b57aa5316202 83% ⠴ [K[?25h[?2026l[?2026h[?25l[A[1Ggathering model components [K
copying file sha256:8875b53e09efb8221ff4f1c02a167e968d20c6331faa7c7206a5b57aa5316202 83% ⠦ [K[?25h[?2026l[?2026h[?25l[A[1Ggathering model components [K
copying file sha256:8875b53e09efb8221ff4f1c02a167e968d20c6331faa7c7206a5b57aa5316202 83% ⠧ [K[?25h[?2026l[?2026h[?25l[A[1Ggathering model components [K
copying file sha256:8875b53e09efb8221ff4f1c02a167e968d20c6331faa7c7206a5b57aa5316202 83% ⠇ [K[?25h[?2026l[?2026h[?25l[A[1Ggathering model components [K
copying file sha256:8875b53e09efb8221ff4f1c02a167e968d20c6331faa7c7206a5b57aa5316202 83% ⠏ [K[?25h[?2026l[?2026h[?25l[A[1Ggathering model components [K
copying file sha256:8875b53e09efb8221ff4f1c02a167e968d20c6331faa7c7206a5b57aa5316202 83% ⠋ [K[?25h[?2026l[?2026h[?25l[A[1Ggathering model components [K
copying file sha256:8875b53e09efb8221ff4f1c02a167e968d20c6331faa7c7206a5b57aa5316202 84% ⠙ [K[?25h[?2026l[?2026h[?25l[A[1Ggathering model components [K
copying file sha256:8875b53e09efb8221ff4f1c02a167e968d20c6331faa7c7206a5b57aa5316202 84% ⠹ [K[?25h[?2026l[?2026h[?25l[A[1Ggathering model components [K
copying file sha256:8875b53e09efb8221ff4f1c02a167e968d20c6331faa7c7206a5b57aa5316202 84% ⠸ [K[?25h[?2026l[?2026h[?25l[A[1Ggathering model components [K
copying file sha256:8875b53e09efb8221ff4f1c02a167e968d20c6331faa7c7206a5b57aa5316202 84% ⠼ [K[?25h[?2026l[?2026h[?25l[A[1Ggathering model components [K
copying file sha256:8875b53e09efb8221ff4f1c02a167e968d20c6331faa7c7206a5b57aa5316202 84% ⠴ [K[?25h[?2026l[?2026h[?25l[A[1Ggathering model components [K
copying file sha256:8875b53e09efb8221ff4f1c02a167e968d20c6331faa7c7206a5b57aa5316202 84% ⠦ [K[?25h[?2026l[?2026h[?25l[A[1Ggathering model components [K
copying file sha256:8875b53e09efb8221ff4f1c02a167e968d20c6331faa7c7206a5b57aa5316202 84% ⠧ [K[?25h[?2026l[?2026h[?25l[A[1Ggathering model components [K
copying file sha256:8875b53e09efb8221ff4f1c02a167e968d20c6331faa7c7206a5b57aa5316202 84% ⠇ [K[?25h[?2026l[?2026h[?25l[A[1Ggathering model components [K
copying file sha256:8875b53e09efb8221ff4f1c02a167e968d20c6331faa7c7206a5b57aa5316202 84% ⠏ [K[?25h[?2026l[?2026h[?25l[A[1Ggathering model components [K
copying file sha256:8875b53e09efb8221ff4f1c02a167e968d20c6331faa7c7206a5b57aa5316202 84% ⠋ [K[?25h[?2026l[?2026h[?25l[A[1Ggathering model components [K
copying file sha256:8875b53e09efb8221ff4f1c02a167e968d20c6331faa7c7206a5b57aa5316202 85% ⠙ [K[?25h[?2026l[?2026h[?25l[A[1Ggathering model components [K
copying file sha256:8875b53e09efb8221ff4f1c02a167e968d20c6331faa7c7206a5b57aa5316202 85% ⠹ [K[?25h[?2026l[?2026h[?25l[A[1Ggathering model components [K
copying file sha256:8875b53e09efb8221ff4f1c02a167e968d20c6331faa7c7206a5b57aa5316202 85% ⠸ [K[?25h[?2026l[?2026h[?25l[A[1Ggathering model components [K
copying file sha256:8875b53e09efb8221ff4f1c02a167e968d20c6331faa7c7206a5b57aa5316202 85% ⠼ [K[?25h[?2026l[?2026h[?25l[A[1Ggathering model components [K
copying file sha256:8875b53e09efb8221ff4f1c02a167e968d20c6331faa7c7206a5b57aa5316202 85% ⠴ [K[?25h[?2026l[?2026h[?25l[A[1Ggathering model components [K
copying file sha256:8875b53e09efb8221ff4f1c02a167e968d20c6331faa7c7206a5b57aa5316202 85% ⠦ [K[?25h[?2026l[?2026h[?25l[A[1Ggathering model components [K
copying file sha256:8875b53e09efb8221ff4f1c02a167e968d20c6331faa7c7206a5b57aa5316202 85% ⠧ [K[?25h[?2026l[?2026h[?25l[A[1Ggathering model components [K
copying file sha256:8875b53e09efb8221ff4f1c02a167e968d20c6331faa7c7206a5b57aa5316202 85% ⠇ [K[?25h[?2026l[?2026h[?25l[A[1Ggathering model components [K
copying file sha256:8875b53e09efb8221ff4f1c02a167e968d20c6331faa7c7206a5b57aa5316202 85% ⠏ [K[?25h[?2026l[?2026h[?25l[A[1Ggathering model components [K
copying file sha256:8875b53e09efb8221ff4f1c02a167e968d20c6331faa7c7206a5b57aa5316202 85% ⠋ [K[?25h[?2026l[?2026h[?25l[A[1Ggathering model components [K
copying file sha256:8875b53e09efb8221ff4f1c02a167e968d20c6331faa7c7206a5b57aa5316202 85% ⠙ [K[?25h[?2026l[?2026h[?25l[A[1Ggathering model components [K
copying file sha256:8875b53e09efb8221ff4f1c02a167e968d20c6331faa7c7206a5b57aa5316202 86% ⠹ [K[?25h[?2026l[?2026h[?25l[A[1Ggathering model components [K
copying file sha256:8875b53e09efb8221ff4f1c02a167e968d20c6331faa7c7206a5b57aa5316202 86% ⠸ [K[?25h[?2026l[?2026h[?25l[A[1Ggathering model components [K
copying file sha256:8875b53e09efb8221ff4f1c02a167e968d20c6331faa7c7206a5b57aa5316202 86% ⠼ [K[?25h[?2026l[?2026h[?25l[A[1Ggathering model components [K
copying file sha256:8875b53e09efb8221ff4f1c02a167e968d20c6331faa7c7206a5b57aa5316202 86% ⠴ [K[?25h[?2026l[?2026h[?25l[A[1Ggathering model components [K
copying file sha256:8875b53e09efb8221ff4f1c02a167e968d20c6331faa7c7206a5b57aa5316202 86% ⠦ [K[?25h[?2026l[?2026h[?25l[A[1Ggathering model components [K
copying file sha256:8875b53e09efb8221ff4f1c02a167e968d20c6331faa7c7206a5b57aa5316202 86% ⠧ [K[?25h[?2026l[?2026h[?25l[A[1Ggathering model components [K
copying file sha256:8875b53e09efb8221ff4f1c02a167e968d20c6331faa7c7206a5b57aa5316202 86% ⠇ [K[?25h[?2026l[?2026h[?25l[A[1Ggathering model components [K
copying file sha256:8875b53e09efb8221ff4f1c02a167e968d20c6331faa7c7206a5b57aa5316202 86% ⠏ [K[?25h[?2026l[?2026h[?25l[A[1Ggathering model components [K
copying file sha256:8875b53e09efb8221ff4f1c02a167e968d20c6331faa7c7206a5b57aa5316202 86% ⠋ [K[?25h[?2026l[?2026h[?25l[A[1Ggathering model components [K
copying file sha256:8875b53e09efb8221ff4f1c02a167e968d20c6331faa7c7206a5b57aa5316202 86% ⠙ [K[?25h[?2026l[?2026h[?25l[A[1Ggathering model components [K
copying file sha256:8875b53e09efb8221ff4f1c02a167e968d20c6331faa7c7206a5b57aa5316202 87% ⠹ [K[?25h[?2026l[?2026h[?25l[A[1Ggathering model components [K
copying file sha256:8875b53e09efb8221ff4f1c02a167e968d20c6331faa7c7206a5b57aa5316202 87% ⠸ [K[?25h[?2026l[?2026h[?25l[A[1Ggathering model components [K
copying file sha256:8875b53e09efb8221ff4f1c02a167e968d20c6331faa7c7206a5b57aa5316202 87% ⠼ [K[?25h[?2026l[?2026h[?25l[A[1Ggathering model components [K
copying file sha256:8875b53e09efb8221ff4f1c02a167e968d20c6331faa7c7206a5b57aa5316202 87% ⠴ [K[?25h[?2026l[?2026h[?25l[A[1Ggathering model components [K
copying file sha256:8875b53e09efb8221ff4f1c02a167e968d20c6331faa7c7206a5b57aa5316202 87% ⠦ [K[?25h[?2026l[?2026h[?25l[A[1Ggathering model components [K
copying file sha256:8875b53e09efb8221ff4f1c02a167e968d20c6331faa7c7206a5b57aa5316202 87% ⠧ [K[?25h[?2026l[?2026h[?25l[A[1Ggathering model components [K
copying file sha256:8875b53e09efb8221ff4f1c02a167e968d20c6331faa7c7206a5b57aa5316202 87% ⠇ [K[?25h[?2026l[?2026h[?25l[A[1Ggathering model components [K
copying file sha256:8875b53e09efb8221ff4f1c02a167e968d20c6331faa7c7206a5b57aa5316202 87% ⠏ [K[?25h[?2026l[?2026h[?25l[A[1Ggathering model components [K
copying file sha256:8875b53e09efb8221ff4f1c02a167e968d20c6331faa7c7206a5b57aa5316202 87% ⠋ [K[?25h[?2026l[?2026h[?25l[A[1Ggathering model components [K
copying file sha256:8875b53e09efb8221ff4f1c02a167e968d20c6331faa7c7206a5b57aa5316202 87% ⠙ [K[?25h[?2026l[?2026h[?25l[A[1Ggathering model components [K
copying file sha256:8875b53e09efb8221ff4f1c02a167e968d20c6331faa7c7206a5b57aa5316202 88% ⠹ [K[?25h[?2026l[?2026h[?25l[A[1Ggathering model components [K
copying file sha256:8875b53e09efb8221ff4f1c02a167e968d20c6331faa7c7206a5b57aa5316202 88% ⠸ [K[?25h[?2026l[?2026h[?25l[A[1Ggathering model components [K
copying file sha256:8875b53e09efb8221ff4f1c02a167e968d20c6331faa7c7206a5b57aa5316202 88% ⠼ [K[?25h[?2026l[?2026h[?25l[A[1Ggathering model components [K
copying file sha256:8875b53e09efb8221ff4f1c02a167e968d20c6331faa7c7206a5b57aa5316202 88% ⠴ [K[?25h[?2026l[?2026h[?25l[A[1Ggathering model components [K
copying file sha256:8875b53e09efb8221ff4f1c02a167e968d20c6331faa7c7206a5b57aa5316202 88% ⠦ [K[?25h[?2026l[?2026h[?25l[A[1Ggathering model components [K
copying file sha256:8875b53e09efb8221ff4f1c02a167e968d20c6331faa7c7206a5b57aa5316202 88% ⠧ [K[?25h[?2026l[?2026h[?25l[A[1Ggathering model components [K
copying file sha256:8875b53e09efb8221ff4f1c02a167e968d20c6331faa7c7206a5b57aa5316202 88% ⠇ [K[?25h[?2026l[?2026h[?25l[A[1Ggathering model components [K
copying file sha256:8875b53e09efb8221ff4f1c02a167e968d20c6331faa7c7206a5b57aa5316202 88% ⠏ [K[?25h[?2026l[?2026h[?25l[A[1Ggathering model components [K
copying file sha256:8875b53e09efb8221ff4f1c02a167e968d20c6331faa7c7206a5b57aa5316202 88% ⠋ [K[?25h[?2026l[?2026h[?25l[A[1Ggathering model components [K
copying file sha256:8875b53e09efb8221ff4f1c02a167e968d20c6331faa7c7206a5b57aa5316202 88% ⠙ [K[?25h[?2026l[?2026h[?25l[A[1Ggathering model components [K
copying file sha256:8875b53e09efb8221ff4f1c02a167e968d20c6331faa7c7206a5b57aa5316202 88% ⠹ [K[?25h[?2026l[?2026h[?25l[A[1Ggathering model components [K
copying file sha256:8875b53e09efb8221ff4f1c02a167e968d20c6331faa7c7206a5b57aa5316202 89% ⠸ [K[?25h[?2026l[?2026h[?25l[A[1Ggathering model components [K
copying file sha256:8875b53e09efb8221ff4f1c02a167e968d20c6331faa7c7206a5b57aa5316202 89% ⠼ [K[?25h[?2026l[?2026h[?25l[A[1Ggathering model components [K
copying file sha256:8875b53e09efb8221ff4f1c02a167e968d20c6331faa7c7206a5b57aa5316202 89% ⠴ [K[?25h[?2026l[?2026h[?25l[A[1Ggathering model components [K
copying file sha256:8875b53e09efb8221ff4f1c02a167e968d20c6331faa7c7206a5b57aa5316202 89% ⠦ [K[?25h[?2026l[?2026h[?25l[A[1Ggathering model components [K
copying file sha256:8875b53e09efb8221ff4f1c02a167e968d20c6331faa7c7206a5b57aa5316202 89% ⠧ [K[?25h[?2026l[?2026h[?25l[A[1Ggathering model components [K
copying file sha256:8875b53e09efb8221ff4f1c02a167e968d20c6331faa7c7206a5b57aa5316202 89% ⠇ [K[?25h[?2026l[?2026h[?25l[A[1Ggathering model components [K
copying file sha256:8875b53e09efb8221ff4f1c02a167e968d20c6331faa7c7206a5b57aa5316202 89% ⠏ [K[?25h[?2026l[?2026h[?25l[A[1Ggathering model components [K
copying file sha256:8875b53e09efb8221ff4f1c02a167e968d20c6331faa7c7206a5b57aa5316202 89% ⠋ [K[?25h[?2026l[?2026h[?25l[A[1Ggathering model components [K
copying file sha256:8875b53e09efb8221ff4f1c02a167e968d20c6331faa7c7206a5b57aa5316202 89% ⠙ [K[?25h[?2026l[?2026h[?25l[A[1Ggathering model components [K
copying file sha256:8875b53e09efb8221ff4f1c02a167e968d20c6331faa7c7206a5b57aa5316202 90% ⠹ [K[?25h[?2026l[?2026h[?25l[A[1Ggathering model components [K
copying file sha256:8875b53e09efb8221ff4f1c02a167e968d20c6331faa7c7206a5b57aa5316202 90% ⠸ [K[?25h[?2026l[?2026h[?25l[A[1Ggathering model components [K
copying file sha256:8875b53e09efb8221ff4f1c02a167e968d20c6331faa7c7206a5b57aa5316202 90% ⠼ [K[?25h[?2026l[?2026h[?25l[A[1Ggathering model components [K
copying file sha256:8875b53e09efb8221ff4f1c02a167e968d20c6331faa7c7206a5b57aa5316202 90% ⠴ [K[?25h[?2026l[?2026h[?25l[A[1Ggathering model components [K
copying file sha256:8875b53e09efb8221ff4f1c02a167e968d20c6331faa7c7206a5b57aa5316202 90% ⠦ [K[?25h[?2026l[?2026h[?25l[A[1Ggathering model components [K
copying file sha256:8875b53e09efb8221ff4f1c02a167e968d20c6331faa7c7206a5b57aa5316202 90% ⠧ [K[?25h[?2026l[?2026h[?25l[A[1Ggathering model components [K
copying file sha256:8875b53e09efb8221ff4f1c02a167e968d20c6331faa7c7206a5b57aa5316202 90% ⠇ [K[?25h[?2026l[?2026h[?25l[A[1Ggathering model components [K
copying file sha256:8875b53e09efb8221ff4f1c02a167e968d20c6331faa7c7206a5b57aa5316202 90% ⠏ [K[?25h[?2026l[?2026h[?25l[A[1Ggathering model components [K
copying file sha256:8875b53e09efb8221ff4f1c02a167e968d20c6331faa7c7206a5b57aa5316202 90% ⠋ [K[?25h[?2026l[?2026h[?25l[A[1Ggathering model components [K
copying file sha256:8875b53e09efb8221ff4f1c02a167e968d20c6331faa7c7206a5b57aa5316202 90% ⠙ [K[?25h[?2026l[?2026h[?25l[A[1Ggathering model components [K
copying file sha256:8875b53e09efb8221ff4f1c02a167e968d20c6331faa7c7206a5b57aa5316202 90% ⠹ [K[?25h[?2026l[?2026h[?25l[A[1Ggathering model components [K
copying file sha256:8875b53e09efb8221ff4f1c02a167e968d20c6331faa7c7206a5b57aa5316202 91% ⠸ [K[?25h[?2026l[?2026h[?25l[A[1Ggathering model components [K
copying file sha256:8875b53e09efb8221ff4f1c02a167e968d20c6331faa7c7206a5b57aa5316202 91% ⠼ [K[?25h[?2026l[?2026h[?25l[A[1Ggathering model components [K
copying file sha256:8875b53e09efb8221ff4f1c02a167e968d20c6331faa7c7206a5b57aa5316202 91% ⠴ [K[?25h[?2026l[?2026h[?25l[A[1Ggathering model components [K
copying file sha256:8875b53e09efb8221ff4f1c02a167e968d20c6331faa7c7206a5b57aa5316202 91% ⠦ [K[?25h[?2026l[?2026h[?25l[A[1Ggathering model components [K
copying file sha256:8875b53e09efb8221ff4f1c02a167e968d20c6331faa7c7206a5b57aa5316202 91% ⠧ [K[?25h[?2026l[?2026h[?25l[A[1Ggathering model components [K
copying file sha256:8875b53e09efb8221ff4f1c02a167e968d20c6331faa7c7206a5b57aa5316202 91% ⠇ [K[?25h[?2026l[?2026h[?25l[A[1Ggathering model components [K
copying file sha256:8875b53e09efb8221ff4f1c02a167e968d20c6331faa7c7206a5b57aa5316202 91% ⠏ [K[?25h[?2026l[?2026h[?25l[A[1Ggathering model components [K
copying file sha256:8875b53e09efb8221ff4f1c02a167e968d20c6331faa7c7206a5b57aa5316202 91% ⠋ [K[?25h[?2026l[?2026h[?25l[A[1Ggathering model components [K
copying file sha256:8875b53e09efb8221ff4f1c02a167e968d20c6331faa7c7206a5b57aa5316202 91% ⠙ [K[?25h[?2026l[?2026h[?25l[A[1Ggathering model components [K
copying file sha256:8875b53e09efb8221ff4f1c02a167e968d20c6331faa7c7206a5b57aa5316202 91% ⠹ [K[?25h[?2026l[?2026h[?25l[A[1Ggathering model components [K
copying file sha256:8875b53e09efb8221ff4f1c02a167e968d20c6331faa7c7206a5b57aa5316202 92% ⠸ [K[?25h[?2026l[?2026h[?25l[A[1Ggathering model components [K
copying file sha256:8875b53e09efb8221ff4f1c02a167e968d20c6331faa7c7206a5b57aa5316202 92% ⠼ [K[?25h[?2026l[?2026h[?25l[A[1Ggathering model components [K
copying file sha256:8875b53e09efb8221ff4f1c02a167e968d20c6331faa7c7206a5b57aa5316202 92% ⠴ [K[?25h[?2026l[?2026h[?25l[A[1Ggathering model components [K
copying file sha256:8875b53e09efb8221ff4f1c02a167e968d20c6331faa7c7206a5b57aa5316202 92% ⠦ [K[?25h[?2026l[?2026h[?25l[A[1Ggathering model components [K
copying file sha256:8875b53e09efb8221ff4f1c02a167e968d20c6331faa7c7206a5b57aa5316202 92% ⠧ [K[?25h[?2026l[?2026h[?25l[A[1Ggathering model components [K
copying file sha256:8875b53e09efb8221ff4f1c02a167e968d20c6331faa7c7206a5b57aa5316202 92% ⠇ [K[?25h[?2026l[?2026h[?25l[A[1Ggathering model components [K
copying file sha256:8875b53e09efb8221ff4f1c02a167e968d20c6331faa7c7206a5b57aa5316202 92% ⠏ [K[?25h[?2026l[?2026h[?25l[A[1Ggathering model components [K
copying file sha256:8875b53e09efb8221ff4f1c02a167e968d20c6331faa7c7206a5b57aa5316202 92% ⠋ [K[?25h[?2026l[?2026h[?25l[A[1Ggathering model components [K
copying file sha256:8875b53e09efb8221ff4f1c02a167e968d20c6331faa7c7206a5b57aa5316202 92% ⠙ [K[?25h[?2026l[?2026h[?25l[A[1Ggathering model components [K
copying file sha256:8875b53e09efb8221ff4f1c02a167e968d20c6331faa7c7206a5b57aa5316202 92% ⠹ [K[?25h[?2026l[?2026h[?25l[A[1Ggathering model components [K
copying file sha256:8875b53e09efb8221ff4f1c02a167e968d20c6331faa7c7206a5b57aa5316202 92% ⠸ [K[?25h[?2026l[?2026h[?25l[A[1Ggathering model components [K
copying file sha256:8875b53e09efb8221ff4f1c02a167e968d20c6331faa7c7206a5b57aa5316202 93% ⠼ [K[?25h[?2026l[?2026h[?25l[A[1Ggathering model components [K
copying file sha256:8875b53e09efb8221ff4f1c02a167e968d20c6331faa7c7206a5b57aa5316202 93% ⠴ [K[?25h[?2026l[?2026h[?25l[A[1Ggathering model components [K
copying file sha256:8875b53e09efb8221ff4f1c02a167e968d20c6331faa7c7206a5b57aa5316202 93% ⠦ [K[?25h[?2026l[?2026h[?25l[A[1Ggathering model components [K
copying file sha256:8875b53e09efb8221ff4f1c02a167e968d20c6331faa7c7206a5b57aa5316202 93% ⠧ [K[?25h[?2026l[?2026h[?25l[A[1Ggathering model components [K
copying file sha256:8875b53e09efb8221ff4f1c02a167e968d20c6331faa7c7206a5b57aa5316202 93% ⠇ [K[?25h[?2026l[?2026h[?25l[A[1Ggathering model components [K
copying file sha256:8875b53e09efb8221ff4f1c02a167e968d20c6331faa7c7206a5b57aa5316202 93% ⠏ [K[?25h[?2026l[?2026h[?25l[A[1Ggathering model components [K
copying file sha256:8875b53e09efb8221ff4f1c02a167e968d20c6331faa7c7206a5b57aa5316202 93% ⠋ [K[?25h[?2026l[?2026h[?25l[A[1Ggathering model components [K
copying file sha256:8875b53e09efb8221ff4f1c02a167e968d20c6331faa7c7206a5b57aa5316202 93% ⠙ [K[?25h[?2026l[?2026h[?25l[A[1Ggathering model components [K
copying file sha256:8875b53e09efb8221ff4f1c02a167e968d20c6331faa7c7206a5b57aa5316202 93% ⠹ [K[?25h[?2026l[?2026h[?25l[A[1Ggathering model components [K
copying file sha256:8875b53e09efb8221ff4f1c02a167e968d20c6331faa7c7206a5b57aa5316202 93% ⠸ [K[?25h[?2026l[?2026h[?25l[A[1Ggathering model components [K
copying file sha256:8875b53e09efb8221ff4f1c02a167e968d20c6331faa7c7206a5b57aa5316202 94% ⠼ [K[?25h[?2026l[?2026h[?25l[A[1Ggathering model components [K
copying file sha256:8875b53e09efb8221ff4f1c02a167e968d20c6331faa7c7206a5b57aa5316202 94% ⠴ [K[?25h[?2026l[?2026h[?25l[A[1Ggathering model components [K
copying file sha256:8875b53e09efb8221ff4f1c02a167e968d20c6331faa7c7206a5b57aa5316202 94% ⠦ [K[?25h[?2026l[?2026h[?25l[A[1Ggathering model components [K
copying file sha256:8875b53e09efb8221ff4f1c02a167e968d20c6331faa7c7206a5b57aa5316202 94% ⠧ [K[?25h[?2026l[?2026h[?25l[A[1Ggathering model components [K
copying file sha256:8875b53e09efb8221ff4f1c02a167e968d20c6331faa7c7206a5b57aa5316202 94% ⠇ [K[?25h[?2026l[?2026h[?25l[A[1Ggathering model components [K
copying file sha256:8875b53e09efb8221ff4f1c02a167e968d20c6331faa7c7206a5b57aa5316202 94% ⠏ [K[?25h[?2026l[?2026h[?25l[A[1Ggathering model components [K
copying file sha256:8875b53e09efb8221ff4f1c02a167e968d20c6331faa7c7206a5b57aa5316202 94% ⠋ [K[?25h[?2026l[?2026h[?25l[A[1Ggathering model components [K
copying file sha256:8875b53e09efb8221ff4f1c02a167e968d20c6331faa7c7206a5b57aa5316202 94% ⠙ [K[?25h[?2026l[?2026h[?25l[A[1Ggathering model components [K
copying file sha256:8875b53e09efb8221ff4f1c02a167e968d20c6331faa7c7206a5b57aa5316202 94% ⠹ [K[?25h[?2026l[?2026h[?25l[A[1Ggathering model components [K
copying file sha256:8875b53e09efb8221ff4f1c02a167e968d20c6331faa7c7206a5b57aa5316202 94% ⠸ [K[?25h[?2026l[?2026h[?25l[A[1Ggathering model components [K
copying file sha256:8875b53e09efb8221ff4f1c02a167e968d20c6331faa7c7206a5b57aa5316202 94% ⠼ [K[?25h[?2026l[?2026h[?25l[A[1Ggathering model components [K
copying file sha256:8875b53e09efb8221ff4f1c02a167e968d20c6331faa7c7206a5b57aa5316202 95% ⠴ [K[?25h[?2026l[?2026h[?25l[A[1Ggathering model components [K
copying file sha256:8875b53e09efb8221ff4f1c02a167e968d20c6331faa7c7206a5b57aa5316202 95% ⠦ [K[?25h[?2026l[?2026h[?25l[A[1Ggathering model components [K
copying file sha256:8875b53e09efb8221ff4f1c02a167e968d20c6331faa7c7206a5b57aa5316202 95% ⠧ [K[?25h[?2026l[?2026h[?25l[A[1Ggathering model components [K
copying file sha256:8875b53e09efb8221ff4f1c02a167e968d20c6331faa7c7206a5b57aa5316202 95% ⠇ [K[?25h[?2026l[?2026h[?25l[A[1Ggathering model components [K
copying file sha256:8875b53e09efb8221ff4f1c02a167e968d20c6331faa7c7206a5b57aa5316202 95% ⠏ [K[?25h[?2026l[?2026h[?25l[A[1Ggathering model components [K
copying file sha256:8875b53e09efb8221ff4f1c02a167e968d20c6331faa7c7206a5b57aa5316202 95% ⠋ [K[?25h[?2026l[?2026h[?25l[A[1Ggathering model components [K
copying file sha256:8875b53e09efb8221ff4f1c02a167e968d20c6331faa7c7206a5b57aa5316202 95% ⠙ [K[?25h[?2026l[?2026h[?25l[A[1Ggathering model components [K
copying file sha256:8875b53e09efb8221ff4f1c02a167e968d20c6331faa7c7206a5b57aa5316202 95% ⠹ [K[?25h[?2026l[?2026h[?25l[A[1Ggathering model components [K
copying file sha256:8875b53e09efb8221ff4f1c02a167e968d20c6331faa7c7206a5b57aa5316202 95% ⠸ [K[?25h[?2026l[?2026h[?25l[A[1Ggathering model components [K
copying file sha256:8875b53e09efb8221ff4f1c02a167e968d20c6331faa7c7206a5b57aa5316202 95% ⠼ [K[?25h[?2026l[?2026h[?25l[A[1Ggathering model components [K
copying file sha256:8875b53e09efb8221ff4f1c02a167e968d20c6331faa7c7206a5b57aa5316202 95% ⠴ [K[?25h[?2026l[?2026h[?25l[A[1Ggathering model components [K
copying file sha256:8875b53e09efb8221ff4f1c02a167e968d20c6331faa7c7206a5b57aa5316202 96% ⠦ [K[?25h[?2026l[?2026h[?25l[A[1Ggathering model components [K
copying file sha256:8875b53e09efb8221ff4f1c02a167e968d20c6331faa7c7206a5b57aa5316202 96% ⠧ [K[?25h[?2026l[?2026h[?25l[A[1Ggathering model components [K
copying file sha256:8875b53e09efb8221ff4f1c02a167e968d20c6331faa7c7206a5b57aa5316202 96% ⠇ [K[?25h[?2026l[?2026h[?25l[A[1Ggathering model components [K
copying file sha256:8875b53e09efb8221ff4f1c02a167e968d20c6331faa7c7206a5b57aa5316202 96% ⠏ [K[?25h[?2026l[?2026h[?25l[A[1Ggathering model components [K
copying file sha256:8875b53e09efb8221ff4f1c02a167e968d20c6331faa7c7206a5b57aa5316202 96% ⠋ [K[?25h[?2026l[?2026h[?25l[A[1Ggathering model components [K
copying file sha256:8875b53e09efb8221ff4f1c02a167e968d20c6331faa7c7206a5b57aa5316202 96% ⠙ [K[?25h[?2026l[?2026h[?25l[A[1Ggathering model components [K
copying file sha256:8875b53e09efb8221ff4f1c02a167e968d20c6331faa7c7206a5b57aa5316202 96% ⠹ [K[?25h[?2026l[?2026h[?25l[A[1Ggathering model components [K
copying file sha256:8875b53e09efb8221ff4f1c02a167e968d20c6331faa7c7206a5b57aa5316202 96% ⠸ [K[?25h[?2026l[?2026h[?25l[A[1Ggathering model components [K
copying file sha256:8875b53e09efb8221ff4f1c02a167e968d20c6331faa7c7206a5b57aa5316202 96% ⠼ [K[?25h[?2026l[?2026h[?25l[A[1Ggathering model components [K
copying file sha256:8875b53e09efb8221ff4f1c02a167e968d20c6331faa7c7206a5b57aa5316202 96% ⠴ [K[?25h[?2026l[?2026h[?25l[A[1Ggathering model components [K
copying file sha256:8875b53e09efb8221ff4f1c02a167e968d20c6331faa7c7206a5b57aa5316202 97% ⠦ [K[?25h[?2026l[?2026h[?25l[A[1Ggathering model components [K
copying file sha256:8875b53e09efb8221ff4f1c02a167e968d20c6331faa7c7206a5b57aa5316202 97% ⠧ [K[?25h[?2026l[?2026h[?25l[A[1Ggathering model components [K
copying file sha256:8875b53e09efb8221ff4f1c02a167e968d20c6331faa7c7206a5b57aa5316202 97% ⠇ [K[?25h[?2026l[?2026h[?25l[A[1Ggathering model components [K
copying file sha256:8875b53e09efb8221ff4f1c02a167e968d20c6331faa7c7206a5b57aa5316202 97% ⠏ [K[?25h[?2026l[?2026h[?25l[A[1Ggathering model components [K
copying file sha256:8875b53e09efb8221ff4f1c02a167e968d20c6331faa7c7206a5b57aa5316202 97% ⠋ [K[?25h[?2026l[?2026h[?25l[A[1Ggathering model components [K
copying file sha256:8875b53e09efb8221ff4f1c02a167e968d20c6331faa7c7206a5b57aa5316202 97% ⠙ [K[?25h[?2026l[?2026h[?25l[A[1Ggathering model components [K
copying file sha256:8875b53e09efb8221ff4f1c02a167e968d20c6331faa7c7206a5b57aa5316202 97% ⠹ [K[?25h[?2026l[?2026h[?25l[A[1Ggathering model components [K
copying file sha256:8875b53e09efb8221ff4f1c02a167e968d20c6331faa7c7206a5b57aa5316202 97% ⠸ [K[?25h[?2026l[?2026h[?25l[A[1Ggathering model components [K
copying file sha256:8875b53e09efb8221ff4f1c02a167e968d20c6331faa7c7206a5b57aa5316202 97% ⠼ [K[?25h[?2026l[?2026h[?25l[A[1Ggathering model components [K
copying file sha256:8875b53e09efb8221ff4f1c02a167e968d20c6331faa7c7206a5b57aa5316202 97% ⠴ [K[?25h[?2026l[?2026h[?25l[A[1Ggathering model components [K
copying file sha256:8875b53e09efb8221ff4f1c02a167e968d20c6331faa7c7206a5b57aa5316202 98% ⠦ [K[?25h[?2026l[?2026h[?25l[A[1Ggathering model components [K
copying file sha256:8875b53e09efb8221ff4f1c02a167e968d20c6331faa7c7206a5b57aa5316202 98% ⠧ [K[?25h[?2026l[?2026h[?25l[A[1Ggathering model components [K
copying file sha256:8875b53e09efb8221ff4f1c02a167e968d20c6331faa7c7206a5b57aa5316202 98% ⠇ [K[?25h[?2026l[?2026h[?25l[A[1Ggathering model components [K
copying file sha256:8875b53e09efb8221ff4f1c02a167e968d20c6331faa7c7206a5b57aa5316202 98% ⠏ [K[?25h[?2026l[?2026h[?25l[A[1Ggathering model components [K
copying file sha256:8875b53e09efb8221ff4f1c02a167e968d20c6331faa7c7206a5b57aa5316202 98% ⠋ [K[?25h[?2026l[?2026h[?25l[A[1Ggathering model components [K
copying file sha256:8875b53e09efb8221ff4f1c02a167e968d20c6331faa7c7206a5b57aa5316202 98% ⠙ [K[?25h[?2026l[?2026h[?25l[A[1Ggathering model components [K
copying file sha256:8875b53e09efb8221ff4f1c02a167e968d20c6331faa7c7206a5b57aa5316202 98% ⠹ [K[?25h[?2026l[?2026h[?25l[A[1Ggathering model components [K
copying file sha256:8875b53e09efb8221ff4f1c02a167e968d20c6331faa7c7206a5b57aa5316202 98% ⠸ [K[?25h[?2026l[?2026h[?25l[A[1Ggathering model components [K
copying file sha256:8875b53e09efb8221ff4f1c02a167e968d20c6331faa7c7206a5b57aa5316202 98% ⠼ [K[?25h[?2026l[?2026h[?25l[A[1Ggathering model components [K
copying file sha256:8875b53e09efb8221ff4f1c02a167e968d20c6331faa7c7206a5b57aa5316202 98% ⠴ [K[?25h[?2026l[?2026h[?25l[A[1Ggathering model components [K
copying file sha256:8875b53e09efb8221ff4f1c02a167e968d20c6331faa7c7206a5b57aa5316202 98% ⠦ [K[?25h[?2026l[?2026h[?25l[A[1Ggathering model components [K
copying file sha256:8875b53e09efb8221ff4f1c02a167e968d20c6331faa7c7206a5b57aa5316202 99% ⠧ [K[?25h[?2026l[?2026h[?25l[A[1Ggathering model components [K
copying file sha256:8875b53e09efb8221ff4f1c02a167e968d20c6331faa7c7206a5b57aa5316202 99% ⠇ [K[?25h[?2026l[?2026h[?25l[A[1Ggathering model components [K
copying file sha256:8875b53e09efb8221ff4f1c02a167e968d20c6331faa7c7206a5b57aa5316202 99% ⠏ [K[?25h[?2026l[?2026h[?25l[A[1Ggathering model components [K
copying file sha256:8875b53e09efb8221ff4f1c02a167e968d20c6331faa7c7206a5b57aa5316202 99% ⠋ [K[?25h[?2026l[?2026h[?25l[A[1Ggathering model components [K
copying file sha256:8875b53e09efb8221ff4f1c02a167e968d20c6331faa7c7206a5b57aa5316202 99% ⠙ [K[?25h[?2026l[?2026h[?25l[A[1Ggathering model components [K
copying file sha256:8875b53e09efb8221ff4f1c02a167e968d20c6331faa7c7206a5b57aa5316202 99% ⠹ [K[?25h[?2026l[?2026h[?25l[A[1Ggathering model components [K
copying file sha256:8875b53e09efb8221ff4f1c02a167e968d20c6331faa7c7206a5b57aa5316202 99% ⠸ [K[?25h[?2026l[?2026h[?25l[A[1Ggathering model components [K
copying file sha256:8875b53e09efb8221ff4f1c02a167e968d20c6331faa7c7206a5b57aa5316202 99% ⠼ [K[?25h[?2026l[?2026h[?25l[A[1Ggathering model components [K
copying file sha256:8875b53e09efb8221ff4f1c02a167e968d20c6331faa7c7206a5b57aa5316202 99% ⠴ [K[?25h[?2026l[?2026h[?25l[A[1Ggathering model components [K
copying file sha256:8875b53e09efb8221ff4f1c02a167e968d20c6331faa7c7206a5b57aa5316202 99% ⠦ [K[?25h[?2026l[?2026h[?25l[A[1Ggathering model components [K
copying file sha256:8875b53e09efb8221ff4f1c02a167e968d20c6331faa7c7206a5b57aa5316202 100% ⠧ [K[?25h[?2026l[?2026h[?25l[A[1Ggathering model components [K
copying file sha256:8875b53e09efb8221ff4f1c02a167e968d20c6331faa7c7206a5b57aa5316202 100% [K
parsing GGUF ⠋ [K[?25h[?2026l[?2026h[?25l[A[A[1Ggathering model components [K
copying file sha256:8875b53e09efb8221ff4f1c02a167e968d20c6331faa7c7206a5b57aa5316202 100% [K
parsing GGUF ⠙ [K[?25h[?2026l[?2026h[?25l[A[A[1Ggathering model components [K
copying file sha256:8875b53e09efb8221ff4f1c02a167e968d20c6331faa7c7206a5b57aa5316202 100% [K
parsing GGUF ⠹ [K[?25h[?2026l[?2026h[?25l[A[A[1Ggathering model components [K
copying file sha256:8875b53e09efb8221ff4f1c02a167e968d20c6331faa7c7206a5b57aa5316202 100% [K
parsing GGUF ⠸ [K[?25h[?2026l[?2026h[?25l[A[A[1Ggathering model components [K
copying file sha256:8875b53e09efb8221ff4f1c02a167e968d20c6331faa7c7206a5b57aa5316202 100% [K
parsing GGUF ⠼ [K[?25h[?2026l[?2026h[?25l[A[A[1Ggathering model components [K
copying file sha256:8875b53e09efb8221ff4f1c02a167e968d20c6331faa7c7206a5b57aa5316202 100% [K
parsing GGUF ⠴ [K[?25h[?2026l[?2026h[?25l[A[A[1Ggathering model components [K
copying file sha256:8875b53e09efb8221ff4f1c02a167e968d20c6331faa7c7206a5b57aa5316202 100% [K
parsing GGUF ⠦ [K[?25h[?2026l[?2026h[?25l[A[A[1Ggathering model components [K
copying file sha256:8875b53e09efb8221ff4f1c02a167e968d20c6331faa7c7206a5b57aa5316202 100% [K
parsing GGUF ⠧ [K[?25h[?2026l[?2026h[?25l[A[A[1Ggathering model components [K
copying file sha256:8875b53e09efb8221ff4f1c02a167e968d20c6331faa7c7206a5b57aa5316202 100% [K
parsing GGUF ⠇ [K[?25h[?2026l[?2026h[?25l[A[A[1Ggathering model components [K
copying file sha256:8875b53e09efb8221ff4f1c02a167e968d20c6331faa7c7206a5b57aa5316202 100% [K
parsing GGUF ⠏ [K[?25h[?2026l[?2026h[?25l[A[A[1Ggathering model components [K
copying file sha256:8875b53e09efb8221ff4f1c02a167e968d20c6331faa7c7206a5b57aa5316202 100% [K
parsing GGUF ⠋ [K[?25h[?2026l[?2026h[?25l[A[A[1Ggathering model components [K
copying file sha256:8875b53e09efb8221ff4f1c02a167e968d20c6331faa7c7206a5b57aa5316202 100% [K
parsing GGUF ⠙ [K[?25h[?2026l[?2026h[?25l[A[A[1Ggathering model components [K
copying file sha256:8875b53e09efb8221ff4f1c02a167e968d20c6331faa7c7206a5b57aa5316202 100% [K
parsing GGUF ⠹ [K[?25h[?2026l[?2026h[?25l[A[A[1Ggathering model components [K
copying file sha256:8875b53e09efb8221ff4f1c02a167e968d20c6331faa7c7206a5b57aa5316202 100% [K
parsing GGUF ⠸ [K[?25h[?2026l[?2026h[?25l[A[A[1Ggathering model components [K
copying file sha256:8875b53e09efb8221ff4f1c02a167e968d20c6331faa7c7206a5b57aa5316202 100% [K
parsing GGUF ⠼ [K[?25h[?2026l[?2026h[?25l[A[A[1Ggathering model components [K
copying file sha256:8875b53e09efb8221ff4f1c02a167e968d20c6331faa7c7206a5b57aa5316202 100% [K
parsing GGUF ⠴ [K[?25h[?2026l[?2026h[?25l[A[A[1Ggathering model components [K
copying file sha256:8875b53e09efb8221ff4f1c02a167e968d20c6331faa7c7206a5b57aa5316202 100% [K
parsing GGUF ⠦ [K[?25h[?2026l[?2026h[?25l[A[A[1Ggathering model components [K
copying file sha256:8875b53e09efb8221ff4f1c02a167e968d20c6331faa7c7206a5b57aa5316202 100% [K
parsing GGUF ⠧ [K[?25h[?2026l[?2026h[?25l[A[A[1Ggathering model components [K
copying file sha256:8875b53e09efb8221ff4f1c02a167e968d20c6331faa7c7206a5b57aa5316202 100% [K
parsing GGUF ⠇ [K[?25h[?2026l[?2026h[?25l[A[A[1Ggathering model components [K
copying file sha256:8875b53e09efb8221ff4f1c02a167e968d20c6331faa7c7206a5b57aa5316202 100% [K
parsing GGUF ⠏ [K[?25h[?2026l[?2026h[?25l[A[A[1Ggathering model components [K
copying file sha256:8875b53e09efb8221ff4f1c02a167e968d20c6331faa7c7206a5b57aa5316202 100% [K
parsing GGUF ⠋ [K[?25h[?2026l[?2026h[?25l[A[A[1Ggathering model components [K
copying file sha256:8875b53e09efb8221ff4f1c02a167e968d20c6331faa7c7206a5b57aa5316202 100% [K
parsing GGUF ⠙ [K[?25h[?2026l[?2026h[?25l[A[A[1Ggathering model components [K
copying file sha256:8875b53e09efb8221ff4f1c02a167e968d20c6331faa7c7206a5b57aa5316202 100% [K
parsing GGUF ⠹ [K[?25h[?2026l[?2026h[?25l[A[A[1Ggathering model components [K
copying file sha256:8875b53e09efb8221ff4f1c02a167e968d20c6331faa7c7206a5b57aa5316202 100% [K
parsing GGUF ⠸ [K[?25h[?2026l[?2026h[?25l[A[A[1Ggathering model components [K
copying file sha256:8875b53e09efb8221ff4f1c02a167e968d20c6331faa7c7206a5b57aa5316202 100% [K
parsing GGUF ⠼ [K[?25h[?2026l[?2026h[?25l[A[A[1Ggathering model components [K
copying file sha256:8875b53e09efb8221ff4f1c02a167e968d20c6331faa7c7206a5b57aa5316202 100% [K
parsing GGUF ⠴ [K[?25h[?2026l[?2026h[?25l[A[A[1Ggathering model components [K
copying file sha256:8875b53e09efb8221ff4f1c02a167e968d20c6331faa7c7206a5b57aa5316202 100% [K
parsing GGUF ⠦ [K[?25h[?2026l[?2026h[?25l[A[A[1Ggathering model components [K
copying file sha256:8875b53e09efb8221ff4f1c02a167e968d20c6331faa7c7206a5b57aa5316202 100% [K
parsing GGUF ⠧ [K[?25h[?2026l[?2026h[?25l[A[A[1Ggathering model components [K
copying file sha256:8875b53e09efb8221ff4f1c02a167e968d20c6331faa7c7206a5b57aa5316202 100% [K
parsing GGUF ⠇ [K[?25h[?2026l[?2026h[?25l[A[A[1Ggathering model components [K
copying file sha256:8875b53e09efb8221ff4f1c02a167e968d20c6331faa7c7206a5b57aa5316202 100% [K
parsing GGUF ⠏ [K[?25h[?2026l[?2026h[?25l[A[A[1Ggathering model components [K
copying file sha256:8875b53e09efb8221ff4f1c02a167e968d20c6331faa7c7206a5b57aa5316202 100% [K
parsing GGUF ⠋ [K[?25h[?2026l[?2026h[?25l[A[A[1Ggathering model components [K
copying file sha256:8875b53e09efb8221ff4f1c02a167e968d20c6331faa7c7206a5b57aa5316202 100% [K
parsing GGUF ⠙ [K[?25h[?2026l[?2026h[?25l[A[A[1Ggathering model components [K
copying file sha256:8875b53e09efb8221ff4f1c02a167e968d20c6331faa7c7206a5b57aa5316202 100% [K
parsing GGUF ⠹ [K[?25h[?2026l[?2026h[?25l[A[A[1Ggathering model components [K
copying file sha256:8875b53e09efb8221ff4f1c02a167e968d20c6331faa7c7206a5b57aa5316202 100% [K
parsing GGUF ⠸ [K[?25h[?2026l[?2026h[?25l[A[A[1Ggathering model components [K
copying file sha256:8875b53e09efb8221ff4f1c02a167e968d20c6331faa7c7206a5b57aa5316202 100% [K
parsing GGUF ⠼ [K[?25h[?2026l[?2026h[?25l[A[A[1Ggathering model components [K
copying file sha256:8875b53e09efb8221ff4f1c02a167e968d20c6331faa7c7206a5b57aa5316202 100% [K
parsing GGUF ⠴ [K[?25h[?2026l[?2026h[?25l[A[A[1Ggathering model components [K
copying file sha256:8875b53e09efb8221ff4f1c02a167e968d20c6331faa7c7206a5b57aa5316202 100% [K
parsing GGUF ⠦ [K[?25h[?2026l[?2026h[?25l[A[A[1Ggathering model components [K
copying file sha256:8875b53e09efb8221ff4f1c02a167e968d20c6331faa7c7206a5b57aa5316202 100% [K
parsing GGUF ⠧ [K[?25h[?2026l[?2026h[?25l[A[A[1Ggathering model components [K
copying file sha256:8875b53e09efb8221ff4f1c02a167e968d20c6331faa7c7206a5b57aa5316202 100% [K
parsing GGUF ⠇ [K[?25h[?2026l[?2026h[?25l[A[A[1Ggathering model components [K
copying file sha256:8875b53e09efb8221ff4f1c02a167e968d20c6331faa7c7206a5b57aa5316202 100% [K
parsing GGUF ⠏ [K[?25h[?2026l[?2026h[?25l[A[A[1Ggathering model components [K
copying file sha256:8875b53e09efb8221ff4f1c02a167e968d20c6331faa7c7206a5b57aa5316202 100% [K
parsing GGUF ⠋ [K[?25h[?2026l[?2026h[?25l[A[A[1Ggathering model components [K
copying file sha256:8875b53e09efb8221ff4f1c02a167e968d20c6331faa7c7206a5b57aa5316202 100% [K
parsing GGUF ⠙ [K[?25h[?2026l[?2026h[?25l[A[A[1Ggathering model components [K
copying file sha256:8875b53e09efb8221ff4f1c02a167e968d20c6331faa7c7206a5b57aa5316202 100% [K
parsing GGUF ⠹ [K[?25h[?2026l[?2026h[?25l[A[A[1Ggathering model components [K
copying file sha256:8875b53e09efb8221ff4f1c02a167e968d20c6331faa7c7206a5b57aa5316202 100% [K
parsing GGUF ⠸ [K[?25h[?2026l[?2026h[?25l[A[A[1Ggathering model components [K
copying file sha256:8875b53e09efb8221ff4f1c02a167e968d20c6331faa7c7206a5b57aa5316202 100% [K
parsing GGUF ⠼ [K[?25h[?2026l[?2026h[?25l[A[A[1Ggathering model components [K
copying file sha256:8875b53e09efb8221ff4f1c02a167e968d20c6331faa7c7206a5b57aa5316202 100% [K
parsing GGUF ⠴ [K[?25h[?2026l[?2026h[?25l[A[A[1Ggathering model components [K
copying file sha256:8875b53e09efb8221ff4f1c02a167e968d20c6331faa7c7206a5b57aa5316202 100% [K
parsing GGUF ⠦ [K[?25h[?2026l[?2026h[?25l[A[A[1Ggathering model components [K
copying file sha256:8875b53e09efb8221ff4f1c02a167e968d20c6331faa7c7206a5b57aa5316202 100% [K
parsing GGUF ⠧ [K[?25h[?2026l[?2026h[?25l[A[A[1Ggathering model components [K
copying file sha256:8875b53e09efb8221ff4f1c02a167e968d20c6331faa7c7206a5b57aa5316202 100% [K
parsing GGUF ⠇ [K[?25h[?2026l[?2026h[?25l[A[A[1Ggathering model components [K
copying file sha256:8875b53e09efb8221ff4f1c02a167e968d20c6331faa7c7206a5b57aa5316202 100% [K
parsing GGUF ⠏ [K[?25h[?2026l[?2026h[?25l[A[A[1Ggathering model components [K
copying file sha256:8875b53e09efb8221ff4f1c02a167e968d20c6331faa7c7206a5b57aa5316202 100% [K
parsing GGUF ⠋ [K[?25h[?2026l[?2026h[?25l[A[A[1Ggathering model components [K
copying file sha256:8875b53e09efb8221ff4f1c02a167e968d20c6331faa7c7206a5b57aa5316202 100% [K
parsing GGUF ⠙ [K[?25h[?2026l[?2026h[?25l[A[A[1Ggathering model components [K
copying file sha256:8875b53e09efb8221ff4f1c02a167e968d20c6331faa7c7206a5b57aa5316202 100% [K
parsing GGUF ⠹ [K[?25h[?2026l[?2026h[?25l[A[A[1Ggathering model components [K
copying file sha256:8875b53e09efb8221ff4f1c02a167e968d20c6331faa7c7206a5b57aa5316202 100% [K
parsing GGUF ⠸ [K[?25h[?2026l[?2026h[?25l[A[A[1Ggathering model components [K
copying file sha256:8875b53e09efb8221ff4f1c02a167e968d20c6331faa7c7206a5b57aa5316202 100% [K
parsing GGUF ⠼ [K[?25h[?2026l[?2026h[?25l[A[A[1Ggathering model components [K
copying file sha256:8875b53e09efb8221ff4f1c02a167e968d20c6331faa7c7206a5b57aa5316202 100% [K
parsing GGUF ⠴ [K[?25h[?2026l[?2026h[?25l[A[A[1Ggathering model components [K
copying file sha256:8875b53e09efb8221ff4f1c02a167e968d20c6331faa7c7206a5b57aa5316202 100% [K
parsing GGUF ⠦ [K[?25h[?2026l[?2026h[?25l[A[A[1Ggathering model components [K
copying file sha256:8875b53e09efb8221ff4f1c02a167e968d20c6331faa7c7206a5b57aa5316202 100% [K
parsing GGUF ⠧ [K[?25h[?2026l[?2026h[?25l[A[A[1Ggathering model components [K
copying file sha256:8875b53e09efb8221ff4f1c02a167e968d20c6331faa7c7206a5b57aa5316202 100% [K
parsing GGUF ⠇ [K[?25h[?2026l[?2026h[?25l[A[A[1Ggathering model components [K
copying file sha256:8875b53e09efb8221ff4f1c02a167e968d20c6331faa7c7206a5b57aa5316202 100% [K
parsing GGUF ⠏ [K[?25h[?2026l[?2026h[?25l[A[A[1Ggathering model components [K
copying file sha256:8875b53e09efb8221ff4f1c02a167e968d20c6331faa7c7206a5b57aa5316202 100% [K
parsing GGUF ⠋ [K[?25h[?2026l[?2026h[?25l[A[A[1Ggathering model components [K
copying file sha256:8875b53e09efb8221ff4f1c02a167e968d20c6331faa7c7206a5b57aa5316202 100% [K
parsing GGUF ⠙ [K[?25h[?2026l[?2026h[?25l[A[A[1Ggathering model components [K
copying file sha256:8875b53e09efb8221ff4f1c02a167e968d20c6331faa7c7206a5b57aa5316202 100% [K
parsing GGUF ⠹ [K[?25h[?2026l[?2026h[?25l[A[A[1Ggathering model components [K
copying file sha256:8875b53e09efb8221ff4f1c02a167e968d20c6331faa7c7206a5b57aa5316202 100% [K
parsing GGUF ⠸ [K[?25h[?2026l[?2026h[?25l[A[A[1Ggathering model components [K
copying file sha256:8875b53e09efb8221ff4f1c02a167e968d20c6331faa7c7206a5b57aa5316202 100% [K
parsing GGUF ⠼ [K[?25h[?2026l[?2026h[?25l[A[A[1Ggathering model components [K
copying file sha256:8875b53e09efb8221ff4f1c02a167e968d20c6331faa7c7206a5b57aa5316202 100% [K
parsing GGUF ⠴ [K[?25h[?2026l[?2026h[?25l[A[A[1Ggathering model components [K
copying file sha256:8875b53e09efb8221ff4f1c02a167e968d20c6331faa7c7206a5b57aa5316202 100% [K
parsing GGUF ⠦ [K[?25h[?2026l[?2026h[?25l[A[A[1Ggathering model components [K
copying file sha256:8875b53e09efb8221ff4f1c02a167e968d20c6331faa7c7206a5b57aa5316202 100% [K
parsing GGUF ⠧ [K[?25h[?2026l[?2026h[?25l[A[A[1Ggathering model components [K
copying file sha256:8875b53e09efb8221ff4f1c02a167e968d20c6331faa7c7206a5b57aa5316202 100% [K
parsing GGUF ⠇ [K[?25h[?2026l[?2026h[?25l[A[A[1Ggathering model components [K
copying file sha256:8875b53e09efb8221ff4f1c02a167e968d20c6331faa7c7206a5b57aa5316202 100% [K
parsing GGUF ⠏ [K[?25h[?2026l[?2026h[?25l[A[A[1Ggathering model components [K
copying file sha256:8875b53e09efb8221ff4f1c02a167e968d20c6331faa7c7206a5b57aa5316202 100% [K
parsing GGUF ⠋ [K[?25h[?2026l[?2026h[?25l[A[A[1Ggathering model components [K
copying file sha256:8875b53e09efb8221ff4f1c02a167e968d20c6331faa7c7206a5b57aa5316202 100% [K
parsing GGUF ⠙ [K[?25h[?2026l[?2026h[?25l[A[A[1Ggathering model components [K
copying file sha256:8875b53e09efb8221ff4f1c02a167e968d20c6331faa7c7206a5b57aa5316202 100% [K
parsing GGUF ⠹ [K[?25h[?2026l[?2026h[?25l[A[A[1Ggathering model components [K
copying file sha256:8875b53e09efb8221ff4f1c02a167e968d20c6331faa7c7206a5b57aa5316202 100% [K
parsing GGUF ⠸ [K[?25h[?2026l[?2026h[?25l[A[A[1Ggathering model components [K
copying file sha256:8875b53e09efb8221ff4f1c02a167e968d20c6331faa7c7206a5b57aa5316202 100% [K
parsing GGUF ⠼ [K[?25h[?2026l[?2026h[?25l[A[A[1Ggathering model components [K
copying file sha256:8875b53e09efb8221ff4f1c02a167e968d20c6331faa7c7206a5b57aa5316202 100% [K
parsing GGUF ⠴ [K[?25h[?2026l[?2026h[?25l[A[A[1Ggathering model components [K
copying file sha256:8875b53e09efb8221ff4f1c02a167e968d20c6331faa7c7206a5b57aa5316202 100% [K
parsing GGUF ⠦ [K[?25h[?2026l[?2026h[?25l[A[A[1Ggathering model components [K
copying file sha256:8875b53e09efb8221ff4f1c02a167e968d20c6331faa7c7206a5b57aa5316202 100% [K
parsing GGUF ⠧ [K[?25h[?2026l[?2026h[?25l[A[A[1Ggathering model components [K
copying file sha256:8875b53e09efb8221ff4f1c02a167e968d20c6331faa7c7206a5b57aa5316202 100% [K
parsing GGUF ⠇ [K[?25h[?2026l[?2026h[?25l[A[A[1Ggathering model components [K
copying file sha256:8875b53e09efb8221ff4f1c02a167e968d20c6331faa7c7206a5b57aa5316202 100% [K
parsing GGUF ⠏ [K[?25h[?2026l[?2026h[?25l[A[A[1Ggathering model components [K
copying file sha256:8875b53e09efb8221ff4f1c02a167e968d20c6331faa7c7206a5b57aa5316202 100% [K
parsing GGUF ⠋ [K[?25h[?2026l[?2026h[?25l[A[A[1Ggathering model components [K
copying file sha256:8875b53e09efb8221ff4f1c02a167e968d20c6331faa7c7206a5b57aa5316202 100% [K
parsing GGUF ⠙ [K[?25h[?2026l[?2026h[?25l[A[A[1Ggathering model components [K
copying file sha256:8875b53e09efb8221ff4f1c02a167e968d20c6331faa7c7206a5b57aa5316202 100% [K
parsing GGUF ⠹ [K[?25h[?2026l[?2026h[?25l[A[A[1Ggathering model components [K
copying file sha256:8875b53e09efb8221ff4f1c02a167e968d20c6331faa7c7206a5b57aa5316202 100% [K
parsing GGUF ⠸ [K[?25h[?2026l[?2026h[?25l[A[A[1Ggathering model components [K
copying file sha256:8875b53e09efb8221ff4f1c02a167e968d20c6331faa7c7206a5b57aa5316202 100% [K
parsing GGUF ⠼ [K[?25h[?2026l[?2026h[?25l[A[A[1Ggathering model components [K
copying file sha256:8875b53e09efb8221ff4f1c02a167e968d20c6331faa7c7206a5b57aa5316202 100% [K
parsing GGUF ⠴ [K[?25h[?2026l[?2026h[?25l[A[A[1Ggathering model components [K
copying file sha256:8875b53e09efb8221ff4f1c02a167e968d20c6331faa7c7206a5b57aa5316202 100% [K
parsing GGUF ⠦ [K[?25h[?2026l[?2026h[?25l[A[A[1Ggathering model components [K
copying file sha256:8875b53e09efb8221ff4f1c02a167e968d20c6331faa7c7206a5b57aa5316202 100% [K
parsing GGUF ⠧ [K[?25h[?2026l[?2026h[?25l[A[A[1Ggathering model components [K
copying file sha256:8875b53e09efb8221ff4f1c02a167e968d20c6331faa7c7206a5b57aa5316202 100% [K
parsing GGUF ⠇ [K[?25h[?2026l[?2026h[?25l[A[A[1Ggathering model components [K
copying file sha256:8875b53e09efb8221ff4f1c02a167e968d20c6331faa7c7206a5b57aa5316202 100% [K
parsing GGUF ⠏ [K[?25h[?2026l[?2026h[?25l[A[A[1Ggathering model components [K
copying file sha256:8875b53e09efb8221ff4f1c02a167e968d20c6331faa7c7206a5b57aa5316202 100% [K
parsing GGUF ⠋ [K[?25h[?2026l[?2026h[?25l[A[A[1Ggathering model components [K
copying file sha256:8875b53e09efb8221ff4f1c02a167e968d20c6331faa7c7206a5b57aa5316202 100% [K
parsing GGUF ⠙ [K[?25h[?2026l[?2026h[?25l[A[A[1Ggathering model components [K
copying file sha256:8875b53e09efb8221ff4f1c02a167e968d20c6331faa7c7206a5b57aa5316202 100% [K
parsing GGUF ⠹ [K[?25h[?2026l[?2026h[?25l[A[A[1Ggathering model components [K
copying file sha256:8875b53e09efb8221ff4f1c02a167e968d20c6331faa7c7206a5b57aa5316202 100% [K
parsing GGUF ⠸ [K[?25h[?2026l[?2026h[?25l[A[A[1Ggathering model components [K
copying file sha256:8875b53e09efb8221ff4f1c02a167e968d20c6331faa7c7206a5b57aa5316202 100% [K
parsing GGUF ⠼ [K[?25h[?2026l[?2026h[?25l[A[A[1Ggathering model components [K
copying file sha256:8875b53e09efb8221ff4f1c02a167e968d20c6331faa7c7206a5b57aa5316202 100% [K
parsing GGUF ⠴ [K[?25h[?2026l[?2026h[?25l[A[A[1Ggathering model components [K
copying file sha256:8875b53e09efb8221ff4f1c02a167e968d20c6331faa7c7206a5b57aa5316202 100% [K
parsing GGUF ⠦ [K[?25h[?2026l[?2026h[?25l[A[A[1Ggathering model components [K
copying file sha256:8875b53e09efb8221ff4f1c02a167e968d20c6331faa7c7206a5b57aa5316202 100% [K
parsing GGUF ⠧ [K[?25h[?2026l[?2026h[?25l[A[A[1Ggathering model components [K
copying file sha256:8875b53e09efb8221ff4f1c02a167e968d20c6331faa7c7206a5b57aa5316202 100% [K
parsing GGUF ⠇ [K[?25h[?2026l[?2026h[?25l[A[A[1Ggathering model components [K
copying file sha256:8875b53e09efb8221ff4f1c02a167e968d20c6331faa7c7206a5b57aa5316202 100% [K
parsing GGUF ⠏ [K[?25h[?2026l[?2026h[?25l[A[A[1Ggathering model components [K
copying file sha256:8875b53e09efb8221ff4f1c02a167e968d20c6331faa7c7206a5b57aa5316202 100% [K
parsing GGUF ⠋ [K[?25h[?2026l[?2026h[?25l[A[A[1Ggathering model components [K
copying file sha256:8875b53e09efb8221ff4f1c02a167e968d20c6331faa7c7206a5b57aa5316202 100% [K
parsing GGUF ⠙ [K[?25h[?2026l[?2026h[?25l[A[A[1Ggathering model components [K
copying file sha256:8875b53e09efb8221ff4f1c02a167e968d20c6331faa7c7206a5b57aa5316202 100% [K
parsing GGUF ⠹ [K[?25h[?2026l[?2026h[?25l[A[A[1Ggathering model components [K
copying file sha256:8875b53e09efb8221ff4f1c02a167e968d20c6331faa7c7206a5b57aa5316202 100% [K
parsing GGUF ⠸ [K[?25h[?2026l[?2026h[?25l[A[A[1Ggathering model components [K
copying file sha256:8875b53e09efb8221ff4f1c02a167e968d20c6331faa7c7206a5b57aa5316202 100% [K
parsing GGUF ⠼ [K[?25h[?2026l[?2026h[?25l[A[A[1Ggathering model components [K
copying file sha256:8875b53e09efb8221ff4f1c02a167e968d20c6331faa7c7206a5b57aa5316202 100% [K
parsing GGUF ⠴ [K[?25h[?2026l[?2026h[?25l[A[A[1Ggathering model components [K
copying file sha256:8875b53e09efb8221ff4f1c02a167e968d20c6331faa7c7206a5b57aa5316202 100% [K
parsing GGUF ⠦ [K[?25h[?2026l[?2026h[?25l[A[A[1Ggathering model components [K
copying file sha256:8875b53e09efb8221ff4f1c02a167e968d20c6331faa7c7206a5b57aa5316202 100% [K
parsing GGUF ⠧ [K[?25h[?2026l[?2026h[?25l[A[A[1Ggathering model components [K
copying file sha256:8875b53e09efb8221ff4f1c02a167e968d20c6331faa7c7206a5b57aa5316202 100% [K
parsing GGUF ⠇ [K[?25h[?2026l[?2026h[?25l[A[A[1Ggathering model components [K
copying file sha256:8875b53e09efb8221ff4f1c02a167e968d20c6331faa7c7206a5b57aa5316202 100% [K
parsing GGUF ⠏ [K[?25h[?2026l[?2026h[?25l[A[A[1Ggathering model components [K
copying file sha256:8875b53e09efb8221ff4f1c02a167e968d20c6331faa7c7206a5b57aa5316202 100% [K
parsing GGUF ⠋ [K[?25h[?2026l[?2026h[?25l[A[A[1Ggathering model components [K
copying file sha256:8875b53e09efb8221ff4f1c02a167e968d20c6331faa7c7206a5b57aa5316202 100% [K
parsing GGUF ⠙ [K[?25h[?2026l[?2026h[?25l[A[A[1Ggathering model components [K
copying file sha256:8875b53e09efb8221ff4f1c02a167e968d20c6331faa7c7206a5b57aa5316202 100% [K
parsing GGUF ⠹ [K[?25h[?2026l[?2026h[?25l[A[A[1Ggathering model components [K
copying file sha256:8875b53e09efb8221ff4f1c02a167e968d20c6331faa7c7206a5b57aa5316202 100% [K
parsing GGUF ⠸ [K[?25h[?2026l[?2026h[?25l[A[A[1Ggathering model components [K
copying file sha256:8875b53e09efb8221ff4f1c02a167e968d20c6331faa7c7206a5b57aa5316202 100% [K
parsing GGUF ⠼ [K[?25h[?2026l[?2026h[?25l[A[A[1Ggathering model components [K
copying file sha256:8875b53e09efb8221ff4f1c02a167e968d20c6331faa7c7206a5b57aa5316202 100% [K
parsing GGUF ⠴ [K[?25h[?2026l[?2026h[?25l[A[A[1Ggathering model components [K
copying file sha256:8875b53e09efb8221ff4f1c02a167e968d20c6331faa7c7206a5b57aa5316202 100% [K
parsing GGUF ⠦ [K[?25h[?2026l[?2026h[?25l[A[A[1Ggathering model components [K
copying file sha256:8875b53e09efb8221ff4f1c02a167e968d20c6331faa7c7206a5b57aa5316202 100% [K
parsing GGUF ⠧ [K[?25h[?2026l[?2026h[?25l[A[A[1Ggathering model components [K
copying file sha256:8875b53e09efb8221ff4f1c02a167e968d20c6331faa7c7206a5b57aa5316202 100% [K
parsing GGUF ⠇ [K[?25h[?2026l[?2026h[?25l[A[A[1Ggathering model components [K
copying file sha256:8875b53e09efb8221ff4f1c02a167e968d20c6331faa7c7206a5b57aa5316202 100% [K
parsing GGUF ⠏ [K[?25h[?2026l[?2026h[?25l[A[A[1Ggathering model components [K
copying file sha256:8875b53e09efb8221ff4f1c02a167e968d20c6331faa7c7206a5b57aa5316202 100% [K
parsing GGUF ⠋ [K[?25h[?2026l[?2026h[?25l[A[A[1Ggathering model components [K
copying file sha256:8875b53e09efb8221ff4f1c02a167e968d20c6331faa7c7206a5b57aa5316202 100% [K
parsing GGUF ⠙ [K[?25h[?2026l[?2026h[?25l[A[A[1Ggathering model components [K
copying file sha256:8875b53e09efb8221ff4f1c02a167e968d20c6331faa7c7206a5b57aa5316202 100% [K
parsing GGUF ⠹ [K[?25h[?2026l[?2026h[?25l[A[A[1Ggathering model components [K
copying file sha256:8875b53e09efb8221ff4f1c02a167e968d20c6331faa7c7206a5b57aa5316202 100% [K
parsing GGUF ⠸ [K[?25h[?2026l[?2026h[?25l[A[A[1Ggathering model components [K
copying file sha256:8875b53e09efb8221ff4f1c02a167e968d20c6331faa7c7206a5b57aa5316202 100% [K
parsing GGUF ⠼ [K[?25h[?2026l[?2026h[?25l[A[A[1Ggathering model components [K
copying file sha256:8875b53e09efb8221ff4f1c02a167e968d20c6331faa7c7206a5b57aa5316202 100% [K
parsing GGUF ⠴ [K[?25h[?2026l[?2026h[?25l[A[A[1Ggathering model components [K
copying file sha256:8875b53e09efb8221ff4f1c02a167e968d20c6331faa7c7206a5b57aa5316202 100% [K
parsing GGUF ⠦ [K[?25h[?2026l[?2026h[?25l[A[A[1Ggathering model components [K
copying file sha256:8875b53e09efb8221ff4f1c02a167e968d20c6331faa7c7206a5b57aa5316202 100% [K
parsing GGUF ⠧ [K[?25h[?2026l[?2026h[?25l[A[A[1Ggathering model components [K
copying file sha256:8875b53e09efb8221ff4f1c02a167e968d20c6331faa7c7206a5b57aa5316202 100% [K
parsing GGUF ⠇ [K[?25h[?2026l[?2026h[?25l[A[A[1Ggathering model components [K
copying file sha256:8875b53e09efb8221ff4f1c02a167e968d20c6331faa7c7206a5b57aa5316202 100% [K
parsing GGUF ⠏ [K[?25h[?2026l[?2026h[?25l[A[A[1Ggathering model components [K
copying file sha256:8875b53e09efb8221ff4f1c02a167e968d20c6331faa7c7206a5b57aa5316202 100% [K
parsing GGUF ⠋ [K[?25h[?2026l[?2026h[?25l[A[A[1Ggathering model components [K
copying file sha256:8875b53e09efb8221ff4f1c02a167e968d20c6331faa7c7206a5b57aa5316202 100% [K
parsing GGUF ⠙ [K[?25h[?2026l[?2026h[?25l[A[A[1Ggathering model components [K
copying file sha256:8875b53e09efb8221ff4f1c02a167e968d20c6331faa7c7206a5b57aa5316202 100% [K
parsing GGUF ⠹ [K[?25h[?2026l[?2026h[?25l[A[A[1Ggathering model components [K
copying file sha256:8875b53e09efb8221ff4f1c02a167e968d20c6331faa7c7206a5b57aa5316202 100% [K
parsing GGUF ⠸ [K[?25h[?2026l[?2026h[?25l[A[A[1Ggathering model components [K
copying file sha256:8875b53e09efb8221ff4f1c02a167e968d20c6331faa7c7206a5b57aa5316202 100% [K
parsing GGUF ⠼ [K[?25h[?2026l[?2026h[?25l[A[A[1Ggathering model components [K
copying file sha256:8875b53e09efb8221ff4f1c02a167e968d20c6331faa7c7206a5b57aa5316202 100% [K
parsing GGUF ⠴ [K[?25h[?2026l[?2026h[?25l[A[A[1Ggathering model components [K
copying file sha256:8875b53e09efb8221ff4f1c02a167e968d20c6331faa7c7206a5b57aa5316202 100% [K
parsing GGUF ⠦ [K[?25h[?2026l[?2026h[?25l[A[A[1Ggathering model components [K
copying file sha256:8875b53e09efb8221ff4f1c02a167e968d20c6331faa7c7206a5b57aa5316202 100% [K
parsing GGUF ⠧ [K[?25h[?2026l[?2026h[?25l[A[A[1Ggathering model components [K
copying file sha256:8875b53e09efb8221ff4f1c02a167e968d20c6331faa7c7206a5b57aa5316202 100% [K
parsing GGUF ⠇ [K[?25h[?2026l[?2026h[?25l[A[A[1Ggathering model components [K
copying file sha256:8875b53e09efb8221ff4f1c02a167e968d20c6331faa7c7206a5b57aa5316202 100% [K
parsing GGUF ⠏ [K[?25h[?2026l[?2026h[?25l[A[A[1Ggathering model components [K
copying file sha256:8875b53e09efb8221ff4f1c02a167e968d20c6331faa7c7206a5b57aa5316202 100% [K
parsing GGUF ⠋ [K[?25h[?2026l[?2026h[?25l[A[A[1Ggathering model components [K
copying file sha256:8875b53e09efb8221ff4f1c02a167e968d20c6331faa7c7206a5b57aa5316202 100% [K
parsing GGUF ⠙ [K[?25h[?2026l[?2026h[?25l[A[A[1Ggathering model components [K
copying file sha256:8875b53e09efb8221ff4f1c02a167e968d20c6331faa7c7206a5b57aa5316202 100% [K
parsing GGUF ⠹ [K[?25h[?2026l[?2026h[?25l[A[A[1Ggathering model components [K
copying file sha256:8875b53e09efb8221ff4f1c02a167e968d20c6331faa7c7206a5b57aa5316202 100% [K
parsing GGUF ⠸ [K[?25h[?2026l[?2026h[?25l[A[A[1Ggathering model components [K
copying file sha256:8875b53e09efb8221ff4f1c02a167e968d20c6331faa7c7206a5b57aa5316202 100% [K
parsing GGUF ⠼ [K[?25h[?2026l[?2026h[?25l[A[A[1Ggathering model components [K
copying file sha256:8875b53e09efb8221ff4f1c02a167e968d20c6331faa7c7206a5b57aa5316202 100% [K
parsing GGUF ⠴ [K[?25h[?2026l[?2026h[?25l[A[A[1Ggathering model components [K
copying file sha256:8875b53e09efb8221ff4f1c02a167e968d20c6331faa7c7206a5b57aa5316202 100% [K
parsing GGUF ⠦ [K[?25h[?2026l[?2026h[?25l[A[A[1Ggathering model components [K
copying file sha256:8875b53e09efb8221ff4f1c02a167e968d20c6331faa7c7206a5b57aa5316202 100% [K
parsing GGUF ⠧ [K[?25h[?2026l[?2026h[?25l[A[A[1Ggathering model components [K
copying file sha256:8875b53e09efb8221ff4f1c02a167e968d20c6331faa7c7206a5b57aa5316202 100% [K
parsing GGUF ⠇ [K[?25h[?2026l[?2026h[?25l[A[A[1Ggathering model components [K
copying file sha256:8875b53e09efb8221ff4f1c02a167e968d20c6331faa7c7206a5b57aa5316202 100% [K
parsing GGUF ⠏ [K[?25h[?2026l[?2026h[?25l[A[A[1Ggathering model components [K
copying file sha256:8875b53e09efb8221ff4f1c02a167e968d20c6331faa7c7206a5b57aa5316202 100% [K
parsing GGUF ⠋ [K[?25h[?2026l[?2026h[?25l[A[A[1Ggathering model components [K
copying file sha256:8875b53e09efb8221ff4f1c02a167e968d20c6331faa7c7206a5b57aa5316202 100% [K
parsing GGUF ⠙ [K[?25h[?2026l[?2026h[?25l[A[A[1Ggathering model components [K
copying file sha256:8875b53e09efb8221ff4f1c02a167e968d20c6331faa7c7206a5b57aa5316202 100% [K
parsing GGUF ⠹ [K[?25h[?2026l[?2026h[?25l[A[A[1Ggathering model components [K
copying file sha256:8875b53e09efb8221ff4f1c02a167e968d20c6331faa7c7206a5b57aa5316202 100% [K
parsing GGUF ⠸ [K[?25h[?2026l[?2026h[?25l[A[A[1Ggathering model components [K
copying file sha256:8875b53e09efb8221ff4f1c02a167e968d20c6331faa7c7206a5b57aa5316202 100% [K
parsing GGUF ⠼ [K[?25h[?2026l[?2026h[?25l[A[A[1Ggathering model components [K
copying file sha256:8875b53e09efb8221ff4f1c02a167e968d20c6331faa7c7206a5b57aa5316202 100% [K
parsing GGUF ⠴ [K[?25h[?2026l[?2026h[?25l[A[A[1Ggathering model components [K
copying file sha256:8875b53e09efb8221ff4f1c02a167e968d20c6331faa7c7206a5b57aa5316202 100% [K
parsing GGUF ⠦ [K[?25h[?2026l[?2026h[?25l[A[A[1Ggathering model components [K
copying file sha256:8875b53e09efb8221ff4f1c02a167e968d20c6331faa7c7206a5b57aa5316202 100% [K
parsing GGUF ⠧ [K[?25h[?2026l[?2026h[?25l[A[A[1Ggathering model components [K
copying file sha256:8875b53e09efb8221ff4f1c02a167e968d20c6331faa7c7206a5b57aa5316202 100% [K
parsing GGUF ⠇ [K[?25h[?2026l[?2026h[?25l[A[A[1Ggathering model components [K
copying file sha256:8875b53e09efb8221ff4f1c02a167e968d20c6331faa7c7206a5b57aa5316202 100% [K
parsing GGUF ⠏ [K[?25h[?2026l[?2026h[?25l[A[A[1Ggathering model components [K
copying file sha256:8875b53e09efb8221ff4f1c02a167e968d20c6331faa7c7206a5b57aa5316202 100% [K
parsing GGUF ⠋ [K[?25h[?2026l[?2026h[?25l[A[A[1Ggathering model components [K
copying file sha256:8875b53e09efb8221ff4f1c02a167e968d20c6331faa7c7206a5b57aa5316202 100% [K
parsing GGUF ⠙ [K[?25h[?2026l[?2026h[?25l[A[A[1Ggathering model components [K
copying file sha256:8875b53e09efb8221ff4f1c02a167e968d20c6331faa7c7206a5b57aa5316202 100% [K
parsing GGUF ⠹ [K[?25h[?2026l[?2026h[?25l[A[A[1Ggathering model components [K
copying file sha256:8875b53e09efb8221ff4f1c02a167e968d20c6331faa7c7206a5b57aa5316202 100% [K
parsing GGUF ⠸ [K[?25h[?2026l[?2026h[?25l[A[A[1Ggathering model components [K
copying file sha256:8875b53e09efb8221ff4f1c02a167e968d20c6331faa7c7206a5b57aa5316202 100% [K
parsing GGUF ⠼ [K[?25h[?2026l[?2026h[?25l[A[A[1Ggathering model components [K
copying file sha256:8875b53e09efb8221ff4f1c02a167e968d20c6331faa7c7206a5b57aa5316202 100% [K
parsing GGUF ⠴ [K[?25h[?2026l[?2026h[?25l[A[A[1Ggathering model components [K
copying file sha256:8875b53e09efb8221ff4f1c02a167e968d20c6331faa7c7206a5b57aa5316202 100% [K
parsing GGUF ⠦ [K[?25h[?2026l[?2026h[?25l[A[A[1Ggathering model components [K
copying file sha256:8875b53e09efb8221ff4f1c02a167e968d20c6331faa7c7206a5b57aa5316202 100% [K
parsing GGUF ⠧ [K[?25h[?2026l[?2026h[?25l[A[A[1Ggathering model components [K
copying file sha256:8875b53e09efb8221ff4f1c02a167e968d20c6331faa7c7206a5b57aa5316202 100% [K
parsing GGUF ⠇ [K[?25h[?2026l[?2026h[?25l[A[A[1Ggathering model components [K
copying file sha256:8875b53e09efb8221ff4f1c02a167e968d20c6331faa7c7206a5b57aa5316202 100% [K
parsing GGUF ⠏ [K[?25h[?2026l[?2026h[?25l[A[A[1Ggathering model components [K
copying file sha256:8875b53e09efb8221ff4f1c02a167e968d20c6331faa7c7206a5b57aa5316202 100% [K
parsing GGUF ⠋ [K[?25h[?2026l[?2026h[?25l[A[A[1Ggathering model components [K
copying file sha256:8875b53e09efb8221ff4f1c02a167e968d20c6331faa7c7206a5b57aa5316202 100% [K
parsing GGUF ⠙ [K[?25h[?2026l[?2026h[?25l[A[A[1Ggathering model components [K
copying file sha256:8875b53e09efb8221ff4f1c02a167e968d20c6331faa7c7206a5b57aa5316202 100% [K
parsing GGUF ⠹ [K[?25h[?2026l[?2026h[?25l[A[A[1Ggathering model components [K
copying file sha256:8875b53e09efb8221ff4f1c02a167e968d20c6331faa7c7206a5b57aa5316202 100% [K
parsing GGUF ⠸ [K[?25h[?2026l[?2026h[?25l[A[A[1Ggathering model components [K
copying file sha256:8875b53e09efb8221ff4f1c02a167e968d20c6331faa7c7206a5b57aa5316202 100% [K
parsing GGUF ⠼ [K[?25h[?2026l[?2026h[?25l[A[A[1Ggathering model components [K
copying file sha256:8875b53e09efb8221ff4f1c02a167e968d20c6331faa7c7206a5b57aa5316202 100% [K
parsing GGUF ⠴ [K[?25h[?2026l[?2026h[?25l[A[A[1Ggathering model components [K
copying file sha256:8875b53e09efb8221ff4f1c02a167e968d20c6331faa7c7206a5b57aa5316202 100% [K
parsing GGUF ⠦ [K[?25h[?2026l[?2026h[?25l[A[A[1Ggathering model components [K
copying file sha256:8875b53e09efb8221ff4f1c02a167e968d20c6331faa7c7206a5b57aa5316202 100% [K
parsing GGUF ⠧ [K[?25h[?2026l[?2026h[?25l[A[A[1Ggathering model components [K
copying file sha256:8875b53e09efb8221ff4f1c02a167e968d20c6331faa7c7206a5b57aa5316202 100% [K
parsing GGUF ⠇ [K[?25h[?2026l[?2026h[?25l[A[A[1Ggathering model components [K
copying file sha256:8875b53e09efb8221ff4f1c02a167e968d20c6331faa7c7206a5b57aa5316202 100% [K
parsing GGUF ⠏ [K[?25h[?2026l[?2026h[?25l[A[A[1Ggathering model components [K
copying file sha256:8875b53e09efb8221ff4f1c02a167e968d20c6331faa7c7206a5b57aa5316202 100% [K
parsing GGUF ⠋ [K[?25h[?2026l[?2026h[?25l[A[A[1Ggathering model components [K
copying file sha256:8875b53e09efb8221ff4f1c02a167e968d20c6331faa7c7206a5b57aa5316202 100% [K
parsing GGUF ⠙ [K[?25h[?2026l[?2026h[?25l[A[A[1Ggathering model components [K
copying file sha256:8875b53e09efb8221ff4f1c02a167e968d20c6331faa7c7206a5b57aa5316202 100% [K
parsing GGUF ⠹ [K[?25h[?2026l[?2026h[?25l[A[A[1Ggathering model components [K
copying file sha256:8875b53e09efb8221ff4f1c02a167e968d20c6331faa7c7206a5b57aa5316202 100% [K
parsing GGUF ⠸ [K[?25h[?2026l[?2026h[?25l[A[A[1Ggathering model components [K
copying file sha256:8875b53e09efb8221ff4f1c02a167e968d20c6331faa7c7206a5b57aa5316202 100% [K
parsing GGUF ⠼ [K[?25h[?2026l[?2026h[?25l[A[A[1Ggathering model components [K
copying file sha256:8875b53e09efb8221ff4f1c02a167e968d20c6331faa7c7206a5b57aa5316202 100% [K
parsing GGUF ⠴ [K[?25h[?2026l[?2026h[?25l[A[A[1Ggathering model components [K
copying file sha256:8875b53e09efb8221ff4f1c02a167e968d20c6331faa7c7206a5b57aa5316202 100% [K
parsing GGUF ⠦ [K[?25h[?2026l[?2026h[?25l[A[A[1Ggathering model components [K
copying file sha256:8875b53e09efb8221ff4f1c02a167e968d20c6331faa7c7206a5b57aa5316202 100% [K
parsing GGUF ⠧ [K[?25h[?2026l[?2026h[?25l[A[A[1Ggathering model components [K
copying file sha256:8875b53e09efb8221ff4f1c02a167e968d20c6331faa7c7206a5b57aa5316202 100% [K
parsing GGUF ⠇ [K[?25h[?2026l[?2026h[?25l[A[A[1Ggathering model components [K
copying file sha256:8875b53e09efb8221ff4f1c02a167e968d20c6331faa7c7206a5b57aa5316202 100% [K
parsing GGUF ⠏ [K[?25h[?2026l[?2026h[?25l[A[A[1Ggathering model components [K
copying file sha256:8875b53e09efb8221ff4f1c02a167e968d20c6331faa7c7206a5b57aa5316202 100% [K
parsing GGUF ⠋ [K[?25h[?2026l[?2026h[?25l[A[A[1Ggathering model components [K
copying file sha256:8875b53e09efb8221ff4f1c02a167e968d20c6331faa7c7206a5b57aa5316202 100% [K
parsing GGUF ⠙ [K[?25h[?2026l[?2026h[?25l[A[A[1Ggathering model components [K
copying file sha256:8875b53e09efb8221ff4f1c02a167e968d20c6331faa7c7206a5b57aa5316202 100% [K
parsing GGUF ⠹ [K[?25h[?2026l[?2026h[?25l[A[A[1Ggathering model components [K
copying file sha256:8875b53e09efb8221ff4f1c02a167e968d20c6331faa7c7206a5b57aa5316202 100% [K
parsing GGUF ⠸ [K[?25h[?2026l[?2026h[?25l[A[A[1Ggathering model components [K
copying file sha256:8875b53e09efb8221ff4f1c02a167e968d20c6331faa7c7206a5b57aa5316202 100% [K
parsing GGUF ⠼ [K[?25h[?2026l[?2026h[?25l[A[A[1Ggathering model components [K
copying file sha256:8875b53e09efb8221ff4f1c02a167e968d20c6331faa7c7206a5b57aa5316202 100% [K
parsing GGUF ⠴ [K[?25h[?2026l[?2026h[?25l[A[A[1Ggathering model components [K
copying file sha256:8875b53e09efb8221ff4f1c02a167e968d20c6331faa7c7206a5b57aa5316202 100% [K
parsing GGUF ⠦ [K[?25h[?2026l[?2026h[?25l[A[A[1Ggathering model components [K
copying file sha256:8875b53e09efb8221ff4f1c02a167e968d20c6331faa7c7206a5b57aa5316202 100% [K
parsing GGUF ⠧ [K[?25h[?2026l[?2026h[?25l[A[A[1Ggathering model components [K
copying file sha256:8875b53e09efb8221ff4f1c02a167e968d20c6331faa7c7206a5b57aa5316202 100% [K
parsing GGUF ⠇ [K[?25h[?2026l[?2026h[?25l[A[A[1Ggathering model components [K
copying file sha256:8875b53e09efb8221ff4f1c02a167e968d20c6331faa7c7206a5b57aa5316202 100% [K
parsing GGUF ⠏ [K[?25h[?2026l[?2026h[?25l[A[A[1Ggathering model components [K
copying file sha256:8875b53e09efb8221ff4f1c02a167e968d20c6331faa7c7206a5b57aa5316202 100% [K
parsing GGUF ⠋ [K[?25h[?2026l[?2026h[?25l[A[A[1Ggathering model components [K
copying file sha256:8875b53e09efb8221ff4f1c02a167e968d20c6331faa7c7206a5b57aa5316202 100% [K
parsing GGUF ⠙ [K[?25h[?2026l[?2026h[?25l[A[A[1Ggathering model components [K
copying file sha256:8875b53e09efb8221ff4f1c02a167e968d20c6331faa7c7206a5b57aa5316202 100% [K
parsing GGUF ⠹ [K[?25h[?2026l[?2026h[?25l[A[A[1Ggathering model components [K
copying file sha256:8875b53e09efb8221ff4f1c02a167e968d20c6331faa7c7206a5b57aa5316202 100% [K
parsing GGUF ⠸ [K[?25h[?2026l[?2026h[?25l[A[A[1Ggathering model components [K
copying file sha256:8875b53e09efb8221ff4f1c02a167e968d20c6331faa7c7206a5b57aa5316202 100% [K
parsing GGUF ⠼ [K[?25h[?2026l[?2026h[?25l[A[A[1Ggathering model components [K
copying file sha256:8875b53e09efb8221ff4f1c02a167e968d20c6331faa7c7206a5b57aa5316202 100% [K
parsing GGUF ⠴ [K[?25h[?2026l[?2026h[?25l[A[A[1Ggathering model components [K
copying file sha256:8875b53e09efb8221ff4f1c02a167e968d20c6331faa7c7206a5b57aa5316202 100% [K
parsing GGUF ⠦ [K[?25h[?2026l[?2026h[?25l[A[A[1Ggathering model components [K
copying file sha256:8875b53e09efb8221ff4f1c02a167e968d20c6331faa7c7206a5b57aa5316202 100% [K
parsing GGUF ⠧ [K[?25h[?2026l[?2026h[?25l[A[A[1Ggathering model components [K
copying file sha256:8875b53e09efb8221ff4f1c02a167e968d20c6331faa7c7206a5b57aa5316202 100% [K
parsing GGUF ⠇ [K[?25h[?2026l[?2026h[?25l[A[A[1Ggathering model components [K
copying file sha256:8875b53e09efb8221ff4f1c02a167e968d20c6331faa7c7206a5b57aa5316202 100% [K
parsing GGUF ⠏ [K[?25h[?2026l[?2026h[?25l[A[A[1Ggathering model components [K
copying file sha256:8875b53e09efb8221ff4f1c02a167e968d20c6331faa7c7206a5b57aa5316202 100% [K
parsing GGUF ⠋ [K[?25h[?2026l[?2026h[?25l[A[A[1Ggathering model components [K
copying file sha256:8875b53e09efb8221ff4f1c02a167e968d20c6331faa7c7206a5b57aa5316202 100% [K
parsing GGUF ⠙ [K[?25h[?2026l[?2026h[?25l[A[A[1Ggathering model components [K
copying file sha256:8875b53e09efb8221ff4f1c02a167e968d20c6331faa7c7206a5b57aa5316202 100% [K
parsing GGUF ⠹ [K[?25h[?2026l[?2026h[?25l[A[A[1Ggathering model components [K
copying file sha256:8875b53e09efb8221ff4f1c02a167e968d20c6331faa7c7206a5b57aa5316202 100% [K
parsing GGUF ⠸ [K[?25h[?2026l[?2026h[?25l[A[A[1Ggathering model components [K
copying file sha256:8875b53e09efb8221ff4f1c02a167e968d20c6331faa7c7206a5b57aa5316202 100% [K
parsing GGUF ⠼ [K[?25h[?2026l[?2026h[?25l[A[A[1Ggathering model components [K
copying file sha256:8875b53e09efb8221ff4f1c02a167e968d20c6331faa7c7206a5b57aa5316202 100% [K
parsing GGUF ⠴ [K[?25h[?2026l[?2026h[?25l[A[A[1Ggathering model components [K
copying file sha256:8875b53e09efb8221ff4f1c02a167e968d20c6331faa7c7206a5b57aa5316202 100% [K
parsing GGUF ⠦ [K[?25h[?2026l[?2026h[?25l[A[A[1Ggathering model components [K
copying file sha256:8875b53e09efb8221ff4f1c02a167e968d20c6331faa7c7206a5b57aa5316202 100% [K
parsing GGUF ⠧ [K[?25h[?2026l[?2026h[?25l[A[A[1Ggathering model components [K
copying file sha256:8875b53e09efb8221ff4f1c02a167e968d20c6331faa7c7206a5b57aa5316202 100% [K
parsing GGUF ⠇ [K[?25h[?2026l[?2026h[?25l[A[A[1Ggathering model components [K
copying file sha256:8875b53e09efb8221ff4f1c02a167e968d20c6331faa7c7206a5b57aa5316202 100% [K
parsing GGUF ⠏ [K[?25h[?2026l[?2026h[?25l[A[A[1Ggathering model components [K
copying file sha256:8875b53e09efb8221ff4f1c02a167e968d20c6331faa7c7206a5b57aa5316202 100% [K
parsing GGUF ⠋ [K[?25h[?2026l[?2026h[?25l[A[A[1Ggathering model components [K
copying file sha256:8875b53e09efb8221ff4f1c02a167e968d20c6331faa7c7206a5b57aa5316202 100% [K
parsing GGUF ⠙ [K[?25h[?2026l[?2026h[?25l[A[A[1Ggathering model components [K
copying file sha256:8875b53e09efb8221ff4f1c02a167e968d20c6331faa7c7206a5b57aa5316202 100% [K
parsing GGUF ⠹ [K[?25h[?2026l[?2026h[?25l[A[A[1Ggathering model components [K
copying file sha256:8875b53e09efb8221ff4f1c02a167e968d20c6331faa7c7206a5b57aa5316202 100% [K
parsing GGUF ⠸ [K[?25h[?2026l[?2026h[?25l[A[A[1Ggathering model components [K
copying file sha256:8875b53e09efb8221ff4f1c02a167e968d20c6331faa7c7206a5b57aa5316202 100% [K
parsing GGUF ⠼ [K[?25h[?2026l[?2026h[?25l[A[A[1Ggathering model components [K
copying file sha256:8875b53e09efb8221ff4f1c02a167e968d20c6331faa7c7206a5b57aa5316202 100% [K
parsing GGUF ⠴ [K[?25h[?2026l[?2026h[?25l[A[A[1Ggathering model components [K
copying file sha256:8875b53e09efb8221ff4f1c02a167e968d20c6331faa7c7206a5b57aa5316202 100% [K
parsing GGUF ⠦ [K[?25h[?2026l[?2026h[?25l[A[A[1Ggathering model components [K
copying file sha256:8875b53e09efb8221ff4f1c02a167e968d20c6331faa7c7206a5b57aa5316202 100% [K
parsing GGUF ⠧ [K[?25h[?2026l[?2026h[?25l[A[A[1Ggathering model components [K
copying file sha256:8875b53e09efb8221ff4f1c02a167e968d20c6331faa7c7206a5b57aa5316202 100% [K
parsing GGUF ⠇ [K[?25h[?2026l[?2026h[?25l[A[A[1Ggathering model components [K
copying file sha256:8875b53e09efb8221ff4f1c02a167e968d20c6331faa7c7206a5b57aa5316202 100% [K
parsing GGUF ⠏ [K[?25h[?2026l[?2026h[?25l[A[A[1Ggathering model components [K
copying file sha256:8875b53e09efb8221ff4f1c02a167e968d20c6331faa7c7206a5b57aa5316202 100% [K
parsing GGUF ⠋ [K[?25h[?2026l[?2026h[?25l[A[A[1Ggathering model components [K
copying file sha256:8875b53e09efb8221ff4f1c02a167e968d20c6331faa7c7206a5b57aa5316202 100% [K
parsing GGUF ⠙ [K[?25h[?2026l[?2026h[?25l[A[A[1Ggathering model components [K
copying file sha256:8875b53e09efb8221ff4f1c02a167e968d20c6331faa7c7206a5b57aa5316202 100% [K
parsing GGUF ⠹ [K[?25h[?2026l[?2026h[?25l[A[A[1Ggathering model components [K
copying file sha256:8875b53e09efb8221ff4f1c02a167e968d20c6331faa7c7206a5b57aa5316202 100% [K
parsing GGUF ⠸ [K[?25h[?2026l[?2026h[?25l[A[A[1Ggathering model components [K
copying file sha256:8875b53e09efb8221ff4f1c02a167e968d20c6331faa7c7206a5b57aa5316202 100% [K
parsing GGUF ⠼ [K[?25h[?2026l[?2026h[?25l[A[A[1Ggathering model components [K
copying file sha256:8875b53e09efb8221ff4f1c02a167e968d20c6331faa7c7206a5b57aa5316202 100% [K
parsing GGUF ⠴ [K[?25h[?2026l[?2026h[?25l[A[A[1Ggathering model components [K
copying file sha256:8875b53e09efb8221ff4f1c02a167e968d20c6331faa7c7206a5b57aa5316202 100% [K
parsing GGUF ⠦ [K[?25h[?2026l[?2026h[?25l[A[A[1Ggathering model components [K
copying file sha256:8875b53e09efb8221ff4f1c02a167e968d20c6331faa7c7206a5b57aa5316202 100% [K
parsing GGUF ⠧ [K[?25h[?2026l[?2026h[?25l[A[A[1Ggathering model components [K
copying file sha256:8875b53e09efb8221ff4f1c02a167e968d20c6331faa7c7206a5b57aa5316202 100% [K
parsing GGUF ⠇ [K[?25h[?2026l[?2026h[?25l[A[A[1Ggathering model components [K
copying file sha256:8875b53e09efb8221ff4f1c02a167e968d20c6331faa7c7206a5b57aa5316202 100% [K
parsing GGUF ⠏ [K[?25h[?2026l[?2026h[?25l[A[A[1Ggathering model components [K
copying file sha256:8875b53e09efb8221ff4f1c02a167e968d20c6331faa7c7206a5b57aa5316202 100% [K
parsing GGUF ⠋ [K[?25h[?2026l[?2026h[?25l[A[A[1Ggathering model components [K
copying file sha256:8875b53e09efb8221ff4f1c02a167e968d20c6331faa7c7206a5b57aa5316202 100% [K
parsing GGUF ⠙ [K[?25h[?2026l[?2026h[?25l[A[A[1Ggathering model components [K
copying file sha256:8875b53e09efb8221ff4f1c02a167e968d20c6331faa7c7206a5b57aa5316202 100% [K
parsing GGUF ⠹ [K[?25h[?2026l[?2026h[?25l[A[A[1Ggathering model components [K
copying file sha256:8875b53e09efb8221ff4f1c02a167e968d20c6331faa7c7206a5b57aa5316202 100% [K
parsing GGUF ⠸ [K[?25h[?2026l[?2026h[?25l[A[A[1Ggathering model components [K
copying file sha256:8875b53e09efb8221ff4f1c02a167e968d20c6331faa7c7206a5b57aa5316202 100% [K
parsing GGUF ⠼ [K[?25h[?2026l[?2026h[?25l[A[A[1Ggathering model components [K
copying file sha256:8875b53e09efb8221ff4f1c02a167e968d20c6331faa7c7206a5b57aa5316202 100% [K
parsing GGUF ⠴ [K[?25h[?2026l[?2026h[?25l[A[A[1Ggathering model components [K
copying file sha256:8875b53e09efb8221ff4f1c02a167e968d20c6331faa7c7206a5b57aa5316202 100% [K
parsing GGUF ⠦ [K[?25h[?2026l[?2026h[?25l[A[A[1Ggathering model components [K
copying file sha256:8875b53e09efb8221ff4f1c02a167e968d20c6331faa7c7206a5b57aa5316202 100% [K
parsing GGUF ⠧ [K[?25h[?2026l[?2026h[?25l[A[A[1Ggathering model components [K
copying file sha256:8875b53e09efb8221ff4f1c02a167e968d20c6331faa7c7206a5b57aa5316202 100% [K
parsing GGUF ⠇ [K[?25h[?2026l[?2026h[?25l[A[A[1Ggathering model components [K
copying file sha256:8875b53e09efb8221ff4f1c02a167e968d20c6331faa7c7206a5b57aa5316202 100% [K
parsing GGUF ⠏ [K[?25h[?2026l[?2026h[?25l[A[A[1Ggathering model components [K
copying file sha256:8875b53e09efb8221ff4f1c02a167e968d20c6331faa7c7206a5b57aa5316202 100% [K
parsing GGUF ⠋ [K[?25h[?2026l[?2026h[?25l[A[A[1Ggathering model components [K
copying file sha256:8875b53e09efb8221ff4f1c02a167e968d20c6331faa7c7206a5b57aa5316202 100% [K
parsing GGUF ⠙ [K[?25h[?2026l[?2026h[?25l[A[A[1Ggathering model components [K
copying file sha256:8875b53e09efb8221ff4f1c02a167e968d20c6331faa7c7206a5b57aa5316202 100% [K
parsing GGUF ⠹ [K[?25h[?2026l[?2026h[?25l[A[A[1Ggathering model components [K
copying file sha256:8875b53e09efb8221ff4f1c02a167e968d20c6331faa7c7206a5b57aa5316202 100% [K
parsing GGUF ⠸ [K[?25h[?2026l[?2026h[?25l[A[A[1Ggathering model components [K
copying file sha256:8875b53e09efb8221ff4f1c02a167e968d20c6331faa7c7206a5b57aa5316202 100% [K
parsing GGUF ⠼ [K[?25h[?2026l[?2026h[?25l[A[A[1Ggathering model components [K
copying file sha256:8875b53e09efb8221ff4f1c02a167e968d20c6331faa7c7206a5b57aa5316202 100% [K
parsing GGUF ⠴ [K[?25h[?2026l[?2026h[?25l[A[A[1Ggathering model components [K
copying file sha256:8875b53e09efb8221ff4f1c02a167e968d20c6331faa7c7206a5b57aa5316202 100% [K
parsing GGUF ⠦ [K[?25h[?2026l[?2026h[?25l[A[A[1Ggathering model components [K
copying file sha256:8875b53e09efb8221ff4f1c02a167e968d20c6331faa7c7206a5b57aa5316202 100% [K
parsing GGUF ⠧ [K[?25h[?2026l[?2026h[?25l[A[A[1Ggathering model components [K
copying file sha256:8875b53e09efb8221ff4f1c02a167e968d20c6331faa7c7206a5b57aa5316202 100% [K
parsing GGUF ⠇ [K[?25h[?2026l[?2026h[?25l[A[A[1Ggathering model components [K
copying file sha256:8875b53e09efb8221ff4f1c02a167e968d20c6331faa7c7206a5b57aa5316202 100% [K
parsing GGUF ⠏ [K[?25h[?2026l[?2026h[?25l[A[A[1Ggathering model components [K
copying file sha256:8875b53e09efb8221ff4f1c02a167e968d20c6331faa7c7206a5b57aa5316202 100% [K
parsing GGUF ⠋ [K[?25h[?2026l[?2026h[?25l[A[A[1Ggathering model components [K
copying file sha256:8875b53e09efb8221ff4f1c02a167e968d20c6331faa7c7206a5b57aa5316202 100% [K
parsing GGUF ⠙ [K[?25h[?2026l[?2026h[?25l[A[A[1Ggathering model components [K
copying file sha256:8875b53e09efb8221ff4f1c02a167e968d20c6331faa7c7206a5b57aa5316202 100% [K
parsing GGUF ⠹ [K[?25h[?2026l[?2026h[?25l[A[A[1Ggathering model components [K
copying file sha256:8875b53e09efb8221ff4f1c02a167e968d20c6331faa7c7206a5b57aa5316202 100% [K
parsing GGUF ⠸ [K[?25h[?2026l[?2026h[?25l[A[A[1Ggathering model components [K
copying file sha256:8875b53e09efb8221ff4f1c02a167e968d20c6331faa7c7206a5b57aa5316202 100% [K
parsing GGUF ⠼ [K[?25h[?2026l[?2026h[?25l[A[A[1Ggathering model components [K
copying file sha256:8875b53e09efb8221ff4f1c02a167e968d20c6331faa7c7206a5b57aa5316202 100% [K
parsing GGUF ⠴ [K[?25h[?2026l[?2026h[?25l[A[A[1Ggathering model components [K
copying file sha256:8875b53e09efb8221ff4f1c02a167e968d20c6331faa7c7206a5b57aa5316202 100% [K
parsing GGUF ⠦ [K[?25h[?2026l[?2026h[?25l[A[A[1Ggathering model components [K
copying file sha256:8875b53e09efb8221ff4f1c02a167e968d20c6331faa7c7206a5b57aa5316202 100% [K
parsing GGUF ⠧ [K[?25h[?2026l[?2026h[?25l[A[A[1Ggathering model components [K
copying file sha256:8875b53e09efb8221ff4f1c02a167e968d20c6331faa7c7206a5b57aa5316202 100% [K
parsing GGUF ⠇ [K[?25h[?2026l[?2026h[?25l[A[A[1Ggathering model components [K
copying file sha256:8875b53e09efb8221ff4f1c02a167e968d20c6331faa7c7206a5b57aa5316202 100% [K
parsing GGUF ⠏ [K[?25h[?2026l[?2026h[?25l[A[A[1Ggathering model components [K
copying file sha256:8875b53e09efb8221ff4f1c02a167e968d20c6331faa7c7206a5b57aa5316202 100% [K
parsing GGUF ⠋ [K[?25h[?2026l[?2026h[?25l[A[A[1Ggathering model components [K
copying file sha256:8875b53e09efb8221ff4f1c02a167e968d20c6331faa7c7206a5b57aa5316202 100% [K
parsing GGUF ⠙ [K[?25h[?2026l[?2026h[?25l[A[A[1Ggathering model components [K
copying file sha256:8875b53e09efb8221ff4f1c02a167e968d20c6331faa7c7206a5b57aa5316202 100% [K
parsing GGUF ⠹ [K[?25h[?2026l[?2026h[?25l[A[A[1Ggathering model components [K
copying file sha256:8875b53e09efb8221ff4f1c02a167e968d20c6331faa7c7206a5b57aa5316202 100% [K
parsing GGUF ⠸ [K[?25h[?2026l[?2026h[?25l[A[A[1Ggathering model components [K
copying file sha256:8875b53e09efb8221ff4f1c02a167e968d20c6331faa7c7206a5b57aa5316202 100% [K
parsing GGUF ⠼ [K[?25h[?2026l[?2026h[?25l[A[A[1Ggathering model components [K
copying file sha256:8875b53e09efb8221ff4f1c02a167e968d20c6331faa7c7206a5b57aa5316202 100% [K
parsing GGUF ⠴ [K[?25h[?2026l[?2026h[?25l[A[A[1Ggathering model components [K
copying file sha256:8875b53e09efb8221ff4f1c02a167e968d20c6331faa7c7206a5b57aa5316202 100% [K
parsing GGUF ⠦ [K[?25h[?2026l[?2026h[?25l[A[A[1Ggathering model components [K
copying file sha256:8875b53e09efb8221ff4f1c02a167e968d20c6331faa7c7206a5b57aa5316202 100% [K
parsing GGUF ⠧ [K[?25h[?2026l[?2026h[?25l[A[A[1Ggathering model components [K
copying file sha256:8875b53e09efb8221ff4f1c02a167e968d20c6331faa7c7206a5b57aa5316202 100% [K
parsing GGUF ⠇ [K[?25h[?2026l[?2026h[?25l[A[A[1Ggathering model components [K
copying file sha256:8875b53e09efb8221ff4f1c02a167e968d20c6331faa7c7206a5b57aa5316202 100% [K
parsing GGUF ⠏ [K[?25h[?2026l[?2026h[?25l[A[A[1Ggathering model components [K
copying file sha256:8875b53e09efb8221ff4f1c02a167e968d20c6331faa7c7206a5b57aa5316202 100% [K
parsing GGUF ⠋ [K[?25h[?2026l[?2026h[?25l[A[A[1Ggathering model components [K
copying file sha256:8875b53e09efb8221ff4f1c02a167e968d20c6331faa7c7206a5b57aa5316202 100% [K
parsing GGUF ⠙ [K[?25h[?2026l[?2026h[?25l[A[A[1Ggathering model components [K
copying file sha256:8875b53e09efb8221ff4f1c02a167e968d20c6331faa7c7206a5b57aa5316202 100% [K
parsing GGUF ⠹ [K[?25h[?2026l[?2026h[?25l[A[A[1Ggathering model components [K
copying file sha256:8875b53e09efb8221ff4f1c02a167e968d20c6331faa7c7206a5b57aa5316202 100% [K
parsing GGUF ⠸ [K[?25h[?2026l[?2026h[?25l[A[A[1Ggathering model components [K
copying file sha256:8875b53e09efb8221ff4f1c02a167e968d20c6331faa7c7206a5b57aa5316202 100% [K
parsing GGUF ⠼ [K[?25h[?2026l[?2026h[?25l[A[A[1Ggathering model components [K
copying file sha256:8875b53e09efb8221ff4f1c02a167e968d20c6331faa7c7206a5b57aa5316202 100% [K
parsing GGUF ⠴ [K[?25h[?2026l[?2026h[?25l[A[A[1Ggathering model components [K
copying file sha256:8875b53e09efb8221ff4f1c02a167e968d20c6331faa7c7206a5b57aa5316202 100% [K
parsing GGUF ⠦ [K[?25h[?2026l[?2026h[?25l[A[A[1Ggathering model components [K
copying file sha256:8875b53e09efb8221ff4f1c02a167e968d20c6331faa7c7206a5b57aa5316202 100% [K
parsing GGUF ⠧ [K[?25h[?2026l[?2026h[?25l[A[A[1Ggathering model components [K
copying file sha256:8875b53e09efb8221ff4f1c02a167e968d20c6331faa7c7206a5b57aa5316202 100% [K
parsing GGUF ⠇ [K[?25h[?2026l[?2026h[?25l[A[A[1Ggathering model components [K
copying file sha256:8875b53e09efb8221ff4f1c02a167e968d20c6331faa7c7206a5b57aa5316202 100% [K
parsing GGUF ⠏ [K[?25h[?2026l[?2026h[?25l[A[A[1Ggathering model components [K
copying file sha256:8875b53e09efb8221ff4f1c02a167e968d20c6331faa7c7206a5b57aa5316202 100% [K
parsing GGUF ⠋ [K[?25h[?2026l[?2026h[?25l[A[A[1Ggathering model components [K
copying file sha256:8875b53e09efb8221ff4f1c02a167e968d20c6331faa7c7206a5b57aa5316202 100% [K
parsing GGUF ⠙ [K[?25h[?2026l[?2026h[?25l[A[A[1Ggathering model components [K
copying file sha256:8875b53e09efb8221ff4f1c02a167e968d20c6331faa7c7206a5b57aa5316202 100% [K
parsing GGUF ⠹ [K[?25h[?2026l[?2026h[?25l[A[A[1Ggathering model components [K
copying file sha256:8875b53e09efb8221ff4f1c02a167e968d20c6331faa7c7206a5b57aa5316202 100% [K
parsing GGUF ⠸ [K[?25h[?2026l[?2026h[?25l[A[A[1Ggathering model components [K
copying file sha256:8875b53e09efb8221ff4f1c02a167e968d20c6331faa7c7206a5b57aa5316202 100% [K
parsing GGUF ⠼ [K[?25h[?2026l[?2026h[?25l[A[A[1Ggathering model components [K
copying file sha256:8875b53e09efb8221ff4f1c02a167e968d20c6331faa7c7206a5b57aa5316202 100% [K
parsing GGUF ⠴ [K[?25h[?2026l[?2026h[?25l[A[A[1Ggathering model components [K
copying file sha256:8875b53e09efb8221ff4f1c02a167e968d20c6331faa7c7206a5b57aa5316202 100% [K
parsing GGUF ⠦ [K[?25h[?2026l[?2026h[?25l[A[A[1Ggathering model components [K
copying file sha256:8875b53e09efb8221ff4f1c02a167e968d20c6331faa7c7206a5b57aa5316202 100% [K
parsing GGUF ⠧ [K[?25h[?2026l[?2026h[?25l[A[A[1Ggathering model components [K
copying file sha256:8875b53e09efb8221ff4f1c02a167e968d20c6331faa7c7206a5b57aa5316202 100% [K
parsing GGUF ⠇ [K[?25h[?2026l[?2026h[?25l[A[A[1Ggathering model components [K
copying file sha256:8875b53e09efb8221ff4f1c02a167e968d20c6331faa7c7206a5b57aa5316202 100% [K
parsing GGUF ⠏ [K[?25h[?2026l[?2026h[?25l[A[A[1Ggathering model components [K
copying file sha256:8875b53e09efb8221ff4f1c02a167e968d20c6331faa7c7206a5b57aa5316202 100% [K
parsing GGUF ⠋ [K[?25h[?2026l[?2026h[?25l[A[A[1Ggathering model components [K
copying file sha256:8875b53e09efb8221ff4f1c02a167e968d20c6331faa7c7206a5b57aa5316202 100% [K
parsing GGUF ⠙ [K[?25h[?2026l[?2026h[?25l[A[A[1Ggathering model components [K
copying file sha256:8875b53e09efb8221ff4f1c02a167e968d20c6331faa7c7206a5b57aa5316202 100% [K
parsing GGUF ⠹ [K[?25h[?2026l[?2026h[?25l[A[A[1Ggathering model components [K
copying file sha256:8875b53e09efb8221ff4f1c02a167e968d20c6331faa7c7206a5b57aa5316202 100% [K
parsing GGUF ⠸ [K[?25h[?2026l[?2026h[?25l[A[A[1Ggathering model components [K
copying file sha256:8875b53e09efb8221ff4f1c02a167e968d20c6331faa7c7206a5b57aa5316202 100% [K
parsing GGUF ⠼ [K[?25h[?2026l[?2026h[?25l[A[A[1Ggathering model components [K
copying file sha256:8875b53e09efb8221ff4f1c02a167e968d20c6331faa7c7206a5b57aa5316202 100% [K
parsing GGUF ⠴ [K[?25h[?2026l[?2026h[?25l[A[A[1Ggathering model components [K
copying file sha256:8875b53e09efb8221ff4f1c02a167e968d20c6331faa7c7206a5b57aa5316202 100% [K
parsing GGUF ⠦ [K[?25h[?2026l[?2026h[?25l[A[A[1Ggathering model components [K
copying file sha256:8875b53e09efb8221ff4f1c02a167e968d20c6331faa7c7206a5b57aa5316202 100% [K
parsing GGUF ⠧ [K[?25h[?2026l[?2026h[?25l[A[A[1Ggathering model components [K
copying file sha256:8875b53e09efb8221ff4f1c02a167e968d20c6331faa7c7206a5b57aa5316202 100% [K
parsing GGUF ⠇ [K[?25h[?2026l[?2026h[?25l[A[A[1Ggathering model components [K
copying file sha256:8875b53e09efb8221ff4f1c02a167e968d20c6331faa7c7206a5b57aa5316202 100% [K
parsing GGUF ⠏ [K[?25h[?2026l[?2026h[?25l[A[A[1Ggathering model components [K
copying file sha256:8875b53e09efb8221ff4f1c02a167e968d20c6331faa7c7206a5b57aa5316202 100% [K
parsing GGUF ⠋ [K[?25h[?2026l[?2026h[?25l[A[A[1Ggathering model components [K
copying file sha256:8875b53e09efb8221ff4f1c02a167e968d20c6331faa7c7206a5b57aa5316202 100% [K
parsing GGUF ⠙ [K[?25h[?2026l[?2026h[?25l[A[A[1Ggathering model components [K
copying file sha256:8875b53e09efb8221ff4f1c02a167e968d20c6331faa7c7206a5b57aa5316202 100% [K
parsing GGUF ⠹ [K[?25h[?2026l[?2026h[?25l[A[A[1Ggathering model components [K
copying file sha256:8875b53e09efb8221ff4f1c02a167e968d20c6331faa7c7206a5b57aa5316202 100% [K
parsing GGUF ⠸ [K[?25h[?2026l[?2026h[?25l[A[A[1Ggathering model components [K
copying file sha256:8875b53e09efb8221ff4f1c02a167e968d20c6331faa7c7206a5b57aa5316202 100% [K
parsing GGUF ⠼ [K[?25h[?2026l[?2026h[?25l[A[A[1Ggathering model components [K
copying file sha256:8875b53e09efb8221ff4f1c02a167e968d20c6331faa7c7206a5b57aa5316202 100% [K
parsing GGUF ⠴ [K[?25h[?2026l[?2026h[?25l[A[A[1Ggathering model components [K
copying file sha256:8875b53e09efb8221ff4f1c02a167e968d20c6331faa7c7206a5b57aa5316202 100% [K
parsing GGUF ⠦ [K[?25h[?2026l[?2026h[?25l[A[A[1Ggathering model components [K
copying file sha256:8875b53e09efb8221ff4f1c02a167e968d20c6331faa7c7206a5b57aa5316202 100% [K
parsing GGUF ⠧ [K[?25h[?2026l[?2026h[?25l[A[A[1Ggathering model components [K
copying file sha256:8875b53e09efb8221ff4f1c02a167e968d20c6331faa7c7206a5b57aa5316202 100% [K
parsing GGUF ⠇ [K[?25h[?2026l[?2026h[?25l[A[A[1Ggathering model components [K
copying file sha256:8875b53e09efb8221ff4f1c02a167e968d20c6331faa7c7206a5b57aa5316202 100% [K
parsing GGUF ⠏ [K[?25h[?2026l[?2026h[?25l[A[A[1Ggathering model components [K
copying file sha256:8875b53e09efb8221ff4f1c02a167e968d20c6331faa7c7206a5b57aa5316202 100% [K
parsing GGUF ⠋ [K[?25h[?2026l[?2026h[?25l[A[A[1Ggathering model components [K
copying file sha256:8875b53e09efb8221ff4f1c02a167e968d20c6331faa7c7206a5b57aa5316202 100% [K
parsing GGUF ⠙ [K[?25h[?2026l[?2026h[?25l[A[A[1Ggathering model components [K
copying file sha256:8875b53e09efb8221ff4f1c02a167e968d20c6331faa7c7206a5b57aa5316202 100% [K
parsing GGUF ⠹ [K[?25h[?2026l[?2026h[?25l[A[A[1Ggathering model components [K
copying file sha256:8875b53e09efb8221ff4f1c02a167e968d20c6331faa7c7206a5b57aa5316202 100% [K
parsing GGUF ⠸ [K[?25h[?2026l[?2026h[?25l[A[A[1Ggathering model components [K
copying file sha256:8875b53e09efb8221ff4f1c02a167e968d20c6331faa7c7206a5b57aa5316202 100% [K
parsing GGUF ⠼ [K[?25h[?2026l[?2026h[?25l[A[A[1Ggathering model components [K
copying file sha256:8875b53e09efb8221ff4f1c02a167e968d20c6331faa7c7206a5b57aa5316202 100% [K
parsing GGUF ⠴ [K[?25h[?2026l[?2026h[?25l[A[A[1Ggathering model components [K
copying file sha256:8875b53e09efb8221ff4f1c02a167e968d20c6331faa7c7206a5b57aa5316202 100% [K
parsing GGUF ⠦ [K[?25h[?2026l[?2026h[?25l[A[A[1Ggathering model components [K
copying file sha256:8875b53e09efb8221ff4f1c02a167e968d20c6331faa7c7206a5b57aa5316202 100% [K
parsing GGUF ⠧ [K[?25h[?2026l[?2026h[?25l[A[A[1Ggathering model components [K
copying file sha256:8875b53e09efb8221ff4f1c02a167e968d20c6331faa7c7206a5b57aa5316202 100% [K
parsing GGUF ⠇ [K[?25h[?2026l[?2026h[?25l[A[A[1Ggathering model components [K
copying file sha256:8875b53e09efb8221ff4f1c02a167e968d20c6331faa7c7206a5b57aa5316202 100% [K
parsing GGUF ⠏ [K[?25h[?2026l[?2026h[?25l[A[A[1Ggathering model components [K
copying file sha256:8875b53e09efb8221ff4f1c02a167e968d20c6331faa7c7206a5b57aa5316202 100% [K
parsing GGUF ⠋ [K[?25h[?2026l[?2026h[?25l[A[A[1Ggathering model components [K
copying file sha256:8875b53e09efb8221ff4f1c02a167e968d20c6331faa7c7206a5b57aa5316202 100% [K
parsing GGUF ⠙ [K[?25h[?2026l[?2026h[?25l[A[A[1Ggathering model components [K
copying file sha256:8875b53e09efb8221ff4f1c02a167e968d20c6331faa7c7206a5b57aa5316202 100% [K
parsing GGUF ⠹ [K[?25h[?2026l[?2026h[?25l[A[A[1Ggathering model components [K
copying file sha256:8875b53e09efb8221ff4f1c02a167e968d20c6331faa7c7206a5b57aa5316202 100% [K
parsing GGUF ⠸ [K[?25h[?2026l[?2026h[?25l[A[A[1Ggathering model components [K
copying file sha256:8875b53e09efb8221ff4f1c02a167e968d20c6331faa7c7206a5b57aa5316202 100% [K
parsing GGUF ⠼ [K[?25h[?2026l[?2026h[?25l[A[A[1Ggathering model components [K
copying file sha256:8875b53e09efb8221ff4f1c02a167e968d20c6331faa7c7206a5b57aa5316202 100% [K
parsing GGUF ⠴ [K[?25h[?2026l[?2026h[?25l[A[A[1Ggathering model components [K
copying file sha256:8875b53e09efb8221ff4f1c02a167e968d20c6331faa7c7206a5b57aa5316202 100% [K
parsing GGUF ⠦ [K[?25h[?2026l[?2026h[?25l[A[A[1Ggathering model components [K
copying file sha256:8875b53e09efb8221ff4f1c02a167e968d20c6331faa7c7206a5b57aa5316202 100% [K
parsing GGUF ⠧ [K[?25h[?2026l[?2026h[?25l[A[A[1Ggathering model components [K
copying file sha256:8875b53e09efb8221ff4f1c02a167e968d20c6331faa7c7206a5b57aa5316202 100% [K
parsing GGUF ⠇ [K[?25h[?2026l[?2026h[?25l[A[A[1Ggathering model components [K
copying file sha256:8875b53e09efb8221ff4f1c02a167e968d20c6331faa7c7206a5b57aa5316202 100% [K
parsing GGUF ⠏ [K[?25h[?2026l[?2026h[?25l[A[A[1Ggathering model components [K
copying file sha256:8875b53e09efb8221ff4f1c02a167e968d20c6331faa7c7206a5b57aa5316202 100% [K
parsing GGUF ⠋ [K[?25h[?2026l[?2026h[?25l[A[A[1Ggathering model components [K
copying file sha256:8875b53e09efb8221ff4f1c02a167e968d20c6331faa7c7206a5b57aa5316202 100% [K
parsing GGUF ⠙ [K[?25h[?2026l[?2026h[?25l[A[A[1Ggathering model components [K
copying file sha256:8875b53e09efb8221ff4f1c02a167e968d20c6331faa7c7206a5b57aa5316202 100% [K
parsing GGUF ⠹ [K[?25h[?2026l[?2026h[?25l[A[A[1Ggathering model components [K
copying file sha256:8875b53e09efb8221ff4f1c02a167e968d20c6331faa7c7206a5b57aa5316202 100% [K
parsing GGUF ⠸ [K[?25h[?2026l[?2026h[?25l[A[A[1Ggathering model components [K
copying file sha256:8875b53e09efb8221ff4f1c02a167e968d20c6331faa7c7206a5b57aa5316202 100% [K
parsing GGUF ⠼ [K[?25h[?2026l[?2026h[?25l[A[A[1Ggathering model components [K
copying file sha256:8875b53e09efb8221ff4f1c02a167e968d20c6331faa7c7206a5b57aa5316202 100% [K
parsing GGUF ⠴ [K[?25h[?2026l[?2026h[?25l[A[A[1Ggathering model components [K
copying file sha256:8875b53e09efb8221ff4f1c02a167e968d20c6331faa7c7206a5b57aa5316202 100% [K
parsing GGUF ⠦ [K[?25h[?2026l[?2026h[?25l[A[A[1Ggathering model components [K
copying file sha256:8875b53e09efb8221ff4f1c02a167e968d20c6331faa7c7206a5b57aa5316202 100% [K
parsing GGUF ⠧ [K[?25h[?2026l[?2026h[?25l[A[A[1Ggathering model components [K
copying file sha256:8875b53e09efb8221ff4f1c02a167e968d20c6331faa7c7206a5b57aa5316202 100% [K
parsing GGUF ⠇ [K[?25h[?2026l[?2026h[?25l[A[A[1Ggathering model components [K
copying file sha256:8875b53e09efb8221ff4f1c02a167e968d20c6331faa7c7206a5b57aa5316202 100% [K
parsing GGUF ⠏ [K[?25h[?2026l[?2026h[?25l[A[A[1Ggathering model components [K
copying file sha256:8875b53e09efb8221ff4f1c02a167e968d20c6331faa7c7206a5b57aa5316202 100% [K
parsing GGUF ⠋ [K[?25h[?2026l[?2026h[?25l[A[A[1Ggathering model components [K
copying file sha256:8875b53e09efb8221ff4f1c02a167e968d20c6331faa7c7206a5b57aa5316202 100% [K
parsing GGUF ⠙ [K[?25h[?2026l[?2026h[?25l[A[A[1Ggathering model components [K
copying file sha256:8875b53e09efb8221ff4f1c02a167e968d20c6331faa7c7206a5b57aa5316202 100% [K
parsing GGUF ⠹ [K[?25h[?2026l[?2026h[?25l[A[A[1Ggathering model components [K
copying file sha256:8875b53e09efb8221ff4f1c02a167e968d20c6331faa7c7206a5b57aa5316202 100% [K
parsing GGUF ⠸ [K[?25h[?2026l[?2026h[?25l[A[A[1Ggathering model components [K
copying file sha256:8875b53e09efb8221ff4f1c02a167e968d20c6331faa7c7206a5b57aa5316202 100% [K
parsing GGUF ⠼ [K[?25h[?2026l[?2026h[?25l[A[A[1Ggathering model components [K
copying file sha256:8875b53e09efb8221ff4f1c02a167e968d20c6331faa7c7206a5b57aa5316202 100% [K
parsing GGUF ⠴ [K[?25h[?2026l[?2026h[?25l[A[A[1Ggathering model components [K
copying file sha256:8875b53e09efb8221ff4f1c02a167e968d20c6331faa7c7206a5b57aa5316202 100% [K
parsing GGUF ⠦ [K[?25h[?2026l[?2026h[?25l[A[A[1Ggathering model components [K
copying file sha256:8875b53e09efb8221ff4f1c02a167e968d20c6331faa7c7206a5b57aa5316202 100% [K
parsing GGUF ⠧ [K[?25h[?2026l[?2026h[?25l[A[A[1Ggathering model components [K
copying file sha256:8875b53e09efb8221ff4f1c02a167e968d20c6331faa7c7206a5b57aa5316202 100% [K
parsing GGUF ⠇ [K[?25h[?2026l[?2026h[?25l[A[A[1Ggathering model components [K
copying file sha256:8875b53e09efb8221ff4f1c02a167e968d20c6331faa7c7206a5b57aa5316202 100% [K
parsing GGUF ⠏ [K[?25h[?2026l[?2026h[?25l[A[A[1Ggathering model components [K
copying file sha256:8875b53e09efb8221ff4f1c02a167e968d20c6331faa7c7206a5b57aa5316202 100% [K
parsing GGUF ⠋ [K[?25h[?2026l[?2026h[?25l[A[A[1Ggathering model components [K
copying file sha256:8875b53e09efb8221ff4f1c02a167e968d20c6331faa7c7206a5b57aa5316202 100% [K
parsing GGUF ⠙ [K[?25h[?2026l[?2026h[?25l[A[A[1Ggathering model components [K
copying file sha256:8875b53e09efb8221ff4f1c02a167e968d20c6331faa7c7206a5b57aa5316202 100% [K
parsing GGUF ⠹ [K[?25h[?2026l[?2026h[?25l[A[A[1Ggathering model components [K
copying file sha256:8875b53e09efb8221ff4f1c02a167e968d20c6331faa7c7206a5b57aa5316202 100% [K
parsing GGUF ⠸ [K[?25h[?2026l[?2026h[?25l[A[A[1Ggathering model components [K
copying file sha256:8875b53e09efb8221ff4f1c02a167e968d20c6331faa7c7206a5b57aa5316202 100% [K
parsing GGUF ⠼ [K[?25h[?2026l[?2026h[?25l[A[A[1Ggathering model components [K
copying file sha256:8875b53e09efb8221ff4f1c02a167e968d20c6331faa7c7206a5b57aa5316202 100% [K
parsing GGUF ⠴ [K[?25h[?2026l[?2026h[?25l[A[A[1Ggathering model components [K
copying file sha256:8875b53e09efb8221ff4f1c02a167e968d20c6331faa7c7206a5b57aa5316202 100% [K
parsing GGUF ⠦ [K[?25h[?2026l[?2026h[?25l[A[A[1Ggathering model components [K
copying file sha256:8875b53e09efb8221ff4f1c02a167e968d20c6331faa7c7206a5b57aa5316202 100% [K
parsing GGUF ⠧ [K[?25h[?2026l[?2026h[?25l[A[A[1Ggathering model components [K
copying file sha256:8875b53e09efb8221ff4f1c02a167e968d20c6331faa7c7206a5b57aa5316202 100% [K
parsing GGUF ⠇ [K[?25h[?2026l[?2026h[?25l[A[A[1Ggathering model components [K
copying file sha256:8875b53e09efb8221ff4f1c02a167e968d20c6331faa7c7206a5b57aa5316202 100% [K
parsing GGUF ⠏ [K[?25h[?2026l[?2026h[?25l[A[A[1Ggathering model components [K
copying file sha256:8875b53e09efb8221ff4f1c02a167e968d20c6331faa7c7206a5b57aa5316202 100% [K
parsing GGUF ⠋ [K[?25h[?2026l[?2026h[?25l[A[A[1Ggathering model components [K
copying file sha256:8875b53e09efb8221ff4f1c02a167e968d20c6331faa7c7206a5b57aa5316202 100% [K
parsing GGUF ⠙ [K[?25h[?2026l[?2026h[?25l[A[A[1Ggathering model components [K
copying file sha256:8875b53e09efb8221ff4f1c02a167e968d20c6331faa7c7206a5b57aa5316202 100% [K
parsing GGUF ⠹ [K[?25h[?2026l[?2026h[?25l[A[A[1Ggathering model components [K
copying file sha256:8875b53e09efb8221ff4f1c02a167e968d20c6331faa7c7206a5b57aa5316202 100% [K
parsing GGUF ⠸ [K[?25h[?2026l[?2026h[?25l[A[A[1Ggathering model components [K
copying file sha256:8875b53e09efb8221ff4f1c02a167e968d20c6331faa7c7206a5b57aa5316202 100% [K
parsing GGUF ⠼ [K[?25h[?2026l[?2026h[?25l[A[A[1Ggathering model components [K
copying file sha256:8875b53e09efb8221ff4f1c02a167e968d20c6331faa7c7206a5b57aa5316202 100% [K
parsing GGUF ⠴ [K[?25h[?2026l[?2026h[?25l[A[A[1Ggathering model components [K
copying file sha256:8875b53e09efb8221ff4f1c02a167e968d20c6331faa7c7206a5b57aa5316202 100% [K
parsing GGUF ⠦ [K[?25h[?2026l[?2026h[?25l[A[A[1Ggathering model components [K
copying file sha256:8875b53e09efb8221ff4f1c02a167e968d20c6331faa7c7206a5b57aa5316202 100% [K
parsing GGUF ⠧ [K[?25h[?2026l[?2026h[?25l[A[A[1Ggathering model components [K
copying file sha256:8875b53e09efb8221ff4f1c02a167e968d20c6331faa7c7206a5b57aa5316202 100% [K
parsing GGUF ⠇ [K[?25h[?2026l[?2026h[?25l[A[A[1Ggathering model components [K
copying file sha256:8875b53e09efb8221ff4f1c02a167e968d20c6331faa7c7206a5b57aa5316202 100% [K
parsing GGUF ⠏ [K[?25h[?2026l[?2026h[?25l[A[A[1Ggathering model components [K
copying file sha256:8875b53e09efb8221ff4f1c02a167e968d20c6331faa7c7206a5b57aa5316202 100% [K
parsing GGUF ⠋ [K[?25h[?2026l[?2026h[?25l[A[A[1Ggathering model components [K
copying file sha256:8875b53e09efb8221ff4f1c02a167e968d20c6331faa7c7206a5b57aa5316202 100% [K
parsing GGUF ⠙ [K[?25h[?2026l[?2026h[?25l[A[A[1Ggathering model components [K
copying file sha256:8875b53e09efb8221ff4f1c02a167e968d20c6331faa7c7206a5b57aa5316202 100% [K
parsing GGUF ⠹ [K[?25h[?2026l[?2026h[?25l[A[A[1Ggathering model components [K
copying file sha256:8875b53e09efb8221ff4f1c02a167e968d20c6331faa7c7206a5b57aa5316202 100% [K
parsing GGUF ⠸ [K[?25h[?2026l[?2026h[?25l[A[A[1Ggathering model components [K
copying file sha256:8875b53e09efb8221ff4f1c02a167e968d20c6331faa7c7206a5b57aa5316202 100% [K
parsing GGUF ⠼ [K[?25h[?2026l[?2026h[?25l[A[A[1Ggathering model components [K
copying file sha256:8875b53e09efb8221ff4f1c02a167e968d20c6331faa7c7206a5b57aa5316202 100% [K
parsing GGUF ⠴ [K[?25h[?2026l[?2026h[?25l[A[A[1Ggathering model components [K
copying file sha256:8875b53e09efb8221ff4f1c02a167e968d20c6331faa7c7206a5b57aa5316202 100% [K
parsing GGUF ⠦ [K[?25h[?2026l[?2026h[?25l[A[A[1Ggathering model components [K
copying file sha256:8875b53e09efb8221ff4f1c02a167e968d20c6331faa7c7206a5b57aa5316202 100% [K
parsing GGUF ⠧ [K[?25h[?2026l[?2026h[?25l[A[A[1Ggathering model components [K
copying file sha256:8875b53e09efb8221ff4f1c02a167e968d20c6331faa7c7206a5b57aa5316202 100% [K
parsing GGUF ⠇ [K[?25h[?2026l[?2026h[?25l[A[A[1Ggathering model components [K
copying file sha256:8875b53e09efb8221ff4f1c02a167e968d20c6331faa7c7206a5b57aa5316202 100% [K
parsing GGUF ⠏ [K[?25h[?2026l[?2026h[?25l[A[A[1Ggathering model components [K
copying file sha256:8875b53e09efb8221ff4f1c02a167e968d20c6331faa7c7206a5b57aa5316202 100% [K
parsing GGUF ⠋ [K[?25h[?2026l[?2026h[?25l[A[A[1Ggathering model components [K
copying file sha256:8875b53e09efb8221ff4f1c02a167e968d20c6331faa7c7206a5b57aa5316202 100% [K
parsing GGUF ⠙ [K[?25h[?2026l[?2026h[?25l[A[A[1Ggathering model components [K
copying file sha256:8875b53e09efb8221ff4f1c02a167e968d20c6331faa7c7206a5b57aa5316202 100% [K
parsing GGUF ⠹ [K[?25h[?2026l[?2026h[?25l[A[A[1Ggathering model components [K
copying file sha256:8875b53e09efb8221ff4f1c02a167e968d20c6331faa7c7206a5b57aa5316202 100% [K
parsing GGUF ⠸ [K[?25h[?2026l[?2026h[?25l[A[A[1Ggathering model components [K
copying file sha256:8875b53e09efb8221ff4f1c02a167e968d20c6331faa7c7206a5b57aa5316202 100% [K
parsing GGUF ⠼ [K[?25h[?2026l[?2026h[?25l[A[A[1Ggathering model components [K
copying file sha256:8875b53e09efb8221ff4f1c02a167e968d20c6331faa7c7206a5b57aa5316202 100% [K
parsing GGUF ⠴ [K[?25h[?2026l[?2026h[?25l[A[A[1Ggathering model components [K
copying file sha256:8875b53e09efb8221ff4f1c02a167e968d20c6331faa7c7206a5b57aa5316202 100% [K
parsing GGUF ⠦ [K[?25h[?2026l[?2026h[?25l[A[A[1Ggathering model components [K
copying file sha256:8875b53e09efb8221ff4f1c02a167e968d20c6331faa7c7206a5b57aa5316202 100% [K
parsing GGUF ⠧ [K[?25h[?2026l[?2026h[?25l[A[A[1Ggathering model components [K
copying file sha256:8875b53e09efb8221ff4f1c02a167e968d20c6331faa7c7206a5b57aa5316202 100% [K
parsing GGUF ⠇ [K[?25h[?2026l[?2026h[?25l[A[A[1Ggathering model components [K
copying file sha256:8875b53e09efb8221ff4f1c02a167e968d20c6331faa7c7206a5b57aa5316202 100% [K
parsing GGUF ⠏ [K[?25h[?2026l[?2026h[?25l[A[A[1Ggathering model components [K
copying file sha256:8875b53e09efb8221ff4f1c02a167e968d20c6331faa7c7206a5b57aa5316202 100% [K
parsing GGUF ⠋ [K[?25h[?2026l[?2026h[?25l[A[A[1Ggathering model components [K
copying file sha256:8875b53e09efb8221ff4f1c02a167e968d20c6331faa7c7206a5b57aa5316202 100% [K
parsing GGUF ⠙ [K[?25h[?2026l[?2026h[?25l[A[A[1Ggathering model components [K
copying file sha256:8875b53e09efb8221ff4f1c02a167e968d20c6331faa7c7206a5b57aa5316202 100% [K
parsing GGUF ⠹ [K[?25h[?2026l[?2026h[?25l[A[A[1Ggathering model components [K
copying file sha256:8875b53e09efb8221ff4f1c02a167e968d20c6331faa7c7206a5b57aa5316202 100% [K
parsing GGUF ⠸ [K[?25h[?2026l[?2026h[?25l[A[A[1Ggathering model components [K
copying file sha256:8875b53e09efb8221ff4f1c02a167e968d20c6331faa7c7206a5b57aa5316202 100% [K
parsing GGUF ⠼ [K[?25h[?2026l[?2026h[?25l[A[A[1Ggathering model components [K
copying file sha256:8875b53e09efb8221ff4f1c02a167e968d20c6331faa7c7206a5b57aa5316202 100% [K
parsing GGUF ⠴ [K[?25h[?2026l[?2026h[?25l[A[A[1Ggathering model components [K
copying file sha256:8875b53e09efb8221ff4f1c02a167e968d20c6331faa7c7206a5b57aa5316202 100% [K
parsing GGUF ⠦ [K[?25h[?2026l[?2026h[?25l[A[A[1Ggathering model components [K
copying file sha256:8875b53e09efb8221ff4f1c02a167e968d20c6331faa7c7206a5b57aa5316202 100% [K
parsing GGUF ⠧ [K[?25h[?2026l[?2026h[?25l[A[A[1Ggathering model components [K
copying file sha256:8875b53e09efb8221ff4f1c02a167e968d20c6331faa7c7206a5b57aa5316202 100% [K
parsing GGUF ⠇ [K[?25h[?2026l[?2026h[?25l[A[A[1Ggathering model components [K
copying file sha256:8875b53e09efb8221ff4f1c02a167e968d20c6331faa7c7206a5b57aa5316202 100% [K
parsing GGUF ⠏ [K[?25h[?2026l[?2026h[?25l[A[A[1Ggathering model components [K
copying file sha256:8875b53e09efb8221ff4f1c02a167e968d20c6331faa7c7206a5b57aa5316202 100% [K
parsing GGUF ⠋ [K[?25h[?2026l[?2026h[?25l[A[A[1Ggathering model components [K
copying file sha256:8875b53e09efb8221ff4f1c02a167e968d20c6331faa7c7206a5b57aa5316202 100% [K
parsing GGUF ⠙ [K[?25h[?2026l[?2026h[?25l[A[A[1Ggathering model components [K
copying file sha256:8875b53e09efb8221ff4f1c02a167e968d20c6331faa7c7206a5b57aa5316202 100% [K
parsing GGUF ⠹ [K[?25h[?2026l[?2026h[?25l[A[A[1Ggathering model components [K
copying file sha256:8875b53e09efb8221ff4f1c02a167e968d20c6331faa7c7206a5b57aa5316202 100% [K
parsing GGUF ⠸ [K[?25h[?2026l[?2026h[?25l[A[A[1Ggathering model components [K
copying file sha256:8875b53e09efb8221ff4f1c02a167e968d20c6331faa7c7206a5b57aa5316202 100% [K
parsing GGUF ⠼ [K[?25h[?2026l[?2026h[?25l[A[A[1Ggathering model components [K
copying file sha256:8875b53e09efb8221ff4f1c02a167e968d20c6331faa7c7206a5b57aa5316202 100% [K
parsing GGUF ⠴ [K[?25h[?2026l[?2026h[?25l[A[A[1Ggathering model components [K
copying file sha256:8875b53e09efb8221ff4f1c02a167e968d20c6331faa7c7206a5b57aa5316202 100% [K
parsing GGUF ⠦ [K[?25h[?2026l[?2026h[?25l[A[A[1Ggathering model components [K
copying file sha256:8875b53e09efb8221ff4f1c02a167e968d20c6331faa7c7206a5b57aa5316202 100% [K
parsing GGUF ⠧ [K[?25h[?2026l[?2026h[?25l[A[A[1Ggathering model components [K
copying file sha256:8875b53e09efb8221ff4f1c02a167e968d20c6331faa7c7206a5b57aa5316202 100% [K
parsing GGUF ⠇ [K[?25h[?2026l[?2026h[?25l[A[A[1Ggathering model components [K
copying file sha256:8875b53e09efb8221ff4f1c02a167e968d20c6331faa7c7206a5b57aa5316202 100% [K
parsing GGUF ⠏ [K[?25h[?2026l[?2026h[?25l[A[A[1Ggathering model components [K
copying file sha256:8875b53e09efb8221ff4f1c02a167e968d20c6331faa7c7206a5b57aa5316202 100% [K
parsing GGUF ⠋ [K[?25h[?2026l[?2026h[?25l[A[A[1Ggathering model components [K
copying file sha256:8875b53e09efb8221ff4f1c02a167e968d20c6331faa7c7206a5b57aa5316202 100% [K
parsing GGUF ⠙ [K[?25h[?2026l[?2026h[?25l[A[A[1Ggathering model components [K
copying file sha256:8875b53e09efb8221ff4f1c02a167e968d20c6331faa7c7206a5b57aa5316202 100% [K
parsing GGUF ⠹ [K[?25h[?2026l[?2026h[?25l[A[A[1Ggathering model components [K
copying file sha256:8875b53e09efb8221ff4f1c02a167e968d20c6331faa7c7206a5b57aa5316202 100% [K
parsing GGUF ⠸ [K[?25h[?2026l[?2026h[?25l[A[A[1Ggathering model components [K
copying file sha256:8875b53e09efb8221ff4f1c02a167e968d20c6331faa7c7206a5b57aa5316202 100% [K
parsing GGUF ⠼ [K[?25h[?2026l[?2026h[?25l[A[A[1Ggathering model components [K
copying file sha256:8875b53e09efb8221ff4f1c02a167e968d20c6331faa7c7206a5b57aa5316202 100% [K
parsing GGUF ⠴ [K[?25h[?2026l[?2026h[?25l[A[A[1Ggathering model components [K
copying file sha256:8875b53e09efb8221ff4f1c02a167e968d20c6331faa7c7206a5b57aa5316202 100% [K
parsing GGUF ⠦ [K[?25h[?2026l[?2026h[?25l[A[A[1Ggathering model components [K
copying file sha256:8875b53e09efb8221ff4f1c02a167e968d20c6331faa7c7206a5b57aa5316202 100% [K
parsing GGUF ⠧ [K[?25h[?2026l[?2026h[?25l[A[A[1Ggathering model components [K
copying file sha256:8875b53e09efb8221ff4f1c02a167e968d20c6331faa7c7206a5b57aa5316202 100% [K
parsing GGUF ⠇ [K[?25h[?2026l[?2026h[?25l[A[A[1Ggathering model components [K
copying file sha256:8875b53e09efb8221ff4f1c02a167e968d20c6331faa7c7206a5b57aa5316202 100% [K
parsing GGUF ⠏ [K[?25h[?2026l[?2026h[?25l[A[A[1Ggathering model components [K
copying file sha256:8875b53e09efb8221ff4f1c02a167e968d20c6331faa7c7206a5b57aa5316202 100% [K
parsing GGUF ⠋ [K[?25h[?2026l[?2026h[?25l[A[A[1Ggathering model components [K
copying file sha256:8875b53e09efb8221ff4f1c02a167e968d20c6331faa7c7206a5b57aa5316202 100% [K
parsing GGUF ⠙ [K[?25h[?2026l[?2026h[?25l[A[A[1Ggathering model components [K
copying file sha256:8875b53e09efb8221ff4f1c02a167e968d20c6331faa7c7206a5b57aa5316202 100% [K
parsing GGUF ⠹ [K[?25h[?2026l[?2026h[?25l[A[A[1Ggathering model components [K
copying file sha256:8875b53e09efb8221ff4f1c02a167e968d20c6331faa7c7206a5b57aa5316202 100% [K
parsing GGUF ⠸ [K[?25h[?2026l[?2026h[?25l[A[A[1Ggathering model components [K
copying file sha256:8875b53e09efb8221ff4f1c02a167e968d20c6331faa7c7206a5b57aa5316202 100% [K
parsing GGUF ⠼ [K[?25h[?2026l[?2026h[?25l[A[A[1Ggathering model components [K
copying file sha256:8875b53e09efb8221ff4f1c02a167e968d20c6331faa7c7206a5b57aa5316202 100% [K
parsing GGUF ⠴ [K[?25h[?2026l[?2026h[?25l[A[A[1Ggathering model components [K
copying file sha256:8875b53e09efb8221ff4f1c02a167e968d20c6331faa7c7206a5b57aa5316202 100% [K
parsing GGUF ⠦ [K[?25h[?2026l[?2026h[?25l[A[A[1Ggathering model components [K
copying file sha256:8875b53e09efb8221ff4f1c02a167e968d20c6331faa7c7206a5b57aa5316202 100% [K
parsing GGUF ⠧ [K[?25h[?2026l[?2026h[?25l[A[A[1Ggathering model components [K
copying file sha256:8875b53e09efb8221ff4f1c02a167e968d20c6331faa7c7206a5b57aa5316202 100% [K
parsing GGUF ⠇ [K[?25h[?2026l[?2026h[?25l[A[A[1Ggathering model components [K
copying file sha256:8875b53e09efb8221ff4f1c02a167e968d20c6331faa7c7206a5b57aa5316202 100% [K
parsing GGUF ⠏ [K[?25h[?2026l[?2026h[?25l[A[A[1Ggathering model components [K
copying file sha256:8875b53e09efb8221ff4f1c02a167e968d20c6331faa7c7206a5b57aa5316202 100% [K
parsing GGUF ⠋ [K[?25h[?2026l[?2026h[?25l[A[A[1Ggathering model components [K
copying file sha256:8875b53e09efb8221ff4f1c02a167e968d20c6331faa7c7206a5b57aa5316202 100% [K
parsing GGUF ⠙ [K[?25h[?2026l[?2026h[?25l[A[A[1Ggathering model components [K
copying file sha256:8875b53e09efb8221ff4f1c02a167e968d20c6331faa7c7206a5b57aa5316202 100% [K
parsing GGUF ⠹ [K[?25h[?2026l[?2026h[?25l[A[A[1Ggathering model components [K
copying file sha256:8875b53e09efb8221ff4f1c02a167e968d20c6331faa7c7206a5b57aa5316202 100% [K
parsing GGUF ⠸ [K[?25h[?2026l[?2026h[?25l[A[A[1Ggathering model components [K
copying file sha256:8875b53e09efb8221ff4f1c02a167e968d20c6331faa7c7206a5b57aa5316202 100% [K
parsing GGUF ⠼ [K[?25h[?2026l[?2026h[?25l[A[A[1Ggathering model components [K
copying file sha256:8875b53e09efb8221ff4f1c02a167e968d20c6331faa7c7206a5b57aa5316202 100% [K
parsing GGUF ⠴ [K[?25h[?2026l[?2026h[?25l[A[A[1Ggathering model components [K
copying file sha256:8875b53e09efb8221ff4f1c02a167e968d20c6331faa7c7206a5b57aa5316202 100% [K
parsing GGUF ⠦ [K[?25h[?2026l[?2026h[?25l[A[A[1Ggathering model components [K
copying file sha256:8875b53e09efb8221ff4f1c02a167e968d20c6331faa7c7206a5b57aa5316202 100% [K
parsing GGUF ⠧ [K[?25h[?2026l[?2026h[?25l[A[A[1Ggathering model components [K
copying file sha256:8875b53e09efb8221ff4f1c02a167e968d20c6331faa7c7206a5b57aa5316202 100% [K
parsing GGUF ⠇ [K[?25h[?2026l[?2026h[?25l[A[A[1Ggathering model components [K
copying file sha256:8875b53e09efb8221ff4f1c02a167e968d20c6331faa7c7206a5b57aa5316202 100% [K
parsing GGUF ⠏ [K[?25h[?2026l[?2026h[?25l[A[A[1Ggathering model components [K
copying file sha256:8875b53e09efb8221ff4f1c02a167e968d20c6331faa7c7206a5b57aa5316202 100% [K
parsing GGUF ⠋ [K[?25h[?2026l[?2026h[?25l[A[A[1Ggathering model components [K
copying file sha256:8875b53e09efb8221ff4f1c02a167e968d20c6331faa7c7206a5b57aa5316202 100% [K
parsing GGUF ⠙ [K[?25h[?2026l[?2026h[?25l[A[A[1Ggathering model components [K
copying file sha256:8875b53e09efb8221ff4f1c02a167e968d20c6331faa7c7206a5b57aa5316202 100% [K
parsing GGUF ⠹ [K[?25h[?2026l[?2026h[?25l[A[A[1Ggathering model components [K
copying file sha256:8875b53e09efb8221ff4f1c02a167e968d20c6331faa7c7206a5b57aa5316202 100% [K
parsing GGUF ⠸ [K[?25h[?2026l[?2026h[?25l[A[A[1Ggathering model components [K
copying file sha256:8875b53e09efb8221ff4f1c02a167e968d20c6331faa7c7206a5b57aa5316202 100% [K
parsing GGUF ⠼ [K[?25h[?2026l[?2026h[?25l[A[A[1Ggathering model components [K
copying file sha256:8875b53e09efb8221ff4f1c02a167e968d20c6331faa7c7206a5b57aa5316202 100% [K
parsing GGUF ⠴ [K[?25h[?2026l[?2026h[?25l[A[A[1Ggathering model components [K
copying file sha256:8875b53e09efb8221ff4f1c02a167e968d20c6331faa7c7206a5b57aa5316202 100% [K
parsing GGUF ⠦ [K[?25h[?2026l[?2026h[?25l[A[A[1Ggathering model components [K
copying file sha256:8875b53e09efb8221ff4f1c02a167e968d20c6331faa7c7206a5b57aa5316202 100% [K
parsing GGUF ⠧ [K[?25h[?2026l[?2026h[?25l[A[A[1Ggathering model components [K
copying file sha256:8875b53e09efb8221ff4f1c02a167e968d20c6331faa7c7206a5b57aa5316202 100% [K
parsing GGUF ⠇ [K[?25h[?2026l[?2026h[?25l[A[A[1Ggathering model components [K
copying file sha256:8875b53e09efb8221ff4f1c02a167e968d20c6331faa7c7206a5b57aa5316202 100% [K
parsing GGUF ⠏ [K[?25h[?2026l[?2026h[?25l[A[A[1Ggathering model components [K
copying file sha256:8875b53e09efb8221ff4f1c02a167e968d20c6331faa7c7206a5b57aa5316202 100% [K
parsing GGUF ⠋ [K[?25h[?2026l[?2026h[?25l[A[A[1Ggathering model components [K
copying file sha256:8875b53e09efb8221ff4f1c02a167e968d20c6331faa7c7206a5b57aa5316202 100% [K
parsing GGUF ⠙ [K[?25h[?2026l[?2026h[?25l[A[A[1Ggathering model components [K
copying file sha256:8875b53e09efb8221ff4f1c02a167e968d20c6331faa7c7206a5b57aa5316202 100% [K
parsing GGUF ⠹ [K[?25h[?2026l[?2026h[?25l[A[A[1Ggathering model components [K
copying file sha256:8875b53e09efb8221ff4f1c02a167e968d20c6331faa7c7206a5b57aa5316202 100% [K
parsing GGUF ⠸ [K[?25h[?2026l[?2026h[?25l[A[A[1Ggathering model components [K
copying file sha256:8875b53e09efb8221ff4f1c02a167e968d20c6331faa7c7206a5b57aa5316202 100% [K
parsing GGUF ⠼ [K[?25h[?2026l[?2026h[?25l[A[A[1Ggathering model components [K
copying file sha256:8875b53e09efb8221ff4f1c02a167e968d20c6331faa7c7206a5b57aa5316202 100% [K
parsing GGUF ⠴ [K[?25h[?2026l[?2026h[?25l[A[A[1Ggathering model components [K
copying file sha256:8875b53e09efb8221ff4f1c02a167e968d20c6331faa7c7206a5b57aa5316202 100% [K
parsing GGUF ⠦ [K[?25h[?2026l[?2026h[?25l[A[A[1Ggathering model components [K
copying file sha256:8875b53e09efb8221ff4f1c02a167e968d20c6331faa7c7206a5b57aa5316202 100% [K
parsing GGUF ⠧ [K[?25h[?2026l[?2026h[?25l[A[A[1Ggathering model components [K
copying file sha256:8875b53e09efb8221ff4f1c02a167e968d20c6331faa7c7206a5b57aa5316202 100% [K
parsing GGUF ⠇ [K[?25h[?2026l[?2026h[?25l[A[A[1Ggathering model components [K
copying file sha256:8875b53e09efb8221ff4f1c02a167e968d20c6331faa7c7206a5b57aa5316202 100% [K
parsing GGUF ⠏ [K[?25h[?2026l[?2026h[?25l[A[A[1Ggathering model components [K
copying file sha256:8875b53e09efb8221ff4f1c02a167e968d20c6331faa7c7206a5b57aa5316202 100% [K
parsing GGUF ⠋ [K[?25h[?2026l[?2026h[?25l[A[A[1Ggathering model components [K
copying file sha256:8875b53e09efb8221ff4f1c02a167e968d20c6331faa7c7206a5b57aa5316202 100% [K
parsing GGUF ⠙ [K[?25h[?2026l[?2026h[?25l[A[A[1Ggathering model components [K
copying file sha256:8875b53e09efb8221ff4f1c02a167e968d20c6331faa7c7206a5b57aa5316202 100% [K
parsing GGUF ⠹ [K[?25h[?2026l[?2026h[?25l[A[A[1Ggathering model components [K
copying file sha256:8875b53e09efb8221ff4f1c02a167e968d20c6331faa7c7206a5b57aa5316202 100% [K
parsing GGUF ⠸ [K[?25h[?2026l[?2026h[?25l[A[A[1Ggathering model components [K
copying file sha256:8875b53e09efb8221ff4f1c02a167e968d20c6331faa7c7206a5b57aa5316202 100% [K
parsing GGUF ⠼ [K[?25h[?2026l[?2026h[?25l[A[A[1Ggathering model components [K
copying file sha256:8875b53e09efb8221ff4f1c02a167e968d20c6331faa7c7206a5b57aa5316202 100% [K
parsing GGUF ⠴ [K[?25h[?2026l[?2026h[?25l[A[A[1Ggathering model components [K
copying file sha256:8875b53e09efb8221ff4f1c02a167e968d20c6331faa7c7206a5b57aa5316202 100% [K
parsing GGUF ⠦ [K[?25h[?2026l[?2026h[?25l[A[A[1Ggathering model components [K
copying file sha256:8875b53e09efb8221ff4f1c02a167e968d20c6331faa7c7206a5b57aa5316202 100% [K
parsing GGUF ⠧ [K[?25h[?2026l[?2026h[?25l[A[A[1Ggathering model components [K
copying file sha256:8875b53e09efb8221ff4f1c02a167e968d20c6331faa7c7206a5b57aa5316202 100% [K
parsing GGUF ⠇ [K[?25h[?2026l[?2026h[?25l[A[A[1Ggathering model components [K
copying file sha256:8875b53e09efb8221ff4f1c02a167e968d20c6331faa7c7206a5b57aa5316202 100% [K
parsing GGUF ⠏ [K[?25h[?2026l[?2026h[?25l[A[A[1Ggathering model components [K
copying file sha256:8875b53e09efb8221ff4f1c02a167e968d20c6331faa7c7206a5b57aa5316202 100% [K
parsing GGUF ⠋ [K[?25h[?2026l[?2026h[?25l[A[A[1Ggathering model components [K
copying file sha256:8875b53e09efb8221ff4f1c02a167e968d20c6331faa7c7206a5b57aa5316202 100% [K
parsing GGUF ⠙ [K[?25h[?2026l[?2026h[?25l[A[A[1Ggathering model components [K
copying file sha256:8875b53e09efb8221ff4f1c02a167e968d20c6331faa7c7206a5b57aa5316202 100% [K
parsing GGUF ⠹ [K[?25h[?2026l[?2026h[?25l[A[A[1Ggathering model components [K
copying file sha256:8875b53e09efb8221ff4f1c02a167e968d20c6331faa7c7206a5b57aa5316202 100% [K
parsing GGUF ⠸ [K[?25h[?2026l[?2026h[?25l[A[A[1Ggathering model components [K
copying file sha256:8875b53e09efb8221ff4f1c02a167e968d20c6331faa7c7206a5b57aa5316202 100% [K
parsing GGUF ⠼ [K[?25h[?2026l[?2026h[?25l[A[A[1Ggathering model components [K
copying file sha256:8875b53e09efb8221ff4f1c02a167e968d20c6331faa7c7206a5b57aa5316202 100% [K
parsing GGUF ⠴ [K[?25h[?2026l[?2026h[?25l[A[A[1Ggathering model components [K
copying file sha256:8875b53e09efb8221ff4f1c02a167e968d20c6331faa7c7206a5b57aa5316202 100% [K
parsing GGUF ⠦ [K[?25h[?2026l[?2026h[?25l[A[A[1Ggathering model components [K
copying file sha256:8875b53e09efb8221ff4f1c02a167e968d20c6331faa7c7206a5b57aa5316202 100% [K
parsing GGUF ⠧ [K[?25h[?2026l[?2026h[?25l[A[A[1Ggathering model components [K
copying file sha256:8875b53e09efb8221ff4f1c02a167e968d20c6331faa7c7206a5b57aa5316202 100% [K
parsing GGUF ⠇ [K[?25h[?2026l[?2026h[?25l[A[A[1Ggathering model components [K
copying file sha256:8875b53e09efb8221ff4f1c02a167e968d20c6331faa7c7206a5b57aa5316202 100% [K
parsing GGUF ⠏ [K[?25h[?2026l[?2026h[?25l[A[A[1Ggathering model components [K
copying file sha256:8875b53e09efb8221ff4f1c02a167e968d20c6331faa7c7206a5b57aa5316202 100% [K
parsing GGUF ⠋ [K[?25h[?2026l[?2026h[?25l[A[A[1Ggathering model components [K
copying file sha256:8875b53e09efb8221ff4f1c02a167e968d20c6331faa7c7206a5b57aa5316202 100% [K
parsing GGUF ⠙ [K[?25h[?2026l[?2026h[?25l[A[A[1Ggathering model components [K
copying file sha256:8875b53e09efb8221ff4f1c02a167e968d20c6331faa7c7206a5b57aa5316202 100% [K
parsing GGUF ⠹ [K[?25h[?2026l[?2026h[?25l[A[A[1Ggathering model components [K
copying file sha256:8875b53e09efb8221ff4f1c02a167e968d20c6331faa7c7206a5b57aa5316202 100% [K
parsing GGUF ⠸ [K[?25h[?2026l[?2026h[?25l[A[A[1Ggathering model components [K
copying file sha256:8875b53e09efb8221ff4f1c02a167e968d20c6331faa7c7206a5b57aa5316202 100% [K
parsing GGUF ⠼ [K[?25h[?2026l[?2026h[?25l[A[A[1Ggathering model components [K
copying file sha256:8875b53e09efb8221ff4f1c02a167e968d20c6331faa7c7206a5b57aa5316202 100% [K
parsing GGUF ⠴ [K[?25h[?2026l[?2026h[?25l[A[A[1Ggathering model components [K
copying file sha256:8875b53e09efb8221ff4f1c02a167e968d20c6331faa7c7206a5b57aa5316202 100% [K
parsing GGUF ⠦ [K[?25h[?2026l[?2026h[?25l[A[A[1Ggathering model components [K
copying file sha256:8875b53e09efb8221ff4f1c02a167e968d20c6331faa7c7206a5b57aa5316202 100% [K
parsing GGUF ⠧ [K[?25h[?2026l[?2026h[?25l[A[A[1Ggathering model components [K
copying file sha256:8875b53e09efb8221ff4f1c02a167e968d20c6331faa7c7206a5b57aa5316202 100% [K
parsing GGUF ⠇ [K[?25h[?2026l[?2026h[?25l[A[A[1Ggathering model components [K
copying file sha256:8875b53e09efb8221ff4f1c02a167e968d20c6331faa7c7206a5b57aa5316202 100% [K
parsing GGUF ⠏ [K[?25h[?2026l[?2026h[?25l[A[A[1Ggathering model components [K
copying file sha256:8875b53e09efb8221ff4f1c02a167e968d20c6331faa7c7206a5b57aa5316202 100% [K
parsing GGUF ⠋ [K[?25h[?2026l[?2026h[?25l[A[A[1Ggathering model components [K
copying file sha256:8875b53e09efb8221ff4f1c02a167e968d20c6331faa7c7206a5b57aa5316202 100% [K
parsing GGUF ⠙ [K[?25h[?2026l[?2026h[?25l[A[A[1Ggathering model components [K
copying file sha256:8875b53e09efb8221ff4f1c02a167e968d20c6331faa7c7206a5b57aa5316202 100% [K
parsing GGUF ⠹ [K[?25h[?2026l[?2026h[?25l[A[A[1Ggathering model components [K
copying file sha256:8875b53e09efb8221ff4f1c02a167e968d20c6331faa7c7206a5b57aa5316202 100% [K
parsing GGUF ⠸ [K[?25h[?2026l[?2026h[?25l[A[A[1Ggathering model components [K
copying file sha256:8875b53e09efb8221ff4f1c02a167e968d20c6331faa7c7206a5b57aa5316202 100% [K
parsing GGUF ⠼ [K[?25h[?2026l[?2026h[?25l[A[A[1Ggathering model components [K
copying file sha256:8875b53e09efb8221ff4f1c02a167e968d20c6331faa7c7206a5b57aa5316202 100% [K
parsing GGUF ⠴ [K[?25h[?2026l[?2026h[?25l[A[A[1Ggathering model components [K
copying file sha256:8875b53e09efb8221ff4f1c02a167e968d20c6331faa7c7206a5b57aa5316202 100% [K
parsing GGUF ⠦ [K[?25h[?2026l[?2026h[?25l[A[A[1Ggathering model components [K
copying file sha256:8875b53e09efb8221ff4f1c02a167e968d20c6331faa7c7206a5b57aa5316202 100% [K
parsing GGUF ⠧ [K[?25h[?2026l[?2026h[?25l[A[A[1Ggathering model components [K
copying file sha256:8875b53e09efb8221ff4f1c02a167e968d20c6331faa7c7206a5b57aa5316202 100% [K
parsing GGUF ⠇ [K[?25h[?2026l[?2026h[?25l[A[A[1Ggathering model components [K
copying file sha256:8875b53e09efb8221ff4f1c02a167e968d20c6331faa7c7206a5b57aa5316202 100% [K
parsing GGUF ⠏ [K[?25h[?2026l[?2026h[?25l[A[A[1Ggathering model components [K
copying file sha256:8875b53e09efb8221ff4f1c02a167e968d20c6331faa7c7206a5b57aa5316202 100% [K
parsing GGUF ⠋ [K[?25h[?2026l[?2026h[?25l[A[A[1Ggathering model components [K
copying file sha256:8875b53e09efb8221ff4f1c02a167e968d20c6331faa7c7206a5b57aa5316202 100% [K
parsing GGUF ⠙ [K[?25h[?2026l[?2026h[?25l[A[A[1Ggathering model components [K
copying file sha256:8875b53e09efb8221ff4f1c02a167e968d20c6331faa7c7206a5b57aa5316202 100% [K
parsing GGUF ⠹ [K[?25h[?2026l[?2026h[?25l[A[A[1Ggathering model components [K
copying file sha256:8875b53e09efb8221ff4f1c02a167e968d20c6331faa7c7206a5b57aa5316202 100% [K
parsing GGUF ⠸ [K[?25h[?2026l[?2026h[?25l[A[A[1Ggathering model components [K
copying file sha256:8875b53e09efb8221ff4f1c02a167e968d20c6331faa7c7206a5b57aa5316202 100% [K
parsing GGUF ⠼ [K[?25h[?2026l[?2026h[?25l[A[A[1Ggathering model components [K
copying file sha256:8875b53e09efb8221ff4f1c02a167e968d20c6331faa7c7206a5b57aa5316202 100% [K
parsing GGUF ⠴ [K[?25h[?2026l[?2026h[?25l[A[A[1Ggathering model components [K
copying file sha256:8875b53e09efb8221ff4f1c02a167e968d20c6331faa7c7206a5b57aa5316202 100% [K
parsing GGUF ⠦ [K[?25h[?2026l[?2026h[?25l[A[A[1Ggathering model components [K
copying file sha256:8875b53e09efb8221ff4f1c02a167e968d20c6331faa7c7206a5b57aa5316202 100% [K
parsing GGUF ⠧ [K[?25h[?2026l[?2026h[?25l[A[A[1Ggathering model components [K
copying file sha256:8875b53e09efb8221ff4f1c02a167e968d20c6331faa7c7206a5b57aa5316202 100% [K
parsing GGUF ⠇ [K[?25h[?2026l[?2026h[?25l[A[A[1Ggathering model components [K
copying file sha256:8875b53e09efb8221ff4f1c02a167e968d20c6331faa7c7206a5b57aa5316202 100% [K
parsing GGUF ⠏ [K[?25h[?2026l[?2026h[?25l[A[A[1Ggathering model components [K
copying file sha256:8875b53e09efb8221ff4f1c02a167e968d20c6331faa7c7206a5b57aa5316202 100% [K
parsing GGUF ⠋ [K[?25h[?2026l[?2026h[?25l[A[A[1Ggathering model components [K
copying file sha256:8875b53e09efb8221ff4f1c02a167e968d20c6331faa7c7206a5b57aa5316202 100% [K
parsing GGUF ⠙ [K[?25h[?2026l[?2026h[?25l[A[A[1Ggathering model components [K
copying file sha256:8875b53e09efb8221ff4f1c02a167e968d20c6331faa7c7206a5b57aa5316202 100% [K
parsing GGUF ⠹ [K[?25h[?2026l[?2026h[?25l[A[A[1Ggathering model components [K
copying file sha256:8875b53e09efb8221ff4f1c02a167e968d20c6331faa7c7206a5b57aa5316202 100% [K
parsing GGUF ⠸ [K[?25h[?2026l[?2026h[?25l[A[A[1Ggathering model components [K
copying file sha256:8875b53e09efb8221ff4f1c02a167e968d20c6331faa7c7206a5b57aa5316202 100% [K
parsing GGUF ⠼ [K[?25h[?2026l[?2026h[?25l[A[A[1Ggathering model components [K
copying file sha256:8875b53e09efb8221ff4f1c02a167e968d20c6331faa7c7206a5b57aa5316202 100% [K
parsing GGUF ⠴ [K[?25h[?2026l[?2026h[?25l[A[A[1Ggathering model components [K
copying file sha256:8875b53e09efb8221ff4f1c02a167e968d20c6331faa7c7206a5b57aa5316202 100% [K
parsing GGUF ⠦ [K[?25h[?2026l[?2026h[?25l[A[A[1Ggathering model components [K
copying file sha256:8875b53e09efb8221ff4f1c02a167e968d20c6331faa7c7206a5b57aa5316202 100% [K
parsing GGUF ⠧ [K[?25h[?2026l[?2026h[?25l[A[A[1Ggathering model components [K
copying file sha256:8875b53e09efb8221ff4f1c02a167e968d20c6331faa7c7206a5b57aa5316202 100% [K
parsing GGUF ⠇ [K[?25h[?2026l[?2026h[?25l[A[A[1Ggathering model components [K
copying file sha256:8875b53e09efb8221ff4f1c02a167e968d20c6331faa7c7206a5b57aa5316202 100% [K
parsing GGUF ⠏ [K[?25h[?2026l[?2026h[?25l[A[A[1Ggathering model components [K
copying file sha256:8875b53e09efb8221ff4f1c02a167e968d20c6331faa7c7206a5b57aa5316202 100% [K
parsing GGUF ⠋ [K[?25h[?2026l[?2026h[?25l[A[A[1Ggathering model components [K
copying file sha256:8875b53e09efb8221ff4f1c02a167e968d20c6331faa7c7206a5b57aa5316202 100% [K
parsing GGUF ⠙ [K[?25h[?2026l[?2026h[?25l[A[A[1Ggathering model components [K
copying file sha256:8875b53e09efb8221ff4f1c02a167e968d20c6331faa7c7206a5b57aa5316202 100% [K
parsing GGUF ⠹ [K[?25h[?2026l[?2026h[?25l[A[A[1Ggathering model components [K
copying file sha256:8875b53e09efb8221ff4f1c02a167e968d20c6331faa7c7206a5b57aa5316202 100% [K
parsing GGUF ⠸ [K[?25h[?2026l[?2026h[?25l[A[A[1Ggathering model components [K
copying file sha256:8875b53e09efb8221ff4f1c02a167e968d20c6331faa7c7206a5b57aa5316202 100% [K
parsing GGUF ⠼ [K[?25h[?2026l[?2026h[?25l[A[A[1Ggathering model components [K
copying file sha256:8875b53e09efb8221ff4f1c02a167e968d20c6331faa7c7206a5b57aa5316202 100% [K
parsing GGUF ⠴ [K[?25h[?2026l[?2026h[?25l[A[A[1Ggathering model components [K
copying file sha256:8875b53e09efb8221ff4f1c02a167e968d20c6331faa7c7206a5b57aa5316202 100% [K
parsing GGUF ⠦ [K[?25h[?2026l[?2026h[?25l[A[A[1Ggathering model components [K
copying file sha256:8875b53e09efb8221ff4f1c02a167e968d20c6331faa7c7206a5b57aa5316202 100% [K
parsing GGUF ⠧ [K[?25h[?2026l[?2026h[?25l[A[A[1Ggathering model components [K
copying file sha256:8875b53e09efb8221ff4f1c02a167e968d20c6331faa7c7206a5b57aa5316202 100% [K
parsing GGUF ⠇ [K[?25h[?2026l[?2026h[?25l[A[A[1Ggathering model components [K
copying file sha256:8875b53e09efb8221ff4f1c02a167e968d20c6331faa7c7206a5b57aa5316202 100% [K
parsing GGUF ⠏ [K[?25h[?2026l[?2026h[?25l[A[A[1Ggathering model components [K
copying file sha256:8875b53e09efb8221ff4f1c02a167e968d20c6331faa7c7206a5b57aa5316202 100% [K
parsing GGUF ⠋ [K[?25h[?2026l[?2026h[?25l[A[A[1Ggathering model components [K
copying file sha256:8875b53e09efb8221ff4f1c02a167e968d20c6331faa7c7206a5b57aa5316202 100% [K
parsing GGUF ⠙ [K[?25h[?2026l[?2026h[?25l[A[A[1Ggathering model components [K
copying file sha256:8875b53e09efb8221ff4f1c02a167e968d20c6331faa7c7206a5b57aa5316202 100% [K
parsing GGUF ⠹ [K[?25h[?2026l[?2026h[?25l[A[A[1Ggathering model components [K
copying file sha256:8875b53e09efb8221ff4f1c02a167e968d20c6331faa7c7206a5b57aa5316202 100% [K
parsing GGUF ⠸ [K[?25h[?2026l[?2026h[?25l[A[A[1Ggathering model components [K
copying file sha256:8875b53e09efb8221ff4f1c02a167e968d20c6331faa7c7206a5b57aa5316202 100% [K
parsing GGUF ⠼ [K[?25h[?2026l[?2026h[?25l[A[A[1Ggathering model components [K
copying file sha256:8875b53e09efb8221ff4f1c02a167e968d20c6331faa7c7206a5b57aa5316202 100% [K
parsing GGUF ⠴ [K[?25h[?2026l[?2026h[?25l[A[A[1Ggathering model components [K
copying file sha256:8875b53e09efb8221ff4f1c02a167e968d20c6331faa7c7206a5b57aa5316202 100% [K
parsing GGUF ⠦ [K[?25h[?2026l[?2026h[?25l[A[A[1Ggathering model components [K
copying file sha256:8875b53e09efb8221ff4f1c02a167e968d20c6331faa7c7206a5b57aa5316202 100% [K
parsing GGUF ⠧ [K[?25h[?2026l[?2026h[?25l[A[A[1Ggathering model components [K
copying file sha256:8875b53e09efb8221ff4f1c02a167e968d20c6331faa7c7206a5b57aa5316202 100% [K
parsing GGUF ⠇ [K[?25h[?2026l[?2026h[?25l[A[A[1Ggathering model components [K
copying file sha256:8875b53e09efb8221ff4f1c02a167e968d20c6331faa7c7206a5b57aa5316202 100% [K
parsing GGUF ⠏ [K[?25h[?2026l[?2026h[?25l[A[A[1Ggathering model components [K
copying file sha256:8875b53e09efb8221ff4f1c02a167e968d20c6331faa7c7206a5b57aa5316202 100% [K
parsing GGUF ⠋ [K[?25h[?2026l[?2026h[?25l[A[A[1Ggathering model components [K
copying file sha256:8875b53e09efb8221ff4f1c02a167e968d20c6331faa7c7206a5b57aa5316202 100% [K
parsing GGUF ⠙ [K[?25h[?2026l[?2026h[?25l[A[A[1Ggathering model components [K
copying file sha256:8875b53e09efb8221ff4f1c02a167e968d20c6331faa7c7206a5b57aa5316202 100% [K
parsing GGUF ⠹ [K[?25h[?2026l[?2026h[?25l[A[A[1Ggathering model components [K
copying file sha256:8875b53e09efb8221ff4f1c02a167e968d20c6331faa7c7206a5b57aa5316202 100% [K
parsing GGUF ⠸ [K[?25h[?2026l[?2026h[?25l[A[A[1Ggathering model components [K
copying file sha256:8875b53e09efb8221ff4f1c02a167e968d20c6331faa7c7206a5b57aa5316202 100% [K
parsing GGUF ⠼ [K[?25h[?2026l[?2026h[?25l[A[A[1Ggathering model components [K
copying file sha256:8875b53e09efb8221ff4f1c02a167e968d20c6331faa7c7206a5b57aa5316202 100% [K
parsing GGUF ⠴ [K[?25h[?2026l[?2026h[?25l[A[A[1Ggathering model components [K
copying file sha256:8875b53e09efb8221ff4f1c02a167e968d20c6331faa7c7206a5b57aa5316202 100% [K
parsing GGUF ⠦ [K[?25h[?2026l[?2026h[?25l[A[A[1Ggathering model components [K
copying file sha256:8875b53e09efb8221ff4f1c02a167e968d20c6331faa7c7206a5b57aa5316202 100% [K
parsing GGUF ⠧ [K[?25h[?2026l[?2026h[?25l[A[A[1Ggathering model components [K
copying file sha256:8875b53e09efb8221ff4f1c02a167e968d20c6331faa7c7206a5b57aa5316202 100% [K
parsing GGUF ⠇ [K[?25h[?2026l[?2026h[?25l[A[A[1Ggathering model components [K
copying file sha256:8875b53e09efb8221ff4f1c02a167e968d20c6331faa7c7206a5b57aa5316202 100% [K
parsing GGUF ⠏ [K[?25h[?2026l[?2026h[?25l[A[A[1Ggathering model components [K
copying file sha256:8875b53e09efb8221ff4f1c02a167e968d20c6331faa7c7206a5b57aa5316202 100% [K
parsing GGUF ⠋ [K[?25h[?2026l[?2026h[?25l[A[A[1Ggathering model components [K
copying file sha256:8875b53e09efb8221ff4f1c02a167e968d20c6331faa7c7206a5b57aa5316202 100% [K
parsing GGUF ⠙ [K[?25h[?2026l[?2026h[?25l[A[A[1Ggathering model components [K
copying file sha256:8875b53e09efb8221ff4f1c02a167e968d20c6331faa7c7206a5b57aa5316202 100% [K
parsing GGUF ⠹ [K[?25h[?2026l[?2026h[?25l[A[A[1Ggathering model components [K
copying file sha256:8875b53e09efb8221ff4f1c02a167e968d20c6331faa7c7206a5b57aa5316202 100% [K
parsing GGUF ⠸ [K[?25h[?2026l[?2026h[?25l[A[A[1Ggathering model components [K
copying file sha256:8875b53e09efb8221ff4f1c02a167e968d20c6331faa7c7206a5b57aa5316202 100% [K
parsing GGUF ⠼ [K[?25h[?2026l[?2026h[?25l[A[A[1Ggathering model components [K
copying file sha256:8875b53e09efb8221ff4f1c02a167e968d20c6331faa7c7206a5b57aa5316202 100% [K
parsing GGUF ⠴ [K[?25h[?2026l[?2026h[?25l[A[A[1Ggathering model components [K
copying file sha256:8875b53e09efb8221ff4f1c02a167e968d20c6331faa7c7206a5b57aa5316202 100% [K
parsing GGUF ⠦ [K[?25h[?2026l[?2026h[?25l[A[A[1Ggathering model components [K
copying file sha256:8875b53e09efb8221ff4f1c02a167e968d20c6331faa7c7206a5b57aa5316202 100% [K
parsing GGUF ⠧ [K[?25h[?2026l[?2026h[?25l[A[A[1Ggathering model components [K
copying file sha256:8875b53e09efb8221ff4f1c02a167e968d20c6331faa7c7206a5b57aa5316202 100% [K
parsing GGUF ⠇ [K[?25h[?2026l[?2026h[?25l[A[A[1Ggathering model components [K
copying file sha256:8875b53e09efb8221ff4f1c02a167e968d20c6331faa7c7206a5b57aa5316202 100% [K
parsing GGUF ⠏ [K[?25h[?2026l[?2026h[?25l[A[A[1Ggathering model components [K
copying file sha256:8875b53e09efb8221ff4f1c02a167e968d20c6331faa7c7206a5b57aa5316202 100% [K
parsing GGUF ⠋ [K[?25h[?2026l[?2026h[?25l[A[A[1Ggathering model components [K
copying file sha256:8875b53e09efb8221ff4f1c02a167e968d20c6331faa7c7206a5b57aa5316202 100% [K
parsing GGUF ⠙ [K[?25h[?2026l[?2026h[?25l[A[A[1Ggathering model components [K
copying file sha256:8875b53e09efb8221ff4f1c02a167e968d20c6331faa7c7206a5b57aa5316202 100% [K
parsing GGUF ⠹ [K[?25h[?2026l[?2026h[?25l[A[A[1Ggathering model components [K
copying file sha256:8875b53e09efb8221ff4f1c02a167e968d20c6331faa7c7206a5b57aa5316202 100% [K
parsing GGUF ⠸ [K[?25h[?2026l[?2026h[?25l[A[A[1Ggathering model components [K
copying file sha256:8875b53e09efb8221ff4f1c02a167e968d20c6331faa7c7206a5b57aa5316202 100% [K
parsing GGUF ⠼ [K[?25h[?2026l[?2026h[?25l[A[A[1Ggathering model components [K
copying file sha256:8875b53e09efb8221ff4f1c02a167e968d20c6331faa7c7206a5b57aa5316202 100% [K
parsing GGUF ⠴ [K[?25h[?2026l[?2026h[?25l[A[A[1Ggathering model components [K
copying file sha256:8875b53e09efb8221ff4f1c02a167e968d20c6331faa7c7206a5b57aa5316202 100% [K
parsing GGUF ⠦ [K[?25h[?2026l[?2026h[?25l[A[A[1Ggathering model components [K
copying file sha256:8875b53e09efb8221ff4f1c02a167e968d20c6331faa7c7206a5b57aa5316202 100% [K
parsing GGUF ⠧ [K[?25h[?2026l[?2026h[?25l[A[A[1Ggathering model components [K
copying file sha256:8875b53e09efb8221ff4f1c02a167e968d20c6331faa7c7206a5b57aa5316202 100% [K
parsing GGUF ⠇ [K[?25h[?2026l[?2026h[?25l[A[A[1Ggathering model components [K
copying file sha256:8875b53e09efb8221ff4f1c02a167e968d20c6331faa7c7206a5b57aa5316202 100% [K
parsing GGUF ⠏ [K[?25h[?2026l[?2026h[?25l[A[A[1Ggathering model components [K
copying file sha256:8875b53e09efb8221ff4f1c02a167e968d20c6331faa7c7206a5b57aa5316202 100% [K
parsing GGUF ⠋ [K[?25h[?2026l[?2026h[?25l[A[A[1Ggathering model components [K
copying file sha256:8875b53e09efb8221ff4f1c02a167e968d20c6331faa7c7206a5b57aa5316202 100% [K
parsing GGUF ⠙ [K[?25h[?2026l[?2026h[?25l[A[A[1Ggathering model components [K
copying file sha256:8875b53e09efb8221ff4f1c02a167e968d20c6331faa7c7206a5b57aa5316202 100% [K
parsing GGUF ⠹ [K[?25h[?2026l[?2026h[?25l[A[A[1Ggathering model components [K
copying file sha256:8875b53e09efb8221ff4f1c02a167e968d20c6331faa7c7206a5b57aa5316202 100% [K
parsing GGUF ⠸ [K[?25h[?2026l[?2026h[?25l[A[A[1Ggathering model components [K
copying file sha256:8875b53e09efb8221ff4f1c02a167e968d20c6331faa7c7206a5b57aa5316202 100% [K
parsing GGUF ⠼ [K[?25h[?2026l[?2026h[?25l[A[A[1Ggathering model components [K
copying file sha256:8875b53e09efb8221ff4f1c02a167e968d20c6331faa7c7206a5b57aa5316202 100% [K
parsing GGUF ⠴ [K[?25h[?2026l[?2026h[?25l[A[A[1Ggathering model components [K
copying file sha256:8875b53e09efb8221ff4f1c02a167e968d20c6331faa7c7206a5b57aa5316202 100% [K
parsing GGUF ⠦ [K[?25h[?2026l[?2026h[?25l[A[A[1Ggathering model components [K
copying file sha256:8875b53e09efb8221ff4f1c02a167e968d20c6331faa7c7206a5b57aa5316202 100% [K
parsing GGUF ⠧ [K[?25h[?2026l[?2026h[?25l[A[A[1Ggathering model components [K
copying file sha256:8875b53e09efb8221ff4f1c02a167e968d20c6331faa7c7206a5b57aa5316202 100% [K
parsing GGUF ⠇ [K[?25h[?2026l[?2026h[?25l[A[A[1Ggathering model components [K
copying file sha256:8875b53e09efb8221ff4f1c02a167e968d20c6331faa7c7206a5b57aa5316202 100% [K
parsing GGUF ⠏ [K[?25h[?2026l[?2026h[?25l[A[A[1Ggathering model components [K
copying file sha256:8875b53e09efb8221ff4f1c02a167e968d20c6331faa7c7206a5b57aa5316202 100% [K
parsing GGUF ⠋ [K[?25h[?2026l[?2026h[?25l[A[A[1Ggathering model components [K
copying file sha256:8875b53e09efb8221ff4f1c02a167e968d20c6331faa7c7206a5b57aa5316202 100% [K
parsing GGUF ⠙ [K[?25h[?2026l[?2026h[?25l[A[A[1Ggathering model components [K
copying file sha256:8875b53e09efb8221ff4f1c02a167e968d20c6331faa7c7206a5b57aa5316202 100% [K
parsing GGUF ⠹ [K[?25h[?2026l[?2026h[?25l[A[A[1Ggathering model components [K
copying file sha256:8875b53e09efb8221ff4f1c02a167e968d20c6331faa7c7206a5b57aa5316202 100% [K
parsing GGUF ⠸ [K[?25h[?2026l[?2026h[?25l[A[A[1Ggathering model components [K
copying file sha256:8875b53e09efb8221ff4f1c02a167e968d20c6331faa7c7206a5b57aa5316202 100% [K
parsing GGUF ⠼ [K[?25h[?2026l[?2026h[?25l[A[A[1Ggathering model components [K
copying file sha256:8875b53e09efb8221ff4f1c02a167e968d20c6331faa7c7206a5b57aa5316202 100% [K
parsing GGUF ⠴ [K[?25h[?2026l[?2026h[?25l[A[A[1Ggathering model components [K
copying file sha256:8875b53e09efb8221ff4f1c02a167e968d20c6331faa7c7206a5b57aa5316202 100% [K
parsing GGUF ⠦ [K[?25h[?2026l[?2026h[?25l[A[A[1Ggathering model components [K
copying file sha256:8875b53e09efb8221ff4f1c02a167e968d20c6331faa7c7206a5b57aa5316202 100% [K
parsing GGUF ⠧ [K[?25h[?2026l[?2026h[?25l[A[A[1Ggathering model components [K
copying file sha256:8875b53e09efb8221ff4f1c02a167e968d20c6331faa7c7206a5b57aa5316202 100% [K
parsing GGUF ⠇ [K[?25h[?2026l[?2026h[?25l[A[A[1Ggathering model components [K
copying file sha256:8875b53e09efb8221ff4f1c02a167e968d20c6331faa7c7206a5b57aa5316202 100% [K
parsing GGUF ⠏ [K[?25h[?2026l[?2026h[?25l[A[A[1Ggathering model components [K
copying file sha256:8875b53e09efb8221ff4f1c02a167e968d20c6331faa7c7206a5b57aa5316202 100% [K
parsing GGUF ⠋ [K[?25h[?2026l[?2026h[?25l[A[A[1Ggathering model components [K
copying file sha256:8875b53e09efb8221ff4f1c02a167e968d20c6331faa7c7206a5b57aa5316202 100% [K
parsing GGUF ⠙ [K[?25h[?2026l[?2026h[?25l[A[A[1Ggathering model components [K
copying file sha256:8875b53e09efb8221ff4f1c02a167e968d20c6331faa7c7206a5b57aa5316202 100% [K
parsing GGUF ⠹ [K[?25h[?2026l[?2026h[?25l[A[A[1Ggathering model components [K
copying file sha256:8875b53e09efb8221ff4f1c02a167e968d20c6331faa7c7206a5b57aa5316202 100% [K
parsing GGUF ⠸ [K[?25h[?2026l[?2026h[?25l[A[A[1Ggathering model components [K
copying file sha256:8875b53e09efb8221ff4f1c02a167e968d20c6331faa7c7206a5b57aa5316202 100% [K
parsing GGUF ⠼ [K[?25h[?2026l[?2026h[?25l[A[A[1Ggathering model components [K
copying file sha256:8875b53e09efb8221ff4f1c02a167e968d20c6331faa7c7206a5b57aa5316202 100% [K
parsing GGUF ⠴ [K[?25h[?2026l[?2026h[?25l[A[A[1Ggathering model components [K
copying file sha256:8875b53e09efb8221ff4f1c02a167e968d20c6331faa7c7206a5b57aa5316202 100% [K
parsing GGUF ⠦ [K[?25h[?2026l[?2026h[?25l[A[A[1Ggathering model components [K
copying file sha256:8875b53e09efb8221ff4f1c02a167e968d20c6331faa7c7206a5b57aa5316202 100% [K
parsing GGUF ⠧ [K[?25h[?2026l[?2026h[?25l[A[A[1Ggathering model components [K
copying file sha256:8875b53e09efb8221ff4f1c02a167e968d20c6331faa7c7206a5b57aa5316202 100% [K
parsing GGUF ⠇ [K[?25h[?2026l[?2026h[?25l[A[A[1Ggathering model components [K
copying file sha256:8875b53e09efb8221ff4f1c02a167e968d20c6331faa7c7206a5b57aa5316202 100% [K
parsing GGUF ⠏ [K[?25h[?2026l[?2026h[?25l[A[A[1Ggathering model components [K
copying file sha256:8875b53e09efb8221ff4f1c02a167e968d20c6331faa7c7206a5b57aa5316202 100% [K
parsing GGUF ⠋ [K[?25h[?2026l[?2026h[?25l[A[A[1Ggathering model components [K
copying file sha256:8875b53e09efb8221ff4f1c02a167e968d20c6331faa7c7206a5b57aa5316202 100% [K
parsing GGUF ⠙ [K[?25h[?2026l[?2026h[?25l[A[A[1Ggathering model components [K
copying file sha256:8875b53e09efb8221ff4f1c02a167e968d20c6331faa7c7206a5b57aa5316202 100% [K
parsing GGUF ⠹ [K[?25h[?2026l[?2026h[?25l[A[A[1Ggathering model components [K
copying file sha256:8875b53e09efb8221ff4f1c02a167e968d20c6331faa7c7206a5b57aa5316202 100% [K
parsing GGUF ⠸ [K[?25h[?2026l[?2026h[?25l[A[A[1Ggathering model components [K
copying file sha256:8875b53e09efb8221ff4f1c02a167e968d20c6331faa7c7206a5b57aa5316202 100% [K
parsing GGUF ⠼ [K[?25h[?2026l[?2026h[?25l[A[A[1Ggathering model components [K
copying file sha256:8875b53e09efb8221ff4f1c02a167e968d20c6331faa7c7206a5b57aa5316202 100% [K
parsing GGUF ⠴ [K[?25h[?2026l[?2026h[?25l[A[A[1Ggathering model components [K
copying file sha256:8875b53e09efb8221ff4f1c02a167e968d20c6331faa7c7206a5b57aa5316202 100% [K
parsing GGUF ⠦ [K[?25h[?2026l[?2026h[?25l[A[A[1Ggathering model components [K
copying file sha256:8875b53e09efb8221ff4f1c02a167e968d20c6331faa7c7206a5b57aa5316202 100% [K
parsing GGUF ⠧ [K[?25h[?2026l[?2026h[?25l[A[A[1Ggathering model components [K
copying file sha256:8875b53e09efb8221ff4f1c02a167e968d20c6331faa7c7206a5b57aa5316202 100% [K
parsing GGUF ⠇ [K[?25h[?2026l[?2026h[?25l[A[A[1Ggathering model components [K
copying file sha256:8875b53e09efb8221ff4f1c02a167e968d20c6331faa7c7206a5b57aa5316202 100% [K
parsing GGUF ⠏ [K[?25h[?2026l[?2026h[?25l[A[A[1Ggathering model components [K
copying file sha256:8875b53e09efb8221ff4f1c02a167e968d20c6331faa7c7206a5b57aa5316202 100% [K
parsing GGUF ⠋ [K[?25h[?2026l[?2026h[?25l[A[A[1Ggathering model components [K
copying file sha256:8875b53e09efb8221ff4f1c02a167e968d20c6331faa7c7206a5b57aa5316202 100% [K
parsing GGUF ⠙ [K[?25h[?2026l[?2026h[?25l[A[A[1Ggathering model components [K
copying file sha256:8875b53e09efb8221ff4f1c02a167e968d20c6331faa7c7206a5b57aa5316202 100% [K
parsing GGUF ⠹ [K[?25h[?2026l[?2026h[?25l[A[A[1Ggathering model components [K
copying file sha256:8875b53e09efb8221ff4f1c02a167e968d20c6331faa7c7206a5b57aa5316202 100% [K
parsing GGUF ⠸ [K[?25h[?2026l[?2026h[?25l[A[A[1Ggathering model components [K
copying file sha256:8875b53e09efb8221ff4f1c02a167e968d20c6331faa7c7206a5b57aa5316202 100% [K
parsing GGUF ⠼ [K[?25h[?2026l[?2026h[?25l[A[A[1Ggathering model components [K
copying file sha256:8875b53e09efb8221ff4f1c02a167e968d20c6331faa7c7206a5b57aa5316202 100% [K
parsing GGUF ⠴ [K[?25h[?2026l[?2026h[?25l[A[A[1Ggathering model components [K
copying file sha256:8875b53e09efb8221ff4f1c02a167e968d20c6331faa7c7206a5b57aa5316202 100% [K
parsing GGUF ⠦ [K[?25h[?2026l[?2026h[?25l[A[A[1Ggathering model components [K
copying file sha256:8875b53e09efb8221ff4f1c02a167e968d20c6331faa7c7206a5b57aa5316202 100% [K
parsing GGUF ⠧ [K[?25h[?2026l[?2026h[?25l[A[A[1Ggathering model components [K
copying file sha256:8875b53e09efb8221ff4f1c02a167e968d20c6331faa7c7206a5b57aa5316202 100% [K
parsing GGUF ⠇ [K[?25h[?2026l[?2026h[?25l[A[A[1Ggathering model components [K
copying file sha256:8875b53e09efb8221ff4f1c02a167e968d20c6331faa7c7206a5b57aa5316202 100% [K
parsing GGUF ⠏ [K[?25h[?2026l[?2026h[?25l[A[A[1Ggathering model components [K
copying file sha256:8875b53e09efb8221ff4f1c02a167e968d20c6331faa7c7206a5b57aa5316202 100% [K
parsing GGUF ⠋ [K[?25h[?2026l[?2026h[?25l[A[A[1Ggathering model components [K
copying file sha256:8875b53e09efb8221ff4f1c02a167e968d20c6331faa7c7206a5b57aa5316202 100% [K
parsing GGUF ⠙ [K[?25h[?2026l[?2026h[?25l[A[A[1Ggathering model components [K
copying file sha256:8875b53e09efb8221ff4f1c02a167e968d20c6331faa7c7206a5b57aa5316202 100% [K
parsing GGUF ⠹ [K[?25h[?2026l[?2026h[?25l[A[A[1Ggathering model components [K
copying file sha256:8875b53e09efb8221ff4f1c02a167e968d20c6331faa7c7206a5b57aa5316202 100% [K
parsing GGUF ⠸ [K[?25h[?2026l[?2026h[?25l[A[A[1Ggathering model components [K
copying file sha256:8875b53e09efb8221ff4f1c02a167e968d20c6331faa7c7206a5b57aa5316202 100% [K
parsing GGUF ⠼ [K[?25h[?2026l[?2026h[?25l[A[A[1Ggathering model components [K
copying file sha256:8875b53e09efb8221ff4f1c02a167e968d20c6331faa7c7206a5b57aa5316202 100% [K
parsing GGUF ⠴ [K[?25h[?2026l[?2026h[?25l[A[A[1Ggathering model components [K
copying file sha256:8875b53e09efb8221ff4f1c02a167e968d20c6331faa7c7206a5b57aa5316202 100% [K
parsing GGUF ⠦ [K[?25h[?2026l[?2026h[?25l[A[A[1Ggathering model components [K
copying file sha256:8875b53e09efb8221ff4f1c02a167e968d20c6331faa7c7206a5b57aa5316202 100% [K
parsing GGUF ⠧ [K[?25h[?2026l[?2026h[?25l[A[A[1Ggathering model components [K
copying file sha256:8875b53e09efb8221ff4f1c02a167e968d20c6331faa7c7206a5b57aa5316202 100% [K
parsing GGUF ⠇ [K[?25h[?2026l[?2026h[?25l[A[A[1Ggathering model components [K
copying file sha256:8875b53e09efb8221ff4f1c02a167e968d20c6331faa7c7206a5b57aa5316202 100% [K
parsing GGUF ⠏ [K[?25h[?2026l[?2026h[?25l[A[A[1Ggathering model components [K
copying file sha256:8875b53e09efb8221ff4f1c02a167e968d20c6331faa7c7206a5b57aa5316202 100% [K
parsing GGUF ⠋ [K[?25h[?2026l[?2026h[?25l[A[A[1Ggathering model components [K
copying file sha256:8875b53e09efb8221ff4f1c02a167e968d20c6331faa7c7206a5b57aa5316202 100% [K
parsing GGUF ⠙ [K[?25h[?2026l[?2026h[?25l[A[A[1Ggathering model components [K
copying file sha256:8875b53e09efb8221ff4f1c02a167e968d20c6331faa7c7206a5b57aa5316202 100% [K
parsing GGUF ⠹ [K[?25h[?2026l[?2026h[?25l[A[A[1Ggathering model components [K
copying file sha256:8875b53e09efb8221ff4f1c02a167e968d20c6331faa7c7206a5b57aa5316202 100% [K
parsing GGUF ⠸ [K[?25h[?2026l[?2026h[?25l[A[A[1Ggathering model components [K
copying file sha256:8875b53e09efb8221ff4f1c02a167e968d20c6331faa7c7206a5b57aa5316202 100% [K
parsing GGUF ⠼ [K[?25h[?2026l[?2026h[?25l[A[A[1Ggathering model components [K
copying file sha256:8875b53e09efb8221ff4f1c02a167e968d20c6331faa7c7206a5b57aa5316202 100% [K
parsing GGUF ⠴ [K[?25h[?2026l[?2026h[?25l[A[A[1Ggathering model components [K
copying file sha256:8875b53e09efb8221ff4f1c02a167e968d20c6331faa7c7206a5b57aa5316202 100% [K
parsing GGUF ⠦ [K[?25h[?2026l[?2026h[?25l[A[A[1Ggathering model components [K
copying file sha256:8875b53e09efb8221ff4f1c02a167e968d20c6331faa7c7206a5b57aa5316202 100% [K
parsing GGUF ⠧ [K[?25h[?2026l[?2026h[?25l[A[A[1Ggathering model components [K
copying file sha256:8875b53e09efb8221ff4f1c02a167e968d20c6331faa7c7206a5b57aa5316202 100% [K
parsing GGUF ⠇ [K[?25h[?2026l[?2026h[?25l[A[A[1Ggathering model components [K
copying file sha256:8875b53e09efb8221ff4f1c02a167e968d20c6331faa7c7206a5b57aa5316202 100% [K
parsing GGUF ⠏ [K[?25h[?2026l[?2026h[?25l[A[A[1Ggathering model components [K
copying file sha256:8875b53e09efb8221ff4f1c02a167e968d20c6331faa7c7206a5b57aa5316202 100% [K
parsing GGUF ⠋ [K[?25h[?2026l[?2026h[?25l[A[A[1Ggathering model components [K
copying file sha256:8875b53e09efb8221ff4f1c02a167e968d20c6331faa7c7206a5b57aa5316202 100% [K
parsing GGUF ⠙ [K[?25h[?2026l[?2026h[?25l[A[A[1Ggathering model components [K
copying file sha256:8875b53e09efb8221ff4f1c02a167e968d20c6331faa7c7206a5b57aa5316202 100% [K
parsing GGUF ⠹ [K[?25h[?2026l[?2026h[?25l[A[A[1Ggathering model components [K
copying file sha256:8875b53e09efb8221ff4f1c02a167e968d20c6331faa7c7206a5b57aa5316202 100% [K
parsing GGUF ⠸ [K[?25h[?2026l[?2026h[?25l[A[A[1Ggathering model components [K
copying file sha256:8875b53e09efb8221ff4f1c02a167e968d20c6331faa7c7206a5b57aa5316202 100% [K
parsing GGUF ⠼ [K[?25h[?2026l[?2026h[?25l[A[A[1Ggathering model components [K
copying file sha256:8875b53e09efb8221ff4f1c02a167e968d20c6331faa7c7206a5b57aa5316202 100% [K
parsing GGUF ⠴ [K[?25h[?2026l[?2026h[?25l[A[A[1Ggathering model components [K
copying file sha256:8875b53e09efb8221ff4f1c02a167e968d20c6331faa7c7206a5b57aa5316202 100% [K
parsing GGUF ⠦ [K[?25h[?2026l[?2026h[?25l[A[A[1Ggathering model components [K
copying file sha256:8875b53e09efb8221ff4f1c02a167e968d20c6331faa7c7206a5b57aa5316202 100% [K
parsing GGUF ⠧ [K[?25h[?2026l[?2026h[?25l[A[A[1Ggathering model components [K
copying file sha256:8875b53e09efb8221ff4f1c02a167e968d20c6331faa7c7206a5b57aa5316202 100% [K
parsing GGUF ⠇ [K[?25h[?2026l[?2026h[?25l[A[A[1Ggathering model components [K
copying file sha256:8875b53e09efb8221ff4f1c02a167e968d20c6331faa7c7206a5b57aa5316202 100% [K
parsing GGUF ⠏ [K[?25h[?2026l[?2026h[?25l[A[A[1Ggathering model components [K
copying file sha256:8875b53e09efb8221ff4f1c02a167e968d20c6331faa7c7206a5b57aa5316202 100% [K
parsing GGUF ⠋ [K[?25h[?2026l[?2026h[?25l[A[A[1Ggathering model components [K
copying file sha256:8875b53e09efb8221ff4f1c02a167e968d20c6331faa7c7206a5b57aa5316202 100% [K
parsing GGUF ⠙ [K[?25h[?2026l[?2026h[?25l[A[A[1Ggathering model components [K
copying file sha256:8875b53e09efb8221ff4f1c02a167e968d20c6331faa7c7206a5b57aa5316202 100% [K
parsing GGUF ⠹ [K[?25h[?2026l[?2026h[?25l[A[A[1Ggathering model components [K
copying file sha256:8875b53e09efb8221ff4f1c02a167e968d20c6331faa7c7206a5b57aa5316202 100% [K
parsing GGUF ⠸ [K[?25h[?2026l[?2026h[?25l[A[A[1Ggathering model components [K
copying file sha256:8875b53e09efb8221ff4f1c02a167e968d20c6331faa7c7206a5b57aa5316202 100% [K
parsing GGUF ⠼ [K[?25h[?2026l[?2026h[?25l[A[A[1Ggathering model components [K
copying file sha256:8875b53e09efb8221ff4f1c02a167e968d20c6331faa7c7206a5b57aa5316202 100% [K
parsing GGUF ⠴ [K[?25h[?2026l[?2026h[?25l[A[A[1Ggathering model components [K
copying file sha256:8875b53e09efb8221ff4f1c02a167e968d20c6331faa7c7206a5b57aa5316202 100% [K
parsing GGUF ⠦ [K[?25h[?2026l[?2026h[?25l[A[A[1Ggathering model components [K
copying file sha256:8875b53e09efb8221ff4f1c02a167e968d20c6331faa7c7206a5b57aa5316202 100% [K
parsing GGUF ⠧ [K[?25h[?2026l[?2026h[?25l[A[A[1Ggathering model components [K
copying file sha256:8875b53e09efb8221ff4f1c02a167e968d20c6331faa7c7206a5b57aa5316202 100% [K
parsing GGUF ⠇ [K[?25h[?2026l[?2026h[?25l[A[A[1Ggathering model components [K
copying file sha256:8875b53e09efb8221ff4f1c02a167e968d20c6331faa7c7206a5b57aa5316202 100% [K
parsing GGUF ⠏ [K[?25h[?2026l[?2026h[?25l[A[A[1Ggathering model components [K
copying file sha256:8875b53e09efb8221ff4f1c02a167e968d20c6331faa7c7206a5b57aa5316202 100% [K
parsing GGUF ⠋ [K[?25h[?2026l[?2026h[?25l[A[A[1Ggathering model components [K
copying file sha256:8875b53e09efb8221ff4f1c02a167e968d20c6331faa7c7206a5b57aa5316202 100% [K
parsing GGUF ⠙ [K[?25h[?2026l[?2026h[?25l[A[A[1Ggathering model components [K
copying file sha256:8875b53e09efb8221ff4f1c02a167e968d20c6331faa7c7206a5b57aa5316202 100% [K
parsing GGUF ⠹ [K[?25h[?2026l[?2026h[?25l[A[A[1Ggathering model components [K
copying file sha256:8875b53e09efb8221ff4f1c02a167e968d20c6331faa7c7206a5b57aa5316202 100% [K
parsing GGUF ⠸ [K[?25h[?2026l[?2026h[?25l[A[A[1Ggathering model components [K
copying file sha256:8875b53e09efb8221ff4f1c02a167e968d20c6331faa7c7206a5b57aa5316202 100% [K
parsing GGUF ⠼ [K[?25h[?2026l[?2026h[?25l[A[A[1Ggathering model components [K
copying file sha256:8875b53e09efb8221ff4f1c02a167e968d20c6331faa7c7206a5b57aa5316202 100% [K
parsing GGUF ⠴ [K[?25h[?2026l[?2026h[?25l[A[A[1Ggathering model components [K
copying file sha256:8875b53e09efb8221ff4f1c02a167e968d20c6331faa7c7206a5b57aa5316202 100% [K
parsing GGUF ⠦ [K[?25h[?2026l[?2026h[?25l[A[A[1Ggathering model components [K
copying file sha256:8875b53e09efb8221ff4f1c02a167e968d20c6331faa7c7206a5b57aa5316202 100% [K
parsing GGUF ⠧ [K[?25h[?2026l[?2026h[?25l[A[A[1Ggathering model components [K
copying file sha256:8875b53e09efb8221ff4f1c02a167e968d20c6331faa7c7206a5b57aa5316202 100% [K
parsing GGUF ⠇ [K[?25h[?2026l[?2026h[?25l[A[A[1Ggathering model components [K
copying file sha256:8875b53e09efb8221ff4f1c02a167e968d20c6331faa7c7206a5b57aa5316202 100% [K
parsing GGUF ⠏ [K[?25h[?2026l[?2026h[?25l[A[A[1Ggathering model components [K
copying file sha256:8875b53e09efb8221ff4f1c02a167e968d20c6331faa7c7206a5b57aa5316202 100% [K
parsing GGUF ⠋ [K[?25h[?2026l[?2026h[?25l[A[A[1Ggathering model components [K
copying file sha256:8875b53e09efb8221ff4f1c02a167e968d20c6331faa7c7206a5b57aa5316202 100% [K
parsing GGUF ⠙ [K[?25h[?2026l[?2026h[?25l[A[A[1Ggathering model components [K
copying file sha256:8875b53e09efb8221ff4f1c02a167e968d20c6331faa7c7206a5b57aa5316202 100% [K
parsing GGUF ⠹ [K[?25h[?2026l[?2026h[?25l[A[A[1Ggathering model components [K
copying file sha256:8875b53e09efb8221ff4f1c02a167e968d20c6331faa7c7206a5b57aa5316202 100% [K
parsing GGUF ⠸ [K[?25h[?2026l[?2026h[?25l[A[A[1Ggathering model components [K
copying file sha256:8875b53e09efb8221ff4f1c02a167e968d20c6331faa7c7206a5b57aa5316202 100% [K
parsing GGUF ⠼ [K[?25h[?2026l[?2026h[?25l[A[A[1Ggathering model components [K
copying file sha256:8875b53e09efb8221ff4f1c02a167e968d20c6331faa7c7206a5b57aa5316202 100% [K
parsing GGUF ⠴ [K[?25h[?2026l[?2026h[?25l[A[A[1Ggathering model components [K
copying file sha256:8875b53e09efb8221ff4f1c02a167e968d20c6331faa7c7206a5b57aa5316202 100% [K
parsing GGUF ⠦ [K[?25h[?2026l[?2026h[?25l[A[A[1Ggathering model components [K
copying file sha256:8875b53e09efb8221ff4f1c02a167e968d20c6331faa7c7206a5b57aa5316202 100% [K
parsing GGUF ⠧ [K[?25h[?2026l[?2026h[?25l[A[A[1Ggathering model components [K
copying file sha256:8875b53e09efb8221ff4f1c02a167e968d20c6331faa7c7206a5b57aa5316202 100% [K
parsing GGUF ⠇ [K[?25h[?2026l[?2026h[?25l[A[A[1Ggathering model components [K
copying file sha256:8875b53e09efb8221ff4f1c02a167e968d20c6331faa7c7206a5b57aa5316202 100% [K
parsing GGUF ⠏ [K[?25h[?2026l[?2026h[?25l[A[A[1Ggathering model components [K
copying file sha256:8875b53e09efb8221ff4f1c02a167e968d20c6331faa7c7206a5b57aa5316202 100% [K
parsing GGUF ⠋ [K[?25h[?2026l[?2026h[?25l[A[A[1Ggathering model components [K
copying file sha256:8875b53e09efb8221ff4f1c02a167e968d20c6331faa7c7206a5b57aa5316202 100% [K
parsing GGUF ⠙ [K[?25h[?2026l[?2026h[?25l[A[A[1Ggathering model components [K
copying file sha256:8875b53e09efb8221ff4f1c02a167e968d20c6331faa7c7206a5b57aa5316202 100% [K
parsing GGUF ⠹ [K[?25h[?2026l[?2026h[?25l[A[A[1Ggathering model components [K
copying file sha256:8875b53e09efb8221ff4f1c02a167e968d20c6331faa7c7206a5b57aa5316202 100% [K
parsing GGUF ⠸ [K[?25h[?2026l[?2026h[?25l[A[A[1Ggathering model components [K
copying file sha256:8875b53e09efb8221ff4f1c02a167e968d20c6331faa7c7206a5b57aa5316202 100% [K
parsing GGUF ⠼ [K[?25h[?2026l[?2026h[?25l[A[A[1Ggathering model components [K
copying file sha256:8875b53e09efb8221ff4f1c02a167e968d20c6331faa7c7206a5b57aa5316202 100% [K
parsing GGUF ⠴ [K[?25h[?2026l[?2026h[?25l[A[A[1Ggathering model components [K
copying file sha256:8875b53e09efb8221ff4f1c02a167e968d20c6331faa7c7206a5b57aa5316202 100% [K
parsing GGUF ⠦ [K[?25h[?2026l[?2026h[?25l[A[A[1Ggathering model components [K
copying file sha256:8875b53e09efb8221ff4f1c02a167e968d20c6331faa7c7206a5b57aa5316202 100% [K
parsing GGUF ⠧ [K[?25h[?2026l[?2026h[?25l[A[A[1Ggathering model components [K
copying file sha256:8875b53e09efb8221ff4f1c02a167e968d20c6331faa7c7206a5b57aa5316202 100% [K
parsing GGUF ⠇ [K[?25h[?2026l[?2026h[?25l[A[A[1Ggathering model components [K
copying file sha256:8875b53e09efb8221ff4f1c02a167e968d20c6331faa7c7206a5b57aa5316202 100% [K
parsing GGUF ⠏ [K[?25h[?2026l[?2026h[?25l[A[A[1Ggathering model components [K
copying file sha256:8875b53e09efb8221ff4f1c02a167e968d20c6331faa7c7206a5b57aa5316202 100% [K
parsing GGUF ⠋ [K[?25h[?2026l[?2026h[?25l[A[A[1Ggathering model components [K
copying file sha256:8875b53e09efb8221ff4f1c02a167e968d20c6331faa7c7206a5b57aa5316202 100% [K
parsing GGUF ⠙ [K[?25h[?2026l[?2026h[?25l[A[A[1Ggathering model components [K
copying file sha256:8875b53e09efb8221ff4f1c02a167e968d20c6331faa7c7206a5b57aa5316202 100% [K
parsing GGUF ⠹ [K[?25h[?2026l[?2026h[?25l[A[A[1Ggathering model components [K
copying file sha256:8875b53e09efb8221ff4f1c02a167e968d20c6331faa7c7206a5b57aa5316202 100% [K
parsing GGUF ⠸ [K[?25h[?2026l[?2026h[?25l[A[A[1Ggathering model components [K
copying file sha256:8875b53e09efb8221ff4f1c02a167e968d20c6331faa7c7206a5b57aa5316202 100% [K
parsing GGUF ⠼ [K[?25h[?2026l[?2026h[?25l[A[A[1Ggathering model components [K
copying file sha256:8875b53e09efb8221ff4f1c02a167e968d20c6331faa7c7206a5b57aa5316202 100% [K
parsing GGUF ⠴ [K[?25h[?2026l[?2026h[?25l[A[A[1Ggathering model components [K
copying file sha256:8875b53e09efb8221ff4f1c02a167e968d20c6331faa7c7206a5b57aa5316202 100% [K
parsing GGUF ⠦ [K[?25h[?2026l[?2026h[?25l[A[A[1Ggathering model components [K
copying file sha256:8875b53e09efb8221ff4f1c02a167e968d20c6331faa7c7206a5b57aa5316202 100% [K
parsing GGUF ⠧ [K[?25h[?2026l[?2026h[?25l[A[A[1Ggathering model components [K
copying file sha256:8875b53e09efb8221ff4f1c02a167e968d20c6331faa7c7206a5b57aa5316202 100% [K
parsing GGUF ⠇ [K[?25h[?2026l[?2026h[?25l[A[A[1Ggathering model components [K
copying file sha256:8875b53e09efb8221ff4f1c02a167e968d20c6331faa7c7206a5b57aa5316202 100% [K
parsing GGUF ⠏ [K[?25h[?2026l[?2026h[?25l[A[A[1Ggathering model components [K
copying file sha256:8875b53e09efb8221ff4f1c02a167e968d20c6331faa7c7206a5b57aa5316202 100% [K
parsing GGUF ⠋ [K[?25h[?2026l[?2026h[?25l[A[A[1Ggathering model components [K
copying file sha256:8875b53e09efb8221ff4f1c02a167e968d20c6331faa7c7206a5b57aa5316202 100% [K
parsing GGUF ⠙ [K[?25h[?2026l[?2026h[?25l[A[A[1Ggathering model components [K
copying file sha256:8875b53e09efb8221ff4f1c02a167e968d20c6331faa7c7206a5b57aa5316202 100% [K
parsing GGUF ⠹ [K[?25h[?2026l[?2026h[?25l[A[A[1Ggathering model components [K
copying file sha256:8875b53e09efb8221ff4f1c02a167e968d20c6331faa7c7206a5b57aa5316202 100% [K
parsing GGUF ⠸ [K[?25h[?2026l[?2026h[?25l[A[A[1Ggathering model components [K
copying file sha256:8875b53e09efb8221ff4f1c02a167e968d20c6331faa7c7206a5b57aa5316202 100% [K
parsing GGUF ⠼ [K[?25h[?2026l[?2026h[?25l[A[A[1Ggathering model components [K
copying file sha256:8875b53e09efb8221ff4f1c02a167e968d20c6331faa7c7206a5b57aa5316202 100% [K
parsing GGUF ⠴ [K[?25h[?2026l[?2026h[?25l[A[A[1Ggathering model components [K
copying file sha256:8875b53e09efb8221ff4f1c02a167e968d20c6331faa7c7206a5b57aa5316202 100% [K
parsing GGUF ⠦ [K[?25h[?2026l[?2026h[?25l[A[A[1Ggathering model components [K
copying file sha256:8875b53e09efb8221ff4f1c02a167e968d20c6331faa7c7206a5b57aa5316202 100% [K
parsing GGUF ⠧ [K[?25h[?2026l[?2026h[?25l[A[A[1Ggathering model components [K
copying file sha256:8875b53e09efb8221ff4f1c02a167e968d20c6331faa7c7206a5b57aa5316202 100% [K
parsing GGUF ⠇ [K[?25h[?2026l[?2026h[?25l[A[A[1Ggathering model components [K
copying file sha256:8875b53e09efb8221ff4f1c02a167e968d20c6331faa7c7206a5b57aa5316202 100% [K
parsing GGUF ⠏ [K[?25h[?2026l[?2026h[?25l[A[A[1Ggathering model components [K
copying file sha256:8875b53e09efb8221ff4f1c02a167e968d20c6331faa7c7206a5b57aa5316202 100% [K
parsing GGUF ⠋ [K[?25h[?2026l[?2026h[?25l[A[A[1Ggathering model components [K
copying file sha256:8875b53e09efb8221ff4f1c02a167e968d20c6331faa7c7206a5b57aa5316202 100% [K
parsing GGUF ⠙ [K[?25h[?2026l[?2026h[?25l[A[A[1Ggathering model components [K
copying file sha256:8875b53e09efb8221ff4f1c02a167e968d20c6331faa7c7206a5b57aa5316202 100% [K
parsing GGUF ⠹ [K[?25h[?2026l[?2026h[?25l[A[A[1Ggathering model components [K
copying file sha256:8875b53e09efb8221ff4f1c02a167e968d20c6331faa7c7206a5b57aa5316202 100% [K
parsing GGUF ⠸ [K[?25h[?2026l[?2026h[?25l[A[A[1Ggathering model components [K
copying file sha256:8875b53e09efb8221ff4f1c02a167e968d20c6331faa7c7206a5b57aa5316202 100% [K
parsing GGUF ⠼ [K[?25h[?2026l[?2026h[?25l[A[A[1Ggathering model components [K
copying file sha256:8875b53e09efb8221ff4f1c02a167e968d20c6331faa7c7206a5b57aa5316202 100% [K
parsing GGUF ⠴ [K[?25h[?2026l[?2026h[?25l[A[A[1Ggathering model components [K
copying file sha256:8875b53e09efb8221ff4f1c02a167e968d20c6331faa7c7206a5b57aa5316202 100% [K
parsing GGUF ⠦ [K[?25h[?2026l[?2026h[?25l[A[A[1Ggathering model components [K
copying file sha256:8875b53e09efb8221ff4f1c02a167e968d20c6331faa7c7206a5b57aa5316202 100% [K
parsing GGUF ⠧ [K[?25h[?2026l[?2026h[?25l[A[A[1Ggathering model components [K
copying file sha256:8875b53e09efb8221ff4f1c02a167e968d20c6331faa7c7206a5b57aa5316202 100% [K
parsing GGUF ⠇ [K[?25h[?2026l[?2026h[?25l[A[A[1Ggathering model components [K
copying file sha256:8875b53e09efb8221ff4f1c02a167e968d20c6331faa7c7206a5b57aa5316202 100% [K
parsing GGUF ⠏ [K[?25h[?2026l[?2026h[?25l[A[A[1Ggathering model components [K
copying file sha256:8875b53e09efb8221ff4f1c02a167e968d20c6331faa7c7206a5b57aa5316202 100% [K
parsing GGUF ⠋ [K[?25h[?2026l[?2026h[?25l[A[A[1Ggathering model components [K
copying file sha256:8875b53e09efb8221ff4f1c02a167e968d20c6331faa7c7206a5b57aa5316202 100% [K
parsing GGUF ⠙ [K[?25h[?2026l[?2026h[?25l[A[A[1Ggathering model components [K
copying file sha256:8875b53e09efb8221ff4f1c02a167e968d20c6331faa7c7206a5b57aa5316202 100% [K
parsing GGUF ⠹ [K[?25h[?2026l[?2026h[?25l[A[A[1Ggathering model components [K
copying file sha256:8875b53e09efb8221ff4f1c02a167e968d20c6331faa7c7206a5b57aa5316202 100% [K
parsing GGUF ⠸ [K[?25h[?2026l[?2026h[?25l[A[A[1Ggathering model components [K
copying file sha256:8875b53e09efb8221ff4f1c02a167e968d20c6331faa7c7206a5b57aa5316202 100% [K
parsing GGUF ⠼ [K[?25h[?2026l[?2026h[?25l[A[A[1Ggathering model components [K
copying file sha256:8875b53e09efb8221ff4f1c02a167e968d20c6331faa7c7206a5b57aa5316202 100% [K
parsing GGUF ⠴ [K[?25h[?2026l[?2026h[?25l[A[A[1Ggathering model components [K
copying file sha256:8875b53e09efb8221ff4f1c02a167e968d20c6331faa7c7206a5b57aa5316202 100% [K
parsing GGUF ⠦ [K[?25h[?2026l[?2026h[?25l[A[A[1Ggathering model components [K
copying file sha256:8875b53e09efb8221ff4f1c02a167e968d20c6331faa7c7206a5b57aa5316202 100% [K
parsing GGUF ⠧ [K[?25h[?2026l[?2026h[?25l[A[A[1Ggathering model components [K
copying file sha256:8875b53e09efb8221ff4f1c02a167e968d20c6331faa7c7206a5b57aa5316202 100% [K
parsing GGUF ⠇ [K[?25h[?2026l[?2026h[?25l[A[A[1Ggathering model components [K
copying file sha256:8875b53e09efb8221ff4f1c02a167e968d20c6331faa7c7206a5b57aa5316202 100% [K
parsing GGUF ⠏ [K[?25h[?2026l[?2026h[?25l[A[A[1Ggathering model components [K
copying file sha256:8875b53e09efb8221ff4f1c02a167e968d20c6331faa7c7206a5b57aa5316202 100% [K
parsing GGUF ⠋ [K[?25h[?2026l[?2026h[?25l[A[A[1Ggathering model components [K
copying file sha256:8875b53e09efb8221ff4f1c02a167e968d20c6331faa7c7206a5b57aa5316202 100% [K
parsing GGUF ⠙ [K[?25h[?2026l[?2026h[?25l[A[A[1Ggathering model components [K
copying file sha256:8875b53e09efb8221ff4f1c02a167e968d20c6331faa7c7206a5b57aa5316202 100% [K
parsing GGUF ⠹ [K[?25h[?2026l[?2026h[?25l[A[A[1Ggathering model components [K
copying file sha256:8875b53e09efb8221ff4f1c02a167e968d20c6331faa7c7206a5b57aa5316202 100% [K
parsing GGUF ⠸ [K[?25h[?2026l[?2026h[?25l[A[A[1Ggathering model components [K
copying file sha256:8875b53e09efb8221ff4f1c02a167e968d20c6331faa7c7206a5b57aa5316202 100% [K
parsing GGUF ⠼ [K[?25h[?2026l[?2026h[?25l[A[A[1Ggathering model components [K
copying file sha256:8875b53e09efb8221ff4f1c02a167e968d20c6331faa7c7206a5b57aa5316202 100% [K
parsing GGUF ⠴ [K[?25h[?2026l[?2026h[?25l[A[A[1Ggathering model components [K
copying file sha256:8875b53e09efb8221ff4f1c02a167e968d20c6331faa7c7206a5b57aa5316202 100% [K
parsing GGUF ⠦ [K[?25h[?2026l[?2026h[?25l[A[A[1Ggathering model components [K
copying file sha256:8875b53e09efb8221ff4f1c02a167e968d20c6331faa7c7206a5b57aa5316202 100% [K
parsing GGUF ⠧ [K[?25h[?2026l[?2026h[?25l[A[A[1Ggathering model components [K
copying file sha256:8875b53e09efb8221ff4f1c02a167e968d20c6331faa7c7206a5b57aa5316202 100% [K
parsing GGUF ⠇ [K[?25h[?2026l[?2026h[?25l[A[A[1Ggathering model components [K
copying file sha256:8875b53e09efb8221ff4f1c02a167e968d20c6331faa7c7206a5b57aa5316202 100% [K
parsing GGUF ⠏ [K[?25h[?2026l[?2026h[?25l[A[A[1Ggathering model components [K
copying file sha256:8875b53e09efb8221ff4f1c02a167e968d20c6331faa7c7206a5b57aa5316202 100% [K
parsing GGUF ⠋ [K[?25h[?2026l[?2026h[?25l[A[A[1Ggathering model components [K
copying file sha256:8875b53e09efb8221ff4f1c02a167e968d20c6331faa7c7206a5b57aa5316202 100% [K
parsing GGUF ⠙ [K[?25h[?2026l[?2026h[?25l[A[A[1Ggathering model components [K
copying file sha256:8875b53e09efb8221ff4f1c02a167e968d20c6331faa7c7206a5b57aa5316202 100% [K
parsing GGUF ⠹ [K[?25h[?2026l[?2026h[?25l[A[A[1Ggathering model components [K
copying file sha256:8875b53e09efb8221ff4f1c02a167e968d20c6331faa7c7206a5b57aa5316202 100% [K
parsing GGUF ⠸ [K[?25h[?2026l[?2026h[?25l[A[A[1Ggathering model components [K
copying file sha256:8875b53e09efb8221ff4f1c02a167e968d20c6331faa7c7206a5b57aa5316202 100% [K
parsing GGUF ⠼ [K[?25h[?2026l[?2026h[?25l[A[A[1Ggathering model components [K
copying file sha256:8875b53e09efb8221ff4f1c02a167e968d20c6331faa7c7206a5b57aa5316202 100% [K
parsing GGUF ⠴ [K[?25h[?2026l[?2026h[?25l[A[A[1Ggathering model components [K
copying file sha256:8875b53e09efb8221ff4f1c02a167e968d20c6331faa7c7206a5b57aa5316202 100% [K
parsing GGUF ⠦ [K[?25h[?2026l[?2026h[?25l[A[A[1Ggathering model components [K
copying file sha256:8875b53e09efb8221ff4f1c02a167e968d20c6331faa7c7206a5b57aa5316202 100% [K
parsing GGUF ⠧ [K[?25h[?2026l[?2026h[?25l[A[A[1Ggathering model components [K
copying file sha256:8875b53e09efb8221ff4f1c02a167e968d20c6331faa7c7206a5b57aa5316202 100% [K
parsing GGUF ⠇ [K[?25h[?2026l[?2026h[?25l[A[A[1Ggathering model components [K
copying file sha256:8875b53e09efb8221ff4f1c02a167e968d20c6331faa7c7206a5b57aa5316202 100% [K
parsing GGUF ⠏ [K[?25h[?2026l[?2026h[?25l[A[A[1Ggathering model components [K
copying file sha256:8875b53e09efb8221ff4f1c02a167e968d20c6331faa7c7206a5b57aa5316202 100% [K
parsing GGUF ⠋ [K[?25h[?2026l[?2026h[?25l[A[A[1Ggathering model components [K
copying file sha256:8875b53e09efb8221ff4f1c02a167e968d20c6331faa7c7206a5b57aa5316202 100% [K
parsing GGUF ⠙ [K[?25h[?2026l[?2026h[?25l[A[A[1Ggathering model components [K
copying file sha256:8875b53e09efb8221ff4f1c02a167e968d20c6331faa7c7206a5b57aa5316202 100% [K
parsing GGUF ⠹ [K[?25h[?2026l[?2026h[?25l[A[A[1Ggathering model components [K
copying file sha256:8875b53e09efb8221ff4f1c02a167e968d20c6331faa7c7206a5b57aa5316202 100% [K
parsing GGUF ⠸ [K[?25h[?2026l[?2026h[?25l[A[A[1Ggathering model components [K
copying file sha256:8875b53e09efb8221ff4f1c02a167e968d20c6331faa7c7206a5b57aa5316202 100% [K
parsing GGUF ⠼ [K[?25h[?2026l[?2026h[?25l[A[A[1Ggathering model components [K
copying file sha256:8875b53e09efb8221ff4f1c02a167e968d20c6331faa7c7206a5b57aa5316202 100% [K
parsing GGUF ⠴ [K[?25h[?2026l[?2026h[?25l[A[A[1Ggathering model components [K
copying file sha256:8875b53e09efb8221ff4f1c02a167e968d20c6331faa7c7206a5b57aa5316202 100% [K
parsing GGUF ⠦ [K[?25h[?2026l[?2026h[?25l[A[A[1Ggathering model components [K
copying file sha256:8875b53e09efb8221ff4f1c02a167e968d20c6331faa7c7206a5b57aa5316202 100% [K
parsing GGUF ⠧ [K[?25h[?2026l[?2026h[?25l[A[A[1Ggathering model components [K
copying file sha256:8875b53e09efb8221ff4f1c02a167e968d20c6331faa7c7206a5b57aa5316202 100% [K
parsing GGUF ⠇ [K[?25h[?2026l[?2026h[?25l[A[A[1Ggathering model components [K
copying file sha256:8875b53e09efb8221ff4f1c02a167e968d20c6331faa7c7206a5b57aa5316202 100% [K
parsing GGUF ⠏ [K[?25h[?2026l[?2026h[?25l[A[A[1Ggathering model components [K
copying file sha256:8875b53e09efb8221ff4f1c02a167e968d20c6331faa7c7206a5b57aa5316202 100% [K
parsing GGUF ⠋ [K[?25h[?2026l[?2026h[?25l[A[A[1Ggathering model components [K
copying file sha256:8875b53e09efb8221ff4f1c02a167e968d20c6331faa7c7206a5b57aa5316202 100% [K
parsing GGUF ⠙ [K[?25h[?2026l[?2026h[?25l[A[A[1Ggathering model components [K
copying file sha256:8875b53e09efb8221ff4f1c02a167e968d20c6331faa7c7206a5b57aa5316202 100% [K
parsing GGUF ⠹ [K[?25h[?2026l[?2026h[?25l[A[A[1Ggathering model components [K
copying file sha256:8875b53e09efb8221ff4f1c02a167e968d20c6331faa7c7206a5b57aa5316202 100% [K
parsing GGUF ⠸ [K[?25h[?2026l[?2026h[?25l[A[A[1Ggathering model components [K
copying file sha256:8875b53e09efb8221ff4f1c02a167e968d20c6331faa7c7206a5b57aa5316202 100% [K
parsing GGUF ⠼ [K[?25h[?2026l[?2026h[?25l[A[A[1Ggathering model components [K
copying file sha256:8875b53e09efb8221ff4f1c02a167e968d20c6331faa7c7206a5b57aa5316202 100% [K
parsing GGUF [K
verifying conversion ⠋ [K[?25h[?2026l[?2026h[?25l[A[A[A[1Ggathering model components [K
copying file sha256:8875b53e09efb8221ff4f1c02a167e968d20c6331faa7c7206a5b57aa5316202 100% [K
parsing GGUF [K
verifying conversion ⠙ [K[?25h[?2026l[?2026h[?25l[A[A[A[1Ggathering model components [K
copying file sha256:8875b53e09efb8221ff4f1c02a167e968d20c6331faa7c7206a5b57aa5316202 100% [K
parsing GGUF [K
verifying conversion ⠹ [K[?25h[?2026l[?2026h[?25l[A[A[A[1Ggathering model components [K
copying file sha256:8875b53e09efb8221ff4f1c02a167e968d20c6331faa7c7206a5b57aa5316202 100% [K
parsing GGUF [K
verifying conversion ⠸ [K[?25h[?2026l[?2026h[?25l[A[A[A[1Ggathering model components [K
copying file sha256:8875b53e09efb8221ff4f1c02a167e968d20c6331faa7c7206a5b57aa5316202 100% [K
parsing GGUF [K
verifying conversion ⠼ [K[?25h[?2026l[?2026h[?25l[A[A[A[1Ggathering model components [K
copying file sha256:8875b53e09efb8221ff4f1c02a167e968d20c6331faa7c7206a5b57aa5316202 100% [K
parsing GGUF [K
verifying conversion ⠴ [K[?25h[?2026l[?2026h[?25l[A[A[A[1Ggathering model components [K
copying file sha256:8875b53e09efb8221ff4f1c02a167e968d20c6331faa7c7206a5b57aa5316202 100% [K
parsing GGUF [K
verifying conversion ⠦ [K[?25h[?2026l[?2026h[?25l[A[A[A[1Ggathering model components [K
copying file sha256:8875b53e09efb8221ff4f1c02a167e968d20c6331faa7c7206a5b57aa5316202 100% [K
parsing GGUF [K
verifying conversion ⠧ [K[?25h[?2026l[?2026h[?25l[A[A[A[1Ggathering model components [K
copying file sha256:8875b53e09efb8221ff4f1c02a167e968d20c6331faa7c7206a5b57aa5316202 100% [K
parsing GGUF [K
verifying conversion ⠇ [K[?25h[?2026l[?2026h[?25l[A[A[A[1Ggathering model components [K
copying file sha256:8875b53e09efb8221ff4f1c02a167e968d20c6331faa7c7206a5b57aa5316202 100% [K
parsing GGUF [K
verifying conversion ⠏ [K[?25h[?2026l[?2026h[?25l[A[A[A[1Ggathering model components [K
copying file sha256:8875b53e09efb8221ff4f1c02a167e968d20c6331faa7c7206a5b57aa5316202 100% [K
parsing GGUF [K
verifying conversion ⠋ [K[?25h[?2026l[?2026h[?25l[A[A[A[1Ggathering model components [K
copying file sha256:8875b53e09efb8221ff4f1c02a167e968d20c6331faa7c7206a5b57aa5316202 100% [K
parsing GGUF [K
verifying conversion ⠙ [K[?25h[?2026l[?2026h[?25l[A[A[A[1Ggathering model components [K
copying file sha256:8875b53e09efb8221ff4f1c02a167e968d20c6331faa7c7206a5b57aa5316202 100% [K
parsing GGUF [K
verifying conversion ⠹ [K[?25h[?2026l[?2026h[?25l[A[A[A[1Ggathering model components [K
copying file sha256:8875b53e09efb8221ff4f1c02a167e968d20c6331faa7c7206a5b57aa5316202 100% [K
parsing GGUF [K
verifying conversion ⠸ [K[?25h[?2026l[?2026h[?25l[A[A[A[1Ggathering model components [K
copying file sha256:8875b53e09efb8221ff4f1c02a167e968d20c6331faa7c7206a5b57aa5316202 100% [K
parsing GGUF [K
verifying conversion ⠼ [K[?25h[?2026l[?2026h[?25l[A[A[A[1Ggathering model components [K
copying file sha256:8875b53e09efb8221ff4f1c02a167e968d20c6331faa7c7206a5b57aa5316202 100% [K
parsing GGUF [K
verifying conversion ⠴ [K[?25h[?2026l[?2026h[?25l[A[A[A[1Ggathering model components [K
copying file sha256:8875b53e09efb8221ff4f1c02a167e968d20c6331faa7c7206a5b57aa5316202 100% [K
parsing GGUF [K
verifying conversion ⠦ [K[?25h[?2026l[?2026h[?25l[A[A[A[1Ggathering model components [K
copying file sha256:8875b53e09efb8221ff4f1c02a167e968d20c6331faa7c7206a5b57aa5316202 100% [K
parsing GGUF [K
verifying conversion ⠧ [K[?25h[?2026l[?2026h[?25l[A[A[A[1Ggathering model components [K
copying file sha256:8875b53e09efb8221ff4f1c02a167e968d20c6331faa7c7206a5b57aa5316202 100% [K
parsing GGUF [K
verifying conversion ⠇ [K[?25h[?2026l[?2026h[?25l[A[A[A[1Ggathering model components [K
copying file sha256:8875b53e09efb8221ff4f1c02a167e968d20c6331faa7c7206a5b57aa5316202 100% [K
parsing GGUF [K
verifying conversion ⠏ [K[?25h[?2026l[?2026h[?25l[A[A[A[1Ggathering model components [K
copying file sha256:8875b53e09efb8221ff4f1c02a167e968d20c6331faa7c7206a5b57aa5316202 100% [K
parsing GGUF [K
verifying conversion ⠋ [K[?25h[?2026l[?2026h[?25l[A[A[A[1Ggathering model components [K
copying file sha256:8875b53e09efb8221ff4f1c02a167e968d20c6331faa7c7206a5b57aa5316202 100% [K
parsing GGUF [K
verifying conversion ⠙ [K[?25h[?2026l[?2026h[?25l[A[A[A[1Ggathering model components [K
copying file sha256:8875b53e09efb8221ff4f1c02a167e968d20c6331faa7c7206a5b57aa5316202 100% [K
parsing GGUF [K
verifying conversion ⠹ [K[?25h[?2026l[?2026h[?25l[A[A[A[1Ggathering model components [K
copying file sha256:8875b53e09efb8221ff4f1c02a167e968d20c6331faa7c7206a5b57aa5316202 100% [K
parsing GGUF [K
verifying conversion ⠸ [K[?25h[?2026l[?2026h[?25l[A[A[A[1Ggathering model components [K
copying file sha256:8875b53e09efb8221ff4f1c02a167e968d20c6331faa7c7206a5b57aa5316202 100% [K
parsing GGUF [K
verifying conversion ⠼ [K[?25h[?2026l[?2026h[?25l[A[A[A[1Ggathering model components [K
copying file sha256:8875b53e09efb8221ff4f1c02a167e968d20c6331faa7c7206a5b57aa5316202 100% [K
parsing GGUF [K
verifying conversion ⠴ [K[?25h[?2026l[?2026h[?25l[A[A[A[1Ggathering model components [K
copying file sha256:8875b53e09efb8221ff4f1c02a167e968d20c6331faa7c7206a5b57aa5316202 100% [K
parsing GGUF [K
verifying conversion ⠦ [K[?25h[?2026l[?2026h[?25l[A[A[A[1Ggathering model components [K
copying file sha256:8875b53e09efb8221ff4f1c02a167e968d20c6331faa7c7206a5b57aa5316202 100% [K
parsing GGUF [K
verifying conversion ⠧ [K[?25h[?2026l[?2026h[?25l[A[A[A[1Ggathering model components [K
copying file sha256:8875b53e09efb8221ff4f1c02a167e968d20c6331faa7c7206a5b57aa5316202 100% [K
parsing GGUF [K
verifying conversion ⠇ [K[?25h[?2026l[?2026h[?25l[A[A[A[1Ggathering model components [K
copying file sha256:8875b53e09efb8221ff4f1c02a167e968d20c6331faa7c7206a5b57aa5316202 100% [K
parsing GGUF [K
verifying conversion ⠏ [K[?25h[?2026l[?2026h[?25l[A[A[A[1Ggathering model components [K
copying file sha256:8875b53e09efb8221ff4f1c02a167e968d20c6331faa7c7206a5b57aa5316202 100% [K
parsing GGUF [K
verifying conversion ⠋ [K[?25h[?2026l[?2026h[?25l[A[A[A[1Ggathering model components [K
copying file sha256:8875b53e09efb8221ff4f1c02a167e968d20c6331faa7c7206a5b57aa5316202 100% [K
parsing GGUF [K
verifying conversion ⠙ [K[?25h[?2026l[?2026h[?25l[A[A[A[1Ggathering model components [K
copying file sha256:8875b53e09efb8221ff4f1c02a167e968d20c6331faa7c7206a5b57aa5316202 100% [K
parsing GGUF [K
verifying conversion ⠹ [K[?25h[?2026l[?2026h[?25l[A[A[A[1Ggathering model components [K
copying file sha256:8875b53e09efb8221ff4f1c02a167e968d20c6331faa7c7206a5b57aa5316202 100% [K
parsing GGUF [K
verifying conversion ⠸ [K[?25h[?2026l[?2026h[?25l[A[A[A[1Ggathering model components [K
copying file sha256:8875b53e09efb8221ff4f1c02a167e968d20c6331faa7c7206a5b57aa5316202 100% [K
parsing GGUF [K
verifying conversion ⠼ [K[?25h[?2026l[?2026h[?25l[A[A[A[1Ggathering model components [K
copying file sha256:8875b53e09efb8221ff4f1c02a167e968d20c6331faa7c7206a5b57aa5316202 100% [K
parsing GGUF [K
verifying conversion ⠴ [K[?25h[?2026l[?2026h[?25l[A[A[A[1Ggathering model components [K
copying file sha256:8875b53e09efb8221ff4f1c02a167e968d20c6331faa7c7206a5b57aa5316202 100% [K
parsing GGUF [K
verifying conversion ⠦ [K[?25h[?2026l[?2026h[?25l[A[A[A[1Ggathering model components [K
copying file sha256:8875b53e09efb8221ff4f1c02a167e968d20c6331faa7c7206a5b57aa5316202 100% [K
parsing GGUF [K
verifying conversion ⠧ [K[?25h[?2026l[?2026h[?25l[A[A[A[1Ggathering model components [K
copying file sha256:8875b53e09efb8221ff4f1c02a167e968d20c6331faa7c7206a5b57aa5316202 100% [K
parsing GGUF [K
verifying conversion ⠇ [K[?25h[?2026l[?2026h[?25l[A[A[A[1Ggathering model components [K
copying file sha256:8875b53e09efb8221ff4f1c02a167e968d20c6331faa7c7206a5b57aa5316202 100% [K
parsing GGUF [K
verifying conversion ⠏ [K[?25h[?2026l[?2026h[?25l[A[A[A[1Ggathering model components [K
copying file sha256:8875b53e09efb8221ff4f1c02a167e968d20c6331faa7c7206a5b57aa5316202 100% [K
parsing GGUF [K
verifying conversion ⠋ [K[?25h[?2026l[?2026h[?25l[A[A[A[1Ggathering model components [K
copying file sha256:8875b53e09efb8221ff4f1c02a167e968d20c6331faa7c7206a5b57aa5316202 100% [K
parsing GGUF [K
verifying conversion ⠙ [K[?25h[?2026l[?2026h[?25l[A[A[A[1Ggathering model components [K
copying file sha256:8875b53e09efb8221ff4f1c02a167e968d20c6331faa7c7206a5b57aa5316202 100% [K
parsing GGUF [K
verifying conversion ⠹ [K[?25h[?2026l[?2026h[?25l[A[A[A[1Ggathering model components [K
copying file sha256:8875b53e09efb8221ff4f1c02a167e968d20c6331faa7c7206a5b57aa5316202 100% [K
parsing GGUF [K
verifying conversion ⠸ [K[?25h[?2026l[?2026h[?25l[A[A[A[1Ggathering model components [K
copying file sha256:8875b53e09efb8221ff4f1c02a167e968d20c6331faa7c7206a5b57aa5316202 100% [K
parsing GGUF [K
verifying conversion ⠼ [K[?25h[?2026l[?2026h[?25l[A[A[A[1Ggathering model components [K
copying file sha256:8875b53e09efb8221ff4f1c02a167e968d20c6331faa7c7206a5b57aa5316202 100% [K
parsing GGUF [K
verifying conversion ⠴ [K[?25h[?2026l[?2026h[?25l[A[A[A[1Ggathering model components [K
copying file sha256:8875b53e09efb8221ff4f1c02a167e968d20c6331faa7c7206a5b57aa5316202 100% [K
parsing GGUF [K
verifying conversion ⠦ [K[?25h[?2026l[?2026h[?25l[A[A[A[1Ggathering model components [K
copying file sha256:8875b53e09efb8221ff4f1c02a167e968d20c6331faa7c7206a5b57aa5316202 100% [K
parsing GGUF [K
verifying conversion ⠧ [K[?25h[?2026l[?2026h[?25l[A[A[A[1Ggathering model components [K
copying file sha256:8875b53e09efb8221ff4f1c02a167e968d20c6331faa7c7206a5b57aa5316202 100% [K
parsing GGUF [K
verifying conversion ⠇ [K[?25h[?2026l[?2026h[?25l[A[A[A[1Ggathering model components [K
copying file sha256:8875b53e09efb8221ff4f1c02a167e968d20c6331faa7c7206a5b57aa5316202 100% [K
parsing GGUF [K
verifying conversion ⠏ [K[?25h[?2026l[?2026h[?25l[A[A[A[1Ggathering model components [K
copying file sha256:8875b53e09efb8221ff4f1c02a167e968d20c6331faa7c7206a5b57aa5316202 100% [K
parsing GGUF [K
verifying conversion ⠋ [K[?25h[?2026l[?2026h[?25l[A[A[A[1Ggathering model components [K
copying file sha256:8875b53e09efb8221ff4f1c02a167e968d20c6331faa7c7206a5b57aa5316202 100% [K
parsing GGUF [K
verifying conversion ⠙ [K[?25h[?2026l[?2026h[?25l[A[A[A[1Ggathering model components [K
copying file sha256:8875b53e09efb8221ff4f1c02a167e968d20c6331faa7c7206a5b57aa5316202 100% [K
parsing GGUF [K
verifying conversion ⠹ [K[?25h[?2026l[?2026h[?25l[A[A[A[1Ggathering model components [K
copying file sha256:8875b53e09efb8221ff4f1c02a167e968d20c6331faa7c7206a5b57aa5316202 100% [K
parsing GGUF [K
verifying conversion ⠸ [K[?25h[?2026l[?2026h[?25l[A[A[A[1Ggathering model components [K
copying file sha256:8875b53e09efb8221ff4f1c02a167e968d20c6331faa7c7206a5b57aa5316202 100% [K
parsing GGUF [K
verifying conversion ⠼ [K[?25h[?2026l[?2026h[?25l[A[A[A[1Ggathering model components [K
copying file sha256:8875b53e09efb8221ff4f1c02a167e968d20c6331faa7c7206a5b57aa5316202 100% [K
parsing GGUF [K
verifying conversion ⠴ [K[?25h[?2026l[?2026h[?25l[A[A[A[1Ggathering model components [K
copying file sha256:8875b53e09efb8221ff4f1c02a167e968d20c6331faa7c7206a5b57aa5316202 100% [K
parsing GGUF [K
verifying conversion ⠦ [K[?25h[?2026l[?2026h[?25l[A[A[A[1Ggathering model components [K
copying file sha256:8875b53e09efb8221ff4f1c02a167e968d20c6331faa7c7206a5b57aa5316202 100% [K
parsing GGUF [K
verifying conversion ⠧ [K[?25h[?2026l[?2026h[?25l[A[A[A[1Ggathering model components [K
copying file sha256:8875b53e09efb8221ff4f1c02a167e968d20c6331faa7c7206a5b57aa5316202 100% [K
parsing GGUF [K
verifying conversion ⠇ [K[?25h[?2026l[?2026h[?25l[A[A[A[1Ggathering model components [K
copying file sha256:8875b53e09efb8221ff4f1c02a167e968d20c6331faa7c7206a5b57aa5316202 100% [K
parsing GGUF [K
verifying conversion ⠏ [K[?25h[?2026l[?2026h[?25l[A[A[A[1Ggathering model components [K
copying file sha256:8875b53e09efb8221ff4f1c02a167e968d20c6331faa7c7206a5b57aa5316202 100% [K
parsing GGUF [K
verifying conversion ⠋ [K[?25h[?2026l[?2026h[?25l[A[A[A[1Ggathering model components [K
copying file sha256:8875b53e09efb8221ff4f1c02a167e968d20c6331faa7c7206a5b57aa5316202 100% [K
parsing GGUF [K
verifying conversion ⠙ [K[?25h[?2026l[?2026h[?25l[A[A[A[1Ggathering model components [K
copying file sha256:8875b53e09efb8221ff4f1c02a167e968d20c6331faa7c7206a5b57aa5316202 100% [K
parsing GGUF [K
verifying conversion ⠹ [K[?25h[?2026l[?2026h[?25l[A[A[A[1Ggathering model components [K
copying file sha256:8875b53e09efb8221ff4f1c02a167e968d20c6331faa7c7206a5b57aa5316202 100% [K
parsing GGUF [K
verifying conversion ⠸ [K[?25h[?2026l[?2026h[?25l[A[A[A[1Ggathering model components [K
copying file sha256:8875b53e09efb8221ff4f1c02a167e968d20c6331faa7c7206a5b57aa5316202 100% [K
parsing GGUF [K
verifying conversion ⠼ [K[?25h[?2026l[?2026h[?25l[A[A[A[1Ggathering model components [K
copying file sha256:8875b53e09efb8221ff4f1c02a167e968d20c6331faa7c7206a5b57aa5316202 100% [K
parsing GGUF [K
verifying conversion ⠴ [K[?25h[?2026l[?2026h[?25l[A[A[A[1Ggathering model components [K
copying file sha256:8875b53e09efb8221ff4f1c02a167e968d20c6331faa7c7206a5b57aa5316202 100% [K
parsing GGUF [K
verifying conversion ⠦ [K[?25h[?2026l[?2026h[?25l[A[A[A[1Ggathering model components [K
copying file sha256:8875b53e09efb8221ff4f1c02a167e968d20c6331faa7c7206a5b57aa5316202 100% [K
parsing GGUF [K
verifying conversion ⠧ [K[?25h[?2026l[?2026h[?25l[A[A[A[1Ggathering model components [K
copying file sha256:8875b53e09efb8221ff4f1c02a167e968d20c6331faa7c7206a5b57aa5316202 100% [K
parsing GGUF [K
verifying conversion ⠇ [K[?25h[?2026l[?2026h[?25l[A[A[A[1Ggathering model components [K
copying file sha256:8875b53e09efb8221ff4f1c02a167e968d20c6331faa7c7206a5b57aa5316202 100% [K
parsing GGUF [K
verifying conversion ⠏ [K[?25h[?2026l[?2026h[?25l[A[A[A[1Ggathering model components [K
copying file sha256:8875b53e09efb8221ff4f1c02a167e968d20c6331faa7c7206a5b57aa5316202 100% [K
parsing GGUF [K
verifying conversion ⠋ [K[?25h[?2026l[?2026h[?25l[A[A[A[1Ggathering model components [K
copying file sha256:8875b53e09efb8221ff4f1c02a167e968d20c6331faa7c7206a5b57aa5316202 100% [K
parsing GGUF [K
verifying conversion ⠙ [K[?25h[?2026l[?2026h[?25l[A[A[A[1Ggathering model components [K
copying file sha256:8875b53e09efb8221ff4f1c02a167e968d20c6331faa7c7206a5b57aa5316202 100% [K
parsing GGUF [K
verifying conversion ⠹ [K[?25h[?2026l[?2026h[?25l[A[A[A[1Ggathering model components [K
copying file sha256:8875b53e09efb8221ff4f1c02a167e968d20c6331faa7c7206a5b57aa5316202 100% [K
parsing GGUF [K
verifying conversion ⠸ [K[?25h[?2026l[?2026h[?25l[A[A[A[1Ggathering model components [K
copying file sha256:8875b53e09efb8221ff4f1c02a167e968d20c6331faa7c7206a5b57aa5316202 100% [K
parsing GGUF [K
verifying conversion ⠼ [K[?25h[?2026l[?2026h[?25l[A[A[A[1Ggathering model components [K
copying file sha256:8875b53e09efb8221ff4f1c02a167e968d20c6331faa7c7206a5b57aa5316202 100% [K
parsing GGUF [K
verifying conversion ⠴ [K[?25h[?2026l[?2026h[?25l[A[A[A[1Ggathering model components [K
copying file sha256:8875b53e09efb8221ff4f1c02a167e968d20c6331faa7c7206a5b57aa5316202 100% [K
parsing GGUF [K
verifying conversion ⠦ [K[?25h[?2026l[?2026h[?25l[A[A[A[1Ggathering model components [K
copying file sha256:8875b53e09efb8221ff4f1c02a167e968d20c6331faa7c7206a5b57aa5316202 100% [K
parsing GGUF [K
verifying conversion ⠧ [K[?25h[?2026l[?2026h[?25l[A[A[A[1Ggathering model components [K
copying file sha256:8875b53e09efb8221ff4f1c02a167e968d20c6331faa7c7206a5b57aa5316202 100% [K
parsing GGUF [K
verifying conversion ⠇ [K[?25h[?2026l[?2026h[?25l[A[A[A[1Ggathering model components [K
copying file sha256:8875b53e09efb8221ff4f1c02a167e968d20c6331faa7c7206a5b57aa5316202 100% [K
parsing GGUF [K
verifying conversion ⠏ [K[?25h[?2026l[?2026h[?25l[A[A[A[1Ggathering model components [K
copying file sha256:8875b53e09efb8221ff4f1c02a167e968d20c6331faa7c7206a5b57aa5316202 100% [K
parsing GGUF [K
verifying conversion ⠋ [K[?25h[?2026l[?2026h[?25l[A[A[A[1Ggathering model components [K
copying file sha256:8875b53e09efb8221ff4f1c02a167e968d20c6331faa7c7206a5b57aa5316202 100% [K
parsing GGUF [K
verifying conversion ⠙ [K[?25h[?2026l[?2026h[?25l[A[A[A[1Ggathering model components [K
copying file sha256:8875b53e09efb8221ff4f1c02a167e968d20c6331faa7c7206a5b57aa5316202 100% [K
parsing GGUF [K
verifying conversion ⠹ [K[?25h[?2026l[?2026h[?25l[A[A[A[1Ggathering model components [K
copying file sha256:8875b53e09efb8221ff4f1c02a167e968d20c6331faa7c7206a5b57aa5316202 100% [K
parsing GGUF [K
verifying conversion ⠸ [K[?25h[?2026l[?2026h[?25l[A[A[A[1Ggathering model components [K
copying file sha256:8875b53e09efb8221ff4f1c02a167e968d20c6331faa7c7206a5b57aa5316202 100% [K
parsing GGUF [K
verifying conversion ⠼ [K[?25h[?2026l[?2026h[?25l[A[A[A[1Ggathering model components [K
copying file sha256:8875b53e09efb8221ff4f1c02a167e968d20c6331faa7c7206a5b57aa5316202 100% [K
parsing GGUF [K
verifying conversion ⠴ [K[?25h[?2026l[?2026h[?25l[A[A[A[1Ggathering model components [K
copying file sha256:8875b53e09efb8221ff4f1c02a167e968d20c6331faa7c7206a5b57aa5316202 100% [K
parsing GGUF [K
verifying conversion ⠦ [K[?25h[?2026l[?2026h[?25l[A[A[A[1Ggathering model components [K
copying file sha256:8875b53e09efb8221ff4f1c02a167e968d20c6331faa7c7206a5b57aa5316202 100% [K
parsing GGUF [K
verifying conversion ⠧ [K[?25h[?2026l[?2026h[?25l[A[A[A[1Ggathering model components [K
copying file sha256:8875b53e09efb8221ff4f1c02a167e968d20c6331faa7c7206a5b57aa5316202 100% [K
parsing GGUF [K
verifying conversion ⠇ [K[?25h[?2026l[?2026h[?25l[A[A[A[1Ggathering model components [K
copying file sha256:8875b53e09efb8221ff4f1c02a167e968d20c6331faa7c7206a5b57aa5316202 100% [K
parsing GGUF [K
verifying conversion ⠏ [K[?25h[?2026l[?2026h[?25l[A[A[A[1Ggathering model components [K
copying file sha256:8875b53e09efb8221ff4f1c02a167e968d20c6331faa7c7206a5b57aa5316202 100% [K
parsing GGUF [K
verifying conversion ⠋ [K[?25h[?2026l[?2026h[?25l[A[A[A[1Ggathering model components [K
copying file sha256:8875b53e09efb8221ff4f1c02a167e968d20c6331faa7c7206a5b57aa5316202 100% [K
parsing GGUF [K
verifying conversion ⠙ [K[?25h[?2026l[?2026h[?25l[A[A[A[1Ggathering model components [K
copying file sha256:8875b53e09efb8221ff4f1c02a167e968d20c6331faa7c7206a5b57aa5316202 100% [K
parsing GGUF [K
verifying conversion ⠹ [K[?25h[?2026l[?2026h[?25l[A[A[A[1Ggathering model components [K
copying file sha256:8875b53e09efb8221ff4f1c02a167e968d20c6331faa7c7206a5b57aa5316202 100% [K
parsing GGUF [K
verifying conversion ⠸ [K[?25h[?2026l[?2026h[?25l[A[A[A[1Ggathering model components [K
copying file sha256:8875b53e09efb8221ff4f1c02a167e968d20c6331faa7c7206a5b57aa5316202 100% [K
parsing GGUF [K
verifying conversion ⠼ [K[?25h[?2026l[?2026h[?25l[A[A[A[1Ggathering model components [K
copying file sha256:8875b53e09efb8221ff4f1c02a167e968d20c6331faa7c7206a5b57aa5316202 100% [K
parsing GGUF [K
verifying conversion ⠴ [K[?25h[?2026l[?2026h[?25l[A[A[A[1Ggathering model components [K
copying file sha256:8875b53e09efb8221ff4f1c02a167e968d20c6331faa7c7206a5b57aa5316202 100% [K
parsing GGUF [K
verifying conversion ⠦ [K[?25h[?2026l[?2026h[?25l[A[A[A[1Ggathering model components [K
copying file sha256:8875b53e09efb8221ff4f1c02a167e968d20c6331faa7c7206a5b57aa5316202 100% [K
parsing GGUF [K
verifying conversion ⠧ [K[?25h[?2026l[?2026h[?25l[A[A[A[1Ggathering model components [K
copying file sha256:8875b53e09efb8221ff4f1c02a167e968d20c6331faa7c7206a5b57aa5316202 100% [K
parsing GGUF [K
verifying conversion ⠇ [K[?25h[?2026l[?2026h[?25l[A[A[A[1Ggathering model components [K
copying file sha256:8875b53e09efb8221ff4f1c02a167e968d20c6331faa7c7206a5b57aa5316202 100% [K
parsing GGUF [K
verifying conversion ⠏ [K[?25h[?2026l[?2026h[?25l[A[A[A[1Ggathering model components [K
copying file sha256:8875b53e09efb8221ff4f1c02a167e968d20c6331faa7c7206a5b57aa5316202 100% [K
parsing GGUF [K
verifying conversion ⠋ [K[?25h[?2026l[?2026h[?25l[A[A[A[1Ggathering model components [K
copying file sha256:8875b53e09efb8221ff4f1c02a167e968d20c6331faa7c7206a5b57aa5316202 100% [K
parsing GGUF [K
verifying conversion ⠙ [K[?25h[?2026l[?2026h[?25l[A[A[A[1Ggathering model components [K
copying file sha256:8875b53e09efb8221ff4f1c02a167e968d20c6331faa7c7206a5b57aa5316202 100% [K
parsing GGUF [K
verifying conversion ⠹ [K[?25h[?2026l[?2026h[?25l[A[A[A[1Ggathering model components [K
copying file sha256:8875b53e09efb8221ff4f1c02a167e968d20c6331faa7c7206a5b57aa5316202 100% [K
parsing GGUF [K
verifying conversion ⠸ [K[?25h[?2026l[?2026h[?25l[A[A[A[1Ggathering model components [K
copying file sha256:8875b53e09efb8221ff4f1c02a167e968d20c6331faa7c7206a5b57aa5316202 100% [K
parsing GGUF [K
verifying conversion ⠼ [K[?25h[?2026l[?2026h[?25l[A[A[A[1Ggathering model components [K
copying file sha256:8875b53e09efb8221ff4f1c02a167e968d20c6331faa7c7206a5b57aa5316202 100% [K
parsing GGUF [K
verifying conversion ⠴ [K[?25h[?2026l[?2026h[?25l[A[A[A[1Ggathering model components [K
copying file sha256:8875b53e09efb8221ff4f1c02a167e968d20c6331faa7c7206a5b57aa5316202 100% [K
parsing GGUF [K
verifying conversion ⠦ [K[?25h[?2026l[?2026h[?25l[A[A[A[1Ggathering model components [K
copying file sha256:8875b53e09efb8221ff4f1c02a167e968d20c6331faa7c7206a5b57aa5316202 100% [K
parsing GGUF [K
verifying conversion ⠧ [K[?25h[?2026l[?2026h[?25l[A[A[A[1Ggathering model components [K
copying file sha256:8875b53e09efb8221ff4f1c02a167e968d20c6331faa7c7206a5b57aa5316202 100% [K
parsing GGUF [K
verifying conversion ⠇ [K[?25h[?2026l[?2026h[?25l[A[A[A[1Ggathering model components [K
copying file sha256:8875b53e09efb8221ff4f1c02a167e968d20c6331faa7c7206a5b57aa5316202 100% [K
parsing GGUF [K
verifying conversion ⠏ [K[?25h[?2026l[?2026h[?25l[A[A[A[1Ggathering model components [K
copying file sha256:8875b53e09efb8221ff4f1c02a167e968d20c6331faa7c7206a5b57aa5316202 100% [K
parsing GGUF [K
verifying conversion ⠋ [K[?25h[?2026l[?2026h[?25l[A[A[A[1Ggathering model components [K
copying file sha256:8875b53e09efb8221ff4f1c02a167e968d20c6331faa7c7206a5b57aa5316202 100% [K
parsing GGUF [K
verifying conversion ⠙ [K[?25h[?2026l[?2026h[?25l[A[A[A[1Ggathering model components [K
copying file sha256:8875b53e09efb8221ff4f1c02a167e968d20c6331faa7c7206a5b57aa5316202 100% [K
parsing GGUF [K
verifying conversion ⠹ [K[?25h[?2026l[?2026h[?25l[A[A[A[1Ggathering model components [K
copying file sha256:8875b53e09efb8221ff4f1c02a167e968d20c6331faa7c7206a5b57aa5316202 100% [K
parsing GGUF [K
verifying conversion ⠸ [K[?25h[?2026l[?2026h[?25l[A[A[A[1Ggathering model components [K
copying file sha256:8875b53e09efb8221ff4f1c02a167e968d20c6331faa7c7206a5b57aa5316202 100% [K
parsing GGUF [K
verifying conversion ⠼ [K[?25h[?2026l[?2026h[?25l[A[A[A[1Ggathering model components [K
copying file sha256:8875b53e09efb8221ff4f1c02a167e968d20c6331faa7c7206a5b57aa5316202 100% [K
parsing GGUF [K
verifying conversion ⠴ [K[?25h[?2026l[?2026h[?25l[A[A[A[1Ggathering model components [K
copying file sha256:8875b53e09efb8221ff4f1c02a167e968d20c6331faa7c7206a5b57aa5316202 100% [K
parsing GGUF [K
verifying conversion ⠦ [K[?25h[?2026l[?2026h[?25l[A[A[A[1Ggathering model components [K
copying file sha256:8875b53e09efb8221ff4f1c02a167e968d20c6331faa7c7206a5b57aa5316202 100% [K
parsing GGUF [K
verifying conversion ⠧ [K[?25h[?2026l[?2026h[?25l[A[A[A[1Ggathering model components [K
copying file sha256:8875b53e09efb8221ff4f1c02a167e968d20c6331faa7c7206a5b57aa5316202 100% [K
parsing GGUF [K
verifying conversion ⠇ [K[?25h[?2026l[?2026h[?25l[A[A[A[1Ggathering model components [K
copying file sha256:8875b53e09efb8221ff4f1c02a167e968d20c6331faa7c7206a5b57aa5316202 100% [K
parsing GGUF [K
verifying conversion ⠏ [K[?25h[?2026l[?2026h[?25l[A[A[A[1Ggathering model components [K
copying file sha256:8875b53e09efb8221ff4f1c02a167e968d20c6331faa7c7206a5b57aa5316202 100% [K
parsing GGUF [K
verifying conversion ⠋ [K[?25h[?2026l[?2026h[?25l[A[A[A[1Ggathering model components [K
copying file sha256:8875b53e09efb8221ff4f1c02a167e968d20c6331faa7c7206a5b57aa5316202 100% [K
parsing GGUF [K
verifying conversion ⠙ [K[?25h[?2026l[?2026h[?25l[A[A[A[1Ggathering model components [K
copying file sha256:8875b53e09efb8221ff4f1c02a167e968d20c6331faa7c7206a5b57aa5316202 100% [K
parsing GGUF [K
verifying conversion ⠹ [K[?25h[?2026l[?2026h[?25l[A[A[A[1Ggathering model components [K
copying file sha256:8875b53e09efb8221ff4f1c02a167e968d20c6331faa7c7206a5b57aa5316202 100% [K
parsing GGUF [K
verifying conversion ⠸ [K[?25h[?2026l[?2026h[?25l[A[A[A[1Ggathering model components [K
copying file sha256:8875b53e09efb8221ff4f1c02a167e968d20c6331faa7c7206a5b57aa5316202 100% [K
parsing GGUF [K
verifying conversion ⠼ [K[?25h[?2026l[?2026h[?25l[A[A[A[1Ggathering model components [K
copying file sha256:8875b53e09efb8221ff4f1c02a167e968d20c6331faa7c7206a5b57aa5316202 100% [K
parsing GGUF [K
verifying conversion ⠴ [K[?25h[?2026l[?2026h[?25l[A[A[A[1Ggathering model components [K
copying file sha256:8875b53e09efb8221ff4f1c02a167e968d20c6331faa7c7206a5b57aa5316202 100% [K
parsing GGUF [K
verifying conversion ⠦ [K[?25h[?2026l[?2026h[?25l[A[A[A[1Ggathering model components [K
copying file sha256:8875b53e09efb8221ff4f1c02a167e968d20c6331faa7c7206a5b57aa5316202 100% [K
parsing GGUF [K
verifying conversion ⠧ [K[?25h[?2026l[?2026h[?25l[A[A[A[1Ggathering model components [K
copying file sha256:8875b53e09efb8221ff4f1c02a167e968d20c6331faa7c7206a5b57aa5316202 100% [K
parsing GGUF [K
verifying conversion ⠇ [K[?25h[?2026l[?2026h[?25l[A[A[A[1Ggathering model components [K
copying file sha256:8875b53e09efb8221ff4f1c02a167e968d20c6331faa7c7206a5b57aa5316202 100% [K
parsing GGUF [K
verifying conversion ⠏ [K[?25h[?2026l[?2026h[?25l[A[A[A[1Ggathering model components [K
copying file sha256:8875b53e09efb8221ff4f1c02a167e968d20c6331faa7c7206a5b57aa5316202 100% [K
parsing GGUF [K
verifying conversion ⠋ [K[?25h[?2026l[?2026h[?25l[A[A[A[1Ggathering model components [K
copying file sha256:8875b53e09efb8221ff4f1c02a167e968d20c6331faa7c7206a5b57aa5316202 100% [K
parsing GGUF [K
verifying conversion ⠙ [K[?25h[?2026l[?2026h[?25l[A[A[A[1Ggathering model components [K
copying file sha256:8875b53e09efb8221ff4f1c02a167e968d20c6331faa7c7206a5b57aa5316202 100% [K
parsing GGUF [K
verifying conversion ⠹ [K[?25h[?2026l[?2026h[?25l[A[A[A[1Ggathering model components [K
copying file sha256:8875b53e09efb8221ff4f1c02a167e968d20c6331faa7c7206a5b57aa5316202 100% [K
parsing GGUF [K
verifying conversion ⠸ [K[?25h[?2026l[?2026h[?25l[A[A[A[1Ggathering model components [K
copying file sha256:8875b53e09efb8221ff4f1c02a167e968d20c6331faa7c7206a5b57aa5316202 100% [K
parsing GGUF [K
verifying conversion ⠼ [K[?25h[?2026l[?2026h[?25l[A[A[A[1Ggathering model components [K
copying file sha256:8875b53e09efb8221ff4f1c02a167e968d20c6331faa7c7206a5b57aa5316202 100% [K
parsing GGUF [K
verifying conversion ⠴ [K[?25h[?2026l[?2026h[?25l[A[A[A[1Ggathering model components [K
copying file sha256:8875b53e09efb8221ff4f1c02a167e968d20c6331faa7c7206a5b57aa5316202 100% [K
parsing GGUF [K
verifying conversion ⠦ [K[?25h[?2026l[?2026h[?25l[A[A[A[1Ggathering model components [K
copying file sha256:8875b53e09efb8221ff4f1c02a167e968d20c6331faa7c7206a5b57aa5316202 100% [K
parsing GGUF [K
verifying conversion ⠧ [K[?25h[?2026l[?2026h[?25l[A[A[A[1Ggathering model components [K
copying file sha256:8875b53e09efb8221ff4f1c02a167e968d20c6331faa7c7206a5b57aa5316202 100% [K
parsing GGUF [K
verifying conversion ⠇ [K[?25h[?2026l[?2026h[?25l[A[A[A[1Ggathering model components [K
copying file sha256:8875b53e09efb8221ff4f1c02a167e968d20c6331faa7c7206a5b57aa5316202 100% [K
parsing GGUF [K
verifying conversion ⠏ [K[?25h[?2026l[?2026h[?25l[A[A[A[1Ggathering model components [K
copying file sha256:8875b53e09efb8221ff4f1c02a167e968d20c6331faa7c7206a5b57aa5316202 100% [K
parsing GGUF [K
verifying conversion ⠋ [K[?25h[?2026l[?2026h[?25l[A[A[A[1Ggathering model components [K
copying file sha256:8875b53e09efb8221ff4f1c02a167e968d20c6331faa7c7206a5b57aa5316202 100% [K
parsing GGUF [K
verifying conversion ⠙ [K[?25h[?2026l[?2026h[?25l[A[A[A[1Ggathering model components [K
copying file sha256:8875b53e09efb8221ff4f1c02a167e968d20c6331faa7c7206a5b57aa5316202 100% [K
parsing GGUF [K
verifying conversion ⠹ [K[?25h[?2026l[?2026h[?25l[A[A[A[1Ggathering model components [K
copying file sha256:8875b53e09efb8221ff4f1c02a167e968d20c6331faa7c7206a5b57aa5316202 100% [K
parsing GGUF [K
verifying conversion ⠸ [K[?25h[?2026l[?2026h[?25l[A[A[A[1Ggathering model components [K
copying file sha256:8875b53e09efb8221ff4f1c02a167e968d20c6331faa7c7206a5b57aa5316202 100% [K
parsing GGUF [K
verifying conversion ⠼ [K[?25h[?2026l[?2026h[?25l[A[A[A[1Ggathering model components [K
copying file sha256:8875b53e09efb8221ff4f1c02a167e968d20c6331faa7c7206a5b57aa5316202 100% [K
parsing GGUF [K
verifying conversion ⠴ [K[?25h[?2026l[?2026h[?25l[A[A[A[1Ggathering model components [K
copying file sha256:8875b53e09efb8221ff4f1c02a167e968d20c6331faa7c7206a5b57aa5316202 100% [K
parsing GGUF [K
verifying conversion ⠦ [K[?25h[?2026l[?2026h[?25l[A[A[A[1Ggathering model components [K
copying file sha256:8875b53e09efb8221ff4f1c02a167e968d20c6331faa7c7206a5b57aa5316202 100% [K
parsing GGUF [K
verifying conversion ⠧ [K[?25h[?2026l[?2026h[?25l[A[A[A[1Ggathering model components [K
copying file sha256:8875b53e09efb8221ff4f1c02a167e968d20c6331faa7c7206a5b57aa5316202 100% [K
parsing GGUF [K
verifying conversion ⠇ [K[?25h[?2026l[?2026h[?25l[A[A[A[1Ggathering model components [K
copying file sha256:8875b53e09efb8221ff4f1c02a167e968d20c6331faa7c7206a5b57aa5316202 100% [K
parsing GGUF [K
verifying conversion ⠏ [K[?25h[?2026l[?2026h[?25l[A[A[A[1Ggathering model components [K
copying file sha256:8875b53e09efb8221ff4f1c02a167e968d20c6331faa7c7206a5b57aa5316202 100% [K
parsing GGUF [K
verifying conversion ⠋ [K[?25h[?2026l[?2026h[?25l[A[A[A[1Ggathering model components [K
copying file sha256:8875b53e09efb8221ff4f1c02a167e968d20c6331faa7c7206a5b57aa5316202 100% [K
parsing GGUF [K
verifying conversion ⠙ [K[?25h[?2026l[?2026h[?25l[A[A[A[1Ggathering model components [K
copying file sha256:8875b53e09efb8221ff4f1c02a167e968d20c6331faa7c7206a5b57aa5316202 100% [K
parsing GGUF [K
verifying conversion ⠹ [K[?25h[?2026l[?2026h[?25l[A[A[A[1Ggathering model components [K
copying file sha256:8875b53e09efb8221ff4f1c02a167e968d20c6331faa7c7206a5b57aa5316202 100% [K
parsing GGUF [K
verifying conversion ⠸ [K[?25h[?2026l[?2026h[?25l[A[A[A[1Ggathering model components [K
copying file sha256:8875b53e09efb8221ff4f1c02a167e968d20c6331faa7c7206a5b57aa5316202 100% [K
parsing GGUF [K
verifying conversion ⠼ [K[?25h[?2026l[?2026h[?25l[A[A[A[1Ggathering model components [K
copying file sha256:8875b53e09efb8221ff4f1c02a167e968d20c6331faa7c7206a5b57aa5316202 100% [K
parsing GGUF [K
verifying conversion ⠴ [K[?25h[?2026l[?2026h[?25l[A[A[A[1Ggathering model components [K
copying file sha256:8875b53e09efb8221ff4f1c02a167e968d20c6331faa7c7206a5b57aa5316202 100% [K
parsing GGUF [K
verifying conversion ⠦ [K[?25h[?2026l[?2026h[?25l[A[A[A[1Ggathering model components [K
copying file sha256:8875b53e09efb8221ff4f1c02a167e968d20c6331faa7c7206a5b57aa5316202 100% [K
parsing GGUF [K
verifying conversion ⠧ [K[?25h[?2026l[?2026h[?25l[A[A[A[1Ggathering model components [K
copying file sha256:8875b53e09efb8221ff4f1c02a167e968d20c6331faa7c7206a5b57aa5316202 100% [K
parsing GGUF [K
verifying conversion ⠇ [K[?25h[?2026l[?2026h[?25l[A[A[A[1Ggathering model components [K
copying file sha256:8875b53e09efb8221ff4f1c02a167e968d20c6331faa7c7206a5b57aa5316202 100% [K
parsing GGUF [K
verifying conversion ⠏ [K[?25h[?2026l[?2026h[?25l[A[A[A[1Ggathering model components [K
copying file sha256:8875b53e09efb8221ff4f1c02a167e968d20c6331faa7c7206a5b57aa5316202 100% [K
parsing GGUF [K
verifying conversion ⠋ [K[?25h[?2026l[?2026h[?25l[A[A[A[1Ggathering model components [K
copying file sha256:8875b53e09efb8221ff4f1c02a167e968d20c6331faa7c7206a5b57aa5316202 100% [K
parsing GGUF [K
verifying conversion ⠙ [K[?25h[?2026l[?2026h[?25l[A[A[A[1Ggathering model components [K
copying file sha256:8875b53e09efb8221ff4f1c02a167e968d20c6331faa7c7206a5b57aa5316202 100% [K
parsing GGUF [K
verifying conversion ⠹ [K[?25h[?2026l[?2026h[?25l[A[A[A[1Ggathering model components [K
copying file sha256:8875b53e09efb8221ff4f1c02a167e968d20c6331faa7c7206a5b57aa5316202 100% [K
parsing GGUF [K
verifying conversion ⠸ [K[?25h[?2026l[?2026h[?25l[A[A[A[1Ggathering model components [K
copying file sha256:8875b53e09efb8221ff4f1c02a167e968d20c6331faa7c7206a5b57aa5316202 100% [K
parsing GGUF [K
verifying conversion ⠼ [K[?25h[?2026l[?2026h[?25l[A[A[A[1Ggathering model components [K
copying file sha256:8875b53e09efb8221ff4f1c02a167e968d20c6331faa7c7206a5b57aa5316202 100% [K
parsing GGUF [K
verifying conversion ⠴ [K[?25h[?2026l[?2026h[?25l[A[A[A[1Ggathering model components [K
copying file sha256:8875b53e09efb8221ff4f1c02a167e968d20c6331faa7c7206a5b57aa5316202 100% [K
parsing GGUF [K
verifying conversion ⠦ [K[?25h[?2026l[?2026h[?25l[A[A[A[1Ggathering model components [K
copying file sha256:8875b53e09efb8221ff4f1c02a167e968d20c6331faa7c7206a5b57aa5316202 100% [K
parsing GGUF [K
verifying conversion ⠧ [K[?25h[?2026l[?2026h[?25l[A[A[A[1Ggathering model components [K
copying file sha256:8875b53e09efb8221ff4f1c02a167e968d20c6331faa7c7206a5b57aa5316202 100% [K
parsing GGUF [K
verifying conversion ⠇ [K[?25h[?2026l[?2026h[?25l[A[A[A[1Ggathering model components [K
copying file sha256:8875b53e09efb8221ff4f1c02a167e968d20c6331faa7c7206a5b57aa5316202 100% [K
parsing GGUF [K
verifying conversion ⠏ [K[?25h[?2026l[?2026h[?25l[A[A[A[1Ggathering model components [K
copying file sha256:8875b53e09efb8221ff4f1c02a167e968d20c6331faa7c7206a5b57aa5316202 100% [K
parsing GGUF [K
verifying conversion ⠋ [K[?25h[?2026l[?2026h[?25l[A[A[A[1Ggathering model components [K
copying file sha256:8875b53e09efb8221ff4f1c02a167e968d20c6331faa7c7206a5b57aa5316202 100% [K
parsing GGUF [K
verifying conversion ⠙ [K[?25h[?2026l[?2026h[?25l[A[A[A[1Ggathering model components [K
copying file sha256:8875b53e09efb8221ff4f1c02a167e968d20c6331faa7c7206a5b57aa5316202 100% [K
parsing GGUF [K
verifying conversion ⠹ [K[?25h[?2026l[?2026h[?25l[A[A[A[1Ggathering model components [K
copying file sha256:8875b53e09efb8221ff4f1c02a167e968d20c6331faa7c7206a5b57aa5316202 100% [K
parsing GGUF [K
verifying conversion ⠸ [K[?25h[?2026l[?2026h[?25l[A[A[A[1Ggathering model components [K
copying file sha256:8875b53e09efb8221ff4f1c02a167e968d20c6331faa7c7206a5b57aa5316202 100% [K
parsing GGUF [K
verifying conversion ⠼ [K[?25h[?2026l[?2026h[?25l[A[A[A[1Ggathering model components [K
copying file sha256:8875b53e09efb8221ff4f1c02a167e968d20c6331faa7c7206a5b57aa5316202 100% [K
parsing GGUF [K
verifying conversion ⠴ [K[?25h[?2026l[?2026h[?25l[A[A[A[1Ggathering model components [K
copying file sha256:8875b53e09efb8221ff4f1c02a167e968d20c6331faa7c7206a5b57aa5316202 100% [K
parsing GGUF [K
verifying conversion ⠦ [K[?25h[?2026l[?2026h[?25l[A[A[A[1Ggathering model components [K
copying file sha256:8875b53e09efb8221ff4f1c02a167e968d20c6331faa7c7206a5b57aa5316202 100% [K
parsing GGUF [K
verifying conversion ⠧ [K[?25h[?2026l[?2026h[?25l[A[A[A[1Ggathering model components [K
copying file sha256:8875b53e09efb8221ff4f1c02a167e968d20c6331faa7c7206a5b57aa5316202 100% [K
parsing GGUF [K
verifying conversion ⠇ [K[?25h[?2026l[?2026h[?25l[A[A[A[1Ggathering model components [K
copying file sha256:8875b53e09efb8221ff4f1c02a167e968d20c6331faa7c7206a5b57aa5316202 100% [K
parsing GGUF [K
verifying conversion ⠏ [K[?25h[?2026l[?2026h[?25l[A[A[A[1Ggathering model components [K
copying file sha256:8875b53e09efb8221ff4f1c02a167e968d20c6331faa7c7206a5b57aa5316202 100% [K
parsing GGUF [K
verifying conversion ⠋ [K[?25h[?2026l[?2026h[?25l[A[A[A[1Ggathering model components [K
copying file sha256:8875b53e09efb8221ff4f1c02a167e968d20c6331faa7c7206a5b57aa5316202 100% [K
parsing GGUF [K
verifying conversion ⠙ [K[?25h[?2026l[?2026h[?25l[A[A[A[1Ggathering model components [K
copying file sha256:8875b53e09efb8221ff4f1c02a167e968d20c6331faa7c7206a5b57aa5316202 100% [K
parsing GGUF [K
verifying conversion ⠹ [K[?25h[?2026l[?2026h[?25l[A[A[A[1Ggathering model components [K
copying file sha256:8875b53e09efb8221ff4f1c02a167e968d20c6331faa7c7206a5b57aa5316202 100% [K
parsing GGUF [K
verifying conversion ⠸ [K[?25h[?2026l[?2026h[?25l[A[A[A[1Ggathering model components [K
copying file sha256:8875b53e09efb8221ff4f1c02a167e968d20c6331faa7c7206a5b57aa5316202 100% [K
parsing GGUF [K
verifying conversion ⠼ [K[?25h[?2026l[?2026h[?25l[A[A[A[1Ggathering model components [K
copying file sha256:8875b53e09efb8221ff4f1c02a167e968d20c6331faa7c7206a5b57aa5316202 100% [K
parsing GGUF [K
verifying conversion ⠴ [K[?25h[?2026l[?2026h[?25l[A[A[A[1Ggathering model components [K
copying file sha256:8875b53e09efb8221ff4f1c02a167e968d20c6331faa7c7206a5b57aa5316202 100% [K
parsing GGUF [K
verifying conversion ⠦ [K[?25h[?2026l[?2026h[?25l[A[A[A[1Ggathering model components [K
copying file sha256:8875b53e09efb8221ff4f1c02a167e968d20c6331faa7c7206a5b57aa5316202 100% [K
parsing GGUF [K
verifying conversion ⠧ [K[?25h[?2026l[?2026h[?25l[A[A[A[1Ggathering model components [K
copying file sha256:8875b53e09efb8221ff4f1c02a167e968d20c6331faa7c7206a5b57aa5316202 100% [K
parsing GGUF [K
verifying conversion ⠇ [K[?25h[?2026l[?2026h[?25l[A[A[A[1Ggathering model components [K
copying file sha256:8875b53e09efb8221ff4f1c02a167e968d20c6331faa7c7206a5b57aa5316202 100% [K
parsing GGUF [K
verifying conversion ⠏ [K[?25h[?2026l[?2026h[?25l[A[A[A[1Ggathering model components [K
copying file sha256:8875b53e09efb8221ff4f1c02a167e968d20c6331faa7c7206a5b57aa5316202 100% [K
parsing GGUF [K
verifying conversion ⠋ [K[?25h[?2026l[?2026h[?25l[A[A[A[1Ggathering model components [K
copying file sha256:8875b53e09efb8221ff4f1c02a167e968d20c6331faa7c7206a5b57aa5316202 100% [K
parsing GGUF [K
verifying conversion ⠙ [K[?25h[?2026l[?2026h[?25l[A[A[A[1Ggathering model components [K
copying file sha256:8875b53e09efb8221ff4f1c02a167e968d20c6331faa7c7206a5b57aa5316202 100% [K
parsing GGUF [K
verifying conversion ⠹ [K[?25h[?2026l[?2026h[?25l[A[A[A[1Ggathering model components [K
copying file sha256:8875b53e09efb8221ff4f1c02a167e968d20c6331faa7c7206a5b57aa5316202 100% [K
parsing GGUF [K
verifying conversion ⠸ [K[?25h[?2026l[?2026h[?25l[A[A[A[1Ggathering model components [K
copying file sha256:8875b53e09efb8221ff4f1c02a167e968d20c6331faa7c7206a5b57aa5316202 100% [K
parsing GGUF [K
verifying conversion ⠼ [K[?25h[?2026l[?2026h[?25l[A[A[A[1Ggathering model components [K
copying file sha256:8875b53e09efb8221ff4f1c02a167e968d20c6331faa7c7206a5b57aa5316202 100% [K
parsing GGUF [K
verifying conversion ⠴ [K[?25h[?2026l[?2026h[?25l[A[A[A[1Ggathering model components [K
copying file sha256:8875b53e09efb8221ff4f1c02a167e968d20c6331faa7c7206a5b57aa5316202 100% [K
parsing GGUF [K
verifying conversion ⠦ [K[?25h[?2026l[?2026h[?25l[A[A[A[1Ggathering model components [K
copying file sha256:8875b53e09efb8221ff4f1c02a167e968d20c6331faa7c7206a5b57aa5316202 100% [K
parsing GGUF [K
verifying conversion ⠧ [K[?25h[?2026l[?2026h[?25l[A[A[A[1Ggathering model components [K
copying file sha256:8875b53e09efb8221ff4f1c02a167e968d20c6331faa7c7206a5b57aa5316202 100% [K
parsing GGUF [K
verifying conversion ⠇ [K[?25h[?2026l[?2026h[?25l[A[A[A[1Ggathering model components [K
copying file sha256:8875b53e09efb8221ff4f1c02a167e968d20c6331faa7c7206a5b57aa5316202 100% [K
parsing GGUF [K
verifying conversion ⠏ [K[?25h[?2026l[?2026h[?25l[A[A[A[1Ggathering model components [K
copying file sha256:8875b53e09efb8221ff4f1c02a167e968d20c6331faa7c7206a5b57aa5316202 100% [K
parsing GGUF [K
verifying conversion ⠋ [K[?25h[?2026l[?2026h[?25l[A[A[A[1Ggathering model components [K
copying file sha256:8875b53e09efb8221ff4f1c02a167e968d20c6331faa7c7206a5b57aa5316202 100% [K
parsing GGUF [K
verifying conversion ⠙ [K[?25h[?2026l[?2026h[?25l[A[A[A[1Ggathering model components [K
copying file sha256:8875b53e09efb8221ff4f1c02a167e968d20c6331faa7c7206a5b57aa5316202 100% [K
parsing GGUF [K
verifying conversion ⠹ [K[?25h[?2026l[?2026h[?25l[A[A[A[1Ggathering model components [K
copying file sha256:8875b53e09efb8221ff4f1c02a167e968d20c6331faa7c7206a5b57aa5316202 100% [K
parsing GGUF [K
verifying conversion ⠸ [K[?25h[?2026l[?2026h[?25l[A[A[A[1Ggathering model components [K
copying file sha256:8875b53e09efb8221ff4f1c02a167e968d20c6331faa7c7206a5b57aa5316202 100% [K
parsing GGUF [K
verifying conversion ⠼ [K[?25h[?2026l[?2026h[?25l[A[A[A[1Ggathering model components [K
copying file sha256:8875b53e09efb8221ff4f1c02a167e968d20c6331faa7c7206a5b57aa5316202 100% [K
parsing GGUF [K
verifying conversion ⠴ [K[?25h[?2026l[?2026h[?25l[A[A[A[1Ggathering model components [K
copying file sha256:8875b53e09efb8221ff4f1c02a167e968d20c6331faa7c7206a5b57aa5316202 100% [K
parsing GGUF [K
verifying conversion ⠦ [K[?25h[?2026l[?2026h[?25l[A[A[A[1Ggathering model components [K
copying file sha256:8875b53e09efb8221ff4f1c02a167e968d20c6331faa7c7206a5b57aa5316202 100% [K
parsing GGUF [K
verifying conversion ⠧ [K[?25h[?2026l[?2026h[?25l[A[A[A[1Ggathering model components [K
copying file sha256:8875b53e09efb8221ff4f1c02a167e968d20c6331faa7c7206a5b57aa5316202 100% [K
parsing GGUF [K
verifying conversion ⠇ [K[?25h[?2026l[?2026h[?25l[A[A[A[1Ggathering model components [K
copying file sha256:8875b53e09efb8221ff4f1c02a167e968d20c6331faa7c7206a5b57aa5316202 100% [K
parsing GGUF [K
verifying conversion ⠏ [K[?25h[?2026l[?2026h[?25l[A[A[A[1Ggathering model components [K
copying file sha256:8875b53e09efb8221ff4f1c02a167e968d20c6331faa7c7206a5b57aa5316202 100% [K
parsing GGUF [K
verifying conversion ⠋ [K[?25h[?2026l[?2026h[?25l[A[A[A[1Ggathering model components [K
copying file sha256:8875b53e09efb8221ff4f1c02a167e968d20c6331faa7c7206a5b57aa5316202 100% [K
parsing GGUF [K
verifying conversion ⠙ [K[?25h[?2026l[?2026h[?25l[A[A[A[1Ggathering model components [K
copying file sha256:8875b53e09efb8221ff4f1c02a167e968d20c6331faa7c7206a5b57aa5316202 100% [K
parsing GGUF [K
verifying conversion ⠹ [K[?25h[?2026l[?2026h[?25l[A[A[A[1Ggathering model components [K
copying file sha256:8875b53e09efb8221ff4f1c02a167e968d20c6331faa7c7206a5b57aa5316202 100% [K
parsing GGUF [K
verifying conversion ⠸ [K[?25h[?2026l[?2026h[?25l[A[A[A[1Ggathering model components [K
copying file sha256:8875b53e09efb8221ff4f1c02a167e968d20c6331faa7c7206a5b57aa5316202 100% [K
parsing GGUF [K
verifying conversion ⠼ [K[?25h[?2026l[?2026h[?25l[A[A[A[1Ggathering model components [K
copying file sha256:8875b53e09efb8221ff4f1c02a167e968d20c6331faa7c7206a5b57aa5316202 100% [K
parsing GGUF [K
verifying conversion ⠴ [K[?25h[?2026l[?2026h[?25l[A[A[A[1Ggathering model components [K
copying file sha256:8875b53e09efb8221ff4f1c02a167e968d20c6331faa7c7206a5b57aa5316202 100% [K
parsing GGUF [K
verifying conversion ⠦ [K[?25h[?2026l[?2026h[?25l[A[A[A[1Ggathering model components [K
copying file sha256:8875b53e09efb8221ff4f1c02a167e968d20c6331faa7c7206a5b57aa5316202 100% [K
parsing GGUF [K
verifying conversion ⠧ [K[?25h[?2026l[?2026h[?25l[A[A[A[1Ggathering model components [K
copying file sha256:8875b53e09efb8221ff4f1c02a167e968d20c6331faa7c7206a5b57aa5316202 100% [K
parsing GGUF [K
verifying conversion ⠇ [K[?25h[?2026l[?2026h[?25l[A[A[A[1Ggathering model components [K
copying file sha256:8875b53e09efb8221ff4f1c02a167e968d20c6331faa7c7206a5b57aa5316202 100% [K
parsing GGUF [K
verifying conversion ⠏ [K[?25h[?2026l[?2026h[?25l[A[A[A[1Ggathering model components [K
copying file sha256:8875b53e09efb8221ff4f1c02a167e968d20c6331faa7c7206a5b57aa5316202 100% [K
parsing GGUF [K
verifying conversion ⠋ [K[?25h[?2026l[?2026h[?25l[A[A[A[1Ggathering model components [K
copying file sha256:8875b53e09efb8221ff4f1c02a167e968d20c6331faa7c7206a5b57aa5316202 100% [K
parsing GGUF [K
verifying conversion ⠙ [K[?25h[?2026l[?2026h[?25l[A[A[A[1Ggathering model components [K
copying file sha256:8875b53e09efb8221ff4f1c02a167e968d20c6331faa7c7206a5b57aa5316202 100% [K
parsing GGUF [K
verifying conversion ⠹ [K[?25h[?2026l[?2026h[?25l[A[A[A[1Ggathering model components [K
copying file sha256:8875b53e09efb8221ff4f1c02a167e968d20c6331faa7c7206a5b57aa5316202 100% [K
parsing GGUF [K
verifying conversion ⠸ [K[?25h[?2026l[?2026h[?25l[A[A[A[1Ggathering model components [K
copying file sha256:8875b53e09efb8221ff4f1c02a167e968d20c6331faa7c7206a5b57aa5316202 100% [K
parsing GGUF [K
verifying conversion ⠼ [K[?25h[?2026l[?2026h[?25l[A[A[A[1Ggathering model components [K
copying file sha256:8875b53e09efb8221ff4f1c02a167e968d20c6331faa7c7206a5b57aa5316202 100% [K
parsing GGUF [K
verifying conversion ⠴ [K[?25h[?2026l[?2026h[?25l[A[A[A[1Ggathering model components [K
copying file sha256:8875b53e09efb8221ff4f1c02a167e968d20c6331faa7c7206a5b57aa5316202 100% [K
parsing GGUF [K
verifying conversion ⠦ [K[?25h[?2026l[?2026h[?25l[A[A[A[1Ggathering model components [K
copying file sha256:8875b53e09efb8221ff4f1c02a167e968d20c6331faa7c7206a5b57aa5316202 100% [K
parsing GGUF [K
verifying conversion ⠧ [K[?25h[?2026l[?2026h[?25l[A[A[A[1Ggathering model components [K
copying file sha256:8875b53e09efb8221ff4f1c02a167e968d20c6331faa7c7206a5b57aa5316202 100% [K
parsing GGUF [K
verifying conversion ⠇ [K[?25h[?2026l[?2026h[?25l[A[A[A[1Ggathering model components [K
copying file sha256:8875b53e09efb8221ff4f1c02a167e968d20c6331faa7c7206a5b57aa5316202 100% [K
parsing GGUF [K
verifying conversion ⠏ [K[?25h[?2026l[?2026h[?25l[A[A[A[1Ggathering model components [K
copying file sha256:8875b53e09efb8221ff4f1c02a167e968d20c6331faa7c7206a5b57aa5316202 100% [K
parsing GGUF [K
verifying conversion ⠋ [K[?25h[?2026l[?2026h[?25l[A[A[A[1Ggathering model components [K
copying file sha256:8875b53e09efb8221ff4f1c02a167e968d20c6331faa7c7206a5b57aa5316202 100% [K
parsing GGUF [K
verifying conversion ⠙ [K[?25h[?2026l[?2026h[?25l[A[A[A[1Ggathering model components [K
copying file sha256:8875b53e09efb8221ff4f1c02a167e968d20c6331faa7c7206a5b57aa5316202 100% [K
parsing GGUF [K
verifying conversion ⠹ [K[?25h[?2026l[?2026h[?25l[A[A[A[1Ggathering model components [K
copying file sha256:8875b53e09efb8221ff4f1c02a167e968d20c6331faa7c7206a5b57aa5316202 100% [K
parsing GGUF [K
verifying conversion ⠸ [K[?25h[?2026l[?2026h[?25l[A[A[A[1Ggathering model components [K
copying file sha256:8875b53e09efb8221ff4f1c02a167e968d20c6331faa7c7206a5b57aa5316202 100% [K
parsing GGUF [K
verifying conversion ⠼ [K[?25h[?2026l[?2026h[?25l[A[A[A[1Ggathering model components [K
copying file sha256:8875b53e09efb8221ff4f1c02a167e968d20c6331faa7c7206a5b57aa5316202 100% [K
parsing GGUF [K
verifying conversion ⠴ [K[?25h[?2026l[?2026h[?25l[A[A[A[1Ggathering model components [K
copying file sha256:8875b53e09efb8221ff4f1c02a167e968d20c6331faa7c7206a5b57aa5316202 100% [K
parsing GGUF [K
verifying conversion ⠦ [K[?25h[?2026l[?2026h[?25l[A[A[A[1Ggathering model components [K
copying file sha256:8875b53e09efb8221ff4f1c02a167e968d20c6331faa7c7206a5b57aa5316202 100% [K
parsing GGUF [K
verifying conversion ⠧ [K[?25h[?2026l[?2026h[?25l[A[A[A[1Ggathering model components [K
copying file sha256:8875b53e09efb8221ff4f1c02a167e968d20c6331faa7c7206a5b57aa5316202 100% [K
parsing GGUF [K
verifying conversion ⠇ [K[?25h[?2026l[?2026h[?25l[A[A[A[1Ggathering model components [K
copying file sha256:8875b53e09efb8221ff4f1c02a167e968d20c6331faa7c7206a5b57aa5316202 100% [K
parsing GGUF [K
verifying conversion ⠏ [K[?25h[?2026l[?2026h[?25l[A[A[A[1Ggathering model components [K
copying file sha256:8875b53e09efb8221ff4f1c02a167e968d20c6331faa7c7206a5b57aa5316202 100% [K
parsing GGUF [K
verifying conversion ⠋ [K[?25h[?2026l[?2026h[?25l[A[A[A[1Ggathering model components [K
copying file sha256:8875b53e09efb8221ff4f1c02a167e968d20c6331faa7c7206a5b57aa5316202 100% [K
parsing GGUF [K
verifying conversion ⠙ [K[?25h[?2026l[?2026h[?25l[A[A[A[1Ggathering model components [K
copying file sha256:8875b53e09efb8221ff4f1c02a167e968d20c6331faa7c7206a5b57aa5316202 100% [K
parsing GGUF [K
verifying conversion ⠹ [K[?25h[?2026l[?2026h[?25l[A[A[A[1Ggathering model components [K
copying file sha256:8875b53e09efb8221ff4f1c02a167e968d20c6331faa7c7206a5b57aa5316202 100% [K
parsing GGUF [K
verifying conversion ⠸ [K[?25h[?2026l[?2026h[?25l[A[A[A[1Ggathering model components [K
copying file sha256:8875b53e09efb8221ff4f1c02a167e968d20c6331faa7c7206a5b57aa5316202 100% [K
parsing GGUF [K
verifying conversion ⠼ [K[?25h[?2026l[?2026h[?25l[A[A[A[1Ggathering model components [K
copying file sha256:8875b53e09efb8221ff4f1c02a167e968d20c6331faa7c7206a5b57aa5316202 100% [K
parsing GGUF [K
verifying conversion ⠴ [K[?25h[?2026l[?2026h[?25l[A[A[A[1Ggathering model components [K
copying file sha256:8875b53e09efb8221ff4f1c02a167e968d20c6331faa7c7206a5b57aa5316202 100% [K
parsing GGUF [K
verifying conversion ⠦ [K[?25h[?2026l[?2026h[?25l[A[A[A[1Ggathering model components [K
copying file sha256:8875b53e09efb8221ff4f1c02a167e968d20c6331faa7c7206a5b57aa5316202 100% [K
parsing GGUF [K
verifying conversion ⠧ [K[?25h[?2026l[?2026h[?25l[A[A[A[1Ggathering model components [K
copying file sha256:8875b53e09efb8221ff4f1c02a167e968d20c6331faa7c7206a5b57aa5316202 100% [K
parsing GGUF [K
verifying conversion ⠇ [K[?25h[?2026l[?2026h[?25l[A[A[A[1Ggathering model components [K
copying file sha256:8875b53e09efb8221ff4f1c02a167e968d20c6331faa7c7206a5b57aa5316202 100% [K
parsing GGUF [K
verifying conversion ⠏ [K[?25h[?2026l[?2026h[?25l[A[A[A[1Ggathering model components [K
copying file sha256:8875b53e09efb8221ff4f1c02a167e968d20c6331faa7c7206a5b57aa5316202 100% [K
parsing GGUF [K
verifying conversion ⠋ [K[?25h[?2026l[?2026h[?25l[A[A[A[1Ggathering model components [K
copying file sha256:8875b53e09efb8221ff4f1c02a167e968d20c6331faa7c7206a5b57aa5316202 100% [K
parsing GGUF [K
verifying conversion ⠙ [K[?25h[?2026l[?2026h[?25l[A[A[A[1Ggathering model components [K
copying file sha256:8875b53e09efb8221ff4f1c02a167e968d20c6331faa7c7206a5b57aa5316202 100% [K
parsing GGUF [K
verifying conversion ⠹ [K[?25h[?2026l[?2026h[?25l[A[A[A[1Ggathering model components [K
copying file sha256:8875b53e09efb8221ff4f1c02a167e968d20c6331faa7c7206a5b57aa5316202 100% [K
parsing GGUF [K
verifying conversion ⠸ [K[?25h[?2026l[?2026h[?25l[A[A[A[1Ggathering model components [K
copying file sha256:8875b53e09efb8221ff4f1c02a167e968d20c6331faa7c7206a5b57aa5316202 100% [K
parsing GGUF [K
verifying conversion ⠼ [K[?25h[?2026l[?2026h[?25l[A[A[A[1Ggathering model components [K
copying file sha256:8875b53e09efb8221ff4f1c02a167e968d20c6331faa7c7206a5b57aa5316202 100% [K
parsing GGUF [K
verifying conversion ⠴ [K[?25h[?2026l[?2026h[?25l[A[A[A[1Ggathering model components [K
copying file sha256:8875b53e09efb8221ff4f1c02a167e968d20c6331faa7c7206a5b57aa5316202 100% [K
parsing GGUF [K
verifying conversion ⠦ [K[?25h[?2026l[?2026h[?25l[A[A[A[1Ggathering model components [K
copying file sha256:8875b53e09efb8221ff4f1c02a167e968d20c6331faa7c7206a5b57aa5316202 100% [K
parsing GGUF [K
verifying conversion ⠧ [K[?25h[?2026l[?2026h[?25l[A[A[A[1Ggathering model components [K
copying file sha256:8875b53e09efb8221ff4f1c02a167e968d20c6331faa7c7206a5b57aa5316202 100% [K
parsing GGUF [K
verifying conversion ⠇ [K[?25h[?2026l[?2026h[?25l[A[A[A[1Ggathering model components [K
copying file sha256:8875b53e09efb8221ff4f1c02a167e968d20c6331faa7c7206a5b57aa5316202 100% [K
parsing GGUF [K
verifying conversion ⠏ [K[?25h[?2026l[?2026h[?25l[A[A[A[1Ggathering model components [K
copying file sha256:8875b53e09efb8221ff4f1c02a167e968d20c6331faa7c7206a5b57aa5316202 100% [K
parsing GGUF [K
verifying conversion ⠋ [K[?25h[?2026l[?2026h[?25l[A[A[A[1Ggathering model components [K
copying file sha256:8875b53e09efb8221ff4f1c02a167e968d20c6331faa7c7206a5b57aa5316202 100% [K
parsing GGUF [K
verifying conversion ⠙ [K[?25h[?2026l[?2026h[?25l[A[A[A[1Ggathering model components [K
copying file sha256:8875b53e09efb8221ff4f1c02a167e968d20c6331faa7c7206a5b57aa5316202 100% [K
parsing GGUF [K
verifying conversion ⠹ [K[?25h[?2026l[?2026h[?25l[A[A[A[1Ggathering model components [K
copying file sha256:8875b53e09efb8221ff4f1c02a167e968d20c6331faa7c7206a5b57aa5316202 100% [K
parsing GGUF [K
verifying conversion ⠸ [K[?25h[?2026l[?2026h[?25l[A[A[A[1Ggathering model components [K
copying file sha256:8875b53e09efb8221ff4f1c02a167e968d20c6331faa7c7206a5b57aa5316202 100% [K
parsing GGUF [K
verifying conversion ⠼ [K[?25h[?2026l[?2026h[?25l[A[A[A[1Ggathering model components [K
copying file sha256:8875b53e09efb8221ff4f1c02a167e968d20c6331faa7c7206a5b57aa5316202 100% [K
parsing GGUF [K
verifying conversion ⠴ [K[?25h[?2026l[?2026h[?25l[A[A[A[1Ggathering model components [K
copying file sha256:8875b53e09efb8221ff4f1c02a167e968d20c6331faa7c7206a5b57aa5316202 100% [K
parsing GGUF [K
verifying conversion ⠦ [K[?25h[?2026l[?2026h[?25l[A[A[A[1Ggathering model components [K
copying file sha256:8875b53e09efb8221ff4f1c02a167e968d20c6331faa7c7206a5b57aa5316202 100% [K
parsing GGUF [K
verifying conversion ⠧ [K[?25h[?2026l[?2026h[?25l[A[A[A[1Ggathering model components [K
copying file sha256:8875b53e09efb8221ff4f1c02a167e968d20c6331faa7c7206a5b57aa5316202 100% [K
parsing GGUF [K
verifying conversion ⠇ [K[?25h[?2026l[?2026h[?25l[A[A[A[1Ggathering model components [K
copying file sha256:8875b53e09efb8221ff4f1c02a167e968d20c6331faa7c7206a5b57aa5316202 100% [K
parsing GGUF [K
verifying conversion ⠏ [K[?25h[?2026l[?2026h[?25l[A[A[A[1Ggathering model components [K
copying file sha256:8875b53e09efb8221ff4f1c02a167e968d20c6331faa7c7206a5b57aa5316202 100% [K
parsing GGUF [K
verifying conversion ⠋ [K[?25h[?2026l[?2026h[?25l[A[A[A[1Ggathering model components [K
copying file sha256:8875b53e09efb8221ff4f1c02a167e968d20c6331faa7c7206a5b57aa5316202 100% [K
parsing GGUF [K
verifying conversion ⠙ [K[?25h[?2026l[?2026h[?25l[A[A[A[1Ggathering model components [K
copying file sha256:8875b53e09efb8221ff4f1c02a167e968d20c6331faa7c7206a5b57aa5316202 100% [K
parsing GGUF [K
verifying conversion ⠹ [K[?25h[?2026l[?2026h[?25l[A[A[A[1Ggathering model components [K
copying file sha256:8875b53e09efb8221ff4f1c02a167e968d20c6331faa7c7206a5b57aa5316202 100% [K
parsing GGUF [K
verifying conversion ⠸ [K[?25h[?2026l[?2026h[?25l[A[A[A[1Ggathering model components [K
copying file sha256:8875b53e09efb8221ff4f1c02a167e968d20c6331faa7c7206a5b57aa5316202 100% [K
parsing GGUF [K
verifying conversion ⠼ [K[?25h[?2026l[?2026h[?25l[A[A[A[1Ggathering model components [K
copying file sha256:8875b53e09efb8221ff4f1c02a167e968d20c6331faa7c7206a5b57aa5316202 100% [K
parsing GGUF [K
verifying conversion ⠴ [K[?25h[?2026l[?2026h[?25l[A[A[A[1Ggathering model components [K
copying file sha256:8875b53e09efb8221ff4f1c02a167e968d20c6331faa7c7206a5b57aa5316202 100% [K
parsing GGUF [K
verifying conversion ⠦ [K[?25h[?2026l[?2026h[?25l[A[A[A[1Ggathering model components [K
copying file sha256:8875b53e09efb8221ff4f1c02a167e968d20c6331faa7c7206a5b57aa5316202 100% [K
parsing GGUF [K
verifying conversion ⠧ [K[?25h[?2026l[?2026h[?25l[A[A[A[1Ggathering model components [K
copying file sha256:8875b53e09efb8221ff4f1c02a167e968d20c6331faa7c7206a5b57aa5316202 100% [K
parsing GGUF [K
verifying conversion ⠇ [K[?25h[?2026l[?2026h[?25l[A[A[A[1Ggathering model components [K
copying file sha256:8875b53e09efb8221ff4f1c02a167e968d20c6331faa7c7206a5b57aa5316202 100% [K
parsing GGUF [K
verifying conversion ⠏ [K[?25h[?2026l[?2026h[?25l[A[A[A[1Ggathering model components [K
copying file sha256:8875b53e09efb8221ff4f1c02a167e968d20c6331faa7c7206a5b57aa5316202 100% [K
parsing GGUF [K
verifying conversion ⠋ [K[?25h[?2026l[?2026h[?25l[A[A[A[1Ggathering model components [K
copying file sha256:8875b53e09efb8221ff4f1c02a167e968d20c6331faa7c7206a5b57aa5316202 100% [K
parsing GGUF [K
verifying conversion ⠙ [K[?25h[?2026l[?2026h[?25l[A[A[A[1Ggathering model components [K
copying file sha256:8875b53e09efb8221ff4f1c02a167e968d20c6331faa7c7206a5b57aa5316202 100% [K
parsing GGUF [K
verifying conversion ⠹ [K[?25h[?2026l[?2026h[?25l[A[A[A[1Ggathering model components [K
copying file sha256:8875b53e09efb8221ff4f1c02a167e968d20c6331faa7c7206a5b57aa5316202 100% [K
parsing GGUF [K
verifying conversion ⠸ [K[?25h[?2026l[?2026h[?25l[A[A[A[1Ggathering model components [K
copying file sha256:8875b53e09efb8221ff4f1c02a167e968d20c6331faa7c7206a5b57aa5316202 100% [K
parsing GGUF [K
verifying conversion ⠼ [K[?25h[?2026l[?2026h[?25l[A[A[A[1Ggathering model components [K
copying file sha256:8875b53e09efb8221ff4f1c02a167e968d20c6331faa7c7206a5b57aa5316202 100% [K
parsing GGUF [K
verifying conversion ⠴ [K[?25h[?2026l[?2026h[?25l[A[A[A[1Ggathering model components [K
copying file sha256:8875b53e09efb8221ff4f1c02a167e968d20c6331faa7c7206a5b57aa5316202 100% [K
parsing GGUF [K
verifying conversion ⠦ [K[?25h[?2026l[?2026h[?25l[A[A[A[1Ggathering model components [K
copying file sha256:8875b53e09efb8221ff4f1c02a167e968d20c6331faa7c7206a5b57aa5316202 100% [K
parsing GGUF [K
verifying conversion ⠧ [K[?25h[?2026l[?2026h[?25l[A[A[A[1Ggathering model components [K
copying file sha256:8875b53e09efb8221ff4f1c02a167e968d20c6331faa7c7206a5b57aa5316202 100% [K
parsing GGUF [K
verifying conversion ⠇ [K[?25h[?2026l[?2026h[?25l[A[A[A[1Ggathering model components [K
copying file sha256:8875b53e09efb8221ff4f1c02a167e968d20c6331faa7c7206a5b57aa5316202 100% [K
parsing GGUF [K
verifying conversion ⠏ [K[?25h[?2026l[?2026h[?25l[A[A[A[1Ggathering model components [K
copying file sha256:8875b53e09efb8221ff4f1c02a167e968d20c6331faa7c7206a5b57aa5316202 100% [K
parsing GGUF [K
verifying conversion ⠋ [K[?25h[?2026l[?2026h[?25l[A[A[A[1Ggathering model components [K
copying file sha256:8875b53e09efb8221ff4f1c02a167e968d20c6331faa7c7206a5b57aa5316202 100% [K
parsing GGUF [K
verifying conversion ⠙ [K[?25h[?2026l[?2026h[?25l[A[A[A[1Ggathering model components [K
copying file sha256:8875b53e09efb8221ff4f1c02a167e968d20c6331faa7c7206a5b57aa5316202 100% [K
parsing GGUF [K
verifying conversion ⠹ [K[?25h[?2026l[?2026h[?25l[A[A[A[1Ggathering model components [K
copying file sha256:8875b53e09efb8221ff4f1c02a167e968d20c6331faa7c7206a5b57aa5316202 100% [K
parsing GGUF [K
verifying conversion ⠸ [K[?25h[?2026l[?2026h[?25l[A[A[A[1Ggathering model components [K
copying file sha256:8875b53e09efb8221ff4f1c02a167e968d20c6331faa7c7206a5b57aa5316202 100% [K
parsing GGUF [K
verifying conversion ⠼ [K[?25h[?2026l[?2026h[?25l[A[A[A[1Ggathering model components [K
copying file sha256:8875b53e09efb8221ff4f1c02a167e968d20c6331faa7c7206a5b57aa5316202 100% [K
parsing GGUF [K
verifying conversion ⠴ [K[?25h[?2026l[?2026h[?25l[A[A[A[1Ggathering model components [K
copying file sha256:8875b53e09efb8221ff4f1c02a167e968d20c6331faa7c7206a5b57aa5316202 100% [K
parsing GGUF [K
verifying conversion ⠦ [K[?25h[?2026l[?2026h[?25l[A[A[A[1Ggathering model components [K
copying file sha256:8875b53e09efb8221ff4f1c02a167e968d20c6331faa7c7206a5b57aa5316202 100% [K
parsing GGUF [K
verifying conversion ⠧ [K[?25h[?2026l[?2026h[?25l[A[A[A[1Ggathering model components [K
copying file sha256:8875b53e09efb8221ff4f1c02a167e968d20c6331faa7c7206a5b57aa5316202 100% [K
parsing GGUF [K
verifying conversion ⠇ [K[?25h[?2026l[?2026h[?25l[A[A[A[1Ggathering model components [K
copying file sha256:8875b53e09efb8221ff4f1c02a167e968d20c6331faa7c7206a5b57aa5316202 100% [K
parsing GGUF [K
verifying conversion ⠏ [K[?25h[?2026l[?2026h[?25l[A[A[A[1Ggathering model components [K
copying file sha256:8875b53e09efb8221ff4f1c02a167e968d20c6331faa7c7206a5b57aa5316202 100% [K
parsing GGUF [K
verifying conversion ⠋ [K[?25h[?2026l[?2026h[?25l[A[A[A[1Ggathering model components [K
copying file sha256:8875b53e09efb8221ff4f1c02a167e968d20c6331faa7c7206a5b57aa5316202 100% [K
parsing GGUF [K
verifying conversion ⠙ [K[?25h[?2026l[?2026h[?25l[A[A[A[1Ggathering model components [K
copying file sha256:8875b53e09efb8221ff4f1c02a167e968d20c6331faa7c7206a5b57aa5316202 100% [K
parsing GGUF [K
verifying conversion ⠹ [K[?25h[?2026l[?2026h[?25l[A[A[A[1Ggathering model components [K
copying file sha256:8875b53e09efb8221ff4f1c02a167e968d20c6331faa7c7206a5b57aa5316202 100% [K
parsing GGUF [K
verifying conversion ⠸ [K[?25h[?2026l[?2026h[?25l[A[A[A[1Ggathering model components [K
copying file sha256:8875b53e09efb8221ff4f1c02a167e968d20c6331faa7c7206a5b57aa5316202 100% [K
parsing GGUF [K
verifying conversion ⠼ [K[?25h[?2026l[?2026h[?25l[A[A[A[1Ggathering model components [K
copying file sha256:8875b53e09efb8221ff4f1c02a167e968d20c6331faa7c7206a5b57aa5316202 100% [K
parsing GGUF [K
verifying conversion ⠴ [K[?25h[?2026l[?2026h[?25l[A[A[A[1Ggathering model components [K
copying file sha256:8875b53e09efb8221ff4f1c02a167e968d20c6331faa7c7206a5b57aa5316202 100% [K
parsing GGUF [K
verifying conversion ⠦ [K[?25h[?2026l[?2026h[?25l[A[A[A[1Ggathering model components [K
copying file sha256:8875b53e09efb8221ff4f1c02a167e968d20c6331faa7c7206a5b57aa5316202 100% [K
parsing GGUF [K
verifying conversion ⠧ [K[?25h[?2026l[?2026h[?25l[A[A[A[1Ggathering model components [K
copying file sha256:8875b53e09efb8221ff4f1c02a167e968d20c6331faa7c7206a5b57aa5316202 100% [K
parsing GGUF [K
verifying conversion ⠇ [K[?25h[?2026l[?2026h[?25l[A[A[A[1Ggathering model components [K
copying file sha256:8875b53e09efb8221ff4f1c02a167e968d20c6331faa7c7206a5b57aa5316202 100% [K
parsing GGUF [K
verifying conversion ⠏ [K[?25h[?2026l[?2026h[?25l[A[A[A[1Ggathering model components [K
copying file sha256:8875b53e09efb8221ff4f1c02a167e968d20c6331faa7c7206a5b57aa5316202 100% [K
parsing GGUF [K
verifying conversion ⠋ [K[?25h[?2026l[?2026h[?25l[A[A[A[1Ggathering model components [K
copying file sha256:8875b53e09efb8221ff4f1c02a167e968d20c6331faa7c7206a5b57aa5316202 100% [K
parsing GGUF [K
verifying conversion ⠙ [K[?25h[?2026l[?2026h[?25l[A[A[A[1Ggathering model components [K
copying file sha256:8875b53e09efb8221ff4f1c02a167e968d20c6331faa7c7206a5b57aa5316202 100% [K
parsing GGUF [K
verifying conversion ⠹ [K[?25h[?2026l[?2026h[?25l[A[A[A[1Ggathering model components [K
copying file sha256:8875b53e09efb8221ff4f1c02a167e968d20c6331faa7c7206a5b57aa5316202 100% [K
parsing GGUF [K
verifying conversion ⠸ [K[?25h[?2026l[?2026h[?25l[A[A[A[1Ggathering model components [K
copying file sha256:8875b53e09efb8221ff4f1c02a167e968d20c6331faa7c7206a5b57aa5316202 100% [K
parsing GGUF [K
verifying conversion ⠼ [K[?25h[?2026l[?2026h[?25l[A[A[A[1Ggathering model components [K
copying file sha256:8875b53e09efb8221ff4f1c02a167e968d20c6331faa7c7206a5b57aa5316202 100% [K
parsing GGUF [K
verifying conversion ⠴ [K[?25h[?2026l[?2026h[?25l[A[A[A[1Ggathering model components [K
copying file sha256:8875b53e09efb8221ff4f1c02a167e968d20c6331faa7c7206a5b57aa5316202 100% [K
parsing GGUF [K
verifying conversion ⠦ [K[?25h[?2026l[?2026h[?25l[A[A[A[1Ggathering model components [K
copying file sha256:8875b53e09efb8221ff4f1c02a167e968d20c6331faa7c7206a5b57aa5316202 100% [K
parsing GGUF [K
verifying conversion ⠧ [K[?25h[?2026l[?2026h[?25l[A[A[A[1Ggathering model components [K
copying file sha256:8875b53e09efb8221ff4f1c02a167e968d20c6331faa7c7206a5b57aa5316202 100% [K
parsing GGUF [K
verifying conversion ⠇ [K[?25h[?2026l[?2026h[?25l[A[A[A[1Ggathering model components [K
copying file sha256:8875b53e09efb8221ff4f1c02a167e968d20c6331faa7c7206a5b57aa5316202 100% [K
parsing GGUF [K
verifying conversion ⠏ [K[?25h[?2026l[?2026h[?25l[A[A[A[1Ggathering model components [K
copying file sha256:8875b53e09efb8221ff4f1c02a167e968d20c6331faa7c7206a5b57aa5316202 100% [K
parsing GGUF [K
verifying conversion ⠋ [K[?25h[?2026l[?2026h[?25l[A[A[A[1Ggathering model components [K
copying file sha256:8875b53e09efb8221ff4f1c02a167e968d20c6331faa7c7206a5b57aa5316202 100% [K
parsing GGUF [K
verifying conversion ⠙ [K[?25h[?2026l[?2026h[?25l[A[A[A[1Ggathering model components [K
copying file sha256:8875b53e09efb8221ff4f1c02a167e968d20c6331faa7c7206a5b57aa5316202 100% [K
parsing GGUF [K
verifying conversion ⠹ [K[?25h[?2026l[?2026h[?25l[A[A[A[1Ggathering model components [K
copying file sha256:8875b53e09efb8221ff4f1c02a167e968d20c6331faa7c7206a5b57aa5316202 100% [K
parsing GGUF [K
verifying conversion ⠸ [K[?25h[?2026l[?2026h[?25l[A[A[A[1Ggathering model components [K
copying file sha256:8875b53e09efb8221ff4f1c02a167e968d20c6331faa7c7206a5b57aa5316202 100% [K
parsing GGUF [K
verifying conversion ⠼ [K[?25h[?2026l[?2026h[?25l[A[A[A[1Ggathering model components [K
copying file sha256:8875b53e09efb8221ff4f1c02a167e968d20c6331faa7c7206a5b57aa5316202 100% [K
parsing GGUF [K
verifying conversion ⠴ [K[?25h[?2026l[?2026h[?25l[A[A[A[1Ggathering model components [K
copying file sha256:8875b53e09efb8221ff4f1c02a167e968d20c6331faa7c7206a5b57aa5316202 100% [K
parsing GGUF [K
verifying conversion ⠦ [K[?25h[?2026l[?2026h[?25l[A[A[A[1Ggathering model components [K
copying file sha256:8875b53e09efb8221ff4f1c02a167e968d20c6331faa7c7206a5b57aa5316202 100% [K
parsing GGUF [K
verifying conversion ⠧ [K[?25h[?2026l[?2026h[?25l[A[A[A[1Ggathering model components [K
copying file sha256:8875b53e09efb8221ff4f1c02a167e968d20c6331faa7c7206a5b57aa5316202 100% [K
parsing GGUF [K
verifying conversion ⠇ [K[?25h[?2026l[?2026h[?25l[A[A[A[1Ggathering model components [K
copying file sha256:8875b53e09efb8221ff4f1c02a167e968d20c6331faa7c7206a5b57aa5316202 100% [K
parsing GGUF [K
verifying conversion ⠏ [K[?25h[?2026l[?2026h[?25l[A[A[A[1Ggathering model components [K
copying file sha256:8875b53e09efb8221ff4f1c02a167e968d20c6331faa7c7206a5b57aa5316202 100% [K
parsing GGUF [K
verifying conversion ⠋ [K[?25h[?2026l[?2026h[?25l[A[A[A[1Ggathering model components [K
copying file sha256:8875b53e09efb8221ff4f1c02a167e968d20c6331faa7c7206a5b57aa5316202 100% [K
parsing GGUF [K
verifying conversion ⠙ [K[?25h[?2026l[?2026h[?25l[A[A[A[1Ggathering model components [K
copying file sha256:8875b53e09efb8221ff4f1c02a167e968d20c6331faa7c7206a5b57aa5316202 100% [K
parsing GGUF [K
verifying conversion ⠹ [K[?25h[?2026l[?2026h[?25l[A[A[A[1Ggathering model components [K
copying file sha256:8875b53e09efb8221ff4f1c02a167e968d20c6331faa7c7206a5b57aa5316202 100% [K
parsing GGUF [K
verifying conversion ⠸ [K[?25h[?2026l[?2026h[?25l[A[A[A[1Ggathering model components [K
copying file sha256:8875b53e09efb8221ff4f1c02a167e968d20c6331faa7c7206a5b57aa5316202 100% [K
parsing GGUF [K
verifying conversion ⠼ [K[?25h[?2026l[?2026h[?25l[A[A[A[1Ggathering model components [K
copying file sha256:8875b53e09efb8221ff4f1c02a167e968d20c6331faa7c7206a5b57aa5316202 100% [K
parsing GGUF [K
verifying conversion ⠴ [K[?25h[?2026l[?2026h[?25l[A[A[A[1Ggathering model components [K
copying file sha256:8875b53e09efb8221ff4f1c02a167e968d20c6331faa7c7206a5b57aa5316202 100% [K
parsing GGUF [K
verifying conversion ⠦ [K[?25h[?2026l[?2026h[?25l[A[A[A[1Ggathering model components [K
copying file sha256:8875b53e09efb8221ff4f1c02a167e968d20c6331faa7c7206a5b57aa5316202 100% [K
parsing GGUF [K
verifying conversion ⠧ [K[?25h[?2026l[?2026h[?25l[A[A[A[1Ggathering model components [K
copying file sha256:8875b53e09efb8221ff4f1c02a167e968d20c6331faa7c7206a5b57aa5316202 100% [K
parsing GGUF [K
verifying conversion ⠇ [K[?25h[?2026l[?2026h[?25l[A[A[A[1Ggathering model components [K
copying file sha256:8875b53e09efb8221ff4f1c02a167e968d20c6331faa7c7206a5b57aa5316202 100% [K
parsing GGUF [K
verifying conversion ⠏ [K[?25h[?2026l[?2026h[?25l[A[A[A[1Ggathering model components [K
copying file sha256:8875b53e09efb8221ff4f1c02a167e968d20c6331faa7c7206a5b57aa5316202 100% [K
parsing GGUF [K
verifying conversion ⠋ [K[?25h[?2026l[?2026h[?25l[A[A[A[1Ggathering model components [K
copying file sha256:8875b53e09efb8221ff4f1c02a167e968d20c6331faa7c7206a5b57aa5316202 100% [K
parsing GGUF [K
verifying conversion ⠙ [K[?25h[?2026l[?2026h[?25l[A[A[A[1Ggathering model components [K
copying file sha256:8875b53e09efb8221ff4f1c02a167e968d20c6331faa7c7206a5b57aa5316202 100% [K
parsing GGUF [K
verifying conversion ⠹ [K[?25h[?2026l[?2026h[?25l[A[A[A[1Ggathering model components [K
copying file sha256:8875b53e09efb8221ff4f1c02a167e968d20c6331faa7c7206a5b57aa5316202 100% [K
parsing GGUF [K
verifying conversion ⠸ [K[?25h[?2026l[?2026h[?25l[A[A[A[1Ggathering model components [K
copying file sha256:8875b53e09efb8221ff4f1c02a167e968d20c6331faa7c7206a5b57aa5316202 100% [K
parsing GGUF [K
verifying conversion ⠼ [K[?25h[?2026l[?2026h[?25l[A[A[A[1Ggathering model components [K
copying file sha256:8875b53e09efb8221ff4f1c02a167e968d20c6331faa7c7206a5b57aa5316202 100% [K
parsing GGUF [K
verifying conversion ⠴ [K[?25h[?2026l[?2026h[?25l[A[A[A[1Ggathering model components [K
copying file sha256:8875b53e09efb8221ff4f1c02a167e968d20c6331faa7c7206a5b57aa5316202 100% [K
parsing GGUF [K
verifying conversion ⠦ [K[?25h[?2026l[?2026h[?25l[A[A[A[1Ggathering model components [K
copying file sha256:8875b53e09efb8221ff4f1c02a167e968d20c6331faa7c7206a5b57aa5316202 100% [K
parsing GGUF [K
verifying conversion ⠧ [K[?25h[?2026l[?2026h[?25l[A[A[A[1Ggathering model components [K
copying file sha256:8875b53e09efb8221ff4f1c02a167e968d20c6331faa7c7206a5b57aa5316202 100% [K
parsing GGUF [K
verifying conversion ⠇ [K[?25h[?2026l[?2026h[?25l[A[A[A[1Ggathering model components [K
copying file sha256:8875b53e09efb8221ff4f1c02a167e968d20c6331faa7c7206a5b57aa5316202 100% [K
parsing GGUF [K
verifying conversion ⠏ [K[?25h[?2026l[?2026h[?25l[A[A[A[1Ggathering model components [K
copying file sha256:8875b53e09efb8221ff4f1c02a167e968d20c6331faa7c7206a5b57aa5316202 100% [K
parsing GGUF [K
verifying conversion ⠋ [K[?25h[?2026l[?2026h[?25l[A[A[A[1Ggathering model components [K
copying file sha256:8875b53e09efb8221ff4f1c02a167e968d20c6331faa7c7206a5b57aa5316202 100% [K
parsing GGUF [K
verifying conversion ⠙ [K[?25h[?2026l[?2026h[?25l[A[A[A[1Ggathering model components [K
copying file sha256:8875b53e09efb8221ff4f1c02a167e968d20c6331faa7c7206a5b57aa5316202 100% [K
parsing GGUF [K
verifying conversion ⠹ [K[?25h[?2026l[?2026h[?25l[A[A[A[1Ggathering model components [K
copying file sha256:8875b53e09efb8221ff4f1c02a167e968d20c6331faa7c7206a5b57aa5316202 100% [K
parsing GGUF [K
verifying conversion ⠸ [K[?25h[?2026l[?2026h[?25l[A[A[A[1Ggathering model components [K
copying file sha256:8875b53e09efb8221ff4f1c02a167e968d20c6331faa7c7206a5b57aa5316202 100% [K
parsing GGUF [K
verifying conversion ⠼ [K[?25h[?2026l[?2026h[?25l[A[A[A[1Ggathering model components [K
copying file sha256:8875b53e09efb8221ff4f1c02a167e968d20c6331faa7c7206a5b57aa5316202 100% [K
parsing GGUF [K
verifying conversion ⠴ [K[?25h[?2026l[?2026h[?25l[A[A[A[1Ggathering model components [K
copying file sha256:8875b53e09efb8221ff4f1c02a167e968d20c6331faa7c7206a5b57aa5316202 100% [K
parsing GGUF [K
verifying conversion ⠦ [K[?25h[?2026l[?2026h[?25l[A[A[A[1Ggathering model components [K
copying file sha256:8875b53e09efb8221ff4f1c02a167e968d20c6331faa7c7206a5b57aa5316202 100% [K
parsing GGUF [K
verifying conversion ⠧ [K[?25h[?2026l[?2026h[?25l[A[A[A[1Ggathering model components [K
copying file sha256:8875b53e09efb8221ff4f1c02a167e968d20c6331faa7c7206a5b57aa5316202 100% [K
parsing GGUF [K
verifying conversion ⠇ [K[?25h[?2026l[?2026h[?25l[A[A[A[1Ggathering model components [K
copying file sha256:8875b53e09efb8221ff4f1c02a167e968d20c6331faa7c7206a5b57aa5316202 100% [K
parsing GGUF [K
verifying conversion ⠏ [K[?25h[?2026l[?2026h[?25l[A[A[A[1Ggathering model components [K
copying file sha256:8875b53e09efb8221ff4f1c02a167e968d20c6331faa7c7206a5b57aa5316202 100% [K
parsing GGUF [K
verifying conversion ⠋ [K[?25h[?2026l[?2026h[?25l[A[A[A[1Ggathering model components [K
copying file sha256:8875b53e09efb8221ff4f1c02a167e968d20c6331faa7c7206a5b57aa5316202 100% [K
parsing GGUF [K
verifying conversion ⠙ [K[?25h[?2026l[?2026h[?25l[A[A[A[1Ggathering model components [K
copying file sha256:8875b53e09efb8221ff4f1c02a167e968d20c6331faa7c7206a5b57aa5316202 100% [K
parsing GGUF [K
verifying conversion ⠹ [K[?25h[?2026l[?2026h[?25l[A[A[A[1Ggathering model components [K
copying file sha256:8875b53e09efb8221ff4f1c02a167e968d20c6331faa7c7206a5b57aa5316202 100% [K
parsing GGUF [K
verifying conversion ⠸ [K[?25h[?2026l[?2026h[?25l[A[A[A[1Ggathering model components [K
copying file sha256:8875b53e09efb8221ff4f1c02a167e968d20c6331faa7c7206a5b57aa5316202 100% [K
parsing GGUF [K
verifying conversion ⠼ [K[?25h[?2026l[?2026h[?25l[A[A[A[1Ggathering model components [K
copying file sha256:8875b53e09efb8221ff4f1c02a167e968d20c6331faa7c7206a5b57aa5316202 100% [K
parsing GGUF [K
verifying conversion ⠴ [K[?25h[?2026l[?2026h[?25l[A[A[A[1Ggathering model components [K
copying file sha256:8875b53e09efb8221ff4f1c02a167e968d20c6331faa7c7206a5b57aa5316202 100% [K
parsing GGUF [K
verifying conversion ⠦ [K[?25h[?2026l[?2026h[?25l[A[A[A[1Ggathering model components [K
copying file sha256:8875b53e09efb8221ff4f1c02a167e968d20c6331faa7c7206a5b57aa5316202 100% [K
parsing GGUF [K
verifying conversion ⠧ [K[?25h[?2026l[?2026h[?25l[A[A[A[1Ggathering model components [K
copying file sha256:8875b53e09efb8221ff4f1c02a167e968d20c6331faa7c7206a5b57aa5316202 100% [K
parsing GGUF [K
verifying conversion ⠇ [K[?25h[?2026l[?2026h[?25l[A[A[A[1Ggathering model components [K
copying file sha256:8875b53e09efb8221ff4f1c02a167e968d20c6331faa7c7206a5b57aa5316202 100% [K
parsing GGUF [K
verifying conversion ⠏ [K[?25h[?2026l[?2026h[?25l[A[A[A[1Ggathering model components [K
copying file sha256:8875b53e09efb8221ff4f1c02a167e968d20c6331faa7c7206a5b57aa5316202 100% [K
parsing GGUF [K
verifying conversion ⠋ [K[?25h[?2026l[?2026h[?25l[A[A[A[1Ggathering model components [K
copying file sha256:8875b53e09efb8221ff4f1c02a167e968d20c6331faa7c7206a5b57aa5316202 100% [K
parsing GGUF [K
verifying conversion ⠙ [K[?25h[?2026l[?2026h[?25l[A[A[A[1Ggathering model components [K
copying file sha256:8875b53e09efb8221ff4f1c02a167e968d20c6331faa7c7206a5b57aa5316202 100% [K
parsing GGUF [K
verifying conversion ⠹ [K[?25h[?2026l[?2026h[?25l[A[A[A[1Ggathering model components [K
copying file sha256:8875b53e09efb8221ff4f1c02a167e968d20c6331faa7c7206a5b57aa5316202 100% [K
parsing GGUF [K
verifying conversion ⠸ [K[?25h[?2026l[?2026h[?25l[A[A[A[1Ggathering model components [K
copying file sha256:8875b53e09efb8221ff4f1c02a167e968d20c6331faa7c7206a5b57aa5316202 100% [K
parsing GGUF [K
verifying conversion ⠼ [K[?25h[?2026l[?2026h[?25l[A[A[A[1Ggathering model components [K
copying file sha256:8875b53e09efb8221ff4f1c02a167e968d20c6331faa7c7206a5b57aa5316202 100% [K
parsing GGUF [K
verifying conversion ⠴ [K[?25h[?2026l[?2026h[?25l[A[A[A[1Ggathering model components [K
copying file sha256:8875b53e09efb8221ff4f1c02a167e968d20c6331faa7c7206a5b57aa5316202 100% [K
parsing GGUF [K
verifying conversion ⠦ [K[?25h[?2026l[?2026h[?25l[A[A[A[1Ggathering model components [K
copying file sha256:8875b53e09efb8221ff4f1c02a167e968d20c6331faa7c7206a5b57aa5316202 100% [K
parsing GGUF [K
verifying conversion ⠧ [K[?25h[?2026l[?2026h[?25l[A[A[A[1Ggathering model components [K
copying file sha256:8875b53e09efb8221ff4f1c02a167e968d20c6331faa7c7206a5b57aa5316202 100% [K
parsing GGUF [K
verifying conversion ⠇ [K[?25h[?2026l[?2026h[?25l[A[A[A[1Ggathering model components [K
copying file sha256:8875b53e09efb8221ff4f1c02a167e968d20c6331faa7c7206a5b57aa5316202 100% [K
parsing GGUF [K
verifying conversion ⠏ [K[?25h[?2026l[?2026h[?25l[A[A[A[1Ggathering model components [K
copying file sha256:8875b53e09efb8221ff4f1c02a167e968d20c6331faa7c7206a5b57aa5316202 100% [K
parsing GGUF [K
verifying conversion ⠋ [K[?25h[?2026l[?2026h[?25l[A[A[A[1Ggathering model components [K
copying file sha256:8875b53e09efb8221ff4f1c02a167e968d20c6331faa7c7206a5b57aa5316202 100% [K
parsing GGUF [K
verifying conversion ⠙ [K[?25h[?2026l[?2026h[?25l[A[A[A[1Ggathering model components [K
copying file sha256:8875b53e09efb8221ff4f1c02a167e968d20c6331faa7c7206a5b57aa5316202 100% [K
parsing GGUF [K
verifying conversion ⠹ [K[?25h[?2026l[?2026h[?25l[A[A[A[1Ggathering model components [K
copying file sha256:8875b53e09efb8221ff4f1c02a167e968d20c6331faa7c7206a5b57aa5316202 100% [K
parsing GGUF [K
verifying conversion ⠸ [K[?25h[?2026l[?2026h[?25l[A[A[A[1Ggathering model components [K
copying file sha256:8875b53e09efb8221ff4f1c02a167e968d20c6331faa7c7206a5b57aa5316202 100% [K
parsing GGUF [K
verifying conversion ⠼ [K[?25h[?2026l[?2026h[?25l[A[A[A[1Ggathering model components [K
copying file sha256:8875b53e09efb8221ff4f1c02a167e968d20c6331faa7c7206a5b57aa5316202 100% [K
parsing GGUF [K
verifying conversion ⠴ [K[?25h[?2026l[?2026h[?25l[A[A[A[1Ggathering model components [K
copying file sha256:8875b53e09efb8221ff4f1c02a167e968d20c6331faa7c7206a5b57aa5316202 100% [K
parsing GGUF [K
verifying conversion ⠦ [K[?25h[?2026l[?2026h[?25l[A[A[A[1Ggathering model components [K
copying file sha256:8875b53e09efb8221ff4f1c02a167e968d20c6331faa7c7206a5b57aa5316202 100% [K
parsing GGUF [K
verifying conversion ⠧ [K[?25h[?2026l[?2026h[?25l[A[A[A[1Ggathering model components [K
copying file sha256:8875b53e09efb8221ff4f1c02a167e968d20c6331faa7c7206a5b57aa5316202 100% [K
parsing GGUF [K
verifying conversion ⠇ [K[?25h[?2026l[?2026h[?25l[A[A[A[1Ggathering model components [K
copying file sha256:8875b53e09efb8221ff4f1c02a167e968d20c6331faa7c7206a5b57aa5316202 100% [K
parsing GGUF [K
verifying conversion ⠏ [K[?25h[?2026l[?2026h[?25l[A[A[A[1Ggathering model components [K
copying file sha256:8875b53e09efb8221ff4f1c02a167e968d20c6331faa7c7206a5b57aa5316202 100% [K
parsing GGUF [K
verifying conversion ⠋ [K[?25h[?2026l[?2026h[?25l[A[A[A[1Ggathering model components [K
copying file sha256:8875b53e09efb8221ff4f1c02a167e968d20c6331faa7c7206a5b57aa5316202 100% [K
parsing GGUF [K
verifying conversion ⠙ [K[?25h[?2026l[?2026h[?25l[A[A[A[1Ggathering model components [K
copying file sha256:8875b53e09efb8221ff4f1c02a167e968d20c6331faa7c7206a5b57aa5316202 100% [K
parsing GGUF [K
verifying conversion ⠹ [K[?25h[?2026l[?2026h[?25l[A[A[A[1Ggathering model components [K
copying file sha256:8875b53e09efb8221ff4f1c02a167e968d20c6331faa7c7206a5b57aa5316202 100% [K
parsing GGUF [K
verifying conversion ⠸ [K[?25h[?2026l[?2026h[?25l[A[A[A[1Ggathering model components [K
copying file sha256:8875b53e09efb8221ff4f1c02a167e968d20c6331faa7c7206a5b57aa5316202 100% [K
parsing GGUF [K
verifying conversion ⠼ [K[?25h[?2026l[?2026h[?25l[A[A[A[1Ggathering model components [K
copying file sha256:8875b53e09efb8221ff4f1c02a167e968d20c6331faa7c7206a5b57aa5316202 100% [K
parsing GGUF [K
verifying conversion ⠴ [K[?25h[?2026l[?2026h[?25l[A[A[A[1Ggathering model components [K
copying file sha256:8875b53e09efb8221ff4f1c02a167e968d20c6331faa7c7206a5b57aa5316202 100% [K
parsing GGUF [K
verifying conversion ⠦ [K[?25h[?2026l[?2026h[?25l[A[A[A[1Ggathering model components [K
copying file sha256:8875b53e09efb8221ff4f1c02a167e968d20c6331faa7c7206a5b57aa5316202 100% [K
parsing GGUF [K
verifying conversion ⠧ [K[?25h[?2026l[?2026h[?25l[A[A[A[1Ggathering model components [K
copying file sha256:8875b53e09efb8221ff4f1c02a167e968d20c6331faa7c7206a5b57aa5316202 100% [K
parsing GGUF [K
verifying conversion ⠇ [K[?25h[?2026l[?2026h[?25l[A[A[A[1Ggathering model components [K
copying file sha256:8875b53e09efb8221ff4f1c02a167e968d20c6331faa7c7206a5b57aa5316202 100% [K
parsing GGUF [K
verifying conversion ⠏ [K[?25h[?2026l[?2026h[?25l[A[A[A[1Ggathering model components [K
copying file sha256:8875b53e09efb8221ff4f1c02a167e968d20c6331faa7c7206a5b57aa5316202 100% [K
parsing GGUF [K
verifying conversion ⠋ [K[?25h[?2026l[?2026h[?25l[A[A[A[1Ggathering model components [K
copying file sha256:8875b53e09efb8221ff4f1c02a167e968d20c6331faa7c7206a5b57aa5316202 100% [K
parsing GGUF [K
verifying conversion ⠙ [K[?25h[?2026l[?2026h[?25l[A[A[A[1Ggathering model components [K
copying file sha256:8875b53e09efb8221ff4f1c02a167e968d20c6331faa7c7206a5b57aa5316202 100% [K
parsing GGUF [K
verifying conversion ⠹ [K[?25h[?2026l[?2026h[?25l[A[A[A[1Ggathering model components [K
copying file sha256:8875b53e09efb8221ff4f1c02a167e968d20c6331faa7c7206a5b57aa5316202 100% [K
parsing GGUF [K
verifying conversion ⠸ [K[?25h[?2026l[?2026h[?25l[A[A[A[1Ggathering model components [K
copying file sha256:8875b53e09efb8221ff4f1c02a167e968d20c6331faa7c7206a5b57aa5316202 100% [K
parsing GGUF [K
verifying conversion ⠼ [K[?25h[?2026l[?2026h[?25l[A[A[A[1Ggathering model components [K
copying file sha256:8875b53e09efb8221ff4f1c02a167e968d20c6331faa7c7206a5b57aa5316202 100% [K
parsing GGUF [K
verifying conversion ⠴ [K[?25h[?2026l[?2026h[?25l[A[A[A[1Ggathering model components [K
copying file sha256:8875b53e09efb8221ff4f1c02a167e968d20c6331faa7c7206a5b57aa5316202 100% [K
parsing GGUF [K
verifying conversion ⠦ [K[?25h[?2026l[?2026h[?25l[A[A[A[1Ggathering model components [K
copying file sha256:8875b53e09efb8221ff4f1c02a167e968d20c6331faa7c7206a5b57aa5316202 100% [K
parsing GGUF [K
verifying conversion ⠧ [K[?25h[?2026l[?2026h[?25l[A[A[A[1Ggathering model components [K
copying file sha256:8875b53e09efb8221ff4f1c02a167e968d20c6331faa7c7206a5b57aa5316202 100% [K
parsing GGUF [K
verifying conversion ⠇ [K[?25h[?2026l[?2026h[?25l[A[A[A[1Ggathering model components [K
copying file sha256:8875b53e09efb8221ff4f1c02a167e968d20c6331faa7c7206a5b57aa5316202 100% [K
parsing GGUF [K
verifying conversion ⠏ [K[?25h[?2026l[?2026h[?25l[A[A[A[1Ggathering model components [K
copying file sha256:8875b53e09efb8221ff4f1c02a167e968d20c6331faa7c7206a5b57aa5316202 100% [K
parsing GGUF [K
verifying conversion ⠋ [K[?25h[?2026l[?2026h[?25l[A[A[A[1Ggathering model components [K
copying file sha256:8875b53e09efb8221ff4f1c02a167e968d20c6331faa7c7206a5b57aa5316202 100% [K
parsing GGUF [K
verifying conversion ⠙ [K[?25h[?2026l[?2026h[?25l[A[A[A[1Ggathering model components [K
copying file sha256:8875b53e09efb8221ff4f1c02a167e968d20c6331faa7c7206a5b57aa5316202 100% [K
parsing GGUF [K
verifying conversion ⠹ [K[?25h[?2026l[?2026h[?25l[A[A[A[1Ggathering model components [K
copying file sha256:8875b53e09efb8221ff4f1c02a167e968d20c6331faa7c7206a5b57aa5316202 100% [K
parsing GGUF [K
verifying conversion ⠸ [K[?25h[?2026l[?2026h[?25l[A[A[A[1Ggathering model components [K
copying file sha256:8875b53e09efb8221ff4f1c02a167e968d20c6331faa7c7206a5b57aa5316202 100% [K
parsing GGUF [K
verifying conversion ⠼ [K[?25h[?2026l[?2026h[?25l[A[A[A[1Ggathering model components [K
copying file sha256:8875b53e09efb8221ff4f1c02a167e968d20c6331faa7c7206a5b57aa5316202 100% [K
parsing GGUF [K
verifying conversion ⠴ [K[?25h[?2026l[?2026h[?25l[A[A[A[1Ggathering model components [K
copying file sha256:8875b53e09efb8221ff4f1c02a167e968d20c6331faa7c7206a5b57aa5316202 100% [K
parsing GGUF [K
verifying conversion ⠦ [K[?25h[?2026l[?2026h[?25l[A[A[A[1Ggathering model components [K
copying file sha256:8875b53e09efb8221ff4f1c02a167e968d20c6331faa7c7206a5b57aa5316202 100% [K
parsing GGUF [K
verifying conversion ⠧ [K[?25h[?2026l[?2026h[?25l[A[A[A[1Ggathering model components [K
copying file sha256:8875b53e09efb8221ff4f1c02a167e968d20c6331faa7c7206a5b57aa5316202 100% [K
parsing GGUF [K
verifying conversion ⠇ [K[?25h[?2026l[?2026h[?25l[A[A[A[1Ggathering model components [K
copying file sha256:8875b53e09efb8221ff4f1c02a167e968d20c6331faa7c7206a5b57aa5316202 100% [K
parsing GGUF [K
verifying conversion ⠏ [K[?25h[?2026l[?2026h[?25l[A[A[A[1Ggathering model components [K
copying file sha256:8875b53e09efb8221ff4f1c02a167e968d20c6331faa7c7206a5b57aa5316202 100% [K
parsing GGUF [K
verifying conversion ⠋ [K[?25h[?2026l[?2026h[?25l[A[A[A[1Ggathering model components [K
copying file sha256:8875b53e09efb8221ff4f1c02a167e968d20c6331faa7c7206a5b57aa5316202 100% [K
parsing GGUF [K
verifying conversion ⠙ [K[?25h[?2026l[?2026h[?25l[A[A[A[1Ggathering model components [K
copying file sha256:8875b53e09efb8221ff4f1c02a167e968d20c6331faa7c7206a5b57aa5316202 100% [K
parsing GGUF [K
verifying conversion ⠹ [K[?25h[?2026l[?2026h[?25l[A[A[A[1Ggathering model components [K
copying file sha256:8875b53e09efb8221ff4f1c02a167e968d20c6331faa7c7206a5b57aa5316202 100% [K
parsing GGUF [K
verifying conversion ⠸ [K[?25h[?2026l[?2026h[?25l[A[A[A[1Ggathering model components [K
copying file sha256:8875b53e09efb8221ff4f1c02a167e968d20c6331faa7c7206a5b57aa5316202 100% [K
parsing GGUF [K
verifying conversion ⠼ [K[?25h[?2026l[?2026h[?25l[A[A[A[1Ggathering model components [K
copying file sha256:8875b53e09efb8221ff4f1c02a167e968d20c6331faa7c7206a5b57aa5316202 100% [K
parsing GGUF [K
verifying conversion ⠴ [K[?25h[?2026l[?2026h[?25l[A[A[A[1Ggathering model components [K
copying file sha256:8875b53e09efb8221ff4f1c02a167e968d20c6331faa7c7206a5b57aa5316202 100% [K
parsing GGUF [K
verifying conversion ⠦ [K[?25h[?2026l[?2026h[?25l[A[A[A[1Ggathering model components [K
copying file sha256:8875b53e09efb8221ff4f1c02a167e968d20c6331faa7c7206a5b57aa5316202 100% [K
parsing GGUF [K
verifying conversion ⠧ [K[?25h[?2026l[?2026h[?25l[A[A[A[1Ggathering model components [K
copying file sha256:8875b53e09efb8221ff4f1c02a167e968d20c6331faa7c7206a5b57aa5316202 100% [K
parsing GGUF [K
verifying conversion ⠇ [K[?25h[?2026l[?2026h[?25l[A[A[A[1Ggathering model components [K
copying file sha256:8875b53e09efb8221ff4f1c02a167e968d20c6331faa7c7206a5b57aa5316202 100% [K
parsing GGUF [K
verifying conversion ⠏ [K[?25h[?2026l[?2026h[?25l[A[A[A[1Ggathering model components [K
copying file sha256:8875b53e09efb8221ff4f1c02a167e968d20c6331faa7c7206a5b57aa5316202 100% [K
parsing GGUF [K
verifying conversion ⠋ [K[?25h[?2026l[?2026h[?25l[A[A[A[1Ggathering model components [K
copying file sha256:8875b53e09efb8221ff4f1c02a167e968d20c6331faa7c7206a5b57aa5316202 100% [K
parsing GGUF [K
verifying conversion ⠙ [K[?25h[?2026l[?2026h[?25l[A[A[A[1Ggathering model components [K
copying file sha256:8875b53e09efb8221ff4f1c02a167e968d20c6331faa7c7206a5b57aa5316202 100% [K
parsing GGUF [K
verifying conversion ⠹ [K[?25h[?2026l[?2026h[?25l[A[A[A[1Ggathering model components [K
copying file sha256:8875b53e09efb8221ff4f1c02a167e968d20c6331faa7c7206a5b57aa5316202 100% [K
parsing GGUF [K
verifying conversion ⠸ [K[?25h[?2026l[?2026h[?25l[A[A[A[1Ggathering model components [K
copying file sha256:8875b53e09efb8221ff4f1c02a167e968d20c6331faa7c7206a5b57aa5316202 100% [K
parsing GGUF [K
verifying conversion ⠼ [K[?25h[?2026l[?2026h[?25l[A[A[A[1Ggathering model components [K
copying file sha256:8875b53e09efb8221ff4f1c02a167e968d20c6331faa7c7206a5b57aa5316202 100% [K
parsing GGUF [K
verifying conversion ⠴ [K[?25h[?2026l[?2026h[?25l[A[A[A[1Ggathering model components [K
copying file sha256:8875b53e09efb8221ff4f1c02a167e968d20c6331faa7c7206a5b57aa5316202 100% [K
parsing GGUF [K
verifying conversion ⠦ [K[?25h[?2026l[?2026h[?25l[A[A[A[1Ggathering model components [K
copying file sha256:8875b53e09efb8221ff4f1c02a167e968d20c6331faa7c7206a5b57aa5316202 100% [K
parsing GGUF [K
verifying conversion ⠧ [K[?25h[?2026l[?2026h[?25l[A[A[A[1Ggathering model components [K
copying file sha256:8875b53e09efb8221ff4f1c02a167e968d20c6331faa7c7206a5b57aa5316202 100% [K
parsing GGUF [K
verifying conversion ⠇ [K[?25h[?2026l[?2026h[?25l[A[A[A[1Ggathering model components [K
copying file sha256:8875b53e09efb8221ff4f1c02a167e968d20c6331faa7c7206a5b57aa5316202 100% [K
parsing GGUF [K
verifying conversion ⠏ [K[?25h[?2026l[?2026h[?25l[A[A[A[1Ggathering model components [K
copying file sha256:8875b53e09efb8221ff4f1c02a167e968d20c6331faa7c7206a5b57aa5316202 100% [K
parsing GGUF [K
verifying conversion ⠋ [K[?25h[?2026l[?2026h[?25l[A[A[A[1Ggathering model components [K
copying file sha256:8875b53e09efb8221ff4f1c02a167e968d20c6331faa7c7206a5b57aa5316202 100% [K
parsing GGUF [K
verifying conversion ⠙ [K[?25h[?2026l[?2026h[?25l[A[A[A[1Ggathering model components [K
copying file sha256:8875b53e09efb8221ff4f1c02a167e968d20c6331faa7c7206a5b57aa5316202 100% [K
parsing GGUF [K
verifying conversion ⠹ [K[?25h[?2026l[?2026h[?25l[A[A[A[1Ggathering model components [K
copying file sha256:8875b53e09efb8221ff4f1c02a167e968d20c6331faa7c7206a5b57aa5316202 100% [K
parsing GGUF [K
verifying conversion ⠸ [K[?25h[?2026l[?2026h[?25l[A[A[A[1Ggathering model components [K
copying file sha256:8875b53e09efb8221ff4f1c02a167e968d20c6331faa7c7206a5b57aa5316202 100% [K
parsing GGUF [K
verifying conversion ⠼ [K[?25h[?2026l[?2026h[?25l[A[A[A[1Ggathering model components [K
copying file sha256:8875b53e09efb8221ff4f1c02a167e968d20c6331faa7c7206a5b57aa5316202 100% [K
parsing GGUF [K
verifying conversion ⠴ [K[?25h[?2026l[?2026h[?25l[A[A[A[1Ggathering model components [K
copying file sha256:8875b53e09efb8221ff4f1c02a167e968d20c6331faa7c7206a5b57aa5316202 100% [K
parsing GGUF [K
verifying conversion ⠦ [K[?25h[?2026l[?2026h[?25l[A[A[A[1Ggathering model components [K
copying file sha256:8875b53e09efb8221ff4f1c02a167e968d20c6331faa7c7206a5b57aa5316202 100% [K
parsing GGUF [K
verifying conversion ⠧ [K[?25h[?2026l[?2026h[?25l[A[A[A[1Ggathering model components [K
copying file sha256:8875b53e09efb8221ff4f1c02a167e968d20c6331faa7c7206a5b57aa5316202 100% [K
parsing GGUF [K
verifying conversion ⠇ [K[?25h[?2026l[?2026h[?25l[A[A[A[1Ggathering model components [K
copying file sha256:8875b53e09efb8221ff4f1c02a167e968d20c6331faa7c7206a5b57aa5316202 100% [K
parsing GGUF [K
verifying conversion ⠏ [K[?25h[?2026l[?2026h[?25l[A[A[A[1Ggathering model components [K
copying file sha256:8875b53e09efb8221ff4f1c02a167e968d20c6331faa7c7206a5b57aa5316202 100% [K
parsing GGUF [K
verifying conversion ⠋ [K[?25h[?2026l[?2026h[?25l[A[A[A[1Ggathering model components [K
copying file sha256:8875b53e09efb8221ff4f1c02a167e968d20c6331faa7c7206a5b57aa5316202 100% [K
parsing GGUF [K
verifying conversion ⠙ [K[?25h[?2026l[?2026h[?25l[A[A[A[1Ggathering model components [K
copying file sha256:8875b53e09efb8221ff4f1c02a167e968d20c6331faa7c7206a5b57aa5316202 100% [K
parsing GGUF [K
verifying conversion ⠹ [K[?25h[?2026l[?2026h[?25l[A[A[A[1Ggathering model components [K
copying file sha256:8875b53e09efb8221ff4f1c02a167e968d20c6331faa7c7206a5b57aa5316202 100% [K
parsing GGUF [K
verifying conversion ⠸ [K[?25h[?2026l[?2026h[?25l[A[A[A[1Ggathering model components [K
copying file sha256:8875b53e09efb8221ff4f1c02a167e968d20c6331faa7c7206a5b57aa5316202 100% [K
parsing GGUF [K
verifying conversion ⠼ [K[?25h[?2026l[?2026h[?25l[A[A[A[1Ggathering model components [K
copying file sha256:8875b53e09efb8221ff4f1c02a167e968d20c6331faa7c7206a5b57aa5316202 100% [K
parsing GGUF [K
verifying conversion ⠴ [K[?25h[?2026l[?2026h[?25l[A[A[A[1Ggathering model components [K
copying file sha256:8875b53e09efb8221ff4f1c02a167e968d20c6331faa7c7206a5b57aa5316202 100% [K
parsing GGUF [K
verifying conversion ⠦ [K[?25h[?2026l[?2026h[?25l[A[A[A[1Ggathering model components [K
copying file sha256:8875b53e09efb8221ff4f1c02a167e968d20c6331faa7c7206a5b57aa5316202 100% [K
parsing GGUF [K
verifying conversion ⠧ [K[?25h[?2026l[?2026h[?25l[A[A[A[1Ggathering model components [K
copying file sha256:8875b53e09efb8221ff4f1c02a167e968d20c6331faa7c7206a5b57aa5316202 100% [K
parsing GGUF [K
verifying conversion ⠇ [K[?25h[?2026l[?2026h[?25l[A[A[A[1Ggathering model components [K
copying file sha256:8875b53e09efb8221ff4f1c02a167e968d20c6331faa7c7206a5b57aa5316202 100% [K
parsing GGUF [K
verifying conversion ⠏ [K[?25h[?2026l[?2026h[?25l[A[A[A[1Ggathering model components [K
copying file sha256:8875b53e09efb8221ff4f1c02a167e968d20c6331faa7c7206a5b57aa5316202 100% [K
parsing GGUF [K
verifying conversion ⠋ [K[?25h[?2026l[?2026h[?25l[A[A[A[1Ggathering model components [K
copying file sha256:8875b53e09efb8221ff4f1c02a167e968d20c6331faa7c7206a5b57aa5316202 100% [K
parsing GGUF [K
verifying conversion ⠙ [K[?25h[?2026l[?2026h[?25l[A[A[A[1Ggathering model components [K
copying file sha256:8875b53e09efb8221ff4f1c02a167e968d20c6331faa7c7206a5b57aa5316202 100% [K
parsing GGUF [K
verifying conversion ⠹ [K[?25h[?2026l[?2026h[?25l[A[A[A[1Ggathering model components [K
copying file sha256:8875b53e09efb8221ff4f1c02a167e968d20c6331faa7c7206a5b57aa5316202 100% [K
parsing GGUF [K
verifying conversion ⠸ [K[?25h[?2026l[?2026h[?25l[A[A[A[1Ggathering model components [K
copying file sha256:8875b53e09efb8221ff4f1c02a167e968d20c6331faa7c7206a5b57aa5316202 100% [K
parsing GGUF [K
verifying conversion ⠼ [K[?25h[?2026l[?2026h[?25l[A[A[A[1Ggathering model components [K
copying file sha256:8875b53e09efb8221ff4f1c02a167e968d20c6331faa7c7206a5b57aa5316202 100% [K
parsing GGUF [K
verifying conversion ⠴ [K[?25h[?2026l[?2026h[?25l[A[A[A[1Ggathering model components [K
copying file sha256:8875b53e09efb8221ff4f1c02a167e968d20c6331faa7c7206a5b57aa5316202 100% [K
parsing GGUF [K
verifying conversion ⠦ [K[?25h[?2026l[?2026h[?25l[A[A[A[1Ggathering model components [K
copying file sha256:8875b53e09efb8221ff4f1c02a167e968d20c6331faa7c7206a5b57aa5316202 100% [K
parsing GGUF [K
verifying conversion ⠧ [K[?25h[?2026l[?2026h[?25l[A[A[A[1Ggathering model components [K
copying file sha256:8875b53e09efb8221ff4f1c02a167e968d20c6331faa7c7206a5b57aa5316202 100% [K
parsing GGUF [K
verifying conversion ⠇ [K[?25h[?2026l[?2026h[?25l[A[A[A[1Ggathering model components [K
copying file sha256:8875b53e09efb8221ff4f1c02a167e968d20c6331faa7c7206a5b57aa5316202 100% [K
parsing GGUF [K
verifying conversion ⠏ [K[?25h[?2026l[?2026h[?25l[A[A[A[1Ggathering model components [K
copying file sha256:8875b53e09efb8221ff4f1c02a167e968d20c6331faa7c7206a5b57aa5316202 100% [K
parsing GGUF [K
verifying conversion ⠋ [K[?25h[?2026l[?2026h[?25l[A[A[A[1Ggathering model components [K
copying file sha256:8875b53e09efb8221ff4f1c02a167e968d20c6331faa7c7206a5b57aa5316202 100% [K
parsing GGUF [K
verifying conversion ⠙ [K[?25h[?2026l[?2026h[?25l[A[A[A[1Ggathering model components [K
copying file sha256:8875b53e09efb8221ff4f1c02a167e968d20c6331faa7c7206a5b57aa5316202 100% [K
parsing GGUF [K
verifying conversion ⠹ [K[?25h[?2026l[?2026h[?25l[A[A[A[1Ggathering model components [K
copying file sha256:8875b53e09efb8221ff4f1c02a167e968d20c6331faa7c7206a5b57aa5316202 100% [K
parsing GGUF [K
verifying conversion ⠸ [K[?25h[?2026l[?2026h[?25l[A[A[A[1Ggathering model components [K
copying file sha256:8875b53e09efb8221ff4f1c02a167e968d20c6331faa7c7206a5b57aa5316202 100% [K
parsing GGUF [K
verifying conversion ⠼ [K[?25h[?2026l[?2026h[?25l[A[A[A[1Ggathering model components [K
copying file sha256:8875b53e09efb8221ff4f1c02a167e968d20c6331faa7c7206a5b57aa5316202 100% [K
parsing GGUF [K
verifying conversion ⠴ [K[?25h[?2026l[?2026h[?25l[A[A[A[1Ggathering model components [K
copying file sha256:8875b53e09efb8221ff4f1c02a167e968d20c6331faa7c7206a5b57aa5316202 100% [K
parsing GGUF [K
verifying conversion ⠦ [K[?25h[?2026l[?2026h[?25l[A[A[A[1Ggathering model components [K
copying file sha256:8875b53e09efb8221ff4f1c02a167e968d20c6331faa7c7206a5b57aa5316202 100% [K
parsing GGUF [K
verifying conversion ⠧ [K[?25h[?2026l[?2026h[?25l[A[A[A[1Ggathering model components [K
copying file sha256:8875b53e09efb8221ff4f1c02a167e968d20c6331faa7c7206a5b57aa5316202 100% [K
parsing GGUF [K
verifying conversion ⠇ [K[?25h[?2026l[?2026h[?25l[A[A[A[1Ggathering model components [K
copying file sha256:8875b53e09efb8221ff4f1c02a167e968d20c6331faa7c7206a5b57aa5316202 100% [K
parsing GGUF [K
verifying conversion ⠏ [K[?25h[?2026l[?2026h[?25l[A[A[A[1Ggathering model components [K
copying file sha256:8875b53e09efb8221ff4f1c02a167e968d20c6331faa7c7206a5b57aa5316202 100% [K
parsing GGUF [K
verifying conversion ⠋ [K[?25h[?2026l[?2026h[?25l[A[A[A[1Ggathering model components [K
copying file sha256:8875b53e09efb8221ff4f1c02a167e968d20c6331faa7c7206a5b57aa5316202 100% [K
parsing GGUF [K
verifying conversion ⠙ [K[?25h[?2026l[?2026h[?25l[A[A[A[1Ggathering model components [K
copying file sha256:8875b53e09efb8221ff4f1c02a167e968d20c6331faa7c7206a5b57aa5316202 100% [K
parsing GGUF [K
verifying conversion ⠹ [K[?25h[?2026l[?2026h[?25l[A[A[A[1Ggathering model components [K
copying file sha256:8875b53e09efb8221ff4f1c02a167e968d20c6331faa7c7206a5b57aa5316202 100% [K
parsing GGUF [K
verifying conversion ⠸ [K[?25h[?2026l[?2026h[?25l[A[A[A[1Ggathering model components [K
copying file sha256:8875b53e09efb8221ff4f1c02a167e968d20c6331faa7c7206a5b57aa5316202 100% [K
parsing GGUF [K
verifying conversion ⠼ [K[?25h[?2026l[?2026h[?25l[A[A[A[1Ggathering model components [K
copying file sha256:8875b53e09efb8221ff4f1c02a167e968d20c6331faa7c7206a5b57aa5316202 100% [K
parsing GGUF [K
verifying conversion ⠴ [K[?25h[?2026l[?2026h[?25l[A[A[A[1Ggathering model components [K
copying file sha256:8875b53e09efb8221ff4f1c02a167e968d20c6331faa7c7206a5b57aa5316202 100% [K
parsing GGUF [K
verifying conversion ⠦ [K[?25h[?2026l[?2026h[?25l[A[A[A[1Ggathering model components [K
copying file sha256:8875b53e09efb8221ff4f1c02a167e968d20c6331faa7c7206a5b57aa5316202 100% [K
parsing GGUF [K
verifying conversion ⠧ [K[?25h[?2026l[?2026h[?25l[A[A[A[1Ggathering model components [K
copying file sha256:8875b53e09efb8221ff4f1c02a167e968d20c6331faa7c7206a5b57aa5316202 100% [K
parsing GGUF [K
verifying conversion ⠇ [K[?25h[?2026l[?2026h[?25l[A[A[A[1Ggathering model components [K
copying file sha256:8875b53e09efb8221ff4f1c02a167e968d20c6331faa7c7206a5b57aa5316202 100% [K
parsing GGUF [K
verifying conversion ⠏ [K[?25h[?2026l[?2026h[?25l[A[A[A[1Ggathering model components [K
copying file sha256:8875b53e09efb8221ff4f1c02a167e968d20c6331faa7c7206a5b57aa5316202 100% [K
parsing GGUF [K
verifying conversion ⠋ [K[?25h[?2026l[?2026h[?25l[A[A[A[1Ggathering model components [K
copying file sha256:8875b53e09efb8221ff4f1c02a167e968d20c6331faa7c7206a5b57aa5316202 100% [K
parsing GGUF [K
verifying conversion ⠙ [K[?25h[?2026l[?2026h[?25l[A[A[A[1Ggathering model components [K
copying file sha256:8875b53e09efb8221ff4f1c02a167e968d20c6331faa7c7206a5b57aa5316202 100% [K
parsing GGUF [K
verifying conversion ⠹ [K[?25h[?2026l[?2026h[?25l[A[A[A[1Ggathering model components [K
copying file sha256:8875b53e09efb8221ff4f1c02a167e968d20c6331faa7c7206a5b57aa5316202 100% [K
parsing GGUF [K
verifying conversion ⠸ [K[?25h[?2026l[?2026h[?25l[A[A[A[1Ggathering model components [K
copying file sha256:8875b53e09efb8221ff4f1c02a167e968d20c6331faa7c7206a5b57aa5316202 100% [K
parsing GGUF [K
verifying conversion ⠼ [K[?25h[?2026l[?2026h[?25l[A[A[A[1Ggathering model components [K
copying file sha256:8875b53e09efb8221ff4f1c02a167e968d20c6331faa7c7206a5b57aa5316202 100% [K
parsing GGUF [K
verifying conversion ⠴ [K[?25h[?2026l[?2026h[?25l[A[A[A[1Ggathering model components [K
copying file sha256:8875b53e09efb8221ff4f1c02a167e968d20c6331faa7c7206a5b57aa5316202 100% [K
parsing GGUF [K
verifying conversion ⠦ [K[?25h[?2026l[?2026h[?25l[A[A[A[1Ggathering model components [K
copying file sha256:8875b53e09efb8221ff4f1c02a167e968d20c6331faa7c7206a5b57aa5316202 100% [K
parsing GGUF [K
verifying conversion ⠧ [K[?25h[?2026l[?2026h[?25l[A[A[A[1Ggathering model components [K
copying file sha256:8875b53e09efb8221ff4f1c02a167e968d20c6331faa7c7206a5b57aa5316202 100% [K
parsing GGUF [K
verifying conversion ⠇ [K[?25h[?2026l[?2026h[?25l[A[A[A[1Ggathering model components [K
copying file sha256:8875b53e09efb8221ff4f1c02a167e968d20c6331faa7c7206a5b57aa5316202 100% [K
parsing GGUF [K
verifying conversion ⠏ [K[?25h[?2026l[?2026h[?25l[A[A[A[1Ggathering model components [K
copying file sha256:8875b53e09efb8221ff4f1c02a167e968d20c6331faa7c7206a5b57aa5316202 100% [K
parsing GGUF [K
verifying conversion ⠋ [K[?25h[?2026l[?2026h[?25l[A[A[A[1Ggathering model components [K
copying file sha256:8875b53e09efb8221ff4f1c02a167e968d20c6331faa7c7206a5b57aa5316202 100% [K
parsing GGUF [K
verifying conversion ⠙ [K[?25h[?2026l[?2026h[?25l[A[A[A[1Ggathering model components [K
copying file sha256:8875b53e09efb8221ff4f1c02a167e968d20c6331faa7c7206a5b57aa5316202 100% [K
parsing GGUF [K
verifying conversion ⠹ [K[?25h[?2026l[?2026h[?25l[A[A[A[1Ggathering model components [K
copying file sha256:8875b53e09efb8221ff4f1c02a167e968d20c6331faa7c7206a5b57aa5316202 100% [K
parsing GGUF [K
verifying conversion ⠸ [K[?25h[?2026l[?2026h[?25l[A[A[A[1Ggathering model components [K
copying file sha256:8875b53e09efb8221ff4f1c02a167e968d20c6331faa7c7206a5b57aa5316202 100% [K
parsing GGUF [K
verifying conversion ⠼ [K[?25h[?2026l[?2026h[?25l[A[A[A[1Ggathering model components [K
copying file sha256:8875b53e09efb8221ff4f1c02a167e968d20c6331faa7c7206a5b57aa5316202 100% [K
parsing GGUF [K
verifying conversion ⠴ [K[?25h[?2026l[?2026h[?25l[A[A[A[1Ggathering model components [K
copying file sha256:8875b53e09efb8221ff4f1c02a167e968d20c6331faa7c7206a5b57aa5316202 100% [K
parsing GGUF [K
verifying conversion ⠦ [K[?25h[?2026l[?2026h[?25l[A[A[A[1Ggathering model components [K
copying file sha256:8875b53e09efb8221ff4f1c02a167e968d20c6331faa7c7206a5b57aa5316202 100% [K
parsing GGUF [K
verifying conversion ⠧ [K[?25h[?2026l[?2026h[?25l[A[A[A[1Ggathering model components [K
copying file sha256:8875b53e09efb8221ff4f1c02a167e968d20c6331faa7c7206a5b57aa5316202 100% [K
parsing GGUF [K
verifying conversion ⠇ [K[?25h[?2026l[?2026h[?25l[A[A[A[1Ggathering model components [K
copying file sha256:8875b53e09efb8221ff4f1c02a167e968d20c6331faa7c7206a5b57aa5316202 100% [K
parsing GGUF [K
verifying conversion ⠏ [K[?25h[?2026l[?2026h[?25l[A[A[A[1Ggathering model components [K
copying file sha256:8875b53e09efb8221ff4f1c02a167e968d20c6331faa7c7206a5b57aa5316202 100% [K
parsing GGUF [K
verifying conversion ⠋ [K[?25h[?2026l[?2026h[?25l[A[A[A[1Ggathering model components [K
copying file sha256:8875b53e09efb8221ff4f1c02a167e968d20c6331faa7c7206a5b57aa5316202 100% [K
parsing GGUF [K
verifying conversion ⠙ [K[?25h[?2026l[?2026h[?25l[A[A[A[1Ggathering model components [K
copying file sha256:8875b53e09efb8221ff4f1c02a167e968d20c6331faa7c7206a5b57aa5316202 100% [K
parsing GGUF [K
verifying conversion ⠹ [K[?25h[?2026l[?2026h[?25l[A[A[A[1Ggathering model components [K
copying file sha256:8875b53e09efb8221ff4f1c02a167e968d20c6331faa7c7206a5b57aa5316202 100% [K
parsing GGUF [K
verifying conversion ⠸ [K[?25h[?2026l[?2026h[?25l[A[A[A[1Ggathering model components [K
copying file sha256:8875b53e09efb8221ff4f1c02a167e968d20c6331faa7c7206a5b57aa5316202 100% [K
parsing GGUF [K
verifying conversion ⠼ [K[?25h[?2026l[?2026h[?25l[A[A[A[1Ggathering model components [K
copying file sha256:8875b53e09efb8221ff4f1c02a167e968d20c6331faa7c7206a5b57aa5316202 100% [K
parsing GGUF [K
verifying conversion ⠴ [K[?25h[?2026l[?2026h[?25l[A[A[A[1Ggathering model components [K
copying file sha256:8875b53e09efb8221ff4f1c02a167e968d20c6331faa7c7206a5b57aa5316202 100% [K
parsing GGUF [K
verifying conversion ⠦ [K[?25h[?2026l[?2026h[?25l[A[A[A[1Ggathering model components [K
copying file sha256:8875b53e09efb8221ff4f1c02a167e968d20c6331faa7c7206a5b57aa5316202 100% [K
parsing GGUF [K
verifying conversion ⠧ [K[?25h[?2026l[?2026h[?25l[A[A[A[1Ggathering model components [K
copying file sha256:8875b53e09efb8221ff4f1c02a167e968d20c6331faa7c7206a5b57aa5316202 100% [K
parsing GGUF [K
verifying conversion ⠇ [K[?25h[?2026l[?2026h[?25l[A[A[A[1Ggathering model components [K
copying file sha256:8875b53e09efb8221ff4f1c02a167e968d20c6331faa7c7206a5b57aa5316202 100% [K
parsing GGUF [K
verifying conversion ⠏ [K[?25h[?2026l[?2026h[?25l[A[A[A[1Ggathering model components [K
copying file sha256:8875b53e09efb8221ff4f1c02a167e968d20c6331faa7c7206a5b57aa5316202 100% [K
parsing GGUF [K
verifying conversion ⠋ [K[?25h[?2026l[?2026h[?25l[A[A[A[1Ggathering model components [K
copying file sha256:8875b53e09efb8221ff4f1c02a167e968d20c6331faa7c7206a5b57aa5316202 100% [K
parsing GGUF [K
verifying conversion ⠙ [K[?25h[?2026l[?2026h[?25l[A[A[A[1Ggathering model components [K
copying file sha256:8875b53e09efb8221ff4f1c02a167e968d20c6331faa7c7206a5b57aa5316202 100% [K
parsing GGUF [K
verifying conversion ⠹ [K[?25h[?2026l[?2026h[?25l[A[A[A[1Ggathering model components [K
copying file sha256:8875b53e09efb8221ff4f1c02a167e968d20c6331faa7c7206a5b57aa5316202 100% [K
parsing GGUF [K
verifying conversion ⠸ [K[?25h[?2026l[?2026h[?25l[A[A[A[1Ggathering model components [K
copying file sha256:8875b53e09efb8221ff4f1c02a167e968d20c6331faa7c7206a5b57aa5316202 100% [K
parsing GGUF [K
verifying conversion ⠼ [K[?25h[?2026l[?2026h[?25l[A[A[A[1Ggathering model components [K
copying file sha256:8875b53e09efb8221ff4f1c02a167e968d20c6331faa7c7206a5b57aa5316202 100% [K
parsing GGUF [K
verifying conversion ⠴ [K[?25h[?2026l[?2026h[?25l[A[A[A[1Ggathering model components [K
copying file sha256:8875b53e09efb8221ff4f1c02a167e968d20c6331faa7c7206a5b57aa5316202 100% [K
parsing GGUF [K
verifying conversion ⠦ [K[?25h[?2026l[?2026h[?25l[A[A[A[1Ggathering model components [K
copying file sha256:8875b53e09efb8221ff4f1c02a167e968d20c6331faa7c7206a5b57aa5316202 100% [K
parsing GGUF [K
verifying conversion ⠧ [K[?25h[?2026l[?2026h[?25l[A[A[A[1Ggathering model components [K
copying file sha256:8875b53e09efb8221ff4f1c02a167e968d20c6331faa7c7206a5b57aa5316202 100% [K
parsing GGUF [K
verifying conversion ⠇ [K[?25h[?2026l[?2026h[?25l[A[A[A[1Ggathering model components [K
copying file sha256:8875b53e09efb8221ff4f1c02a167e968d20c6331faa7c7206a5b57aa5316202 100% [K
parsing GGUF [K
verifying conversion ⠏ [K[?25h[?2026l[?2026h[?25l[A[A[A[1Ggathering model components [K
copying file sha256:8875b53e09efb8221ff4f1c02a167e968d20c6331faa7c7206a5b57aa5316202 100% [K
parsing GGUF [K
verifying conversion ⠋ [K[?25h[?2026l[?2026h[?25l[A[A[A[1Ggathering model components [K
copying file sha256:8875b53e09efb8221ff4f1c02a167e968d20c6331faa7c7206a5b57aa5316202 100% [K
parsing GGUF [K
verifying conversion ⠙ [K[?25h[?2026l[?2026h[?25l[A[A[A[1Ggathering model components [K
copying file sha256:8875b53e09efb8221ff4f1c02a167e968d20c6331faa7c7206a5b57aa5316202 100% [K
parsing GGUF [K
verifying conversion ⠹ [K[?25h[?2026l[?2026h[?25l[A[A[A[1Ggathering model components [K
copying file sha256:8875b53e09efb8221ff4f1c02a167e968d20c6331faa7c7206a5b57aa5316202 100% [K
parsing GGUF [K
verifying conversion ⠸ [K[?25h[?2026l[?2026h[?25l[A[A[A[1Ggathering model components [K
copying file sha256:8875b53e09efb8221ff4f1c02a167e968d20c6331faa7c7206a5b57aa5316202 100% [K
parsing GGUF [K
verifying conversion ⠼ [K[?25h[?2026l[?2026h[?25l[A[A[A[1Ggathering model components [K
copying file sha256:8875b53e09efb8221ff4f1c02a167e968d20c6331faa7c7206a5b57aa5316202 100% [K
parsing GGUF [K
verifying conversion ⠴ [K[?25h[?2026l[?2026h[?25l[A[A[A[1Ggathering model components [K
copying file sha256:8875b53e09efb8221ff4f1c02a167e968d20c6331faa7c7206a5b57aa5316202 100% [K
parsing GGUF [K
verifying conversion ⠦ [K[?25h[?2026l[?2026h[?25l[A[A[A[1Ggathering model components [K
copying file sha256:8875b53e09efb8221ff4f1c02a167e968d20c6331faa7c7206a5b57aa5316202 100% [K
parsing GGUF [K
verifying conversion ⠧ [K[?25h[?2026l[?2026h[?25l[A[A[A[1Ggathering model components [K
copying file sha256:8875b53e09efb8221ff4f1c02a167e968d20c6331faa7c7206a5b57aa5316202 100% [K
parsing GGUF [K
verifying conversion ⠇ [K[?25h[?2026l[?2026h[?25l[A[A[A[1Ggathering model components [K
copying file sha256:8875b53e09efb8221ff4f1c02a167e968d20c6331faa7c7206a5b57aa5316202 100% [K
parsing GGUF [K
verifying conversion ⠏ [K[?25h[?2026l[?2026h[?25l[A[A[A[1Ggathering model components [K
copying file sha256:8875b53e09efb8221ff4f1c02a167e968d20c6331faa7c7206a5b57aa5316202 100% [K
parsing GGUF [K
verifying conversion ⠋ [K[?25h[?2026l[?2026h[?25l[A[A[A[1Ggathering model components [K
copying file sha256:8875b53e09efb8221ff4f1c02a167e968d20c6331faa7c7206a5b57aa5316202 100% [K
parsing GGUF [K
verifying conversion ⠙ [K[?25h[?2026l[?2026h[?25l[A[A[A[1Ggathering model components [K
copying file sha256:8875b53e09efb8221ff4f1c02a167e968d20c6331faa7c7206a5b57aa5316202 100% [K
parsing GGUF [K
verifying conversion ⠹ [K[?25h[?2026l[?2026h[?25l[A[A[A[1Ggathering model components [K
copying file sha256:8875b53e09efb8221ff4f1c02a167e968d20c6331faa7c7206a5b57aa5316202 100% [K
parsing GGUF [K
verifying conversion ⠸ [K[?25h[?2026l[?2026h[?25l[A[A[A[1Ggathering model components [K
copying file sha256:8875b53e09efb8221ff4f1c02a167e968d20c6331faa7c7206a5b57aa5316202 100% [K
parsing GGUF [K
verifying conversion ⠼ [K[?25h[?2026l[?2026h[?25l[A[A[A[1Ggathering model components [K
copying file sha256:8875b53e09efb8221ff4f1c02a167e968d20c6331faa7c7206a5b57aa5316202 100% [K
parsing GGUF [K
verifying conversion ⠴ [K[?25h[?2026l[?2026h[?25l[A[A[A[1Ggathering model components [K
copying file sha256:8875b53e09efb8221ff4f1c02a167e968d20c6331faa7c7206a5b57aa5316202 100% [K
parsing GGUF [K
verifying conversion ⠦ [K[?25h[?2026l[?2026h[?25l[A[A[A[1Ggathering model components [K
copying file sha256:8875b53e09efb8221ff4f1c02a167e968d20c6331faa7c7206a5b57aa5316202 100% [K
parsing GGUF [K
verifying conversion ⠧ [K[?25h[?2026l[?2026h[?25l[A[A[A[1Ggathering model components [K
copying file sha256:8875b53e09efb8221ff4f1c02a167e968d20c6331faa7c7206a5b57aa5316202 100% [K
parsing GGUF [K
verifying conversion ⠇ [K[?25h[?2026l[?2026h[?25l[A[A[A[1Ggathering model components [K
copying file sha256:8875b53e09efb8221ff4f1c02a167e968d20c6331faa7c7206a5b57aa5316202 100% [K
parsing GGUF [K
verifying conversion ⠏ [K[?25h[?2026l[?2026h[?25l[A[A[A[1Ggathering model components [K
copying file sha256:8875b53e09efb8221ff4f1c02a167e968d20c6331faa7c7206a5b57aa5316202 100% [K
parsing GGUF [K
verifying conversion ⠋ [K[?25h[?2026l[?2026h[?25l[A[A[A[1Ggathering model components [K
copying file sha256:8875b53e09efb8221ff4f1c02a167e968d20c6331faa7c7206a5b57aa5316202 100% [K
parsing GGUF [K
verifying conversion ⠙ [K[?25h[?2026l[?2026h[?25l[A[A[A[1Ggathering model components [K
copying file sha256:8875b53e09efb8221ff4f1c02a167e968d20c6331faa7c7206a5b57aa5316202 100% [K
parsing GGUF [K
verifying conversion ⠹ [K[?25h[?2026l[?2026h[?25l[A[A[A[1Ggathering model components [K
copying file sha256:8875b53e09efb8221ff4f1c02a167e968d20c6331faa7c7206a5b57aa5316202 100% [K
parsing GGUF [K
verifying conversion ⠸ [K[?25h[?2026l[?2026h[?25l[A[A[A[1Ggathering model components [K
copying file sha256:8875b53e09efb8221ff4f1c02a167e968d20c6331faa7c7206a5b57aa5316202 100% [K
parsing GGUF [K
verifying conversion ⠼ [K[?25h[?2026l[?2026h[?25l[A[A[A[1Ggathering model components [K
copying file sha256:8875b53e09efb8221ff4f1c02a167e968d20c6331faa7c7206a5b57aa5316202 100% [K
parsing GGUF [K
verifying conversion ⠴ [K[?25h[?2026l[?2026h[?25l[A[A[A[1Ggathering model components [K
copying file sha256:8875b53e09efb8221ff4f1c02a167e968d20c6331faa7c7206a5b57aa5316202 100% [K
parsing GGUF [K
verifying conversion ⠦ [K[?25h[?2026l[?2026h[?25l[A[A[A[1Ggathering model components [K
copying file sha256:8875b53e09efb8221ff4f1c02a167e968d20c6331faa7c7206a5b57aa5316202 100% [K
parsing GGUF [K
verifying conversion ⠧ [K[?25h[?2026l[?2026h[?25l[A[A[A[1Ggathering model components [K
copying file sha256:8875b53e09efb8221ff4f1c02a167e968d20c6331faa7c7206a5b57aa5316202 100% [K
parsing GGUF [K
verifying conversion ⠇ [K[?25h[?2026l[?2026h[?25l[A[A[A[1Ggathering model components [K
copying file sha256:8875b53e09efb8221ff4f1c02a167e968d20c6331faa7c7206a5b57aa5316202 100% [K
parsing GGUF [K
verifying conversion ⠏ [K[?25h[?2026l[?2026h[?25l[A[A[A[1Ggathering model components [K
copying file sha256:8875b53e09efb8221ff4f1c02a167e968d20c6331faa7c7206a5b57aa5316202 100% [K
parsing GGUF [K
verifying conversion ⠋ [K[?25h[?2026l[?2026h[?25l[A[A[A[1Ggathering model components [K
copying file sha256:8875b53e09efb8221ff4f1c02a167e968d20c6331faa7c7206a5b57aa5316202 100% [K
parsing GGUF [K
verifying conversion ⠙ [K[?25h[?2026l[?2026h[?25l[A[A[A[1Ggathering model components [K
copying file sha256:8875b53e09efb8221ff4f1c02a167e968d20c6331faa7c7206a5b57aa5316202 100% [K
parsing GGUF [K
verifying conversion ⠹ [K[?25h[?2026l[?2026h[?25l[A[A[A[1Ggathering model components [K
copying file sha256:8875b53e09efb8221ff4f1c02a167e968d20c6331faa7c7206a5b57aa5316202 100% [K
parsing GGUF [K
verifying conversion ⠸ [K[?25h[?2026l[?2026h[?25l[A[A[A[1Ggathering model components [K
copying file sha256:8875b53e09efb8221ff4f1c02a167e968d20c6331faa7c7206a5b57aa5316202 100% [K
parsing GGUF [K
verifying conversion ⠼ [K[?25h[?2026l[?2026h[?25l[A[A[A[1Ggathering model components [K
copying file sha256:8875b53e09efb8221ff4f1c02a167e968d20c6331faa7c7206a5b57aa5316202 100% [K
parsing GGUF [K
verifying conversion ⠴ [K[?25h[?2026l[?2026h[?25l[A[A[A[1Ggathering model components [K
copying file sha256:8875b53e09efb8221ff4f1c02a167e968d20c6331faa7c7206a5b57aa5316202 100% [K
parsing GGUF [K
verifying conversion ⠦ [K[?25h[?2026l[?2026h[?25l[A[A[A[1Ggathering model components [K
copying file sha256:8875b53e09efb8221ff4f1c02a167e968d20c6331faa7c7206a5b57aa5316202 100% [K
parsing GGUF [K
verifying conversion ⠧ [K[?25h[?2026l[?2026h[?25l[A[A[A[1Ggathering model components [K
copying file sha256:8875b53e09efb8221ff4f1c02a167e968d20c6331faa7c7206a5b57aa5316202 100% [K
parsing GGUF [K
verifying conversion ⠇ [K[?25h[?2026l[?2026h[?25l[A[A[A[1Ggathering model components [K
copying file sha256:8875b53e09efb8221ff4f1c02a167e968d20c6331faa7c7206a5b57aa5316202 100% [K
parsing GGUF [K
verifying conversion ⠏ [K[?25h[?2026l[?2026h[?25l[A[A[A[1Ggathering model components [K
copying file sha256:8875b53e09efb8221ff4f1c02a167e968d20c6331faa7c7206a5b57aa5316202 100% [K
parsing GGUF [K
verifying conversion ⠋ [K[?25h[?2026l[?2026h[?25l[A[A[A[1Ggathering model components [K
copying file sha256:8875b53e09efb8221ff4f1c02a167e968d20c6331faa7c7206a5b57aa5316202 100% [K
parsing GGUF [K
verifying conversion ⠙ [K[?25h[?2026l[?2026h[?25l[A[A[A[1Ggathering model components [K
copying file sha256:8875b53e09efb8221ff4f1c02a167e968d20c6331faa7c7206a5b57aa5316202 100% [K
parsing GGUF [K
verifying conversion ⠹ [K[?25h[?2026l[?2026h[?25l[A[A[A[1Ggathering model components [K
copying file sha256:8875b53e09efb8221ff4f1c02a167e968d20c6331faa7c7206a5b57aa5316202 100% [K
parsing GGUF [K
verifying conversion ⠸ [K[?25h[?2026l[?2026h[?25l[A[A[A[1Ggathering model components [K
copying file sha256:8875b53e09efb8221ff4f1c02a167e968d20c6331faa7c7206a5b57aa5316202 100% [K
parsing GGUF [K
verifying conversion ⠼ [K[?25h[?2026l[?2026h[?25l[A[A[A[1Ggathering model components [K
copying file sha256:8875b53e09efb8221ff4f1c02a167e968d20c6331faa7c7206a5b57aa5316202 100% [K
parsing GGUF [K
verifying conversion ⠴ [K[?25h[?2026l[?2026h[?25l[A[A[A[1Ggathering model components [K
copying file sha256:8875b53e09efb8221ff4f1c02a167e968d20c6331faa7c7206a5b57aa5316202 100% [K
parsing GGUF [K
verifying conversion ⠦ [K[?25h[?2026l[?2026h[?25l[A[A[A[1Ggathering model components [K
copying file sha256:8875b53e09efb8221ff4f1c02a167e968d20c6331faa7c7206a5b57aa5316202 100% [K
parsing GGUF [K
verifying conversion ⠧ [K[?25h[?2026l[?2026h[?25l[A[A[A[1Ggathering model components [K
copying file sha256:8875b53e09efb8221ff4f1c02a167e968d20c6331faa7c7206a5b57aa5316202 100% [K
parsing GGUF [K
verifying conversion ⠇ [K[?25h[?2026l[?2026h[?25l[A[A[A[1Ggathering model components [K
copying file sha256:8875b53e09efb8221ff4f1c02a167e968d20c6331faa7c7206a5b57aa5316202 100% [K
parsing GGUF [K
verifying conversion ⠏ [K[?25h[?2026l[?2026h[?25l[A[A[A[1Ggathering model components [K
copying file sha256:8875b53e09efb8221ff4f1c02a167e968d20c6331faa7c7206a5b57aa5316202 100% [K
parsing GGUF [K
verifying conversion ⠋ [K[?25h[?2026l[?2026h[?25l[A[A[A[1Ggathering model components [K
copying file sha256:8875b53e09efb8221ff4f1c02a167e968d20c6331faa7c7206a5b57aa5316202 100% [K
parsing GGUF [K
verifying conversion ⠙ [K[?25h[?2026l[?2026h[?25l[A[A[A[1Ggathering model components [K
copying file sha256:8875b53e09efb8221ff4f1c02a167e968d20c6331faa7c7206a5b57aa5316202 100% [K
parsing GGUF [K
verifying conversion ⠹ [K[?25h[?2026l[?2026h[?25l[A[A[A[1Ggathering model components [K
copying file sha256:8875b53e09efb8221ff4f1c02a167e968d20c6331faa7c7206a5b57aa5316202 100% [K
parsing GGUF [K
verifying conversion ⠸ [K[?25h[?2026l[?2026h[?25l[A[A[A[1Ggathering model components [K
copying file sha256:8875b53e09efb8221ff4f1c02a167e968d20c6331faa7c7206a5b57aa5316202 100% [K
parsing GGUF [K
verifying conversion ⠼ [K[?25h[?2026l[?2026h[?25l[A[A[A[1Ggathering model components [K
copying file sha256:8875b53e09efb8221ff4f1c02a167e968d20c6331faa7c7206a5b57aa5316202 100% [K
parsing GGUF [K
verifying conversion ⠴ [K[?25h[?2026l[?2026h[?25l[A[A[A[1Ggathering model components [K
copying file sha256:8875b53e09efb8221ff4f1c02a167e968d20c6331faa7c7206a5b57aa5316202 100% [K
parsing GGUF [K
verifying conversion ⠦ [K[?25h[?2026l[?2026h[?25l[A[A[A[1Ggathering model components [K
copying file sha256:8875b53e09efb8221ff4f1c02a167e968d20c6331faa7c7206a5b57aa5316202 100% [K
parsing GGUF [K
verifying conversion ⠧ [K[?25h[?2026l[?2026h[?25l[A[A[A[1Ggathering model components [K
copying file sha256:8875b53e09efb8221ff4f1c02a167e968d20c6331faa7c7206a5b57aa5316202 100% [K
parsing GGUF [K
verifying conversion ⠇ [K[?25h[?2026l[?2026h[?25l[A[A[A[1Ggathering model components [K
copying file sha256:8875b53e09efb8221ff4f1c02a167e968d20c6331faa7c7206a5b57aa5316202 100% [K
parsing GGUF [K
verifying conversion ⠏ [K[?25h[?2026l[?2026h[?25l[A[A[A[1Ggathering model components [K
copying file sha256:8875b53e09efb8221ff4f1c02a167e968d20c6331faa7c7206a5b57aa5316202 100% [K
parsing GGUF [K
verifying conversion ⠋ [K[?25h[?2026l[?2026h[?25l[A[A[A[1Ggathering model components [K
copying file sha256:8875b53e09efb8221ff4f1c02a167e968d20c6331faa7c7206a5b57aa5316202 100% [K
parsing GGUF [K
verifying conversion ⠙ [K[?25h[?2026l[?2026h[?25l[A[A[A[1Ggathering model components [K
copying file sha256:8875b53e09efb8221ff4f1c02a167e968d20c6331faa7c7206a5b57aa5316202 100% [K
parsing GGUF [K
verifying conversion ⠹ [K[?25h[?2026l[?2026h[?25l[A[A[A[1Ggathering model components [K
copying file sha256:8875b53e09efb8221ff4f1c02a167e968d20c6331faa7c7206a5b57aa5316202 100% [K
parsing GGUF [K
verifying conversion ⠸ [K[?25h[?2026l[?2026h[?25l[A[A[A[1Ggathering model components [K
copying file sha256:8875b53e09efb8221ff4f1c02a167e968d20c6331faa7c7206a5b57aa5316202 100% [K
parsing GGUF [K
verifying conversion ⠼ [K[?25h[?2026l[?2026h[?25l[A[A[A[1Ggathering model components [K
copying file sha256:8875b53e09efb8221ff4f1c02a167e968d20c6331faa7c7206a5b57aa5316202 100% [K
parsing GGUF [K
verifying conversion ⠴ [K[?25h[?2026l[?2026h[?25l[A[A[A[1Ggathering model components [K
copying file sha256:8875b53e09efb8221ff4f1c02a167e968d20c6331faa7c7206a5b57aa5316202 100% [K
parsing GGUF [K
verifying conversion ⠦ [K[?25h[?2026l[?2026h[?25l[A[A[A[1Ggathering model components [K
copying file sha256:8875b53e09efb8221ff4f1c02a167e968d20c6331faa7c7206a5b57aa5316202 100% [K
parsing GGUF [K
verifying conversion ⠧ [K[?25h[?2026l[?2026h[?25l[A[A[A[1Ggathering model components [K
copying file sha256:8875b53e09efb8221ff4f1c02a167e968d20c6331faa7c7206a5b57aa5316202 100% [K
parsing GGUF [K
verifying conversion ⠇ [K[?25h[?2026l[?2026h[?25l[A[A[A[1Ggathering model components [K
copying file sha256:8875b53e09efb8221ff4f1c02a167e968d20c6331faa7c7206a5b57aa5316202 100% [K
parsing GGUF [K
verifying conversion ⠏ [K[?25h[?2026l[?2026h[?25l[A[A[A[1Ggathering model components [K
copying file sha256:8875b53e09efb8221ff4f1c02a167e968d20c6331faa7c7206a5b57aa5316202 100% [K
parsing GGUF [K
verifying conversion ⠋ [K[?25h[?2026l[?2026h[?25l[A[A[A[1Ggathering model components [K
copying file sha256:8875b53e09efb8221ff4f1c02a167e968d20c6331faa7c7206a5b57aa5316202 100% [K
parsing GGUF [K
verifying conversion ⠙ [K[?25h[?2026l[?2026h[?25l[A[A[A[1Ggathering model components [K
copying file sha256:8875b53e09efb8221ff4f1c02a167e968d20c6331faa7c7206a5b57aa5316202 100% [K
parsing GGUF [K
verifying conversion ⠹ [K[?25h[?2026l[?2026h[?25l[A[A[A[1Ggathering model components [K
copying file sha256:8875b53e09efb8221ff4f1c02a167e968d20c6331faa7c7206a5b57aa5316202 100% [K
parsing GGUF [K
verifying conversion ⠸ [K[?25h[?2026l[?2026h[?25l[A[A[A[1Ggathering model components [K
copying file sha256:8875b53e09efb8221ff4f1c02a167e968d20c6331faa7c7206a5b57aa5316202 100% [K
parsing GGUF [K
verifying conversion ⠼ [K[?25h[?2026l[?2026h[?25l[A[A[A[1Ggathering model components [K
copying file sha256:8875b53e09efb8221ff4f1c02a167e968d20c6331faa7c7206a5b57aa5316202 100% [K
parsing GGUF [K
verifying conversion ⠴ [K[?25h[?2026l[?2026h[?25l[A[A[A[1Ggathering model components [K
copying file sha256:8875b53e09efb8221ff4f1c02a167e968d20c6331faa7c7206a5b57aa5316202 100% [K
parsing GGUF [K
verifying conversion ⠦ [K[?25h[?2026l[?2026h[?25l[A[A[A[1Ggathering model components [K
copying file sha256:8875b53e09efb8221ff4f1c02a167e968d20c6331faa7c7206a5b57aa5316202 100% [K
parsing GGUF [K
verifying conversion ⠧ [K[?25h[?2026l[?2026h[?25l[A[A[A[1Ggathering model components [K
copying file sha256:8875b53e09efb8221ff4f1c02a167e968d20c6331faa7c7206a5b57aa5316202 100% [K
parsing GGUF [K
verifying conversion ⠇ [K[?25h[?2026l[?2026h[?25l[A[A[A[1Ggathering model components [K
copying file sha256:8875b53e09efb8221ff4f1c02a167e968d20c6331faa7c7206a5b57aa5316202 100% [K
parsing GGUF [K
verifying conversion ⠏ [K[?25h[?2026l[?2026h[?25l[A[A[A[1Ggathering model components [K
copying file sha256:8875b53e09efb8221ff4f1c02a167e968d20c6331faa7c7206a5b57aa5316202 100% [K
parsing GGUF [K
verifying conversion ⠋ [K[?25h[?2026l[?2026h[?25l[A[A[A[1Ggathering model components [K
copying file sha256:8875b53e09efb8221ff4f1c02a167e968d20c6331faa7c7206a5b57aa5316202 100% [K
parsing GGUF [K
verifying conversion ⠙ [K[?25h[?2026l[?2026h[?25l[A[A[A[1Ggathering model components [K
copying file sha256:8875b53e09efb8221ff4f1c02a167e968d20c6331faa7c7206a5b57aa5316202 100% [K
parsing GGUF [K
verifying conversion ⠹ [K[?25h[?2026l[?2026h[?25l[A[A[A[1Ggathering model components [K
copying file sha256:8875b53e09efb8221ff4f1c02a167e968d20c6331faa7c7206a5b57aa5316202 100% [K
parsing GGUF [K
verifying conversion ⠸ [K[?25h[?2026l[?2026h[?25l[A[A[A[1Ggathering model components [K
copying file sha256:8875b53e09efb8221ff4f1c02a167e968d20c6331faa7c7206a5b57aa5316202 100% [K
parsing GGUF [K
verifying conversion ⠼ [K[?25h[?2026l[?2026h[?25l[A[A[A[1Ggathering model components [K
copying file sha256:8875b53e09efb8221ff4f1c02a167e968d20c6331faa7c7206a5b57aa5316202 100% [K
parsing GGUF [K
verifying conversion ⠴ [K[?25h[?2026l[?2026h[?25l[A[A[A[1Ggathering model components [K
copying file sha256:8875b53e09efb8221ff4f1c02a167e968d20c6331faa7c7206a5b57aa5316202 100% [K
parsing GGUF [K
verifying conversion ⠦ [K[?25h[?2026l[?2026h[?25l[A[A[A[1Ggathering model components [K
copying file sha256:8875b53e09efb8221ff4f1c02a167e968d20c6331faa7c7206a5b57aa5316202 100% [K
parsing GGUF [K
verifying conversion ⠧ [K[?25h[?2026l[?2026h[?25l[A[A[A[1Ggathering model components [K
copying file sha256:8875b53e09efb8221ff4f1c02a167e968d20c6331faa7c7206a5b57aa5316202 100% [K
parsing GGUF [K
verifying conversion ⠇ [K[?25h[?2026l[?2026h[?25l[A[A[A[1Ggathering model components [K
copying file sha256:8875b53e09efb8221ff4f1c02a167e968d20c6331faa7c7206a5b57aa5316202 100% [K
parsing GGUF [K
verifying conversion ⠏ [K[?25h[?2026l[?2026h[?25l[A[A[A[1Ggathering model components [K
copying file sha256:8875b53e09efb8221ff4f1c02a167e968d20c6331faa7c7206a5b57aa5316202 100% [K
parsing GGUF [K
verifying conversion ⠋ [K[?25h[?2026l[?2026h[?25l[A[A[A[1Ggathering model components [K
copying file sha256:8875b53e09efb8221ff4f1c02a167e968d20c6331faa7c7206a5b57aa5316202 100% [K
parsing GGUF [K
verifying conversion ⠙ [K[?25h[?2026l[?2026h[?25l[A[A[A[1Ggathering model components [K
copying file sha256:8875b53e09efb8221ff4f1c02a167e968d20c6331faa7c7206a5b57aa5316202 100% [K
parsing GGUF [K
verifying conversion ⠹ [K[?25h[?2026l[?2026h[?25l[A[A[A[1Ggathering model components [K
copying file sha256:8875b53e09efb8221ff4f1c02a167e968d20c6331faa7c7206a5b57aa5316202 100% [K
parsing GGUF [K
verifying conversion ⠸ [K[?25h[?2026l[?2026h[?25l[A[A[A[1Ggathering model components [K
copying file sha256:8875b53e09efb8221ff4f1c02a167e968d20c6331faa7c7206a5b57aa5316202 100% [K
parsing GGUF [K
verifying conversion ⠼ [K[?25h[?2026l[?2026h[?25l[A[A[A[1Ggathering model components [K
copying file sha256:8875b53e09efb8221ff4f1c02a167e968d20c6331faa7c7206a5b57aa5316202 100% [K
parsing GGUF [K
verifying conversion ⠴ [K[?25h[?2026l[?2026h[?25l[A[A[A[1Ggathering model components [K
copying file sha256:8875b53e09efb8221ff4f1c02a167e968d20c6331faa7c7206a5b57aa5316202 100% [K
parsing GGUF [K
verifying conversion ⠦ [K[?25h[?2026l[?2026h[?25l[A[A[A[1Ggathering model components [K
copying file sha256:8875b53e09efb8221ff4f1c02a167e968d20c6331faa7c7206a5b57aa5316202 100% [K
parsing GGUF [K
verifying conversion ⠧ [K[?25h[?2026l[?2026h[?25l[A[A[A[1Ggathering model components [K
copying file sha256:8875b53e09efb8221ff4f1c02a167e968d20c6331faa7c7206a5b57aa5316202 100% [K
parsing GGUF [K
verifying conversion ⠇ [K[?25h[?2026l[?2026h[?25l[A[A[A[1Ggathering model components [K
copying file sha256:8875b53e09efb8221ff4f1c02a167e968d20c6331faa7c7206a5b57aa5316202 100% [K
parsing GGUF [K
verifying conversion ⠏ [K[?25h[?2026l[?2026h[?25l[A[A[A[1Ggathering model components [K
copying file sha256:8875b53e09efb8221ff4f1c02a167e968d20c6331faa7c7206a5b57aa5316202 100% [K
parsing GGUF [K
verifying conversion ⠋ [K[?25h[?2026l[?2026h[?25l[A[A[A[1Ggathering model components [K
copying file sha256:8875b53e09efb8221ff4f1c02a167e968d20c6331faa7c7206a5b57aa5316202 100% [K
parsing GGUF [K
verifying conversion ⠙ [K[?25h[?2026l[?2026h[?25l[A[A[A[1Ggathering model components [K
copying file sha256:8875b53e09efb8221ff4f1c02a167e968d20c6331faa7c7206a5b57aa5316202 100% [K
parsing GGUF [K
verifying conversion ⠹ [K[?25h[?2026l[?2026h[?25l[A[A[A[1Ggathering model components [K
copying file sha256:8875b53e09efb8221ff4f1c02a167e968d20c6331faa7c7206a5b57aa5316202 100% [K
parsing GGUF [K
verifying conversion ⠸ [K[?25h[?2026l[?2026h[?25l[A[A[A[1Ggathering model components [K
copying file sha256:8875b53e09efb8221ff4f1c02a167e968d20c6331faa7c7206a5b57aa5316202 100% [K
parsing GGUF [K
verifying conversion ⠼ [K[?25h[?2026l[?2026h[?25l[A[A[A[1Ggathering model components [K
copying file sha256:8875b53e09efb8221ff4f1c02a167e968d20c6331faa7c7206a5b57aa5316202 100% [K
parsing GGUF [K
verifying conversion ⠴ [K[?25h[?2026l[?2026h[?25l[A[A[A[1Ggathering model components [K
copying file sha256:8875b53e09efb8221ff4f1c02a167e968d20c6331faa7c7206a5b57aa5316202 100% [K
parsing GGUF [K
verifying conversion ⠦ [K[?25h[?2026l[?2026h[?25l[A[A[A[1Ggathering model components [K
copying file sha256:8875b53e09efb8221ff4f1c02a167e968d20c6331faa7c7206a5b57aa5316202 100% [K
parsing GGUF [K
verifying conversion ⠧ [K[?25h[?2026l[?2026h[?25l[A[A[A[1Ggathering model components [K
copying file sha256:8875b53e09efb8221ff4f1c02a167e968d20c6331faa7c7206a5b57aa5316202 100% [K
parsing GGUF [K
verifying conversion ⠇ [K[?25h[?2026l[?2026h[?25l[A[A[A[1Ggathering model components [K
copying file sha256:8875b53e09efb8221ff4f1c02a167e968d20c6331faa7c7206a5b57aa5316202 100% [K
parsing GGUF [K
verifying conversion ⠏ [K[?25h[?2026l[?2026h[?25l[A[A[A[1Ggathering model components [K
copying file sha256:8875b53e09efb8221ff4f1c02a167e968d20c6331faa7c7206a5b57aa5316202 100% [K
parsing GGUF [K
verifying conversion ⠋ [K[?25h[?2026l[?2026h[?25l[A[A[A[1Ggathering model components [K
copying file sha256:8875b53e09efb8221ff4f1c02a167e968d20c6331faa7c7206a5b57aa5316202 100% [K
parsing GGUF [K
verifying conversion ⠙ [K[?25h[?2026l[?2026h[?25l[A[A[A[1Ggathering model components [K
copying file sha256:8875b53e09efb8221ff4f1c02a167e968d20c6331faa7c7206a5b57aa5316202 100% [K
parsing GGUF [K
verifying conversion ⠹ [K[?25h[?2026l[?2026h[?25l[A[A[A[1Ggathering model components [K
copying file sha256:8875b53e09efb8221ff4f1c02a167e968d20c6331faa7c7206a5b57aa5316202 100% [K
parsing GGUF [K
verifying conversion ⠸ [K[?25h[?2026l[?2026h[?25l[A[A[A[1Ggathering model components [K
copying file sha256:8875b53e09efb8221ff4f1c02a167e968d20c6331faa7c7206a5b57aa5316202 100% [K
parsing GGUF [K
verifying conversion ⠼ [K[?25h[?2026l[?2026h[?25l[A[A[A[1Ggathering model components [K
copying file sha256:8875b53e09efb8221ff4f1c02a167e968d20c6331faa7c7206a5b57aa5316202 100% [K
parsing GGUF [K
verifying conversion ⠴ [K[?25h[?2026l[?2026h[?25l[A[A[A[1Ggathering model components [K
copying file sha256:8875b53e09efb8221ff4f1c02a167e968d20c6331faa7c7206a5b57aa5316202 100% [K
parsing GGUF [K
verifying conversion ⠦ [K[?25h[?2026l[?2026h[?25l[A[A[A[1Ggathering model components [K
copying file sha256:8875b53e09efb8221ff4f1c02a167e968d20c6331faa7c7206a5b57aa5316202 100% [K
parsing GGUF [K
verifying conversion ⠧ [K[?25h[?2026l[?2026h[?25l[A[A[A[1Ggathering model components [K
copying file sha256:8875b53e09efb8221ff4f1c02a167e968d20c6331faa7c7206a5b57aa5316202 100% [K
parsing GGUF [K
verifying conversion ⠇ [K[?25h[?2026l[?2026h[?25l[A[A[A[1Ggathering model components [K
copying file sha256:8875b53e09efb8221ff4f1c02a167e968d20c6331faa7c7206a5b57aa5316202 100% [K
parsing GGUF [K
verifying conversion ⠏ [K[?25h[?2026l[?2026h[?25l[A[A[A[1Ggathering model components [K
copying file sha256:8875b53e09efb8221ff4f1c02a167e968d20c6331faa7c7206a5b57aa5316202 100% [K
parsing GGUF [K
verifying conversion ⠋ [K[?25h[?2026l[?2026h[?25l[A[A[A[1Ggathering model components [K
copying file sha256:8875b53e09efb8221ff4f1c02a167e968d20c6331faa7c7206a5b57aa5316202 100% [K
parsing GGUF [K
verifying conversion ⠙ [K[?25h[?2026l[?2026h[?25l[A[A[A[1Ggathering model components [K
copying file sha256:8875b53e09efb8221ff4f1c02a167e968d20c6331faa7c7206a5b57aa5316202 100% [K
parsing GGUF [K
verifying conversion ⠹ [K[?25h[?2026l[?2026h[?25l[A[A[A[1Ggathering model components [K
copying file sha256:8875b53e09efb8221ff4f1c02a167e968d20c6331faa7c7206a5b57aa5316202 100% [K
parsing GGUF [K
verifying conversion ⠸ [K[?25h[?2026l[?2026h[?25l[A[A[A[1Ggathering model components [K
copying file sha256:8875b53e09efb8221ff4f1c02a167e968d20c6331faa7c7206a5b57aa5316202 100% [K
parsing GGUF [K
verifying conversion ⠼ [K[?25h[?2026l[?2026h[?25l[A[A[A[1Ggathering model components [K
copying file sha256:8875b53e09efb8221ff4f1c02a167e968d20c6331faa7c7206a5b57aa5316202 100% [K
parsing GGUF [K
verifying conversion ⠴ [K[?25h[?2026l[?2026h[?25l[A[A[A[1Ggathering model components [K
copying file sha256:8875b53e09efb8221ff4f1c02a167e968d20c6331faa7c7206a5b57aa5316202 100% [K
parsing GGUF [K
verifying conversion ⠦ [K[?25h[?2026l[?2026h[?25l[A[A[A[1Ggathering model components [K
copying file sha256:8875b53e09efb8221ff4f1c02a167e968d20c6331faa7c7206a5b57aa5316202 100% [K
parsing GGUF [K
verifying conversion ⠧ [K[?25h[?2026l[?2026h[?25l[A[A[A[1Ggathering model components [K
copying file sha256:8875b53e09efb8221ff4f1c02a167e968d20c6331faa7c7206a5b57aa5316202 100% [K
parsing GGUF [K
verifying conversion ⠇ [K[?25h[?2026l[?2026h[?25l[A[A[A[1Ggathering model components [K
copying file sha256:8875b53e09efb8221ff4f1c02a167e968d20c6331faa7c7206a5b57aa5316202 100% [K
parsing GGUF [K
verifying conversion ⠏ [K[?25h[?2026l[?2026h[?25l[A[A[A[1Ggathering model components [K
copying file sha256:8875b53e09efb8221ff4f1c02a167e968d20c6331faa7c7206a5b57aa5316202 100% [K
parsing GGUF [K
verifying conversion ⠋ [K[?25h[?2026l[?2026h[?25l[A[A[A[1Ggathering model components [K
copying file sha256:8875b53e09efb8221ff4f1c02a167e968d20c6331faa7c7206a5b57aa5316202 100% [K
parsing GGUF [K
verifying conversion ⠙ [K[?25h[?2026l[?2026h[?25l[A[A[A[1Ggathering model components [K
copying file sha256:8875b53e09efb8221ff4f1c02a167e968d20c6331faa7c7206a5b57aa5316202 100% [K
parsing GGUF [K
verifying conversion ⠹ [K[?25h[?2026l[?2026h[?25l[A[A[A[1Ggathering model components [K
copying file sha256:8875b53e09efb8221ff4f1c02a167e968d20c6331faa7c7206a5b57aa5316202 100% [K
parsing GGUF [K
verifying conversion ⠸ [K[?25h[?2026l[?2026h[?25l[A[A[A[1Ggathering model components [K
copying file sha256:8875b53e09efb8221ff4f1c02a167e968d20c6331faa7c7206a5b57aa5316202 100% [K
parsing GGUF [K
verifying conversion ⠼ [K[?25h[?2026l[?2026h[?25l[A[A[A[1Ggathering model components [K
copying file sha256:8875b53e09efb8221ff4f1c02a167e968d20c6331faa7c7206a5b57aa5316202 100% [K
parsing GGUF [K
verifying conversion ⠴ [K[?25h[?2026l[?2026h[?25l[A[A[A[1Ggathering model components [K
copying file sha256:8875b53e09efb8221ff4f1c02a167e968d20c6331faa7c7206a5b57aa5316202 100% [K
parsing GGUF [K
verifying conversion ⠦ [K[?25h[?2026l[?2026h[?25l[A[A[A[1Ggathering model components [K
copying file sha256:8875b53e09efb8221ff4f1c02a167e968d20c6331faa7c7206a5b57aa5316202 100% [K
parsing GGUF [K
verifying conversion ⠧ [K[?25h[?2026l[?2026h[?25l[A[A[A[1Ggathering model components [K
copying file sha256:8875b53e09efb8221ff4f1c02a167e968d20c6331faa7c7206a5b57aa5316202 100% [K
parsing GGUF [K
verifying conversion ⠇ [K[?25h[?2026l[?2026h[?25l[A[A[A[1Ggathering model components [K
copying file sha256:8875b53e09efb8221ff4f1c02a167e968d20c6331faa7c7206a5b57aa5316202 100% [K
parsing GGUF [K
verifying conversion ⠏ [K[?25h[?2026l[?2026h[?25l[A[A[A[1Ggathering model components [K
copying file sha256:8875b53e09efb8221ff4f1c02a167e968d20c6331faa7c7206a5b57aa5316202 100% [K
parsing GGUF [K
verifying conversion ⠋ [K[?25h[?2026l[?2026h[?25l[A[A[A[1Ggathering model components [K
copying file sha256:8875b53e09efb8221ff4f1c02a167e968d20c6331faa7c7206a5b57aa5316202 100% [K
parsing GGUF [K
verifying conversion ⠙ [K[?25h[?2026l[?2026h[?25l[A[A[A[1Ggathering model components [K
copying file sha256:8875b53e09efb8221ff4f1c02a167e968d20c6331faa7c7206a5b57aa5316202 100% [K
parsing GGUF [K
verifying conversion ⠹ [K[?25h[?2026l[?2026h[?25l[A[A[A[1Ggathering model components [K
copying file sha256:8875b53e09efb8221ff4f1c02a167e968d20c6331faa7c7206a5b57aa5316202 100% [K
parsing GGUF [K
verifying conversion ⠸ [K[?25h[?2026l[?2026h[?25l[A[A[A[1Ggathering model components [K
copying file sha256:8875b53e09efb8221ff4f1c02a167e968d20c6331faa7c7206a5b57aa5316202 100% [K
parsing GGUF [K
verifying conversion ⠼ [K[?25h[?2026l[?2026h[?25l[A[A[A[1Ggathering model components [K
copying file sha256:8875b53e09efb8221ff4f1c02a167e968d20c6331faa7c7206a5b57aa5316202 100% [K
parsing GGUF [K
verifying conversion ⠴ [K[?25h[?2026l[?2026h[?25l[A[A[A[1Ggathering model components [K
copying file sha256:8875b53e09efb8221ff4f1c02a167e968d20c6331faa7c7206a5b57aa5316202 100% [K
parsing GGUF [K
verifying conversion ⠦ [K[?25h[?2026l[?2026h[?25l[A[A[A[1Ggathering model components [K
copying file sha256:8875b53e09efb8221ff4f1c02a167e968d20c6331faa7c7206a5b57aa5316202 100% [K
parsing GGUF [K
verifying conversion ⠧ [K[?25h[?2026l[?2026h[?25l[A[A[A[1Ggathering model components [K
copying file sha256:8875b53e09efb8221ff4f1c02a167e968d20c6331faa7c7206a5b57aa5316202 100% [K
parsing GGUF [K
verifying conversion ⠇ [K[?25h[?2026l[?2026h[?25l[A[A[A[1Ggathering model components [K
copying file sha256:8875b53e09efb8221ff4f1c02a167e968d20c6331faa7c7206a5b57aa5316202 100% [K
parsing GGUF [K
verifying conversion ⠏ [K[?25h[?2026l[?2026h[?25l[A[A[A[1Ggathering model components [K
copying file sha256:8875b53e09efb8221ff4f1c02a167e968d20c6331faa7c7206a5b57aa5316202 100% [K
parsing GGUF [K
verifying conversion ⠋ [K[?25h[?2026l[?2026h[?25l[A[A[A[1Ggathering model components [K
copying file sha256:8875b53e09efb8221ff4f1c02a167e968d20c6331faa7c7206a5b57aa5316202 100% [K
parsing GGUF [K
verifying conversion ⠙ [K[?25h[?2026l[?2026h[?25l[A[A[A[1Ggathering model components [K
copying file sha256:8875b53e09efb8221ff4f1c02a167e968d20c6331faa7c7206a5b57aa5316202 100% [K
parsing GGUF [K
verifying conversion ⠹ [K[?25h[?2026l[?2026h[?25l[A[A[A[1Ggathering model components [K
copying file sha256:8875b53e09efb8221ff4f1c02a167e968d20c6331faa7c7206a5b57aa5316202 100% [K
parsing GGUF [K
verifying conversion ⠸ [K[?25h[?2026l[?2026h[?25l[A[A[A[1Ggathering model components [K
copying file sha256:8875b53e09efb8221ff4f1c02a167e968d20c6331faa7c7206a5b57aa5316202 100% [K
parsing GGUF [K
verifying conversion ⠼ [K[?25h[?2026l[?2026h[?25l[A[A[A[1Ggathering model components [K
copying file sha256:8875b53e09efb8221ff4f1c02a167e968d20c6331faa7c7206a5b57aa5316202 100% [K
parsing GGUF [K
verifying conversion ⠴ [K[?25h[?2026l[?2026h[?25l[A[A[A[1Ggathering model components [K
copying file sha256:8875b53e09efb8221ff4f1c02a167e968d20c6331faa7c7206a5b57aa5316202 100% [K
parsing GGUF [K
verifying conversion ⠦ [K[?25h[?2026l[?2026h[?25l[A[A[A[1Ggathering model components [K
copying file sha256:8875b53e09efb8221ff4f1c02a167e968d20c6331faa7c7206a5b57aa5316202 100% [K
parsing GGUF [K
verifying conversion ⠧ [K[?25h[?2026l[?2026h[?25l[A[A[A[1Ggathering model components [K
copying file sha256:8875b53e09efb8221ff4f1c02a167e968d20c6331faa7c7206a5b57aa5316202 100% [K
parsing GGUF [K
verifying conversion ⠇ [K[?25h[?2026l[?2026h[?25l[A[A[A[1Ggathering model components [K
copying file sha256:8875b53e09efb8221ff4f1c02a167e968d20c6331faa7c7206a5b57aa5316202 100% [K
parsing GGUF [K
verifying conversion ⠏ [K[?25h[?2026l[?2026h[?25l[A[A[A[1Ggathering model components [K
copying file sha256:8875b53e09efb8221ff4f1c02a167e968d20c6331faa7c7206a5b57aa5316202 100% [K
parsing GGUF [K
verifying conversion ⠋ [K[?25h[?2026l[?2026h[?25l[A[A[A[1Ggathering model components [K
copying file sha256:8875b53e09efb8221ff4f1c02a167e968d20c6331faa7c7206a5b57aa5316202 100% [K
parsing GGUF [K
verifying conversion ⠙ [K[?25h[?2026l[?2026h[?25l[A[A[A[1Ggathering model components [K
copying file sha256:8875b53e09efb8221ff4f1c02a167e968d20c6331faa7c7206a5b57aa5316202 100% [K
parsing GGUF [K
verifying conversion ⠹ [K[?25h[?2026l[?2026h[?25l[A[A[A[1Ggathering model components [K
copying file sha256:8875b53e09efb8221ff4f1c02a167e968d20c6331faa7c7206a5b57aa5316202 100% [K
parsing GGUF [K
verifying conversion ⠸ [K[?25h[?2026l[?2026h[?25l[A[A[A[1Ggathering model components [K
copying file sha256:8875b53e09efb8221ff4f1c02a167e968d20c6331faa7c7206a5b57aa5316202 100% [K
parsing GGUF [K
verifying conversion ⠼ [K[?25h[?2026l[?2026h[?25l[A[A[A[1Ggathering model components [K
copying file sha256:8875b53e09efb8221ff4f1c02a167e968d20c6331faa7c7206a5b57aa5316202 100% [K
parsing GGUF [K
verifying conversion ⠴ [K[?25h[?2026l[?2026h[?25l[A[A[A[1Ggathering model components [K
copying file sha256:8875b53e09efb8221ff4f1c02a167e968d20c6331faa7c7206a5b57aa5316202 100% [K
parsing GGUF [K
verifying conversion ⠦ [K[?25h[?2026l[?2026h[?25l[A[A[A[1Ggathering model components [K
copying file sha256:8875b53e09efb8221ff4f1c02a167e968d20c6331faa7c7206a5b57aa5316202 100% [K
parsing GGUF [K
verifying conversion ⠧ [K[?25h[?2026l[?2026h[?25l[A[A[A[1Ggathering model components [K
copying file sha256:8875b53e09efb8221ff4f1c02a167e968d20c6331faa7c7206a5b57aa5316202 100% [K
parsing GGUF [K
verifying conversion ⠇ [K[?25h[?2026l[?2026h[?25l[A[A[A[1Ggathering model components [K
copying file sha256:8875b53e09efb8221ff4f1c02a167e968d20c6331faa7c7206a5b57aa5316202 100% [K
parsing GGUF [K
verifying conversion ⠏ [K[?25h[?2026l[?2026h[?25l[A[A[A[1Ggathering model components [K
copying file sha256:8875b53e09efb8221ff4f1c02a167e968d20c6331faa7c7206a5b57aa5316202 100% [K
parsing GGUF [K
verifying conversion ⠋ [K[?25h[?2026l[?2026h[?25l[A[A[A[1Ggathering model components [K
copying file sha256:8875b53e09efb8221ff4f1c02a167e968d20c6331faa7c7206a5b57aa5316202 100% [K
parsing GGUF [K
verifying conversion ⠙ [K[?25h[?2026l[?2026h[?25l[A[A[A[1Ggathering model components [K
copying file sha256:8875b53e09efb8221ff4f1c02a167e968d20c6331faa7c7206a5b57aa5316202 100% [K
parsing GGUF [K
verifying conversion ⠹ [K[?25h[?2026l[?2026h[?25l[A[A[A[1Ggathering model components [K
copying file sha256:8875b53e09efb8221ff4f1c02a167e968d20c6331faa7c7206a5b57aa5316202 100% [K
parsing GGUF [K
verifying conversion ⠸ [K[?25h[?2026l[?2026h[?25l[A[A[A[1Ggathering model components [K
copying file sha256:8875b53e09efb8221ff4f1c02a167e968d20c6331faa7c7206a5b57aa5316202 100% [K
parsing GGUF [K
verifying conversion ⠼ [K[?25h[?2026l[?2026h[?25l[A[A[A[1Ggathering model components [K
copying file sha256:8875b53e09efb8221ff4f1c02a167e968d20c6331faa7c7206a5b57aa5316202 100% [K
parsing GGUF [K
verifying conversion ⠴ [K[?25h[?2026l[?2026h[?25l[A[A[A[1Ggathering model components [K
copying file sha256:8875b53e09efb8221ff4f1c02a167e968d20c6331faa7c7206a5b57aa5316202 100% [K
parsing GGUF [K
verifying conversion ⠦ [K[?25h[?2026l[?2026h[?25l[A[A[A[1Ggathering model components [K
copying file sha256:8875b53e09efb8221ff4f1c02a167e968d20c6331faa7c7206a5b57aa5316202 100% [K
parsing GGUF [K
verifying conversion ⠧ [K[?25h[?2026l[?2026h[?25l[A[A[A[1Ggathering model components [K
copying file sha256:8875b53e09efb8221ff4f1c02a167e968d20c6331faa7c7206a5b57aa5316202 100% [K
parsing GGUF [K
verifying conversion ⠇ [K[?25h[?2026l[?2026h[?25l[A[A[A[1Ggathering model components [K
copying file sha256:8875b53e09efb8221ff4f1c02a167e968d20c6331faa7c7206a5b57aa5316202 100% [K
parsing GGUF [K
verifying conversion ⠏ [K[?25h[?2026l[?2026h[?25l[A[A[A[1Ggathering model components [K
copying file sha256:8875b53e09efb8221ff4f1c02a167e968d20c6331faa7c7206a5b57aa5316202 100% [K
parsing GGUF [K
verifying conversion ⠋ [K[?25h[?2026l[?2026h[?25l[A[A[A[1Ggathering model components [K
copying file sha256:8875b53e09efb8221ff4f1c02a167e968d20c6331faa7c7206a5b57aa5316202 100% [K
parsing GGUF [K
verifying conversion ⠙ [K[?25h[?2026l[?2026h[?25l[A[A[A[1Ggathering model components [K
copying file sha256:8875b53e09efb8221ff4f1c02a167e968d20c6331faa7c7206a5b57aa5316202 100% [K
parsing GGUF [K
verifying conversion ⠹ [K[?25h[?2026l[?2026h[?25l[A[A[A[1Ggathering model components [K
copying file sha256:8875b53e09efb8221ff4f1c02a167e968d20c6331faa7c7206a5b57aa5316202 100% [K
parsing GGUF [K
verifying conversion ⠸ [K[?25h[?2026l[?2026h[?25l[A[A[A[1Ggathering model components [K
copying file sha256:8875b53e09efb8221ff4f1c02a167e968d20c6331faa7c7206a5b57aa5316202 100% [K
parsing GGUF [K
verifying conversion ⠼ [K[?25h[?2026l[?2026h[?25l[A[A[A[1Ggathering model components [K
copying file sha256:8875b53e09efb8221ff4f1c02a167e968d20c6331faa7c7206a5b57aa5316202 100% [K
parsing GGUF [K
verifying conversion ⠴ [K[?25h[?2026l[?2026h[?25l[A[A[A[1Ggathering model components [K
copying file sha256:8875b53e09efb8221ff4f1c02a167e968d20c6331faa7c7206a5b57aa5316202 100% [K
parsing GGUF [K
verifying conversion ⠦ [K[?25h[?2026l[?2026h[?25l[A[A[A[1Ggathering model components [K
copying file sha256:8875b53e09efb8221ff4f1c02a167e968d20c6331faa7c7206a5b57aa5316202 100% [K
parsing GGUF [K
verifying conversion ⠧ [K[?25h[?2026l[?2026h[?25l[A[A[A[1Ggathering model components [K
copying file sha256:8875b53e09efb8221ff4f1c02a167e968d20c6331faa7c7206a5b57aa5316202 100% [K
parsing GGUF [K
verifying conversion ⠇ [K[?25h[?2026l[?2026h[?25l[A[A[A[1Ggathering model components [K
copying file sha256:8875b53e09efb8221ff4f1c02a167e968d20c6331faa7c7206a5b57aa5316202 100% [K
parsing GGUF [K
verifying conversion ⠏ [K[?25h[?2026l[?2026h[?25l[A[A[A[1Ggathering model components [K
copying file sha256:8875b53e09efb8221ff4f1c02a167e968d20c6331faa7c7206a5b57aa5316202 100% [K
parsing GGUF [K
verifying conversion ⠋ [K[?25h[?2026l[?2026h[?25l[A[A[A[1Ggathering model components [K
copying file sha256:8875b53e09efb8221ff4f1c02a167e968d20c6331faa7c7206a5b57aa5316202 100% [K
parsing GGUF [K
verifying conversion ⠙ [K[?25h[?2026l[?2026h[?25l[A[A[A[1Ggathering model components [K
copying file sha256:8875b53e09efb8221ff4f1c02a167e968d20c6331faa7c7206a5b57aa5316202 100% [K
parsing GGUF [K
verifying conversion ⠹ [K[?25h[?2026l[?2026h[?25l[A[A[A[1Ggathering model components [K
copying file sha256:8875b53e09efb8221ff4f1c02a167e968d20c6331faa7c7206a5b57aa5316202 100% [K
parsing GGUF [K
verifying conversion ⠸ [K[?25h[?2026l[?2026h[?25l[A[A[A[1Ggathering model components [K
copying file sha256:8875b53e09efb8221ff4f1c02a167e968d20c6331faa7c7206a5b57aa5316202 100% [K
parsing GGUF [K
verifying conversion ⠼ [K[?25h[?2026l[?2026h[?25l[A[A[A[1Ggathering model components [K
copying file sha256:8875b53e09efb8221ff4f1c02a167e968d20c6331faa7c7206a5b57aa5316202 100% [K
parsing GGUF [K
verifying conversion ⠴ [K[?25h[?2026l[?2026h[?25l[A[A[A[1Ggathering model components [K
copying file sha256:8875b53e09efb8221ff4f1c02a167e968d20c6331faa7c7206a5b57aa5316202 100% [K
parsing GGUF [K
verifying conversion ⠦ [K[?25h[?2026l[?2026h[?25l[A[A[A[1Ggathering model components [K
copying file sha256:8875b53e09efb8221ff4f1c02a167e968d20c6331faa7c7206a5b57aa5316202 100% [K
parsing GGUF [K
verifying conversion ⠧ [K[?25h[?2026l[?2026h[?25l[A[A[A[1Ggathering model components [K
copying file sha256:8875b53e09efb8221ff4f1c02a167e968d20c6331faa7c7206a5b57aa5316202 100% [K
parsing GGUF [K
verifying conversion ⠇ [K[?25h[?2026l[?2026h[?25l[A[A[A[1Ggathering model components [K
copying file sha256:8875b53e09efb8221ff4f1c02a167e968d20c6331faa7c7206a5b57aa5316202 100% [K
parsing GGUF [K
verifying conversion ⠏ [K[?25h[?2026l[?2026h[?25l[A[A[A[1Ggathering model components [K
copying file sha256:8875b53e09efb8221ff4f1c02a167e968d20c6331faa7c7206a5b57aa5316202 100% [K
parsing GGUF [K
verifying conversion ⠋ [K[?25h[?2026l[?2026h[?25l[A[A[A[1Ggathering model components [K
copying file sha256:8875b53e09efb8221ff4f1c02a167e968d20c6331faa7c7206a5b57aa5316202 100% [K
parsing GGUF [K
verifying conversion ⠙ [K[?25h[?2026l[?2026h[?25l[A[A[A[1Ggathering model components [K
copying file sha256:8875b53e09efb8221ff4f1c02a167e968d20c6331faa7c7206a5b57aa5316202 100% [K
parsing GGUF [K
verifying conversion ⠹ [K[?25h[?2026l[?2026h[?25l[A[A[A[1Ggathering model components [K
copying file sha256:8875b53e09efb8221ff4f1c02a167e968d20c6331faa7c7206a5b57aa5316202 100% [K
parsing GGUF [K
verifying conversion ⠸ [K[?25h[?2026l[?2026h[?25l[A[A[A[1Ggathering model components [K
copying file sha256:8875b53e09efb8221ff4f1c02a167e968d20c6331faa7c7206a5b57aa5316202 100% [K
parsing GGUF [K
verifying conversion ⠼ [K[?25h[?2026l[?2026h[?25l[A[A[A[1Ggathering model components [K
copying file sha256:8875b53e09efb8221ff4f1c02a167e968d20c6331faa7c7206a5b57aa5316202 100% [K
parsing GGUF [K
verifying conversion ⠴ [K[?25h[?2026l[?2026h[?25l[A[A[A[1Ggathering model components [K
copying file sha256:8875b53e09efb8221ff4f1c02a167e968d20c6331faa7c7206a5b57aa5316202 100% [K
parsing GGUF [K
verifying conversion ⠦ [K[?25h[?2026l[?2026h[?25l[A[A[A[1Ggathering model components [K
copying file sha256:8875b53e09efb8221ff4f1c02a167e968d20c6331faa7c7206a5b57aa5316202 100% [K
parsing GGUF [K
verifying conversion ⠧ [K[?25h[?2026l[?2026h[?25l[A[A[A[1Ggathering model components [K
copying file sha256:8875b53e09efb8221ff4f1c02a167e968d20c6331faa7c7206a5b57aa5316202 100% [K
parsing GGUF [K
verifying conversion ⠇ [K[?25h[?2026l[?2026h[?25l[A[A[A[1Ggathering model components [K
copying file sha256:8875b53e09efb8221ff4f1c02a167e968d20c6331faa7c7206a5b57aa5316202 100% [K
parsing GGUF [K
verifying conversion ⠏ [K[?25h[?2026l[?2026h[?25l[A[A[A[1Ggathering model components [K
copying file sha256:8875b53e09efb8221ff4f1c02a167e968d20c6331faa7c7206a5b57aa5316202 100% [K
parsing GGUF [K
verifying conversion ⠋ [K[?25h[?2026l[?2026h[?25l[A[A[A[1Ggathering model components [K
copying file sha256:8875b53e09efb8221ff4f1c02a167e968d20c6331faa7c7206a5b57aa5316202 100% [K
parsing GGUF [K
verifying conversion ⠙ [K[?25h[?2026l[?2026h[?25l[A[A[A[1Ggathering model components [K
copying file sha256:8875b53e09efb8221ff4f1c02a167e968d20c6331faa7c7206a5b57aa5316202 100% [K
parsing GGUF [K
verifying conversion ⠹ [K[?25h[?2026l[?2026h[?25l[A[A[A[1Ggathering model components [K
copying file sha256:8875b53e09efb8221ff4f1c02a167e968d20c6331faa7c7206a5b57aa5316202 100% [K
parsing GGUF [K
verifying conversion ⠸ [K[?25h[?2026l[?2026h[?25l[A[A[A[1Ggathering model components [K
copying file sha256:8875b53e09efb8221ff4f1c02a167e968d20c6331faa7c7206a5b57aa5316202 100% [K
parsing GGUF [K
verifying conversion ⠼ [K[?25h[?2026l[?2026h[?25l[A[A[A[1Ggathering model components [K
copying file sha256:8875b53e09efb8221ff4f1c02a167e968d20c6331faa7c7206a5b57aa5316202 100% [K
parsing GGUF [K
verifying conversion ⠴ [K[?25h[?2026l[?2026h[?25l[A[A[A[1Ggathering model components [K
copying file sha256:8875b53e09efb8221ff4f1c02a167e968d20c6331faa7c7206a5b57aa5316202 100% [K
parsing GGUF [K
verifying conversion ⠦ [K[?25h[?2026l[?2026h[?25l[A[A[A[1Ggathering model components [K
copying file sha256:8875b53e09efb8221ff4f1c02a167e968d20c6331faa7c7206a5b57aa5316202 100% [K
parsing GGUF [K
verifying conversion ⠧ [K[?25h[?2026l[?2026h[?25l[A[A[A[1Ggathering model components [K
copying file sha256:8875b53e09efb8221ff4f1c02a167e968d20c6331faa7c7206a5b57aa5316202 100% [K
parsing GGUF [K
verifying conversion ⠇ [K[?25h[?2026l[?2026h[?25l[A[A[A[1Ggathering model components [K
copying file sha256:8875b53e09efb8221ff4f1c02a167e968d20c6331faa7c7206a5b57aa5316202 100% [K
parsing GGUF [K
verifying conversion ⠏ [K[?25h[?2026l[?2026h[?25l[A[A[A[1Ggathering model components [K
copying file sha256:8875b53e09efb8221ff4f1c02a167e968d20c6331faa7c7206a5b57aa5316202 100% [K
parsing GGUF [K
verifying conversion ⠋ [K[?25h[?2026l[?2026h[?25l[A[A[A[1Ggathering model components [K
copying file sha256:8875b53e09efb8221ff4f1c02a167e968d20c6331faa7c7206a5b57aa5316202 100% [K
parsing GGUF [K
verifying conversion ⠙ [K[?25h[?2026l[?2026h[?25l[A[A[A[1Ggathering model components [K
copying file sha256:8875b53e09efb8221ff4f1c02a167e968d20c6331faa7c7206a5b57aa5316202 100% [K
parsing GGUF [K
verifying conversion ⠹ [K[?25h[?2026l[?2026h[?25l[A[A[A[1Ggathering model components [K
copying file sha256:8875b53e09efb8221ff4f1c02a167e968d20c6331faa7c7206a5b57aa5316202 100% [K
parsing GGUF [K
verifying conversion ⠸ [K[?25h[?2026l[?2026h[?25l[A[A[A[1Ggathering model components [K
copying file sha256:8875b53e09efb8221ff4f1c02a167e968d20c6331faa7c7206a5b57aa5316202 100% [K
parsing GGUF [K
verifying conversion ⠼ [K[?25h[?2026l[?2026h[?25l[A[A[A[1Ggathering model components [K
copying file sha256:8875b53e09efb8221ff4f1c02a167e968d20c6331faa7c7206a5b57aa5316202 100% [K
parsing GGUF [K
verifying conversion ⠴ [K[?25h[?2026l[?2026h[?25l[A[A[A[1Ggathering model components [K
copying file sha256:8875b53e09efb8221ff4f1c02a167e968d20c6331faa7c7206a5b57aa5316202 100% [K
parsing GGUF [K
verifying conversion ⠦ [K[?25h[?2026l[?2026h[?25l[A[A[A[1Ggathering model components [K
copying file sha256:8875b53e09efb8221ff4f1c02a167e968d20c6331faa7c7206a5b57aa5316202 100% [K
parsing GGUF [K
verifying conversion ⠧ [K[?25h[?2026l[?2026h[?25l[A[A[A[1Ggathering model components [K
copying file sha256:8875b53e09efb8221ff4f1c02a167e968d20c6331faa7c7206a5b57aa5316202 100% [K
parsing GGUF [K
verifying conversion ⠇ [K[?25h[?2026l[?2026h[?25l[A[A[A[1Ggathering model components [K
copying file sha256:8875b53e09efb8221ff4f1c02a167e968d20c6331faa7c7206a5b57aa5316202 100% [K
parsing GGUF [K
verifying conversion ⠏ [K[?25h[?2026l[?2026h[?25l[A[A[A[1Ggathering model components [K
copying file sha256:8875b53e09efb8221ff4f1c02a167e968d20c6331faa7c7206a5b57aa5316202 100% [K
parsing GGUF [K
verifying conversion ⠋ [K[?25h[?2026l[?2026h[?25l[A[A[A[1Ggathering model components [K
copying file sha256:8875b53e09efb8221ff4f1c02a167e968d20c6331faa7c7206a5b57aa5316202 100% [K
parsing GGUF [K
verifying conversion ⠙ [K[?25h[?2026l[?2026h[?25l[A[A[A[1Ggathering model components [K
copying file sha256:8875b53e09efb8221ff4f1c02a167e968d20c6331faa7c7206a5b57aa5316202 100% [K
parsing GGUF [K
verifying conversion ⠹ [K[?25h[?2026l[?2026h[?25l[A[A[A[1Ggathering model components [K
copying file sha256:8875b53e09efb8221ff4f1c02a167e968d20c6331faa7c7206a5b57aa5316202 100% [K
parsing GGUF [K
verifying conversion ⠸ [K[?25h[?2026l[?2026h[?25l[A[A[A[1Ggathering model components [K
copying file sha256:8875b53e09efb8221ff4f1c02a167e968d20c6331faa7c7206a5b57aa5316202 100% [K
parsing GGUF [K
verifying conversion ⠼ [K[?25h[?2026l[?2026h[?25l[A[A[A[1Ggathering model components [K
copying file sha256:8875b53e09efb8221ff4f1c02a167e968d20c6331faa7c7206a5b57aa5316202 100% [K
parsing GGUF [K
verifying conversion ⠴ [K[?25h[?2026l[?2026h[?25l[A[A[A[1Ggathering model components [K
copying file sha256:8875b53e09efb8221ff4f1c02a167e968d20c6331faa7c7206a5b57aa5316202 100% [K
parsing GGUF [K
verifying conversion ⠦ [K[?25h[?2026l[?2026h[?25l[A[A[A[1Ggathering model components [K
copying file sha256:8875b53e09efb8221ff4f1c02a167e968d20c6331faa7c7206a5b57aa5316202 100% [K
parsing GGUF [K
verifying conversion ⠧ [K[?25h[?2026l[?2026h[?25l[A[A[A[1Ggathering model components [K
copying file sha256:8875b53e09efb8221ff4f1c02a167e968d20c6331faa7c7206a5b57aa5316202 100% [K
parsing GGUF [K
verifying conversion ⠇ [K[?25h[?2026l[?2026h[?25l[A[A[A[1Ggathering model components [K
copying file sha256:8875b53e09efb8221ff4f1c02a167e968d20c6331faa7c7206a5b57aa5316202 100% [K
parsing GGUF [K
verifying conversion ⠏ [K[?25h[?2026l[?2026h[?25l[A[A[A[1Ggathering model components [K
copying file sha256:8875b53e09efb8221ff4f1c02a167e968d20c6331faa7c7206a5b57aa5316202 100% [K
parsing GGUF [K
verifying conversion ⠋ [K[?25h[?2026l[?2026h[?25l[A[A[A[1Ggathering model components [K
copying file sha256:8875b53e09efb8221ff4f1c02a167e968d20c6331faa7c7206a5b57aa5316202 100% [K
parsing GGUF [K
verifying conversion ⠙ [K[?25h[?2026l[?2026h[?25l[A[A[A[1Ggathering model components [K
copying file sha256:8875b53e09efb8221ff4f1c02a167e968d20c6331faa7c7206a5b57aa5316202 100% [K
parsing GGUF [K
verifying conversion ⠹ [K[?25h[?2026l[?2026h[?25l[A[A[A[1Ggathering model components [K
copying file sha256:8875b53e09efb8221ff4f1c02a167e968d20c6331faa7c7206a5b57aa5316202 100% [K
parsing GGUF [K
verifying conversion ⠸ [K[?25h[?2026l[?2026h[?25l[A[A[A[1Ggathering model components [K
copying file sha256:8875b53e09efb8221ff4f1c02a167e968d20c6331faa7c7206a5b57aa5316202 100% [K
parsing GGUF [K
verifying conversion ⠼ [K[?25h[?2026l[?2026h[?25l[A[A[A[1Ggathering model components [K
copying file sha256:8875b53e09efb8221ff4f1c02a167e968d20c6331faa7c7206a5b57aa5316202 100% [K
parsing GGUF [K
verifying conversion ⠴ [K[?25h[?2026l[?2026h[?25l[A[A[A[1Ggathering model components [K
copying file sha256:8875b53e09efb8221ff4f1c02a167e968d20c6331faa7c7206a5b57aa5316202 100% [K
parsing GGUF [K
verifying conversion ⠦ [K[?25h[?2026l[?2026h[?25l[A[A[A[1Ggathering model components [K
copying file sha256:8875b53e09efb8221ff4f1c02a167e968d20c6331faa7c7206a5b57aa5316202 100% [K
parsing GGUF [K
verifying conversion ⠧ [K[?25h[?2026l[?2026h[?25l[A[A[A[1Ggathering model components [K
copying file sha256:8875b53e09efb8221ff4f1c02a167e968d20c6331faa7c7206a5b57aa5316202 100% [K
parsing GGUF [K
verifying conversion ⠇ [K[?25h[?2026l[?2026h[?25l[A[A[A[1Ggathering model components [K
copying file sha256:8875b53e09efb8221ff4f1c02a167e968d20c6331faa7c7206a5b57aa5316202 100% [K
parsing GGUF [K
verifying conversion ⠏ [K[?25h[?2026l[?2026h[?25l[A[A[A[1Ggathering model components [K
copying file sha256:8875b53e09efb8221ff4f1c02a167e968d20c6331faa7c7206a5b57aa5316202 100% [K
parsing GGUF [K
verifying conversion ⠋ [K[?25h[?2026l[?2026h[?25l[A[A[A[1Ggathering model components [K
copying file sha256:8875b53e09efb8221ff4f1c02a167e968d20c6331faa7c7206a5b57aa5316202 100% [K
parsing GGUF [K
verifying conversion ⠙ [K[?25h[?2026l[?2026h[?25l[A[A[A[1Ggathering model components [K
copying file sha256:8875b53e09efb8221ff4f1c02a167e968d20c6331faa7c7206a5b57aa5316202 100% [K
parsing GGUF [K
verifying conversion ⠹ [K[?25h[?2026l[?2026h[?25l[A[A[A[1Ggathering model components [K
copying file sha256:8875b53e09efb8221ff4f1c02a167e968d20c6331faa7c7206a5b57aa5316202 100% [K
parsing GGUF [K
verifying conversion ⠸ [K[?25h[?2026l[?2026h[?25l[A[A[A[1Ggathering model components [K
copying file sha256:8875b53e09efb8221ff4f1c02a167e968d20c6331faa7c7206a5b57aa5316202 100% [K
parsing GGUF [K
verifying conversion ⠼ [K[?25h[?2026l[?2026h[?25l[A[A[A[1Ggathering model components [K
copying file sha256:8875b53e09efb8221ff4f1c02a167e968d20c6331faa7c7206a5b57aa5316202 100% [K
parsing GGUF [K
verifying conversion ⠴ [K[?25h[?2026l[?2026h[?25l[A[A[A[1Ggathering model components [K
copying file sha256:8875b53e09efb8221ff4f1c02a167e968d20c6331faa7c7206a5b57aa5316202 100% [K
parsing GGUF [K
verifying conversion ⠦ [K[?25h[?2026l[?2026h[?25l[A[A[A[1Ggathering model components [K
copying file sha256:8875b53e09efb8221ff4f1c02a167e968d20c6331faa7c7206a5b57aa5316202 100% [K
parsing GGUF [K
verifying conversion ⠧ [K[?25h[?2026l[?2026h[?25l[A[A[A[1Ggathering model components [K
copying file sha256:8875b53e09efb8221ff4f1c02a167e968d20c6331faa7c7206a5b57aa5316202 100% [K
parsing GGUF [K
verifying conversion ⠇ [K[?25h[?2026l[?2026h[?25l[A[A[A[1Ggathering model components [K
copying file sha256:8875b53e09efb8221ff4f1c02a167e968d20c6331faa7c7206a5b57aa5316202 100% [K
parsing GGUF [K
verifying conversion ⠏ [K[?25h[?2026l[?2026h[?25l[A[A[A[1Ggathering model components [K
copying file sha256:8875b53e09efb8221ff4f1c02a167e968d20c6331faa7c7206a5b57aa5316202 100% [K
parsing GGUF [K
verifying conversion ⠋ [K[?25h[?2026l[?2026h[?25l[A[A[A[1Ggathering model components [K
copying file sha256:8875b53e09efb8221ff4f1c02a167e968d20c6331faa7c7206a5b57aa5316202 100% [K
parsing GGUF [K
verifying conversion ⠙ [K[?25h[?2026l[?2026h[?25l[A[A[A[1Ggathering model components [K
copying file sha256:8875b53e09efb8221ff4f1c02a167e968d20c6331faa7c7206a5b57aa5316202 100% [K
parsing GGUF [K
verifying conversion ⠹ [K[?25h[?2026l[?2026h[?25l[A[A[A[1Ggathering model components [K
copying file sha256:8875b53e09efb8221ff4f1c02a167e968d20c6331faa7c7206a5b57aa5316202 100% [K
parsing GGUF [K
verifying conversion ⠸ [K[?25h[?2026l[?2026h[?25l[A[A[A[1Ggathering model components [K
copying file sha256:8875b53e09efb8221ff4f1c02a167e968d20c6331faa7c7206a5b57aa5316202 100% [K
parsing GGUF [K
verifying conversion ⠼ [K[?25h[?2026l[?2026h[?25l[A[A[A[1Ggathering model components [K
copying file sha256:8875b53e09efb8221ff4f1c02a167e968d20c6331faa7c7206a5b57aa5316202 100% [K
parsing GGUF [K
verifying conversion ⠴ [K[?25h[?2026l[?2026h[?25l[A[A[A[1Ggathering model components [K
copying file sha256:8875b53e09efb8221ff4f1c02a167e968d20c6331faa7c7206a5b57aa5316202 100% [K
parsing GGUF [K
verifying conversion ⠦ [K[?25h[?2026l[?2026h[?25l[A[A[A[1Ggathering model components [K
copying file sha256:8875b53e09efb8221ff4f1c02a167e968d20c6331faa7c7206a5b57aa5316202 100% [K
parsing GGUF [K
verifying conversion ⠧ [K[?25h[?2026l[?2026h[?25l[A[A[A[1Ggathering model components [K
copying file sha256:8875b53e09efb8221ff4f1c02a167e968d20c6331faa7c7206a5b57aa5316202 100% [K
parsing GGUF [K
verifying conversion ⠇ [K[?25h[?2026l[?2026h[?25l[A[A[A[1Ggathering model components [K
copying file sha256:8875b53e09efb8221ff4f1c02a167e968d20c6331faa7c7206a5b57aa5316202 100% [K
parsing GGUF [K
verifying conversion ⠏ [K[?25h[?2026l[?2026h[?25l[A[A[A[1Ggathering model components [K
copying file sha256:8875b53e09efb8221ff4f1c02a167e968d20c6331faa7c7206a5b57aa5316202 100% [K
parsing GGUF [K
verifying conversion ⠋ [K[?25h[?2026l[?2026h[?25l[A[A[A[1Ggathering model components [K
copying file sha256:8875b53e09efb8221ff4f1c02a167e968d20c6331faa7c7206a5b57aa5316202 100% [K
parsing GGUF [K
verifying conversion ⠙ [K[?25h[?2026l[?2026h[?25l[A[A[A[1Ggathering model components [K
copying file sha256:8875b53e09efb8221ff4f1c02a167e968d20c6331faa7c7206a5b57aa5316202 100% [K
parsing GGUF [K
verifying conversion ⠹ [K[?25h[?2026l[?2026h[?25l[A[A[A[1Ggathering model components [K
copying file sha256:8875b53e09efb8221ff4f1c02a167e968d20c6331faa7c7206a5b57aa5316202 100% [K
parsing GGUF [K
verifying conversion ⠸ [K[?25h[?2026l[?2026h[?25l[A[A[A[1Ggathering model components [K
copying file sha256:8875b53e09efb8221ff4f1c02a167e968d20c6331faa7c7206a5b57aa5316202 100% [K
parsing GGUF [K
verifying conversion ⠼ [K[?25h[?2026l[?2026h[?25l[A[A[A[1Ggathering model components [K
copying file sha256:8875b53e09efb8221ff4f1c02a167e968d20c6331faa7c7206a5b57aa5316202 100% [K
parsing GGUF [K
verifying conversion ⠴ [K[?25h[?2026l[?2026h[?25l[A[A[A[1Ggathering model components [K
copying file sha256:8875b53e09efb8221ff4f1c02a167e968d20c6331faa7c7206a5b57aa5316202 100% [K
parsing GGUF [K
verifying conversion ⠦ [K[?25h[?2026l[?2026h[?25l[A[A[A[1Ggathering model components [K
copying file sha256:8875b53e09efb8221ff4f1c02a167e968d20c6331faa7c7206a5b57aa5316202 100% [K
parsing GGUF [K
verifying conversion ⠧ [K[?25h[?2026l[?2026h[?25l[A[A[A[1Ggathering model components [K
copying file sha256:8875b53e09efb8221ff4f1c02a167e968d20c6331faa7c7206a5b57aa5316202 100% [K
parsing GGUF [K
verifying conversion ⠇ [K[?25h[?2026l[?2026h[?25l[A[A[A[1Ggathering model components [K
copying file sha256:8875b53e09efb8221ff4f1c02a167e968d20c6331faa7c7206a5b57aa5316202 100% [K
parsing GGUF [K
verifying conversion ⠏ [K[?25h[?2026l[?2026h[?25l[A[A[A[1Ggathering model components [K
copying file sha256:8875b53e09efb8221ff4f1c02a167e968d20c6331faa7c7206a5b57aa5316202 100% [K
parsing GGUF [K
verifying conversion ⠋ [K[?25h[?2026l[?2026h[?25l[A[A[A[1Ggathering model components [K
copying file sha256:8875b53e09efb8221ff4f1c02a167e968d20c6331faa7c7206a5b57aa5316202 100% [K
parsing GGUF [K
verifying conversion ⠙ [K[?25h[?2026l[?2026h[?25l[A[A[A[1Ggathering model components [K
copying file sha256:8875b53e09efb8221ff4f1c02a167e968d20c6331faa7c7206a5b57aa5316202 100% [K
parsing GGUF [K
verifying conversion ⠹ [K[?25h[?2026l[?2026h[?25l[A[A[A[1Ggathering model components [K
copying file sha256:8875b53e09efb8221ff4f1c02a167e968d20c6331faa7c7206a5b57aa5316202 100% [K
parsing GGUF [K
verifying conversion ⠸ [K[?25h[?2026l[?2026h[?25l[A[A[A[1Ggathering model components [K
copying file sha256:8875b53e09efb8221ff4f1c02a167e968d20c6331faa7c7206a5b57aa5316202 100% [K
parsing GGUF [K
verifying conversion ⠼ [K[?25h[?2026l[?2026h[?25l[A[A[A[1Ggathering model components [K
copying file sha256:8875b53e09efb8221ff4f1c02a167e968d20c6331faa7c7206a5b57aa5316202 100% [K
parsing GGUF [K
verifying conversion ⠴ [K[?25h[?2026l[?2026h[?25l[A[A[A[1Ggathering model components [K
copying file sha256:8875b53e09efb8221ff4f1c02a167e968d20c6331faa7c7206a5b57aa5316202 100% [K
parsing GGUF [K
verifying conversion ⠦ [K[?25h[?2026l[?2026h[?25l[A[A[A[1Ggathering model components [K
copying file sha256:8875b53e09efb8221ff4f1c02a167e968d20c6331faa7c7206a5b57aa5316202 100% [K
parsing GGUF [K
verifying conversion ⠧ [K[?25h[?2026l[?2026h[?25l[A[A[A[1Ggathering model components [K
copying file sha256:8875b53e09efb8221ff4f1c02a167e968d20c6331faa7c7206a5b57aa5316202 100% [K
parsing GGUF [K
verifying conversion ⠇ [K[?25h[?2026l[?2026h[?25l[A[A[A[1Ggathering model components [K
copying file sha256:8875b53e09efb8221ff4f1c02a167e968d20c6331faa7c7206a5b57aa5316202 100% [K
parsing GGUF [K
verifying conversion ⠏ [K[?25h[?2026l[?2026h[?25l[A[A[A[1Ggathering model components [K
copying file sha256:8875b53e09efb8221ff4f1c02a167e968d20c6331faa7c7206a5b57aa5316202 100% [K
parsing GGUF [K
verifying conversion ⠋ [K[?25h[?2026l[?2026h[?25l[A[A[A[1Ggathering model components [K
copying file sha256:8875b53e09efb8221ff4f1c02a167e968d20c6331faa7c7206a5b57aa5316202 100% [K
parsing GGUF [K
verifying conversion ⠙ [K[?25h[?2026l[?2026h[?25l[A[A[A[1Ggathering model components [K
copying file sha256:8875b53e09efb8221ff4f1c02a167e968d20c6331faa7c7206a5b57aa5316202 100% [K
parsing GGUF [K
verifying conversion ⠹ [K[?25h[?2026l[?2026h[?25l[A[A[A[1Ggathering model components [K
copying file sha256:8875b53e09efb8221ff4f1c02a167e968d20c6331faa7c7206a5b57aa5316202 100% [K
parsing GGUF [K
verifying conversion ⠸ [K[?25h[?2026l[?2026h[?25l[A[A[A[1Ggathering model components [K
copying file sha256:8875b53e09efb8221ff4f1c02a167e968d20c6331faa7c7206a5b57aa5316202 100% [K
parsing GGUF [K
verifying conversion ⠼ [K[?25h[?2026l[?2026h[?25l[A[A[A[1Ggathering model components [K
copying file sha256:8875b53e09efb8221ff4f1c02a167e968d20c6331faa7c7206a5b57aa5316202 100% [K
parsing GGUF [K
verifying conversion ⠴ [K[?25h[?2026l[?2026h[?25l[A[A[A[1Ggathering model components [K
copying file sha256:8875b53e09efb8221ff4f1c02a167e968d20c6331faa7c7206a5b57aa5316202 100% [K
parsing GGUF [K
verifying conversion ⠦ [K[?25h[?2026l[?2026h[?25l[A[A[A[1Ggathering model components [K
copying file sha256:8875b53e09efb8221ff4f1c02a167e968d20c6331faa7c7206a5b57aa5316202 100% [K
parsing GGUF [K
verifying conversion ⠧ [K[?25h[?2026l[?2026h[?25l[A[A[A[1Ggathering model components [K
copying file sha256:8875b53e09efb8221ff4f1c02a167e968d20c6331faa7c7206a5b57aa5316202 100% [K
parsing GGUF [K
verifying conversion ⠇ [K[?25h[?2026l[?2026h[?25l[A[A[A[1Ggathering model components [K
copying file sha256:8875b53e09efb8221ff4f1c02a167e968d20c6331faa7c7206a5b57aa5316202 100% [K
parsing GGUF [K
verifying conversion ⠏ [K[?25h[?2026l[?2026h[?25l[A[A[A[1Ggathering model components [K
copying file sha256:8875b53e09efb8221ff4f1c02a167e968d20c6331faa7c7206a5b57aa5316202 100% [K
parsing GGUF [K
verifying conversion ⠋ [K[?25h[?2026l[?2026h[?25l[A[A[A[1Ggathering model components [K
copying file sha256:8875b53e09efb8221ff4f1c02a167e968d20c6331faa7c7206a5b57aa5316202 100% [K
parsing GGUF [K
verifying conversion ⠙ [K[?25h[?2026l[?2026h[?25l[A[A[A[1Ggathering model components [K
copying file sha256:8875b53e09efb8221ff4f1c02a167e968d20c6331faa7c7206a5b57aa5316202 100% [K
parsing GGUF [K
verifying conversion ⠹ [K[?25h[?2026l[?2026h[?25l[A[A[A[1Ggathering model components [K
copying file sha256:8875b53e09efb8221ff4f1c02a167e968d20c6331faa7c7206a5b57aa5316202 100% [K
parsing GGUF [K
verifying conversion ⠸ [K[?25h[?2026l[?2026h[?25l[A[A[A[1Ggathering model components [K
copying file sha256:8875b53e09efb8221ff4f1c02a167e968d20c6331faa7c7206a5b57aa5316202 100% [K
parsing GGUF [K
verifying conversion ⠼ [K[?25h[?2026l[?2026h[?25l[A[A[A[1Ggathering model components [K
copying file sha256:8875b53e09efb8221ff4f1c02a167e968d20c6331faa7c7206a5b57aa5316202 100% [K
parsing GGUF [K
verifying conversion ⠴ [K[?25h[?2026l[?2026h[?25l[A[A[A[1Ggathering model components [K
copying file sha256:8875b53e09efb8221ff4f1c02a167e968d20c6331faa7c7206a5b57aa5316202 100% [K
parsing GGUF [K
verifying conversion ⠦ [K[?25h[?2026l[?2026h[?25l[A[A[A[1Ggathering model components [K
copying file sha256:8875b53e09efb8221ff4f1c02a167e968d20c6331faa7c7206a5b57aa5316202 100% [K
parsing GGUF [K
verifying conversion ⠧ [K[?25h[?2026l[?2026h[?25l[A[A[A[1Ggathering model components [K
copying file sha256:8875b53e09efb8221ff4f1c02a167e968d20c6331faa7c7206a5b57aa5316202 100% [K
parsing GGUF [K
verifying conversion ⠇ [K[?25h[?2026l[?2026h[?25l[A[A[A[1Ggathering model components [K
copying file sha256:8875b53e09efb8221ff4f1c02a167e968d20c6331faa7c7206a5b57aa5316202 100% [K
parsing GGUF [K
verifying conversion ⠏ [K[?25h[?2026l[?2026h[?25l[A[A[A[1Ggathering model components [K
copying file sha256:8875b53e09efb8221ff4f1c02a167e968d20c6331faa7c7206a5b57aa5316202 100% [K
parsing GGUF [K
verifying conversion ⠋ [K[?25h[?2026l[?2026h[?25l[A[A[A[1Ggathering model components [K
copying file sha256:8875b53e09efb8221ff4f1c02a167e968d20c6331faa7c7206a5b57aa5316202 100% [K
parsing GGUF [K
verifying conversion ⠙ [K[?25h[?2026l[?2026h[?25l[A[A[A[1Ggathering model components [K
copying file sha256:8875b53e09efb8221ff4f1c02a167e968d20c6331faa7c7206a5b57aa5316202 100% [K
parsing GGUF [K
verifying conversion ⠹ [K[?25h[?2026l[?2026h[?25l[A[A[A[1Ggathering model components [K
copying file sha256:8875b53e09efb8221ff4f1c02a167e968d20c6331faa7c7206a5b57aa5316202 100% [K
parsing GGUF [K
verifying conversion ⠸ [K[?25h[?2026l[?2026h[?25l[A[A[A[1Ggathering model components [K
copying file sha256:8875b53e09efb8221ff4f1c02a167e968d20c6331faa7c7206a5b57aa5316202 100% [K
parsing GGUF [K
verifying conversion ⠼ [K[?25h[?2026l[?2026h[?25l[A[A[A[1Ggathering model components [K
copying file sha256:8875b53e09efb8221ff4f1c02a167e968d20c6331faa7c7206a5b57aa5316202 100% [K
parsing GGUF [K
verifying conversion ⠴ [K[?25h[?2026l[?2026h[?25l[A[A[A[1Ggathering model components [K
copying file sha256:8875b53e09efb8221ff4f1c02a167e968d20c6331faa7c7206a5b57aa5316202 100% [K
parsing GGUF [K
verifying conversion ⠦ [K[?25h[?2026l[?2026h[?25l[A[A[A[1Ggathering model components [K
copying file sha256:8875b53e09efb8221ff4f1c02a167e968d20c6331faa7c7206a5b57aa5316202 100% [K
parsing GGUF [K
verifying conversion ⠧ [K[?25h[?2026l[?2026h[?25l[A[A[A[1Ggathering model components [K
copying file sha256:8875b53e09efb8221ff4f1c02a167e968d20c6331faa7c7206a5b57aa5316202 100% [K
parsing GGUF [K
verifying conversion ⠇ [K[?25h[?2026l[?2026h[?25l[A[A[A[1Ggathering model components [K
copying file sha256:8875b53e09efb8221ff4f1c02a167e968d20c6331faa7c7206a5b57aa5316202 100% [K
parsing GGUF [K
verifying conversion ⠏ [K[?25h[?2026l[?2026h[?25l[A[A[A[1Ggathering model components [K
copying file sha256:8875b53e09efb8221ff4f1c02a167e968d20c6331faa7c7206a5b57aa5316202 100% [K
parsing GGUF [K
verifying conversion ⠋ [K[?25h[?2026l[?2026h[?25l[A[A[A[1Ggathering model components [K
copying file sha256:8875b53e09efb8221ff4f1c02a167e968d20c6331faa7c7206a5b57aa5316202 100% [K
parsing GGUF [K
verifying conversion ⠙ [K[?25h[?2026l[?2026h[?25l[A[A[A[1Ggathering model components [K
copying file sha256:8875b53e09efb8221ff4f1c02a167e968d20c6331faa7c7206a5b57aa5316202 100% [K
parsing GGUF [K
verifying conversion ⠹ [K[?25h[?2026l[?2026h[?25l[A[A[A[1Ggathering model components [K
copying file sha256:8875b53e09efb8221ff4f1c02a167e968d20c6331faa7c7206a5b57aa5316202 100% [K
parsing GGUF [K
verifying conversion ⠸ [K[?25h[?2026l[?2026h[?25l[A[A[A[1Ggathering model components [K
copying file sha256:8875b53e09efb8221ff4f1c02a167e968d20c6331faa7c7206a5b57aa5316202 100% [K
parsing GGUF [K
verifying conversion ⠼ [K[?25h[?2026l[?2026h[?25l[A[A[A[1Ggathering model components [K
copying file sha256:8875b53e09efb8221ff4f1c02a167e968d20c6331faa7c7206a5b57aa5316202 100% [K
parsing GGUF [K
verifying conversion ⠴ [K[?25h[?2026l[?2026h[?25l[A[A[A[1Ggathering model components [K
copying file sha256:8875b53e09efb8221ff4f1c02a167e968d20c6331faa7c7206a5b57aa5316202 100% [K
parsing GGUF [K
verifying conversion ⠦ [K[?25h[?2026l[?2026h[?25l[A[A[A[1Ggathering model components [K
copying file sha256:8875b53e09efb8221ff4f1c02a167e968d20c6331faa7c7206a5b57aa5316202 100% [K
parsing GGUF [K
verifying conversion ⠧ [K[?25h[?2026l[?2026h[?25l[A[A[A[1Ggathering model components [K
copying file sha256:8875b53e09efb8221ff4f1c02a167e968d20c6331faa7c7206a5b57aa5316202 100% [K
parsing GGUF [K
verifying conversion ⠇ [K[?25h[?2026l[?2026h[?25l[A[A[A[1Ggathering model components [K
copying file sha256:8875b53e09efb8221ff4f1c02a167e968d20c6331faa7c7206a5b57aa5316202 100% [K
parsing GGUF [K
verifying conversion ⠏ [K[?25h[?2026l[?2026h[?25l[A[A[A[1Ggathering model components [K
copying file sha256:8875b53e09efb8221ff4f1c02a167e968d20c6331faa7c7206a5b57aa5316202 100% [K
parsing GGUF [K
verifying conversion ⠋ [K[?25h[?2026l[?2026h[?25l[A[A[A[1Ggathering model components [K
copying file sha256:8875b53e09efb8221ff4f1c02a167e968d20c6331faa7c7206a5b57aa5316202 100% [K
parsing GGUF [K
verifying conversion ⠙ [K[?25h[?2026l[?2026h[?25l[A[A[A[1Ggathering model components [K
copying file sha256:8875b53e09efb8221ff4f1c02a167e968d20c6331faa7c7206a5b57aa5316202 100% [K
parsing GGUF [K
verifying conversion ⠹ [K[?25h[?2026l[?2026h[?25l[A[A[A[1Ggathering model components [K
copying file sha256:8875b53e09efb8221ff4f1c02a167e968d20c6331faa7c7206a5b57aa5316202 100% [K
parsing GGUF [K
verifying conversion ⠸ [K[?25h[?2026l[?2026h[?25l[A[A[A[1Ggathering model components [K
copying file sha256:8875b53e09efb8221ff4f1c02a167e968d20c6331faa7c7206a5b57aa5316202 100% [K
parsing GGUF [K
verifying conversion ⠼ [K[?25h[?2026l[?2026h[?25l[A[A[A[1Ggathering model components [K
copying file sha256:8875b53e09efb8221ff4f1c02a167e968d20c6331faa7c7206a5b57aa5316202 100% [K
parsing GGUF [K
verifying conversion ⠴ [K[?25h[?2026l[?2026h[?25l[A[A[A[1Ggathering model components [K
copying file sha256:8875b53e09efb8221ff4f1c02a167e968d20c6331faa7c7206a5b57aa5316202 100% [K
parsing GGUF [K
verifying conversion ⠦ [K[?25h[?2026l[?2026h[?25l[A[A[A[1Ggathering model components [K
copying file sha256:8875b53e09efb8221ff4f1c02a167e968d20c6331faa7c7206a5b57aa5316202 100% [K
parsing GGUF [K
verifying conversion ⠧ [K[?25h[?2026l[?2026h[?25l[A[A[A[1Ggathering model components [K
copying file sha256:8875b53e09efb8221ff4f1c02a167e968d20c6331faa7c7206a5b57aa5316202 100% [K
parsing GGUF [K
verifying conversion ⠇ [K[?25h[?2026l[?2026h[?25l[A[A[A[1Ggathering model components [K
copying file sha256:8875b53e09efb8221ff4f1c02a167e968d20c6331faa7c7206a5b57aa5316202 100% [K
parsing GGUF [K
verifying conversion ⠏ [K[?25h[?2026l[?2026h[?25l[A[A[A[1Ggathering model components [K
copying file sha256:8875b53e09efb8221ff4f1c02a167e968d20c6331faa7c7206a5b57aa5316202 100% [K
parsing GGUF [K
verifying conversion ⠋ [K[?25h[?2026l[?2026h[?25l[A[A[A[1Ggathering model components [K
copying file sha256:8875b53e09efb8221ff4f1c02a167e968d20c6331faa7c7206a5b57aa5316202 100% [K
parsing GGUF [K
verifying conversion ⠙ [K[?25h[?2026l[?2026h[?25l[A[A[A[1Ggathering model components [K
copying file sha256:8875b53e09efb8221ff4f1c02a167e968d20c6331faa7c7206a5b57aa5316202 100% [K
parsing GGUF [K
verifying conversion ⠹ [K[?25h[?2026l[?2026h[?25l[A[A[A[1Ggathering model components [K
copying file sha256:8875b53e09efb8221ff4f1c02a167e968d20c6331faa7c7206a5b57aa5316202 100% [K
parsing GGUF [K
verifying conversion ⠸ [K[?25h[?2026l[?2026h[?25l[A[A[A[1Ggathering model components [K
copying file sha256:8875b53e09efb8221ff4f1c02a167e968d20c6331faa7c7206a5b57aa5316202 100% [K
parsing GGUF [K
verifying conversion ⠼ [K[?25h[?2026l[?2026h[?25l[A[A[A[1Ggathering model components [K
copying file sha256:8875b53e09efb8221ff4f1c02a167e968d20c6331faa7c7206a5b57aa5316202 100% [K
parsing GGUF [K
verifying conversion ⠴ [K[?25h[?2026l[?2026h[?25l[A[A[A[1Ggathering model components [K
copying file sha256:8875b53e09efb8221ff4f1c02a167e968d20c6331faa7c7206a5b57aa5316202 100% [K
parsing GGUF [K
verifying conversion ⠦ [K[?25h[?2026l[?2026h[?25l[A[A[A[1Ggathering model components [K
copying file sha256:8875b53e09efb8221ff4f1c02a167e968d20c6331faa7c7206a5b57aa5316202 100% [K
parsing GGUF [K
verifying conversion ⠧ [K[?25h[?2026l[?2026h[?25l[A[A[A[1Ggathering model components [K
copying file sha256:8875b53e09efb8221ff4f1c02a167e968d20c6331faa7c7206a5b57aa5316202 100% [K
parsing GGUF [K
verifying conversion ⠇ [K[?25h[?2026l[?2026h[?25l[A[A[A[1Ggathering model components [K
copying file sha256:8875b53e09efb8221ff4f1c02a167e968d20c6331faa7c7206a5b57aa5316202 100% [K
parsing GGUF [K
verifying conversion ⠏ [K[?25h[?2026l[?2026h[?25l[A[A[A[1Ggathering model components [K
copying file sha256:8875b53e09efb8221ff4f1c02a167e968d20c6331faa7c7206a5b57aa5316202 100% [K
parsing GGUF [K
verifying conversion ⠋ [K[?25h[?2026l[?2026h[?25l[A[A[A[1Ggathering model components [K
copying file sha256:8875b53e09efb8221ff4f1c02a167e968d20c6331faa7c7206a5b57aa5316202 100% [K
parsing GGUF [K
verifying conversion ⠙ [K[?25h[?2026l[?2026h[?25l[A[A[A[1Ggathering model components [K
copying file sha256:8875b53e09efb8221ff4f1c02a167e968d20c6331faa7c7206a5b57aa5316202 100% [K
parsing GGUF [K
verifying conversion ⠹ [K[?25h[?2026l[?2026h[?25l[A[A[A[1Ggathering model components [K
copying file sha256:8875b53e09efb8221ff4f1c02a167e968d20c6331faa7c7206a5b57aa5316202 100% [K
parsing GGUF [K
verifying conversion ⠸ [K[?25h[?2026l[?2026h[?25l[A[A[A[1Ggathering model components [K
copying file sha256:8875b53e09efb8221ff4f1c02a167e968d20c6331faa7c7206a5b57aa5316202 100% [K
parsing GGUF [K
verifying conversion ⠼ [K[?25h[?2026l[?2026h[?25l[A[A[A[1Ggathering model components [K
copying file sha256:8875b53e09efb8221ff4f1c02a167e968d20c6331faa7c7206a5b57aa5316202 100% [K
parsing GGUF [K
verifying conversion ⠴ [K[?25h[?2026l[?2026h[?25l[A[A[A[1Ggathering model components [K
copying file sha256:8875b53e09efb8221ff4f1c02a167e968d20c6331faa7c7206a5b57aa5316202 100% [K
parsing GGUF [K
verifying conversion ⠦ [K[?25h[?2026l[?2026h[?25l[A[A[A[1Ggathering model components [K
copying file sha256:8875b53e09efb8221ff4f1c02a167e968d20c6331faa7c7206a5b57aa5316202 100% [K
parsing GGUF [K
verifying conversion ⠧ [K[?25h[?2026l[?2026h[?25l[A[A[A[1Ggathering model components [K
copying file sha256:8875b53e09efb8221ff4f1c02a167e968d20c6331faa7c7206a5b57aa5316202 100% [K
parsing GGUF [K
verifying conversion ⠇ [K[?25h[?2026l[?2026h[?25l[A[A[A[1Ggathering model components [K
copying file sha256:8875b53e09efb8221ff4f1c02a167e968d20c6331faa7c7206a5b57aa5316202 100% [K
parsing GGUF [K
verifying conversion ⠏ [K[?25h[?2026l[?2026h[?25l[A[A[A[1Ggathering model components [K
copying file sha256:8875b53e09efb8221ff4f1c02a167e968d20c6331faa7c7206a5b57aa5316202 100% [K
parsing GGUF [K
verifying conversion ⠋ [K[?25h[?2026l[?2026h[?25l[A[A[A[1Ggathering model components [K
copying file sha256:8875b53e09efb8221ff4f1c02a167e968d20c6331faa7c7206a5b57aa5316202 100% [K
parsing GGUF [K
verifying conversion ⠙ [K[?25h[?2026l[?2026h[?25l[A[A[A[1Ggathering model components [K
copying file sha256:8875b53e09efb8221ff4f1c02a167e968d20c6331faa7c7206a5b57aa5316202 100% [K
parsing GGUF [K
verifying conversion ⠹ [K[?25h[?2026l[?2026h[?25l[A[A[A[1Ggathering model components [K
copying file sha256:8875b53e09efb8221ff4f1c02a167e968d20c6331faa7c7206a5b57aa5316202 100% [K
parsing GGUF [K
verifying conversion ⠸ [K[?25h[?2026l[?2026h[?25l[A[A[A[1Ggathering model components [K
copying file sha256:8875b53e09efb8221ff4f1c02a167e968d20c6331faa7c7206a5b57aa5316202 100% [K
parsing GGUF [K
verifying conversion ⠼ [K[?25h[?2026l[?2026h[?25l[A[A[A[1Ggathering model components [K
copying file sha256:8875b53e09efb8221ff4f1c02a167e968d20c6331faa7c7206a5b57aa5316202 100% [K
parsing GGUF [K
verifying conversion ⠴ [K[?25h[?2026l[?2026h[?25l[A[A[A[1Ggathering model components [K
copying file sha256:8875b53e09efb8221ff4f1c02a167e968d20c6331faa7c7206a5b57aa5316202 100% [K
parsing GGUF [K
verifying conversion ⠦ [K[?25h[?2026l[?2026h[?25l[A[A[A[1Ggathering model components [K
copying file sha256:8875b53e09efb8221ff4f1c02a167e968d20c6331faa7c7206a5b57aa5316202 100% [K
parsing GGUF [K
verifying conversion ⠧ [K[?25h[?2026l[?2026h[?25l[A[A[A[1Ggathering model components [K
copying file sha256:8875b53e09efb8221ff4f1c02a167e968d20c6331faa7c7206a5b57aa5316202 100% [K
parsing GGUF [K
verifying conversion ⠇ [K[?25h[?2026l[?2026h[?25l[A[A[A[1Ggathering model components [K
copying file sha256:8875b53e09efb8221ff4f1c02a167e968d20c6331faa7c7206a5b57aa5316202 100% [K
parsing GGUF [K
verifying conversion ⠏ [K[?25h[?2026l[?2026h[?25l[A[A[A[1Ggathering model components [K
copying file sha256:8875b53e09efb8221ff4f1c02a167e968d20c6331faa7c7206a5b57aa5316202 100% [K
parsing GGUF [K
verifying conversion ⠋ [K[?25h[?2026l[?2026h[?25l[A[A[A[1Ggathering model components [K
copying file sha256:8875b53e09efb8221ff4f1c02a167e968d20c6331faa7c7206a5b57aa5316202 100% [K
parsing GGUF [K
verifying conversion ⠙ [K[?25h[?2026l[?2026h[?25l[A[A[A[1Ggathering model components [K
copying file sha256:8875b53e09efb8221ff4f1c02a167e968d20c6331faa7c7206a5b57aa5316202 100% [K
parsing GGUF [K
verifying conversion ⠹ [K[?25h[?2026l[?2026h[?25l[A[A[A[1Ggathering model components [K
copying file sha256:8875b53e09efb8221ff4f1c02a167e968d20c6331faa7c7206a5b57aa5316202 100% [K
parsing GGUF [K
verifying conversion ⠸ [K[?25h[?2026l[?2026h[?25l[A[A[A[1Ggathering model components [K
copying file sha256:8875b53e09efb8221ff4f1c02a167e968d20c6331faa7c7206a5b57aa5316202 100% [K
parsing GGUF [K
verifying conversion ⠼ [K[?25h[?2026l[?2026h[?25l[A[A[A[1Ggathering model components [K
copying file sha256:8875b53e09efb8221ff4f1c02a167e968d20c6331faa7c7206a5b57aa5316202 100% [K
parsing GGUF [K
verifying conversion ⠴ [K[?25h[?2026l[?2026h[?25l[A[A[A[1Ggathering model components [K
copying file sha256:8875b53e09efb8221ff4f1c02a167e968d20c6331faa7c7206a5b57aa5316202 100% [K
parsing GGUF [K
verifying conversion ⠦ [K[?25h[?2026l[?2026h[?25l[A[A[A[1Ggathering model components [K
copying file sha256:8875b53e09efb8221ff4f1c02a167e968d20c6331faa7c7206a5b57aa5316202 100% [K
parsing GGUF [K
verifying conversion ⠧ [K[?25h[?2026l[?2026h[?25l[A[A[A[1Ggathering model components [K
copying file sha256:8875b53e09efb8221ff4f1c02a167e968d20c6331faa7c7206a5b57aa5316202 100% [K
parsing GGUF [K
verifying conversion ⠇ [K[?25h[?2026l[?2026h[?25l[A[A[A[1Ggathering model components [K
copying file sha256:8875b53e09efb8221ff4f1c02a167e968d20c6331faa7c7206a5b57aa5316202 100% [K
parsing GGUF [K
verifying conversion ⠏ [K[?25h[?2026l[?2026h[?25l[A[A[A[1Ggathering model components [K
copying file sha256:8875b53e09efb8221ff4f1c02a167e968d20c6331faa7c7206a5b57aa5316202 100% [K
parsing GGUF [K
verifying conversion ⠋ [K[?25h[?2026l[?2026h[?25l[A[A[A[1Ggathering model components [K
copying file sha256:8875b53e09efb8221ff4f1c02a167e968d20c6331faa7c7206a5b57aa5316202 100% [K
parsing GGUF [K
verifying conversion ⠙ [K[?25h[?2026l[?2026h[?25l[A[A[A[1Ggathering model components [K
copying file sha256:8875b53e09efb8221ff4f1c02a167e968d20c6331faa7c7206a5b57aa5316202 100% [K
parsing GGUF [K
verifying conversion ⠹ [K[?25h[?2026l[?2026h[?25l[A[A[A[1Ggathering model components [K
copying file sha256:8875b53e09efb8221ff4f1c02a167e968d20c6331faa7c7206a5b57aa5316202 100% [K
parsing GGUF [K
verifying conversion ⠸ [K[?25h[?2026l[?2026h[?25l[A[A[A[1Ggathering model components [K
copying file sha256:8875b53e09efb8221ff4f1c02a167e968d20c6331faa7c7206a5b57aa5316202 100% [K
parsing GGUF [K
verifying conversion ⠼ [K[?25h[?2026l[?2026h[?25l[A[A[A[1Ggathering model components [K
copying file sha256:8875b53e09efb8221ff4f1c02a167e968d20c6331faa7c7206a5b57aa5316202 100% [K
parsing GGUF [K
verifying conversion ⠴ [K[?25h[?2026l[?2026h[?25l[A[A[A[1Ggathering model components [K
copying file sha256:8875b53e09efb8221ff4f1c02a167e968d20c6331faa7c7206a5b57aa5316202 100% [K
parsing GGUF [K
verifying conversion ⠦ [K[?25h[?2026l[?2026h[?25l[A[A[A[1Ggathering model components [K
copying file sha256:8875b53e09efb8221ff4f1c02a167e968d20c6331faa7c7206a5b57aa5316202 100% [K
parsing GGUF [K
verifying conversion ⠧ [K[?25h[?2026l[?2026h[?25l[A[A[A[1Ggathering model components [K
copying file sha256:8875b53e09efb8221ff4f1c02a167e968d20c6331faa7c7206a5b57aa5316202 100% [K
parsing GGUF [K
verifying conversion ⠇ [K[?25h[?2026l[?2026h[?25l[A[A[A[1Ggathering model components [K
copying file sha256:8875b53e09efb8221ff4f1c02a167e968d20c6331faa7c7206a5b57aa5316202 100% [K
parsing GGUF [K
verifying conversion ⠏ [K[?25h[?2026l[?2026h[?25l[A[A[A[1Ggathering model components [K
copying file sha256:8875b53e09efb8221ff4f1c02a167e968d20c6331faa7c7206a5b57aa5316202 100% [K
parsing GGUF [K
verifying conversion ⠋ [K[?25h[?2026l[?2026h[?25l[A[A[A[1Ggathering model components [K
copying file sha256:8875b53e09efb8221ff4f1c02a167e968d20c6331faa7c7206a5b57aa5316202 100% [K
parsing GGUF [K
verifying conversion ⠙ [K[?25h[?2026l[?2026h[?25l[A[A[A[1Ggathering model components [K
copying file sha256:8875b53e09efb8221ff4f1c02a167e968d20c6331faa7c7206a5b57aa5316202 100% [K
parsing GGUF [K
verifying conversion ⠹ [K[?25h[?2026l[?2026h[?25l[A[A[A[1Ggathering model components [K
copying file sha256:8875b53e09efb8221ff4f1c02a167e968d20c6331faa7c7206a5b57aa5316202 100% [K
parsing GGUF [K
verifying conversion ⠸ [K[?25h[?2026l[?2026h[?25l[A[A[A[1Ggathering model components [K
copying file sha256:8875b53e09efb8221ff4f1c02a167e968d20c6331faa7c7206a5b57aa5316202 100% [K
parsing GGUF [K
verifying conversion ⠼ [K[?25h[?2026l[?2026h[?25l[A[A[A[1Ggathering model components [K
copying file sha256:8875b53e09efb8221ff4f1c02a167e968d20c6331faa7c7206a5b57aa5316202 100% [K
parsing GGUF [K
verifying conversion ⠴ [K[?25h[?2026l[?2026h[?25l[A[A[A[1Ggathering model components [K
copying file sha256:8875b53e09efb8221ff4f1c02a167e968d20c6331faa7c7206a5b57aa5316202 100% [K
parsing GGUF [K
verifying conversion ⠦ [K[?25h[?2026l[?2026h[?25l[A[A[A[1Ggathering model components [K
copying file sha256:8875b53e09efb8221ff4f1c02a167e968d20c6331faa7c7206a5b57aa5316202 100% [K
parsing GGUF [K
verifying conversion ⠧ [K[?25h[?2026l[?2026h[?25l[A[A[A[1Ggathering model components [K
copying file sha256:8875b53e09efb8221ff4f1c02a167e968d20c6331faa7c7206a5b57aa5316202 100% [K
parsing GGUF [K
verifying conversion ⠇ [K[?25h[?2026l[?2026h[?25l[A[A[A[1Ggathering model components [K
copying file sha256:8875b53e09efb8221ff4f1c02a167e968d20c6331faa7c7206a5b57aa5316202 100% [K
parsing GGUF [K
verifying conversion ⠏ [K[?25h[?2026l[?2026h[?25l[A[A[A[1Ggathering model components [K
copying file sha256:8875b53e09efb8221ff4f1c02a167e968d20c6331faa7c7206a5b57aa5316202 100% [K
parsing GGUF [K
verifying conversion ⠋ [K[?25h[?2026l[?2026h[?25l[A[A[A[1Ggathering model components [K
copying file sha256:8875b53e09efb8221ff4f1c02a167e968d20c6331faa7c7206a5b57aa5316202 100% [K
parsing GGUF [K
verifying conversion ⠙ [K[?25h[?2026l[?2026h[?25l[A[A[A[1Ggathering model components [K
copying file sha256:8875b53e09efb8221ff4f1c02a167e968d20c6331faa7c7206a5b57aa5316202 100% [K
parsing GGUF [K
verifying conversion ⠹ [K[?25h[?2026l[?2026h[?25l[A[A[A[1Ggathering model components [K
copying file sha256:8875b53e09efb8221ff4f1c02a167e968d20c6331faa7c7206a5b57aa5316202 100% [K
parsing GGUF [K
verifying conversion ⠸ [K[?25h[?2026l[?2026h[?25l[A[A[A[1Ggathering model components [K
copying file sha256:8875b53e09efb8221ff4f1c02a167e968d20c6331faa7c7206a5b57aa5316202 100% [K
parsing GGUF [K
verifying conversion ⠼ [K[?25h[?2026l[?2026h[?25l[A[A[A[1Ggathering model components [K
copying file sha256:8875b53e09efb8221ff4f1c02a167e968d20c6331faa7c7206a5b57aa5316202 100% [K
parsing GGUF [K
verifying conversion ⠴ [K[?25h[?2026l[?2026h[?25l[A[A[A[1Ggathering model components [K
copying file sha256:8875b53e09efb8221ff4f1c02a167e968d20c6331faa7c7206a5b57aa5316202 100% [K
parsing GGUF [K
verifying conversion ⠦ [K[?25h[?2026l[?2026h[?25l[A[A[A[1Ggathering model components [K
copying file sha256:8875b53e09efb8221ff4f1c02a167e968d20c6331faa7c7206a5b57aa5316202 100% [K
parsing GGUF [K
verifying conversion ⠧ [K[?25h[?2026l[?2026h[?25l[A[A[A[1Ggathering model components [K
copying file sha256:8875b53e09efb8221ff4f1c02a167e968d20c6331faa7c7206a5b57aa5316202 100% [K
parsing GGUF [K
verifying conversion ⠇ [K[?25h[?2026l[?2026h[?25l[A[A[A[1Ggathering model components [K
copying file sha256:8875b53e09efb8221ff4f1c02a167e968d20c6331faa7c7206a5b57aa5316202 100% [K
parsing GGUF [K
verifying conversion ⠏ [K[?25h[?2026l[?2026h[?25l[A[A[A[1Ggathering model components [K
copying file sha256:8875b53e09efb8221ff4f1c02a167e968d20c6331faa7c7206a5b57aa5316202 100% [K
parsing GGUF [K
verifying conversion ⠋ [K[?25h[?2026l[?2026h[?25l[A[A[A[1Ggathering model components [K
copying file sha256:8875b53e09efb8221ff4f1c02a167e968d20c6331faa7c7206a5b57aa5316202 100% [K
parsing GGUF [K
verifying conversion ⠙ [K[?25h[?2026l[?2026h[?25l[A[A[A[1Ggathering model components [K
copying file sha256:8875b53e09efb8221ff4f1c02a167e968d20c6331faa7c7206a5b57aa5316202 100% [K
parsing GGUF [K
verifying conversion ⠹ [K[?25h[?2026l[?2026h[?25l[A[A[A[1Ggathering model components [K
copying file sha256:8875b53e09efb8221ff4f1c02a167e968d20c6331faa7c7206a5b57aa5316202 100% [K
parsing GGUF [K
verifying conversion ⠸ [K[?25h[?2026l[?2026h[?25l[A[A[A[1Ggathering model components [K
copying file sha256:8875b53e09efb8221ff4f1c02a167e968d20c6331faa7c7206a5b57aa5316202 100% [K
parsing GGUF [K
verifying conversion ⠼ [K[?25h[?2026l[?2026h[?25l[A[A[A[1Ggathering model components [K
copying file sha256:8875b53e09efb8221ff4f1c02a167e968d20c6331faa7c7206a5b57aa5316202 100% [K
parsing GGUF [K
verifying conversion ⠴ [K[?25h[?2026l[?2026h[?25l[A[A[A[1Ggathering model components [K
copying file sha256:8875b53e09efb8221ff4f1c02a167e968d20c6331faa7c7206a5b57aa5316202 100% [K
parsing GGUF [K
verifying conversion ⠦ [K[?25h[?2026l[?2026h[?25l[A[A[A[1Ggathering model components [K
copying file sha256:8875b53e09efb8221ff4f1c02a167e968d20c6331faa7c7206a5b57aa5316202 100% [K
parsing GGUF [K
verifying conversion ⠧ [K[?25h[?2026l[?2026h[?25l[A[A[A[1Ggathering model components [K
copying file sha256:8875b53e09efb8221ff4f1c02a167e968d20c6331faa7c7206a5b57aa5316202 100% [K
parsing GGUF [K
verifying conversion ⠇ [K[?25h[?2026l[?2026h[?25l[A[A[A[1Ggathering model components [K
copying file sha256:8875b53e09efb8221ff4f1c02a167e968d20c6331faa7c7206a5b57aa5316202 100% [K
parsing GGUF [K
verifying conversion ⠏ [K[?25h[?2026l[?2026h[?25l[A[A[A[1Ggathering model components [K
copying file sha256:8875b53e09efb8221ff4f1c02a167e968d20c6331faa7c7206a5b57aa5316202 100% [K
parsing GGUF [K
verifying conversion ⠋ [K[?25h[?2026l[?2026h[?25l[A[A[A[1Ggathering model components [K
copying file sha256:8875b53e09efb8221ff4f1c02a167e968d20c6331faa7c7206a5b57aa5316202 100% [K
parsing GGUF [K
verifying conversion ⠙ [K[?25h[?2026l[?2026h[?25l[A[A[A[1Ggathering model components [K
copying file sha256:8875b53e09efb8221ff4f1c02a167e968d20c6331faa7c7206a5b57aa5316202 100% [K
parsing GGUF [K
verifying conversion ⠹ [K[?25h[?2026l[?2026h[?25l[A[A[A[1Ggathering model components [K
copying file sha256:8875b53e09efb8221ff4f1c02a167e968d20c6331faa7c7206a5b57aa5316202 100% [K
parsing GGUF [K
verifying conversion ⠸ [K[?25h[?2026l[?2026h[?25l[A[A[A[1Ggathering model components [K
copying file sha256:8875b53e09efb8221ff4f1c02a167e968d20c6331faa7c7206a5b57aa5316202 100% [K
parsing GGUF [K
verifying conversion ⠼ [K[?25h[?2026l[?2026h[?25l[A[A[A[1Ggathering model components [K
copying file sha256:8875b53e09efb8221ff4f1c02a167e968d20c6331faa7c7206a5b57aa5316202 100% [K
parsing GGUF [K
verifying conversion ⠴ [K[?25h[?2026l[?2026h[?25l[A[A[A[1Ggathering model components [K
copying file sha256:8875b53e09efb8221ff4f1c02a167e968d20c6331faa7c7206a5b57aa5316202 100% [K
parsing GGUF [K
verifying conversion ⠦ [K[?25h[?2026l[?2026h[?25l[A[A[A[1Ggathering model components [K
copying file sha256:8875b53e09efb8221ff4f1c02a167e968d20c6331faa7c7206a5b57aa5316202 100% [K
parsing GGUF [K
verifying conversion ⠧ [K[?25h[?2026l[?2026h[?25l[A[A[A[1Ggathering model components [K
copying file sha256:8875b53e09efb8221ff4f1c02a167e968d20c6331faa7c7206a5b57aa5316202 100% [K
parsing GGUF [K
verifying conversion ⠇ [K[?25h[?2026l[?2026h[?25l[A[A[A[1Ggathering model components [K
copying file sha256:8875b53e09efb8221ff4f1c02a167e968d20c6331faa7c7206a5b57aa5316202 100% [K
parsing GGUF [K
verifying conversion ⠏ [K[?25h[?2026l[?2026h[?25l[A[A[A[1Ggathering model components [K
copying file sha256:8875b53e09efb8221ff4f1c02a167e968d20c6331faa7c7206a5b57aa5316202 100% [K
parsing GGUF [K
verifying conversion ⠋ [K[?25h[?2026l[?2026h[?25l[A[A[A[1Ggathering model components [K
copying file sha256:8875b53e09efb8221ff4f1c02a167e968d20c6331faa7c7206a5b57aa5316202 100% [K
parsing GGUF [K
verifying conversion ⠙ [K[?25h[?2026l[?2026h[?25l[A[A[A[1Ggathering model components [K
copying file sha256:8875b53e09efb8221ff4f1c02a167e968d20c6331faa7c7206a5b57aa5316202 100% [K
parsing GGUF [K
verifying conversion ⠹ [K[?25h[?2026l[?2026h[?25l[A[A[A[1Ggathering model components [K
copying file sha256:8875b53e09efb8221ff4f1c02a167e968d20c6331faa7c7206a5b57aa5316202 100% [K
parsing GGUF [K
verifying conversion ⠸ [K[?25h[?2026l[?2026h[?25l[A[A[A[1Ggathering model components [K
copying file sha256:8875b53e09efb8221ff4f1c02a167e968d20c6331faa7c7206a5b57aa5316202 100% [K
parsing GGUF [K
verifying conversion ⠼ [K[?25h[?2026l[?2026h[?25l[A[A[A[1Ggathering model components [K
copying file sha256:8875b53e09efb8221ff4f1c02a167e968d20c6331faa7c7206a5b57aa5316202 100% [K
parsing GGUF [K
verifying conversion ⠴ [K[?25h[?2026l[?2026h[?25l[A[A[A[1Ggathering model components [K
copying file sha256:8875b53e09efb8221ff4f1c02a167e968d20c6331faa7c7206a5b57aa5316202 100% [K
parsing GGUF [K
verifying conversion ⠦ [K[?25h[?2026l[?2026h[?25l[A[A[A[1Ggathering model components [K
copying file sha256:8875b53e09efb8221ff4f1c02a167e968d20c6331faa7c7206a5b57aa5316202 100% [K
parsing GGUF [K
verifying conversion ⠧ [K[?25h[?2026l[?2026h[?25l[A[A[A[1Ggathering model components [K
copying file sha256:8875b53e09efb8221ff4f1c02a167e968d20c6331faa7c7206a5b57aa5316202 100% [K
parsing GGUF [K
verifying conversion ⠇ [K[?25h[?2026l[?2026h[?25l[A[A[A[1Ggathering model components [K
copying file sha256:8875b53e09efb8221ff4f1c02a167e968d20c6331faa7c7206a5b57aa5316202 100% [K
parsing GGUF [K
verifying conversion ⠏ [K[?25h[?2026l[?2026h[?25l[A[A[A[1Ggathering model components [K
copying file sha256:8875b53e09efb8221ff4f1c02a167e968d20c6331faa7c7206a5b57aa5316202 100% [K
parsing GGUF [K
verifying conversion ⠋ [K[?25h[?2026l[?2026h[?25l[A[A[A[1Ggathering model components [K
copying file sha256:8875b53e09efb8221ff4f1c02a167e968d20c6331faa7c7206a5b57aa5316202 100% [K
parsing GGUF [K
verifying conversion ⠙ [K[?25h[?2026l[?2026h[?25l[A[A[A[1Ggathering model components [K
copying file sha256:8875b53e09efb8221ff4f1c02a167e968d20c6331faa7c7206a5b57aa5316202 100% [K
parsing GGUF [K
verifying conversion ⠹ [K[?25h[?2026l[?2026h[?25l[A[A[A[1Ggathering model components [K
copying file sha256:8875b53e09efb8221ff4f1c02a167e968d20c6331faa7c7206a5b57aa5316202 100% [K
parsing GGUF [K
verifying conversion ⠸ [K[?25h[?2026l[?2026h[?25l[A[A[A[1Ggathering model components [K
copying file sha256:8875b53e09efb8221ff4f1c02a167e968d20c6331faa7c7206a5b57aa5316202 100% [K
parsing GGUF [K
verifying conversion ⠼ [K[?25h[?2026l[?2026h[?25l[A[A[A[1Ggathering model components [K
copying file sha256:8875b53e09efb8221ff4f1c02a167e968d20c6331faa7c7206a5b57aa5316202 100% [K
parsing GGUF [K
verifying conversion ⠴ [K[?25h[?2026l[?2026h[?25l[A[A[A[1Ggathering model components [K
copying file sha256:8875b53e09efb8221ff4f1c02a167e968d20c6331faa7c7206a5b57aa5316202 100% [K
parsing GGUF [K
verifying conversion ⠦ [K[?25h[?2026l[?2026h[?25l[A[A[A[1Ggathering model components [K
copying file sha256:8875b53e09efb8221ff4f1c02a167e968d20c6331faa7c7206a5b57aa5316202 100% [K
parsing GGUF [K
verifying conversion ⠧ [K[?25h[?2026l[?2026h[?25l[A[A[A[1Ggathering model components [K
copying file sha256:8875b53e09efb8221ff4f1c02a167e968d20c6331faa7c7206a5b57aa5316202 100% [K
parsing GGUF [K
verifying conversion ⠇ [K[?25h[?2026l[?2026h[?25l[A[A[A[1Ggathering model components [K
copying file sha256:8875b53e09efb8221ff4f1c02a167e968d20c6331faa7c7206a5b57aa5316202 100% [K
parsing GGUF [K
verifying conversion ⠏ [K[?25h[?2026l[?2026h[?25l[A[A[A[1Ggathering model components [K
copying file sha256:8875b53e09efb8221ff4f1c02a167e968d20c6331faa7c7206a5b57aa5316202 100% [K
parsing GGUF [K
verifying conversion ⠋ [K[?25h[?2026l[?2026h[?25l[A[A[A[1Ggathering model components [K
copying file sha256:8875b53e09efb8221ff4f1c02a167e968d20c6331faa7c7206a5b57aa5316202 100% [K
parsing GGUF [K
verifying conversion ⠙ [K[?25h[?2026l[?2026h[?25l[A[A[A[1Ggathering model components [K
copying file sha256:8875b53e09efb8221ff4f1c02a167e968d20c6331faa7c7206a5b57aa5316202 100% [K
parsing GGUF [K
verifying conversion ⠹ [K[?25h[?2026l[?2026h[?25l[A[A[A[1Ggathering model components [K
copying file sha256:8875b53e09efb8221ff4f1c02a167e968d20c6331faa7c7206a5b57aa5316202 100% [K
parsing GGUF [K
verifying conversion ⠸ [K[?25h[?2026l[?2026h[?25l[A[A[A[1Ggathering model components [K
copying file sha256:8875b53e09efb8221ff4f1c02a167e968d20c6331faa7c7206a5b57aa5316202 100% [K
parsing GGUF [K
verifying conversion ⠼ [K[?25h[?2026l[?2026h[?25l[A[A[A[1Ggathering model components [K
copying file sha256:8875b53e09efb8221ff4f1c02a167e968d20c6331faa7c7206a5b57aa5316202 100% [K
parsing GGUF [K
verifying conversion ⠴ [K[?25h[?2026l[?2026h[?25l[A[A[A[1Ggathering model components [K
copying file sha256:8875b53e09efb8221ff4f1c02a167e968d20c6331faa7c7206a5b57aa5316202 100% [K
parsing GGUF [K
verifying conversion ⠦ [K[?25h[?2026l[?2026h[?25l[A[A[A[1Ggathering model components [K
copying file sha256:8875b53e09efb8221ff4f1c02a167e968d20c6331faa7c7206a5b57aa5316202 100% [K
parsing GGUF [K
verifying conversion ⠧ [K[?25h[?2026l[?2026h[?25l[A[A[A[1Ggathering model components [K
copying file sha256:8875b53e09efb8221ff4f1c02a167e968d20c6331faa7c7206a5b57aa5316202 100% [K
parsing GGUF [K
verifying conversion ⠇ [K[?25h[?2026l[?2026h[?25l[A[A[A[1Ggathering model components [K
copying file sha256:8875b53e09efb8221ff4f1c02a167e968d20c6331faa7c7206a5b57aa5316202 100% [K
parsing GGUF [K
verifying conversion ⠏ [K[?25h[?2026l[?2026h[?25l[A[A[A[1Ggathering model components [K
copying file sha256:8875b53e09efb8221ff4f1c02a167e968d20c6331faa7c7206a5b57aa5316202 100% [K
parsing GGUF [K
verifying conversion ⠋ [K[?25h[?2026l[?2026h[?25l[A[A[A[1Ggathering model components [K
copying file sha256:8875b53e09efb8221ff4f1c02a167e968d20c6331faa7c7206a5b57aa5316202 100% [K
parsing GGUF [K
verifying conversion ⠙ [K[?25h[?2026l[?2026h[?25l[A[A[A[1Ggathering model components [K
copying file sha256:8875b53e09efb8221ff4f1c02a167e968d20c6331faa7c7206a5b57aa5316202 100% [K
parsing GGUF [K
verifying conversion ⠹ [K[?25h[?2026l[?2026h[?25l[A[A[A[1Ggathering model components [K
copying file sha256:8875b53e09efb8221ff4f1c02a167e968d20c6331faa7c7206a5b57aa5316202 100% [K
parsing GGUF [K
verifying conversion ⠸ [K[?25h[?2026l[?2026h[?25l[A[A[A[1Ggathering model components [K
copying file sha256:8875b53e09efb8221ff4f1c02a167e968d20c6331faa7c7206a5b57aa5316202 100% [K
parsing GGUF [K
verifying conversion ⠼ [K[?25h[?2026l[?2026h[?25l[A[A[A[1Ggathering model components [K
copying file sha256:8875b53e09efb8221ff4f1c02a167e968d20c6331faa7c7206a5b57aa5316202 100% [K
parsing GGUF [K
verifying conversion ⠴ [K[?25h[?2026l[?2026h[?25l[A[A[A[1Ggathering model components [K
copying file sha256:8875b53e09efb8221ff4f1c02a167e968d20c6331faa7c7206a5b57aa5316202 100% [K
parsing GGUF [K
verifying conversion ⠦ [K[?25h[?2026l[?2026h[?25l[A[A[A[1Ggathering model components [K
copying file sha256:8875b53e09efb8221ff4f1c02a167e968d20c6331faa7c7206a5b57aa5316202 100% [K
parsing GGUF [K
verifying conversion ⠧ [K[?25h[?2026l[?2026h[?25l[A[A[A[1Ggathering model components [K
copying file sha256:8875b53e09efb8221ff4f1c02a167e968d20c6331faa7c7206a5b57aa5316202 100% [K
parsing GGUF [K
verifying conversion ⠇ [K[?25h[?2026l[?2026h[?25l[A[A[A[1Ggathering model components [K
copying file sha256:8875b53e09efb8221ff4f1c02a167e968d20c6331faa7c7206a5b57aa5316202 100% [K
parsing GGUF [K
verifying conversion ⠏ [K[?25h[?2026l[?2026h[?25l[A[A[A[1Ggathering model components [K
copying file sha256:8875b53e09efb8221ff4f1c02a167e968d20c6331faa7c7206a5b57aa5316202 100% [K
parsing GGUF [K
verifying conversion ⠋ [K[?25h[?2026l[?2026h[?25l[A[A[A[1Ggathering model components [K
copying file sha256:8875b53e09efb8221ff4f1c02a167e968d20c6331faa7c7206a5b57aa5316202 100% [K
parsing GGUF [K
verifying conversion ⠙ [K[?25h[?2026l[?2026h[?25l[A[A[A[1Ggathering model components [K
copying file sha256:8875b53e09efb8221ff4f1c02a167e968d20c6331faa7c7206a5b57aa5316202 100% [K
parsing GGUF [K
verifying conversion ⠹ [K[?25h[?2026l[?2026h[?25l[A[A[A[1Ggathering model components [K
copying file sha256:8875b53e09efb8221ff4f1c02a167e968d20c6331faa7c7206a5b57aa5316202 100% [K
parsing GGUF [K
verifying conversion ⠸ [K[?25h[?2026l[?2026h[?25l[A[A[A[1Ggathering model components [K
copying file sha256:8875b53e09efb8221ff4f1c02a167e968d20c6331faa7c7206a5b57aa5316202 100% [K
parsing GGUF [K
verifying conversion ⠼ [K[?25h[?2026l[?2026h[?25l[A[A[A[1Ggathering model components [K
copying file sha256:8875b53e09efb8221ff4f1c02a167e968d20c6331faa7c7206a5b57aa5316202 100% [K
parsing GGUF [K
verifying conversion ⠴ [K[?25h[?2026l[?2026h[?25l[A[A[A[1Ggathering model components [K
copying file sha256:8875b53e09efb8221ff4f1c02a167e968d20c6331faa7c7206a5b57aa5316202 100% [K
parsing GGUF [K
verifying conversion ⠦ [K[?25h[?2026l[?2026h[?25l[A[A[A[1Ggathering model components [K
copying file sha256:8875b53e09efb8221ff4f1c02a167e968d20c6331faa7c7206a5b57aa5316202 100% [K
parsing GGUF [K
verifying conversion ⠧ [K[?25h[?2026l[?2026h[?25l[A[A[A[1Ggathering model components [K
copying file sha256:8875b53e09efb8221ff4f1c02a167e968d20c6331faa7c7206a5b57aa5316202 100% [K
parsing GGUF [K
verifying conversion ⠇ [K[?25h[?2026l[?2026h[?25l[A[A[A[1Ggathering model components [K
copying file sha256:8875b53e09efb8221ff4f1c02a167e968d20c6331faa7c7206a5b57aa5316202 100% [K
parsing GGUF [K
verifying conversion ⠏ [K[?25h[?2026l[?2026h[?25l[A[A[A[1Ggathering model components [K
copying file sha256:8875b53e09efb8221ff4f1c02a167e968d20c6331faa7c7206a5b57aa5316202 100% [K
parsing GGUF [K
verifying conversion ⠋ [K[?25h[?2026l[?2026h[?25l[A[A[A[1Ggathering model components [K
copying file sha256:8875b53e09efb8221ff4f1c02a167e968d20c6331faa7c7206a5b57aa5316202 100% [K
parsing GGUF [K
verifying conversion ⠙ [K[?25h[?2026l[?2026h[?25l[A[A[A[1Ggathering model components [K
copying file sha256:8875b53e09efb8221ff4f1c02a167e968d20c6331faa7c7206a5b57aa5316202 100% [K
parsing GGUF [K
verifying conversion ⠹ [K[?25h[?2026l[?2026h[?25l[A[A[A[1Ggathering model components [K
copying file sha256:8875b53e09efb8221ff4f1c02a167e968d20c6331faa7c7206a5b57aa5316202 100% [K
parsing GGUF [K
verifying conversion ⠸ [K[?25h[?2026l[?2026h[?25l[A[A[A[1Ggathering model components [K
copying file sha256:8875b53e09efb8221ff4f1c02a167e968d20c6331faa7c7206a5b57aa5316202 100% [K
parsing GGUF [K
verifying conversion ⠼ [K[?25h[?2026l[?2026h[?25l[A[A[A[1Ggathering model components [K
copying file sha256:8875b53e09efb8221ff4f1c02a167e968d20c6331faa7c7206a5b57aa5316202 100% [K
parsing GGUF [K
verifying conversion ⠴ [K[?25h[?2026l[?2026h[?25l[A[A[A[1Ggathering model components [K
copying file sha256:8875b53e09efb8221ff4f1c02a167e968d20c6331faa7c7206a5b57aa5316202 100% [K
parsing GGUF [K
verifying conversion ⠦ [K[?25h[?2026l[?2026h[?25l[A[A[A[1Ggathering model components [K
copying file sha256:8875b53e09efb8221ff4f1c02a167e968d20c6331faa7c7206a5b57aa5316202 100% [K
parsing GGUF [K
verifying conversion ⠧ [K[?25h[?2026l[?2026h[?25l[A[A[A[1Ggathering model components [K
copying file sha256:8875b53e09efb8221ff4f1c02a167e968d20c6331faa7c7206a5b57aa5316202 100% [K
parsing GGUF [K
verifying conversion ⠇ [K[?25h[?2026l[?2026h[?25l[A[A[A[1Ggathering model components [K
copying file sha256:8875b53e09efb8221ff4f1c02a167e968d20c6331faa7c7206a5b57aa5316202 100% [K
parsing GGUF [K
verifying conversion ⠏ [K[?25h[?2026l[?2026h[?25l[A[A[A[1Ggathering model components [K
copying file sha256:8875b53e09efb8221ff4f1c02a167e968d20c6331faa7c7206a5b57aa5316202 100% [K
parsing GGUF [K
verifying conversion ⠋ [K[?25h[?2026l[?2026h[?25l[A[A[A[1Ggathering model components [K
copying file sha256:8875b53e09efb8221ff4f1c02a167e968d20c6331faa7c7206a5b57aa5316202 100% [K
parsing GGUF [K
verifying conversion ⠙ [K[?25h[?2026l[?2026h[?25l[A[A[A[1Ggathering model components [K
copying file sha256:8875b53e09efb8221ff4f1c02a167e968d20c6331faa7c7206a5b57aa5316202 100% [K
parsing GGUF [K
verifying conversion ⠹ [K[?25h[?2026l[?2026h[?25l[A[A[A[1Ggathering model components [K
copying file sha256:8875b53e09efb8221ff4f1c02a167e968d20c6331faa7c7206a5b57aa5316202 100% [K
parsing GGUF [K
verifying conversion ⠸ [K[?25h[?2026l[?2026h[?25l[A[A[A[1Ggathering model components [K
copying file sha256:8875b53e09efb8221ff4f1c02a167e968d20c6331faa7c7206a5b57aa5316202 100% [K
parsing GGUF [K
verifying conversion ⠼ [K[?25h[?2026l[?2026h[?25l[A[A[A[1Ggathering model components [K
copying file sha256:8875b53e09efb8221ff4f1c02a167e968d20c6331faa7c7206a5b57aa5316202 100% [K
parsing GGUF [K
verifying conversion ⠴ [K[?25h[?2026l[?2026h[?25l[A[A[A[1Ggathering model components [K
copying file sha256:8875b53e09efb8221ff4f1c02a167e968d20c6331faa7c7206a5b57aa5316202 100% [K
parsing GGUF [K
verifying conversion ⠦ [K[?25h[?2026l[?2026h[?25l[A[A[A[1Ggathering model components [K
copying file sha256:8875b53e09efb8221ff4f1c02a167e968d20c6331faa7c7206a5b57aa5316202 100% [K
parsing GGUF [K
verifying conversion ⠧ [K[?25h[?2026l[?2026h[?25l[A[A[A[1Ggathering model components [K
copying file sha256:8875b53e09efb8221ff4f1c02a167e968d20c6331faa7c7206a5b57aa5316202 100% [K
parsing GGUF [K
verifying conversion ⠇ [K[?25h[?2026l[?2026h[?25l[A[A[A[1Ggathering model components [K
copying file sha256:8875b53e09efb8221ff4f1c02a167e968d20c6331faa7c7206a5b57aa5316202 100% [K
parsing GGUF [K
verifying conversion ⠏ [K[?25h[?2026l[?2026h[?25l[A[A[A[1Ggathering model components [K
copying file sha256:8875b53e09efb8221ff4f1c02a167e968d20c6331faa7c7206a5b57aa5316202 100% [K
parsing GGUF [K
verifying conversion ⠋ [K[?25h[?2026l[?2026h[?25l[A[A[A[1Ggathering model components [K
copying file sha256:8875b53e09efb8221ff4f1c02a167e968d20c6331faa7c7206a5b57aa5316202 100% [K
parsing GGUF [K
verifying conversion ⠙ [K[?25h[?2026l[?2026h[?25l[A[A[A[1Ggathering model components [K
copying file sha256:8875b53e09efb8221ff4f1c02a167e968d20c6331faa7c7206a5b57aa5316202 100% [K
parsing GGUF [K
verifying conversion ⠹ [K[?25h[?2026l[?2026h[?25l[A[A[A[1Ggathering model components [K
copying file sha256:8875b53e09efb8221ff4f1c02a167e968d20c6331faa7c7206a5b57aa5316202 100% [K
parsing GGUF [K
verifying conversion ⠸ [K[?25h[?2026l[?2026h[?25l[A[A[A[1Ggathering model components [K
copying file sha256:8875b53e09efb8221ff4f1c02a167e968d20c6331faa7c7206a5b57aa5316202 100% [K
parsing GGUF [K
verifying conversion ⠼ [K[?25h[?2026l[?2026h[?25l[A[A[A[1Ggathering model components [K
copying file sha256:8875b53e09efb8221ff4f1c02a167e968d20c6331faa7c7206a5b57aa5316202 100% [K
parsing GGUF [K
verifying conversion ⠴ [K[?25h[?2026l[?2026h[?25l[A[A[A[1Ggathering model components [K
copying file sha256:8875b53e09efb8221ff4f1c02a167e968d20c6331faa7c7206a5b57aa5316202 100% [K
parsing GGUF [K
verifying conversion ⠦ [K[?25h[?2026l[?2026h[?25l[A[A[A[1Ggathering model components [K
copying file sha256:8875b53e09efb8221ff4f1c02a167e968d20c6331faa7c7206a5b57aa5316202 100% [K
parsing GGUF [K
verifying conversion ⠧ [K[?25h[?2026l[?2026h[?25l[A[A[A[1Ggathering model components [K
copying file sha256:8875b53e09efb8221ff4f1c02a167e968d20c6331faa7c7206a5b57aa5316202 100% [K
parsing GGUF [K
verifying conversion ⠇ [K[?25h[?2026l[?2026h[?25l[A[A[A[1Ggathering model components [K
copying file sha256:8875b53e09efb8221ff4f1c02a167e968d20c6331faa7c7206a5b57aa5316202 100% [K
parsing GGUF [K
verifying conversion ⠏ [K[?25h[?2026l[?2026h[?25l[A[A[A[1Ggathering model components [K
copying file sha256:8875b53e09efb8221ff4f1c02a167e968d20c6331faa7c7206a5b57aa5316202 100% [K
parsing GGUF [K
verifying conversion ⠋ [K[?25h[?2026l[?2026h[?25l[A[A[A[1Ggathering model components [K
copying file sha256:8875b53e09efb8221ff4f1c02a167e968d20c6331faa7c7206a5b57aa5316202 100% [K
parsing GGUF [K
verifying conversion ⠙ [K[?25h[?2026l[?2026h[?25l[A[A[A[1Ggathering model components [K
copying file sha256:8875b53e09efb8221ff4f1c02a167e968d20c6331faa7c7206a5b57aa5316202 100% [K
parsing GGUF [K
verifying conversion ⠹ [K[?25h[?2026l[?2026h[?25l[A[A[A[1Ggathering model components [K
copying file sha256:8875b53e09efb8221ff4f1c02a167e968d20c6331faa7c7206a5b57aa5316202 100% [K
parsing GGUF [K
verifying conversion ⠸ [K[?25h[?2026l[?2026h[?25l[A[A[A[1Ggathering model components [K
copying file sha256:8875b53e09efb8221ff4f1c02a167e968d20c6331faa7c7206a5b57aa5316202 100% [K
parsing GGUF [K
verifying conversion ⠼ [K[?25h[?2026l[?2026h[?25l[A[A[A[1Ggathering model components [K
copying file sha256:8875b53e09efb8221ff4f1c02a167e968d20c6331faa7c7206a5b57aa5316202 100% [K
parsing GGUF [K
verifying conversion ⠴ [K[?25h[?2026l[?2026h[?25l[A[A[A[1Ggathering model components [K
copying file sha256:8875b53e09efb8221ff4f1c02a167e968d20c6331faa7c7206a5b57aa5316202 100% [K
parsing GGUF [K
verifying conversion ⠦ [K[?25h[?2026l[?2026h[?25l[A[A[A[1Ggathering model components [K
copying file sha256:8875b53e09efb8221ff4f1c02a167e968d20c6331faa7c7206a5b57aa5316202 100% [K
parsing GGUF [K
verifying conversion ⠧ [K[?25h[?2026l[?2026h[?25l[A[A[A[1Ggathering model components [K
copying file sha256:8875b53e09efb8221ff4f1c02a167e968d20c6331faa7c7206a5b57aa5316202 100% [K
parsing GGUF [K
verifying conversion ⠇ [K[?25h[?2026l[?2026h[?25l[A[A[A[1Ggathering model components [K
copying file sha256:8875b53e09efb8221ff4f1c02a167e968d20c6331faa7c7206a5b57aa5316202 100% [K
parsing GGUF [K
verifying conversion ⠏ [K[?25h[?2026l[?2026h[?25l[A[A[A[1Ggathering model components [K
copying file sha256:8875b53e09efb8221ff4f1c02a167e968d20c6331faa7c7206a5b57aa5316202 100% [K
parsing GGUF [K
verifying conversion ⠋ [K[?25h[?2026l[?2026h[?25l[A[A[A[1Ggathering model components [K
copying file sha256:8875b53e09efb8221ff4f1c02a167e968d20c6331faa7c7206a5b57aa5316202 100% [K
parsing GGUF [K
verifying conversion ⠙ [K[?25h[?2026l[?2026h[?25l[A[A[A[1Ggathering model components [K
copying file sha256:8875b53e09efb8221ff4f1c02a167e968d20c6331faa7c7206a5b57aa5316202 100% [K
parsing GGUF [K
verifying conversion ⠹ [K[?25h[?2026l[?2026h[?25l[A[A[A[1Ggathering model components [K
copying file sha256:8875b53e09efb8221ff4f1c02a167e968d20c6331faa7c7206a5b57aa5316202 100% [K
parsing GGUF [K
verifying conversion ⠸ [K[?25h[?2026l[?2026h[?25l[A[A[A[1Ggathering model components [K
copying file sha256:8875b53e09efb8221ff4f1c02a167e968d20c6331faa7c7206a5b57aa5316202 100% [K
parsing GGUF [K
verifying conversion ⠼ [K[?25h[?2026l[?2026h[?25l[A[A[A[1Ggathering model components [K
copying file sha256:8875b53e09efb8221ff4f1c02a167e968d20c6331faa7c7206a5b57aa5316202 100% [K
parsing GGUF [K
verifying conversion ⠴ [K[?25h[?2026l[?2026h[?25l[A[A[A[1Ggathering model components [K
copying file sha256:8875b53e09efb8221ff4f1c02a167e968d20c6331faa7c7206a5b57aa5316202 100% [K
parsing GGUF [K
verifying conversion ⠦ [K[?25h[?2026l[?2026h[?25l[A[A[A[1Ggathering model components [K
copying file sha256:8875b53e09efb8221ff4f1c02a167e968d20c6331faa7c7206a5b57aa5316202 100% [K
parsing GGUF [K
verifying conversion ⠧ [K[?25h[?2026l[?2026h[?25l[A[A[A[1Ggathering model components [K
copying file sha256:8875b53e09efb8221ff4f1c02a167e968d20c6331faa7c7206a5b57aa5316202 100% [K
parsing GGUF [K
verifying conversion ⠇ [K[?25h[?2026l[?2026h[?25l[A[A[A[1Ggathering model components [K
copying file sha256:8875b53e09efb8221ff4f1c02a167e968d20c6331faa7c7206a5b57aa5316202 100% [K
parsing GGUF [K
verifying conversion ⠏ [K[?25h[?2026l[?2026h[?25l[A[A[A[1Ggathering model components [K
copying file sha256:8875b53e09efb8221ff4f1c02a167e968d20c6331faa7c7206a5b57aa5316202 100% [K
parsing GGUF [K
verifying conversion ⠋ [K[?25h[?2026l[?2026h[?25l[A[A[A[1Ggathering model components [K
copying file sha256:8875b53e09efb8221ff4f1c02a167e968d20c6331faa7c7206a5b57aa5316202 100% [K
parsing GGUF [K
verifying conversion ⠙ [K[?25h[?2026l[?2026h[?25l[A[A[A[1Ggathering model components [K
copying file sha256:8875b53e09efb8221ff4f1c02a167e968d20c6331faa7c7206a5b57aa5316202 100% [K
parsing GGUF [K
verifying conversion ⠹ [K[?25h[?2026l[?2026h[?25l[A[A[A[1Ggathering model components [K
copying file sha256:8875b53e09efb8221ff4f1c02a167e968d20c6331faa7c7206a5b57aa5316202 100% [K
parsing GGUF [K
verifying conversion ⠸ [K[?25h[?2026l[?2026h[?25l[A[A[A[1Ggathering model components [K
copying file sha256:8875b53e09efb8221ff4f1c02a167e968d20c6331faa7c7206a5b57aa5316202 100% [K
parsing GGUF [K
verifying conversion ⠼ [K[?25h[?2026l[?2026h[?25l[A[A[A[1Ggathering model components [K
copying file sha256:8875b53e09efb8221ff4f1c02a167e968d20c6331faa7c7206a5b57aa5316202 100% [K
parsing GGUF [K
verifying conversion ⠴ [K[?25h[?2026l[?2026h[?25l[A[A[A[1Ggathering model components [K
copying file sha256:8875b53e09efb8221ff4f1c02a167e968d20c6331faa7c7206a5b57aa5316202 100% [K
parsing GGUF [K
verifying conversion ⠦ [K[?25h[?2026l[?2026h[?25l[A[A[A[1Ggathering model components [K
copying file sha256:8875b53e09efb8221ff4f1c02a167e968d20c6331faa7c7206a5b57aa5316202 100% [K
parsing GGUF [K
verifying conversion ⠧ [K[?25h[?2026l[?2026h[?25l[A[A[A[1Ggathering model components [K
copying file sha256:8875b53e09efb8221ff4f1c02a167e968d20c6331faa7c7206a5b57aa5316202 100% [K
parsing GGUF [K
verifying conversion ⠇ [K[?25h[?2026l[?2026h[?25l[A[A[A[1Ggathering model components [K
copying file sha256:8875b53e09efb8221ff4f1c02a167e968d20c6331faa7c7206a5b57aa5316202 100% [K
parsing GGUF [K
verifying conversion ⠏ [K[?25h[?2026l[?2026h[?25l[A[A[A[1Ggathering model components [K
copying file sha256:8875b53e09efb8221ff4f1c02a167e968d20c6331faa7c7206a5b57aa5316202 100% [K
parsing GGUF [K
verifying conversion ⠋ [K[?25h[?2026l[?2026h[?25l[A[A[A[1Ggathering model components [K
copying file sha256:8875b53e09efb8221ff4f1c02a167e968d20c6331faa7c7206a5b57aa5316202 100% [K
parsing GGUF [K
verifying conversion ⠙ [K[?25h[?2026l[?2026h[?25l[A[A[A[1Ggathering model components [K
copying file sha256:8875b53e09efb8221ff4f1c02a167e968d20c6331faa7c7206a5b57aa5316202 100% [K
parsing GGUF [K
verifying conversion ⠹ [K[?25h[?2026l[?2026h[?25l[A[A[A[1Ggathering model components [K
copying file sha256:8875b53e09efb8221ff4f1c02a167e968d20c6331faa7c7206a5b57aa5316202 100% [K
parsing GGUF [K
verifying conversion ⠸ [K[?25h[?2026l[?2026h[?25l[A[A[A[1Ggathering model components [K
copying file sha256:8875b53e09efb8221ff4f1c02a167e968d20c6331faa7c7206a5b57aa5316202 100% [K
parsing GGUF [K
verifying conversion ⠼ [K[?25h[?2026l[?2026h[?25l[A[A[A[1Ggathering model components [K
copying file sha256:8875b53e09efb8221ff4f1c02a167e968d20c6331faa7c7206a5b57aa5316202 100% [K
parsing GGUF [K
verifying conversion ⠴ [K[?25h[?2026l[?2026h[?25l[A[A[A[1Ggathering model components [K
copying file sha256:8875b53e09efb8221ff4f1c02a167e968d20c6331faa7c7206a5b57aa5316202 100% [K
parsing GGUF [K
verifying conversion ⠦ [K[?25h[?2026l[?2026h[?25l[A[A[A[1Ggathering model components [K
copying file sha256:8875b53e09efb8221ff4f1c02a167e968d20c6331faa7c7206a5b57aa5316202 100% [K
parsing GGUF [K
verifying conversion ⠧ [K[?25h[?2026l[?2026h[?25l[A[A[A[1Ggathering model components [K
copying file sha256:8875b53e09efb8221ff4f1c02a167e968d20c6331faa7c7206a5b57aa5316202 100% [K
parsing GGUF [K
verifying conversion ⠇ [K[?25h[?2026l[?2026h[?25l[A[A[A[1Ggathering model components [K
copying file sha256:8875b53e09efb8221ff4f1c02a167e968d20c6331faa7c7206a5b57aa5316202 100% [K
parsing GGUF [K
verifying conversion ⠏ [K[?25h[?2026l[?2026h[?25l[A[A[A[1Ggathering model components [K
copying file sha256:8875b53e09efb8221ff4f1c02a167e968d20c6331faa7c7206a5b57aa5316202 100% [K
parsing GGUF [K
verifying conversion ⠋ [K[?25h[?2026l[?2026h[?25l[A[A[A[1Ggathering model components [K
copying file sha256:8875b53e09efb8221ff4f1c02a167e968d20c6331faa7c7206a5b57aa5316202 100% [K
parsing GGUF [K
verifying conversion ⠙ [K[?25h[?2026l[?2026h[?25l[A[A[A[1Ggathering model components [K
copying file sha256:8875b53e09efb8221ff4f1c02a167e968d20c6331faa7c7206a5b57aa5316202 100% [K
parsing GGUF [K
verifying conversion ⠹ [K[?25h[?2026l[?2026h[?25l[A[A[A[1Ggathering model components [K
copying file sha256:8875b53e09efb8221ff4f1c02a167e968d20c6331faa7c7206a5b57aa5316202 100% [K
parsing GGUF [K
verifying conversion ⠸ [K[?25h[?2026l[?2026h[?25l[A[A[A[1Ggathering model components [K
copying file sha256:8875b53e09efb8221ff4f1c02a167e968d20c6331faa7c7206a5b57aa5316202 100% [K
parsing GGUF [K
verifying conversion ⠼ [K[?25h[?2026l[?2026h[?25l[A[A[A[1Ggathering model components [K
copying file sha256:8875b53e09efb8221ff4f1c02a167e968d20c6331faa7c7206a5b57aa5316202 100% [K
parsing GGUF [K
verifying conversion ⠴ [K[?25h[?2026l[?2026h[?25l[A[A[A[1Ggathering model components [K
copying file sha256:8875b53e09efb8221ff4f1c02a167e968d20c6331faa7c7206a5b57aa5316202 100% [K
parsing GGUF [K
verifying conversion ⠦ [K[?25h[?2026l[?2026h[?25l[A[A[A[1Ggathering model components [K
copying file sha256:8875b53e09efb8221ff4f1c02a167e968d20c6331faa7c7206a5b57aa5316202 100% [K
parsing GGUF [K
verifying conversion ⠧ [K[?25h[?2026l[?2026h[?25l[A[A[A[1Ggathering model components [K
copying file sha256:8875b53e09efb8221ff4f1c02a167e968d20c6331faa7c7206a5b57aa5316202 100% [K
parsing GGUF [K
verifying conversion ⠇ [K[?25h[?2026l[?2026h[?25l[A[A[A[1Ggathering model components [K
copying file sha256:8875b53e09efb8221ff4f1c02a167e968d20c6331faa7c7206a5b57aa5316202 100% [K
parsing GGUF [K
verifying conversion ⠏ [K[?25h[?2026l[?2026h[?25l[A[A[A[1Ggathering model components [K
copying file sha256:8875b53e09efb8221ff4f1c02a167e968d20c6331faa7c7206a5b57aa5316202 100% [K
parsing GGUF [K
verifying conversion ⠋ [K[?25h[?2026l[?2026h[?25l[A[A[A[1Ggathering model components [K
copying file sha256:8875b53e09efb8221ff4f1c02a167e968d20c6331faa7c7206a5b57aa5316202 100% [K
parsing GGUF [K
verifying conversion ⠙ [K[?25h[?2026l[?2026h[?25l[A[A[A[1Ggathering model components [K
copying file sha256:8875b53e09efb8221ff4f1c02a167e968d20c6331faa7c7206a5b57aa5316202 100% [K
parsing GGUF [K
verifying conversion ⠹ [K[?25h[?2026l[?2026h[?25l[A[A[A[1Ggathering model components [K
copying file sha256:8875b53e09efb8221ff4f1c02a167e968d20c6331faa7c7206a5b57aa5316202 100% [K
parsing GGUF [K
verifying conversion ⠸ [K[?25h[?2026l[?2026h[?25l[A[A[A[1Ggathering model components [K
copying file sha256:8875b53e09efb8221ff4f1c02a167e968d20c6331faa7c7206a5b57aa5316202 100% [K
parsing GGUF [K
verifying conversion ⠼ [K[?25h[?2026l[?2026h[?25l[A[A[A[1Ggathering model components [K
copying file sha256:8875b53e09efb8221ff4f1c02a167e968d20c6331faa7c7206a5b57aa5316202 100% [K
parsing GGUF [K
verifying conversion ⠴ [K[?25h[?2026l[?2026h[?25l[A[A[A[1Ggathering model components [K
copying file sha256:8875b53e09efb8221ff4f1c02a167e968d20c6331faa7c7206a5b57aa5316202 100% [K
parsing GGUF [K
verifying conversion ⠦ [K[?25h[?2026l[?2026h[?25l[A[A[A[1Ggathering model components [K
copying file sha256:8875b53e09efb8221ff4f1c02a167e968d20c6331faa7c7206a5b57aa5316202 100% [K
parsing GGUF [K
verifying conversion ⠧ [K[?25h[?2026l[?2026h[?25l[A[A[A[1Ggathering model components [K
copying file sha256:8875b53e09efb8221ff4f1c02a167e968d20c6331faa7c7206a5b57aa5316202 100% [K
parsing GGUF [K
verifying conversion ⠇ [K[?25h[?2026l[?2026h[?25l[A[A[A[1Ggathering model components [K
copying file sha256:8875b53e09efb8221ff4f1c02a167e968d20c6331faa7c7206a5b57aa5316202 100% [K
parsing GGUF [K
verifying conversion ⠏ [K[?25h[?2026l[?2026h[?25l[A[A[A[1Ggathering model components [K
copying file sha256:8875b53e09efb8221ff4f1c02a167e968d20c6331faa7c7206a5b57aa5316202 100% [K
parsing GGUF [K
verifying conversion ⠋ [K[?25h[?2026l[?2026h[?25l[A[A[A[1Ggathering model components [K
copying file sha256:8875b53e09efb8221ff4f1c02a167e968d20c6331faa7c7206a5b57aa5316202 100% [K
parsing GGUF [K
verifying conversion ⠙ [K[?25h[?2026l[?2026h[?25l[A[A[A[1Ggathering model components [K
copying file sha256:8875b53e09efb8221ff4f1c02a167e968d20c6331faa7c7206a5b57aa5316202 100% [K
parsing GGUF [K
verifying conversion ⠹ [K[?25h[?2026l[?2026h[?25l[A[A[A[1Ggathering model components [K
copying file sha256:8875b53e09efb8221ff4f1c02a167e968d20c6331faa7c7206a5b57aa5316202 100% [K
parsing GGUF [K
verifying conversion ⠸ [K[?25h[?2026l[?2026h[?25l[A[A[A[1Ggathering model components [K
copying file sha256:8875b53e09efb8221ff4f1c02a167e968d20c6331faa7c7206a5b57aa5316202 100% [K
parsing GGUF [K
verifying conversion ⠼ [K[?25h[?2026l[?2026h[?25l[A[A[A[1Ggathering model components [K
copying file sha256:8875b53e09efb8221ff4f1c02a167e968d20c6331faa7c7206a5b57aa5316202 100% [K
parsing GGUF [K
verifying conversion ⠴ [K[?25h[?2026l[?2026h[?25l[A[A[A[1Ggathering model components [K
copying file sha256:8875b53e09efb8221ff4f1c02a167e968d20c6331faa7c7206a5b57aa5316202 100% [K
parsing GGUF [K
verifying conversion ⠦ [K[?25h[?2026l[?2026h[?25l[A[A[A[1Ggathering model components [K
copying file sha256:8875b53e09efb8221ff4f1c02a167e968d20c6331faa7c7206a5b57aa5316202 100% [K
parsing GGUF [K
verifying conversion ⠧ [K[?25h[?2026l[?2026h[?25l[A[A[A[1Ggathering model components [K
copying file sha256:8875b53e09efb8221ff4f1c02a167e968d20c6331faa7c7206a5b57aa5316202 100% [K
parsing GGUF [K
verifying conversion ⠇ [K[?25h[?2026l[?2026h[?25l[A[A[A[1Ggathering model components [K
copying file sha256:8875b53e09efb8221ff4f1c02a167e968d20c6331faa7c7206a5b57aa5316202 100% [K
parsing GGUF [K
verifying conversion ⠏ [K[?25h[?2026l[?2026h[?25l[A[A[A[1Ggathering model components [K
copying file sha256:8875b53e09efb8221ff4f1c02a167e968d20c6331faa7c7206a5b57aa5316202 100% [K
parsing GGUF [K
verifying conversion ⠋ [K[?25h[?2026l[?2026h[?25l[A[A[A[1Ggathering model components [K
copying file sha256:8875b53e09efb8221ff4f1c02a167e968d20c6331faa7c7206a5b57aa5316202 100% [K
parsing GGUF [K
verifying conversion ⠙ [K[?25h[?2026l[?2026h[?25l[A[A[A[1Ggathering model components [K
copying file sha256:8875b53e09efb8221ff4f1c02a167e968d20c6331faa7c7206a5b57aa5316202 100% [K
parsing GGUF [K
verifying conversion ⠹ [K[?25h[?2026l[?2026h[?25l[A[A[A[1Ggathering model components [K
copying file sha256:8875b53e09efb8221ff4f1c02a167e968d20c6331faa7c7206a5b57aa5316202 100% [K
parsing GGUF [K
verifying conversion ⠸ [K[?25h[?2026l[?2026h[?25l[A[A[A[1Ggathering model components [K
copying file sha256:8875b53e09efb8221ff4f1c02a167e968d20c6331faa7c7206a5b57aa5316202 100% [K
parsing GGUF [K
verifying conversion ⠼ [K[?25h[?2026l[?2026h[?25l[A[A[A[1Ggathering model components [K
copying file sha256:8875b53e09efb8221ff4f1c02a167e968d20c6331faa7c7206a5b57aa5316202 100% [K
parsing GGUF [K
verifying conversion ⠴ [K[?25h[?2026l[?2026h[?25l[A[A[A[1Ggathering model components [K
copying file sha256:8875b53e09efb8221ff4f1c02a167e968d20c6331faa7c7206a5b57aa5316202 100% [K
parsing GGUF [K
verifying conversion ⠦ [K[?25h[?2026l[?2026h[?25l[A[A[A[1Ggathering model components [K
copying file sha256:8875b53e09efb8221ff4f1c02a167e968d20c6331faa7c7206a5b57aa5316202 100% [K
parsing GGUF [K
verifying conversion ⠧ [K[?25h[?2026l[?2026h[?25l[A[A[A[1Ggathering model components [K
copying file sha256:8875b53e09efb8221ff4f1c02a167e968d20c6331faa7c7206a5b57aa5316202 100% [K
parsing GGUF [K
verifying conversion ⠇ [K[?25h[?2026l[?2026h[?25l[A[A[A[1Ggathering model components [K
copying file sha256:8875b53e09efb8221ff4f1c02a167e968d20c6331faa7c7206a5b57aa5316202 100% [K
parsing GGUF [K
verifying conversion ⠏ [K[?25h[?2026l[?2026h[?25l[A[A[A[1Ggathering model components [K
copying file sha256:8875b53e09efb8221ff4f1c02a167e968d20c6331faa7c7206a5b57aa5316202 100% [K
parsing GGUF [K
verifying conversion ⠋ [K[?25h[?2026l[?2026h[?25l[A[A[A[1Ggathering model components [K
copying file sha256:8875b53e09efb8221ff4f1c02a167e968d20c6331faa7c7206a5b57aa5316202 100% [K
parsing GGUF [K
verifying conversion ⠙ [K[?25h[?2026l[?2026h[?25l[A[A[A[1Ggathering model components [K
copying file sha256:8875b53e09efb8221ff4f1c02a167e968d20c6331faa7c7206a5b57aa5316202 100% [K
parsing GGUF [K
verifying conversion ⠹ [K[?25h[?2026l[?2026h[?25l[A[A[A[1Ggathering model components [K
copying file sha256:8875b53e09efb8221ff4f1c02a167e968d20c6331faa7c7206a5b57aa5316202 100% [K
parsing GGUF [K
verifying conversion ⠸ [K[?25h[?2026l[?2026h[?25l[A[A[A[1Ggathering model components [K
copying file sha256:8875b53e09efb8221ff4f1c02a167e968d20c6331faa7c7206a5b57aa5316202 100% [K
parsing GGUF [K
verifying conversion ⠼ [K[?25h[?2026l[?2026h[?25l[A[A[A[1Ggathering model components [K
copying file sha256:8875b53e09efb8221ff4f1c02a167e968d20c6331faa7c7206a5b57aa5316202 100% [K
parsing GGUF [K
verifying conversion ⠴ [K[?25h[?2026l[?2026h[?25l[A[A[A[1Ggathering model components [K
copying file sha256:8875b53e09efb8221ff4f1c02a167e968d20c6331faa7c7206a5b57aa5316202 100% [K
parsing GGUF [K
verifying conversion ⠦ [K[?25h[?2026l[?2026h[?25l[A[A[A[1Ggathering model components [K
copying file sha256:8875b53e09efb8221ff4f1c02a167e968d20c6331faa7c7206a5b57aa5316202 100% [K
parsing GGUF [K
verifying conversion ⠧ [K[?25h[?2026l[?2026h[?25l[A[A[A[1Ggathering model components [K
copying file sha256:8875b53e09efb8221ff4f1c02a167e968d20c6331faa7c7206a5b57aa5316202 100% [K
parsing GGUF [K
verifying conversion ⠇ [K[?25h[?2026l[?2026h[?25l[A[A[A[1Ggathering model components [K
copying file sha256:8875b53e09efb8221ff4f1c02a167e968d20c6331faa7c7206a5b57aa5316202 100% [K
parsing GGUF [K
verifying conversion ⠏ [K[?25h[?2026l[?2026h[?25l[A[A[A[1Ggathering model components [K
copying file sha256:8875b53e09efb8221ff4f1c02a167e968d20c6331faa7c7206a5b57aa5316202 100% [K
parsing GGUF [K
verifying conversion ⠋ [K[?25h[?2026l[?2026h[?25l[A[A[A[1Ggathering model components [K
copying file sha256:8875b53e09efb8221ff4f1c02a167e968d20c6331faa7c7206a5b57aa5316202 100% [K
parsing GGUF [K
verifying conversion ⠙ [K[?25h[?2026l[?2026h[?25l[A[A[A[1Ggathering model components [K
copying file sha256:8875b53e09efb8221ff4f1c02a167e968d20c6331faa7c7206a5b57aa5316202 100% [K
parsing GGUF [K
verifying conversion ⠹ [K[?25h[?2026l[?2026h[?25l[A[A[A[1Ggathering model components [K
copying file sha256:8875b53e09efb8221ff4f1c02a167e968d20c6331faa7c7206a5b57aa5316202 100% [K
parsing GGUF [K
verifying conversion ⠸ [K[?25h[?2026l[?2026h[?25l[A[A[A[1Ggathering model components [K
copying file sha256:8875b53e09efb8221ff4f1c02a167e968d20c6331faa7c7206a5b57aa5316202 100% [K
parsing GGUF [K
verifying conversion ⠼ [K[?25h[?2026l[?2026h[?25l[A[A[A[1Ggathering model components [K
copying file sha256:8875b53e09efb8221ff4f1c02a167e968d20c6331faa7c7206a5b57aa5316202 100% [K
parsing GGUF [K
verifying conversion ⠴ [K[?25h[?2026l[?2026h[?25l[A[A[A[1Ggathering model components [K
copying file sha256:8875b53e09efb8221ff4f1c02a167e968d20c6331faa7c7206a5b57aa5316202 100% [K
parsing GGUF [K
verifying conversion ⠦ [K[?25h[?2026l[?2026h[?25l[A[A[A[1Ggathering model components [K
copying file sha256:8875b53e09efb8221ff4f1c02a167e968d20c6331faa7c7206a5b57aa5316202 100% [K
parsing GGUF [K
verifying conversion ⠧ [K[?25h[?2026l[?2026h[?25l[A[A[A[1Ggathering model components [K
copying file sha256:8875b53e09efb8221ff4f1c02a167e968d20c6331faa7c7206a5b57aa5316202 100% [K
parsing GGUF [K
verifying conversion ⠇ [K[?25h[?2026l[?2026h[?25l[A[A[A[1Ggathering model components [K
copying file sha256:8875b53e09efb8221ff4f1c02a167e968d20c6331faa7c7206a5b57aa5316202 100% [K
parsing GGUF [K
verifying conversion ⠏ [K[?25h[?2026l[?2026h[?25l[A[A[A[1Ggathering model components [K
copying file sha256:8875b53e09efb8221ff4f1c02a167e968d20c6331faa7c7206a5b57aa5316202 100% [K
parsing GGUF [K
verifying conversion ⠋ [K[?25h[?2026l[?2026h[?25l[A[A[A[1Ggathering model components [K
copying file sha256:8875b53e09efb8221ff4f1c02a167e968d20c6331faa7c7206a5b57aa5316202 100% [K
parsing GGUF [K
verifying conversion ⠙ [K[?25h[?2026l[?2026h[?25l[A[A[A[1Ggathering model components [K
copying file sha256:8875b53e09efb8221ff4f1c02a167e968d20c6331faa7c7206a5b57aa5316202 100% [K
parsing GGUF [K
verifying conversion ⠹ [K[?25h[?2026l[?2026h[?25l[A[A[A[1Ggathering model components [K
copying file sha256:8875b53e09efb8221ff4f1c02a167e968d20c6331faa7c7206a5b57aa5316202 100% [K
parsing GGUF [K
verifying conversion ⠸ [K[?25h[?2026l[?2026h[?25l[A[A[A[1Ggathering model components [K
copying file sha256:8875b53e09efb8221ff4f1c02a167e968d20c6331faa7c7206a5b57aa5316202 100% [K
parsing GGUF [K
verifying conversion ⠼ [K[?25h[?2026l[?2026h[?25l[A[A[A[1Ggathering model components [K
copying file sha256:8875b53e09efb8221ff4f1c02a167e968d20c6331faa7c7206a5b57aa5316202 100% [K
parsing GGUF [K
verifying conversion ⠴ [K[?25h[?2026l[?2026h[?25l[A[A[A[1Ggathering model components [K
copying file sha256:8875b53e09efb8221ff4f1c02a167e968d20c6331faa7c7206a5b57aa5316202 100% [K
parsing GGUF [K
verifying conversion ⠦ [K[?25h[?2026l[?2026h[?25l[A[A[A[1Ggathering model components [K
copying file sha256:8875b53e09efb8221ff4f1c02a167e968d20c6331faa7c7206a5b57aa5316202 100% [K
parsing GGUF [K
verifying conversion ⠧ [K[?25h[?2026l[?2026h[?25l[A[A[A[1Ggathering model components [K
copying file sha256:8875b53e09efb8221ff4f1c02a167e968d20c6331faa7c7206a5b57aa5316202 100% [K
parsing GGUF [K
verifying conversion ⠇ [K[?25h[?2026l[?2026h[?25l[A[A[A[1Ggathering model components [K
copying file sha256:8875b53e09efb8221ff4f1c02a167e968d20c6331faa7c7206a5b57aa5316202 100% [K
parsing GGUF [K
verifying conversion ⠏ [K[?25h[?2026l[?2026h[?25l[A[A[A[1Ggathering model components [K
copying file sha256:8875b53e09efb8221ff4f1c02a167e968d20c6331faa7c7206a5b57aa5316202 100% [K
parsing GGUF [K
verifying conversion ⠋ [K[?25h[?2026l[?2026h[?25l[A[A[A[1Ggathering model components [K
copying file sha256:8875b53e09efb8221ff4f1c02a167e968d20c6331faa7c7206a5b57aa5316202 100% [K
parsing GGUF [K
verifying conversion ⠙ [K[?25h[?2026l[?2026h[?25l[A[A[A[1Ggathering model components [K
copying file sha256:8875b53e09efb8221ff4f1c02a167e968d20c6331faa7c7206a5b57aa5316202 100% [K
parsing GGUF [K
verifying conversion ⠹ [K[?25h[?2026l[?2026h[?25l[A[A[A[1Ggathering model components [K
copying file sha256:8875b53e09efb8221ff4f1c02a167e968d20c6331faa7c7206a5b57aa5316202 100% [K
parsing GGUF [K
verifying conversion ⠸ [K[?25h[?2026l[?2026h[?25l[A[A[A[1Ggathering model components [K
copying file sha256:8875b53e09efb8221ff4f1c02a167e968d20c6331faa7c7206a5b57aa5316202 100% [K
parsing GGUF [K
verifying conversion ⠼ [K[?25h[?2026l[?2026h[?25l[A[A[A[1Ggathering model components [K
copying file sha256:8875b53e09efb8221ff4f1c02a167e968d20c6331faa7c7206a5b57aa5316202 100% [K
parsing GGUF [K
verifying conversion ⠴ [K[?25h[?2026l[?2026h[?25l[A[A[A[1Ggathering model components [K
copying file sha256:8875b53e09efb8221ff4f1c02a167e968d20c6331faa7c7206a5b57aa5316202 100% [K
parsing GGUF [K
verifying conversion ⠦ [K[?25h[?2026l[?2026h[?25l[A[A[A[1Ggathering model components [K
copying file sha256:8875b53e09efb8221ff4f1c02a167e968d20c6331faa7c7206a5b57aa5316202 100% [K
parsing GGUF [K
verifying conversion ⠧ [K[?25h[?2026l[?2026h[?25l[A[A[A[1Ggathering model components [K
copying file sha256:8875b53e09efb8221ff4f1c02a167e968d20c6331faa7c7206a5b57aa5316202 100% [K
parsing GGUF [K
verifying conversion ⠇ [K[?25h[?2026l[?2026h[?25l[A[A[A[1Ggathering model components [K
copying file sha256:8875b53e09efb8221ff4f1c02a167e968d20c6331faa7c7206a5b57aa5316202 100% [K
parsing GGUF [K
verifying conversion ⠏ [K[?25h[?2026l[?2026h[?25l[A[A[A[1Ggathering model components [K
copying file sha256:8875b53e09efb8221ff4f1c02a167e968d20c6331faa7c7206a5b57aa5316202 100% [K
parsing GGUF [K
verifying conversion ⠋ [K[?25h[?2026l[?2026h[?25l[A[A[A[1Ggathering model components [K
copying file sha256:8875b53e09efb8221ff4f1c02a167e968d20c6331faa7c7206a5b57aa5316202 100% [K
parsing GGUF [K
verifying conversion ⠙ [K[?25h[?2026l[?2026h[?25l[A[A[A[1Ggathering model components [K
copying file sha256:8875b53e09efb8221ff4f1c02a167e968d20c6331faa7c7206a5b57aa5316202 100% [K
parsing GGUF [K
verifying conversion ⠹ [K[?25h[?2026l[?2026h[?25l[A[A[A[1Ggathering model components [K
copying file sha256:8875b53e09efb8221ff4f1c02a167e968d20c6331faa7c7206a5b57aa5316202 100% [K
parsing GGUF [K
verifying conversion ⠸ [K[?25h[?2026l[?2026h[?25l[A[A[A[1Ggathering model components [K
copying file sha256:8875b53e09efb8221ff4f1c02a167e968d20c6331faa7c7206a5b57aa5316202 100% [K
parsing GGUF [K
verifying conversion ⠼ [K[?25h[?2026l[?2026h[?25l[A[A[A[1Ggathering model components [K
copying file sha256:8875b53e09efb8221ff4f1c02a167e968d20c6331faa7c7206a5b57aa5316202 100% [K
parsing GGUF [K
verifying conversion ⠴ [K[?25h[?2026l[?2026h[?25l[A[A[A[1Ggathering model components [K
copying file sha256:8875b53e09efb8221ff4f1c02a167e968d20c6331faa7c7206a5b57aa5316202 100% [K
parsing GGUF [K
verifying conversion ⠦ [K[?25h[?2026l[?2026h[?25l[A[A[A[1Ggathering model components [K
copying file sha256:8875b53e09efb8221ff4f1c02a167e968d20c6331faa7c7206a5b57aa5316202 100% [K
parsing GGUF [K
verifying conversion ⠧ [K[?25h[?2026l[?2026h[?25l[A[A[A[1Ggathering model components [K
copying file sha256:8875b53e09efb8221ff4f1c02a167e968d20c6331faa7c7206a5b57aa5316202 100% [K
parsing GGUF [K
verifying conversion ⠇ [K[?25h[?2026l[?2026h[?25l[A[A[A[1Ggathering model components [K
copying file sha256:8875b53e09efb8221ff4f1c02a167e968d20c6331faa7c7206a5b57aa5316202 100% [K
parsing GGUF [K
verifying conversion ⠏ [K[?25h[?2026l[?2026h[?25l[A[A[A[1Ggathering model components [K
copying file sha256:8875b53e09efb8221ff4f1c02a167e968d20c6331faa7c7206a5b57aa5316202 100% [K
parsing GGUF [K
verifying conversion ⠋ [K[?25h[?2026l[?2026h[?25l[A[A[A[1Ggathering model components [K
copying file sha256:8875b53e09efb8221ff4f1c02a167e968d20c6331faa7c7206a5b57aa5316202 100% [K
parsing GGUF [K
verifying conversion ⠙ [K[?25h[?2026l[?2026h[?25l[A[A[A[1Ggathering model components [K
copying file sha256:8875b53e09efb8221ff4f1c02a167e968d20c6331faa7c7206a5b57aa5316202 100% [K
parsing GGUF [K
verifying conversion ⠹ [K[?25h[?2026l[?2026h[?25l[A[A[A[1Ggathering model components [K
copying file sha256:8875b53e09efb8221ff4f1c02a167e968d20c6331faa7c7206a5b57aa5316202 100% [K
parsing GGUF [K
verifying conversion ⠸ [K[?25h[?2026l[?2026h[?25l[A[A[A[1Ggathering model components [K
copying file sha256:8875b53e09efb8221ff4f1c02a167e968d20c6331faa7c7206a5b57aa5316202 100% [K
parsing GGUF [K
verifying conversion ⠼ [K[?25h[?2026l[?2026h[?25l[A[A[A[1Ggathering model components [K
copying file sha256:8875b53e09efb8221ff4f1c02a167e968d20c6331faa7c7206a5b57aa5316202 100% [K
parsing GGUF [K
verifying conversion ⠴ [K[?25h[?2026l[?2026h[?25l[A[A[A[1Ggathering model components [K
copying file sha256:8875b53e09efb8221ff4f1c02a167e968d20c6331faa7c7206a5b57aa5316202 100% [K
parsing GGUF [K
verifying conversion ⠦ [K[?25h[?2026l[?2026h[?25l[A[A[A[1Ggathering model components [K
copying file sha256:8875b53e09efb8221ff4f1c02a167e968d20c6331faa7c7206a5b57aa5316202 100% [K
parsing GGUF [K
verifying conversion ⠧ [K[?25h[?2026l[?2026h[?25l[A[A[A[1Ggathering model components [K
copying file sha256:8875b53e09efb8221ff4f1c02a167e968d20c6331faa7c7206a5b57aa5316202 100% [K
parsing GGUF [K
verifying conversion ⠇ [K[?25h[?2026l[?2026h[?25l[A[A[A[1Ggathering model components [K
copying file sha256:8875b53e09efb8221ff4f1c02a167e968d20c6331faa7c7206a5b57aa5316202 100% [K
parsing GGUF [K
verifying conversion ⠏ [K[?25h[?2026l[?2026h[?25l[A[A[A[1Ggathering model components [K
copying file sha256:8875b53e09efb8221ff4f1c02a167e968d20c6331faa7c7206a5b57aa5316202 100% [K
parsing GGUF [K
verifying conversion ⠋ [K[?25h[?2026l[?2026h[?25l[A[A[A[1Ggathering model components [K
copying file sha256:8875b53e09efb8221ff4f1c02a167e968d20c6331faa7c7206a5b57aa5316202 100% [K
parsing GGUF [K
verifying conversion ⠙ [K[?25h[?2026l[?2026h[?25l[A[A[A[1Ggathering model components [K
copying file sha256:8875b53e09efb8221ff4f1c02a167e968d20c6331faa7c7206a5b57aa5316202 100% [K
parsing GGUF [K
verifying conversion ⠹ [K[?25h[?2026l[?2026h[?25l[A[A[A[1Ggathering model components [K
copying file sha256:8875b53e09efb8221ff4f1c02a167e968d20c6331faa7c7206a5b57aa5316202 100% [K
parsing GGUF [K
verifying conversion ⠸ [K[?25h[?2026l[?2026h[?25l[A[A[A[1Ggathering model components [K
copying file sha256:8875b53e09efb8221ff4f1c02a167e968d20c6331faa7c7206a5b57aa5316202 100% [K
parsing GGUF [K
verifying conversion ⠼ [K[?25h[?2026l[?2026h[?25l[A[A[A[1Ggathering model components [K
copying file sha256:8875b53e09efb8221ff4f1c02a167e968d20c6331faa7c7206a5b57aa5316202 100% [K
parsing GGUF [K
verifying conversion ⠴ [K[?25h[?2026l[?2026h[?25l[A[A[A[1Ggathering model components [K
copying file sha256:8875b53e09efb8221ff4f1c02a167e968d20c6331faa7c7206a5b57aa5316202 100% [K
parsing GGUF [K
verifying conversion ⠦ [K[?25h[?2026l[?2026h[?25l[A[A[A[1Ggathering model components [K
copying file sha256:8875b53e09efb8221ff4f1c02a167e968d20c6331faa7c7206a5b57aa5316202 100% [K
parsing GGUF [K
verifying conversion ⠧ [K[?25h[?2026l[?2026h[?25l[A[A[A[1Ggathering model components [K
copying file sha256:8875b53e09efb8221ff4f1c02a167e968d20c6331faa7c7206a5b57aa5316202 100% [K
parsing GGUF [K
verifying conversion ⠇ [K[?25h[?2026l[?2026h[?25l[A[A[A[1Ggathering model components [K
copying file sha256:8875b53e09efb8221ff4f1c02a167e968d20c6331faa7c7206a5b57aa5316202 100% [K
parsing GGUF [K
verifying conversion ⠏ [K[?25h[?2026l[?2026h[?25l[A[A[A[1Ggathering model components [K
copying file sha256:8875b53e09efb8221ff4f1c02a167e968d20c6331faa7c7206a5b57aa5316202 100% [K
parsing GGUF [K
verifying conversion ⠋ [K[?25h[?2026l[?2026h[?25l[A[A[A[1Ggathering model components [K
copying file sha256:8875b53e09efb8221ff4f1c02a167e968d20c6331faa7c7206a5b57aa5316202 100% [K
parsing GGUF [K
verifying conversion ⠙ [K[?25h[?2026l[?2026h[?25l[A[A[A[1Ggathering model components [K
copying file sha256:8875b53e09efb8221ff4f1c02a167e968d20c6331faa7c7206a5b57aa5316202 100% [K
parsing GGUF [K
verifying conversion ⠹ [K[?25h[?2026l[?2026h[?25l[A[A[A[1Ggathering model components [K
copying file sha256:8875b53e09efb8221ff4f1c02a167e968d20c6331faa7c7206a5b57aa5316202 100% [K
parsing GGUF [K
verifying conversion ⠸ [K[?25h[?2026l[?2026h[?25l[A[A[A[1Ggathering model components [K
copying file sha256:8875b53e09efb8221ff4f1c02a167e968d20c6331faa7c7206a5b57aa5316202 100% [K
parsing GGUF [K
verifying conversion ⠼ [K[?25h[?2026l[?2026h[?25l[A[A[A[1Ggathering model components [K
copying file sha256:8875b53e09efb8221ff4f1c02a167e968d20c6331faa7c7206a5b57aa5316202 100% [K
parsing GGUF [K
verifying conversion ⠴ [K[?25h[?2026l[?2026h[?25l[A[A[A[1Ggathering model components [K
copying file sha256:8875b53e09efb8221ff4f1c02a167e968d20c6331faa7c7206a5b57aa5316202 100% [K
parsing GGUF [K
verifying conversion ⠦ [K[?25h[?2026l[?2026h[?25l[A[A[A[1Ggathering model components [K
copying file sha256:8875b53e09efb8221ff4f1c02a167e968d20c6331faa7c7206a5b57aa5316202 100% [K
parsing GGUF [K
verifying conversion ⠧ [K[?25h[?2026l[?2026h[?25l[A[A[A[1Ggathering model components [K
copying file sha256:8875b53e09efb8221ff4f1c02a167e968d20c6331faa7c7206a5b57aa5316202 100% [K
parsing GGUF [K
verifying conversion ⠇ [K[?25h[?2026l[?2026h[?25l[A[A[A[1Ggathering model components [K
copying file sha256:8875b53e09efb8221ff4f1c02a167e968d20c6331faa7c7206a5b57aa5316202 100% [K
parsing GGUF [K
verifying conversion ⠏ [K[?25h[?2026l[?2026h[?25l[A[A[A[1Ggathering model components [K
copying file sha256:8875b53e09efb8221ff4f1c02a167e968d20c6331faa7c7206a5b57aa5316202 100% [K
parsing GGUF [K
verifying conversion ⠋ [K[?25h[?2026l[?2026h[?25l[A[A[A[1Ggathering model components [K
copying file sha256:8875b53e09efb8221ff4f1c02a167e968d20c6331faa7c7206a5b57aa5316202 100% [K
parsing GGUF [K
verifying conversion ⠙ [K[?25h[?2026l[?2026h[?25l[A[A[A[1Ggathering model components [K
copying file sha256:8875b53e09efb8221ff4f1c02a167e968d20c6331faa7c7206a5b57aa5316202 100% [K
parsing GGUF [K
verifying conversion ⠹ [K[?25h[?2026l[?2026h[?25l[A[A[A[1Ggathering model components [K
copying file sha256:8875b53e09efb8221ff4f1c02a167e968d20c6331faa7c7206a5b57aa5316202 100% [K
parsing GGUF [K
verifying conversion ⠸ [K[?25h[?2026l[?2026h[?25l[A[A[A[1Ggathering model components [K
copying file sha256:8875b53e09efb8221ff4f1c02a167e968d20c6331faa7c7206a5b57aa5316202 100% [K
parsing GGUF [K
verifying conversion ⠼ [K[?25h[?2026l[?2026h[?25l[A[A[A[1Ggathering model components [K
copying file sha256:8875b53e09efb8221ff4f1c02a167e968d20c6331faa7c7206a5b57aa5316202 100% [K
parsing GGUF [K
verifying conversion ⠴ [K[?25h[?2026l[?2026h[?25l[A[A[A[1Ggathering model components [K
copying file sha256:8875b53e09efb8221ff4f1c02a167e968d20c6331faa7c7206a5b57aa5316202 100% [K
parsing GGUF [K
verifying conversion ⠦ [K[?25h[?2026l[?2026h[?25l[A[A[A[1Ggathering model components [K
copying file sha256:8875b53e09efb8221ff4f1c02a167e968d20c6331faa7c7206a5b57aa5316202 100% [K
parsing GGUF [K
verifying conversion ⠧ [K[?25h[?2026l[?2026h[?25l[A[A[A[1Ggathering model components [K
copying file sha256:8875b53e09efb8221ff4f1c02a167e968d20c6331faa7c7206a5b57aa5316202 100% [K
parsing GGUF [K
verifying conversion ⠇ [K[?25h[?2026l[?2026h[?25l[A[A[A[1Ggathering model components [K
copying file sha256:8875b53e09efb8221ff4f1c02a167e968d20c6331faa7c7206a5b57aa5316202 100% [K
parsing GGUF [K
verifying conversion ⠏ [K[?25h[?2026l[?2026h[?25l[A[A[A[1Ggathering model components [K
copying file sha256:8875b53e09efb8221ff4f1c02a167e968d20c6331faa7c7206a5b57aa5316202 100% [K
parsing GGUF [K
verifying conversion ⠋ [K[?25h[?2026l[?2026h[?25l[A[A[A[1Ggathering model components [K
copying file sha256:8875b53e09efb8221ff4f1c02a167e968d20c6331faa7c7206a5b57aa5316202 100% [K
parsing GGUF [K
verifying conversion ⠙ [K[?25h[?2026l[?2026h[?25l[A[A[A[1Ggathering model components [K
copying file sha256:8875b53e09efb8221ff4f1c02a167e968d20c6331faa7c7206a5b57aa5316202 100% [K
parsing GGUF [K
verifying conversion ⠹ [K[?25h[?2026l[?2026h[?25l[A[A[A[1Ggathering model components [K
copying file sha256:8875b53e09efb8221ff4f1c02a167e968d20c6331faa7c7206a5b57aa5316202 100% [K
parsing GGUF [K
verifying conversion ⠸ [K[?25h[?2026l[?2026h[?25l[A[A[A[1Ggathering model components [K
copying file sha256:8875b53e09efb8221ff4f1c02a167e968d20c6331faa7c7206a5b57aa5316202 100% [K
parsing GGUF [K
verifying conversion ⠼ [K[?25h[?2026l[?2026h[?25l[A[A[A[1Ggathering model components [K
copying file sha256:8875b53e09efb8221ff4f1c02a167e968d20c6331faa7c7206a5b57aa5316202 100% [K
parsing GGUF [K
verifying conversion ⠴ [K[?25h[?2026l[?2026h[?25l[A[A[A[1Ggathering model components [K
copying file sha256:8875b53e09efb8221ff4f1c02a167e968d20c6331faa7c7206a5b57aa5316202 100% [K
parsing GGUF [K
verifying conversion ⠦ [K[?25h[?2026l[?2026h[?25l[A[A[A[1Ggathering model components [K
copying file sha256:8875b53e09efb8221ff4f1c02a167e968d20c6331faa7c7206a5b57aa5316202 100% [K
parsing GGUF [K
verifying conversion ⠧ [K[?25h[?2026l[?2026h[?25l[A[A[A[1Ggathering model components [K
copying file sha256:8875b53e09efb8221ff4f1c02a167e968d20c6331faa7c7206a5b57aa5316202 100% [K
parsing GGUF [K
verifying conversion ⠇ [K[?25h[?2026l[?2026h[?25l[A[A[A[1Ggathering model components [K
copying file sha256:8875b53e09efb8221ff4f1c02a167e968d20c6331faa7c7206a5b57aa5316202 100% [K
parsing GGUF [K
verifying conversion ⠏ [K[?25h[?2026l[?2026h[?25l[A[A[A[1Ggathering model components [K
copying file sha256:8875b53e09efb8221ff4f1c02a167e968d20c6331faa7c7206a5b57aa5316202 100% [K
parsing GGUF [K
verifying conversion ⠋ [K[?25h[?2026l[?2026h[?25l[A[A[A[1Ggathering model components [K
copying file sha256:8875b53e09efb8221ff4f1c02a167e968d20c6331faa7c7206a5b57aa5316202 100% [K
parsing GGUF [K
verifying conversion ⠙ [K[?25h[?2026l[?2026h[?25l[A[A[A[1Ggathering model components [K
copying file sha256:8875b53e09efb8221ff4f1c02a167e968d20c6331faa7c7206a5b57aa5316202 100% [K
parsing GGUF [K
verifying conversion ⠹ [K[?25h[?2026l[?2026h[?25l[A[A[A[1Ggathering model components [K
copying file sha256:8875b53e09efb8221ff4f1c02a167e968d20c6331faa7c7206a5b57aa5316202 100% [K
parsing GGUF [K
verifying conversion ⠸ [K[?25h[?2026l[?2026h[?25l[A[A[A[1Ggathering model components [K
copying file sha256:8875b53e09efb8221ff4f1c02a167e968d20c6331faa7c7206a5b57aa5316202 100% [K
parsing GGUF [K
verifying conversion ⠼ [K[?25h[?2026l[?2026h[?25l[A[A[A[1Ggathering model components [K
copying file sha256:8875b53e09efb8221ff4f1c02a167e968d20c6331faa7c7206a5b57aa5316202 100% [K
parsing GGUF [K
verifying conversion ⠴ [K[?25h[?2026l[?2026h[?25l[A[A[A[1Ggathering model components [K
copying file sha256:8875b53e09efb8221ff4f1c02a167e968d20c6331faa7c7206a5b57aa5316202 100% [K
parsing GGUF [K
verifying conversion ⠦ [K[?25h[?2026l[?2026h[?25l[A[A[A[1Ggathering model components [K
copying file sha256:8875b53e09efb8221ff4f1c02a167e968d20c6331faa7c7206a5b57aa5316202 100% [K
parsing GGUF [K
verifying conversion ⠧ [K[?25h[?2026l[?2026h[?25l[A[A[A[1Ggathering model components [K
copying file sha256:8875b53e09efb8221ff4f1c02a167e968d20c6331faa7c7206a5b57aa5316202 100% [K
parsing GGUF [K
verifying conversion ⠇ [K[?25h[?2026l[?2026h[?25l[A[A[A[1Ggathering model components [K
copying file sha256:8875b53e09efb8221ff4f1c02a167e968d20c6331faa7c7206a5b57aa5316202 100% [K
parsing GGUF [K
verifying conversion ⠏ [K[?25h[?2026l[?2026h[?25l[A[A[A[1Ggathering model components [K
copying file sha256:8875b53e09efb8221ff4f1c02a167e968d20c6331faa7c7206a5b57aa5316202 100% [K
parsing GGUF [K
verifying conversion ⠋ [K[?25h[?2026l[?2026h[?25l[A[A[A[1Ggathering model components [K
copying file sha256:8875b53e09efb8221ff4f1c02a167e968d20c6331faa7c7206a5b57aa5316202 100% [K
parsing GGUF [K
verifying conversion ⠙ [K[?25h[?2026l[?2026h[?25l[A[A[A[1Ggathering model components [K
copying file sha256:8875b53e09efb8221ff4f1c02a167e968d20c6331faa7c7206a5b57aa5316202 100% [K
parsing GGUF [K
verifying conversion ⠹ [K[?25h[?2026l[?2026h[?25l[A[A[A[1Ggathering model components [K
copying file sha256:8875b53e09efb8221ff4f1c02a167e968d20c6331faa7c7206a5b57aa5316202 100% [K
parsing GGUF [K
verifying conversion ⠸ [K[?25h[?2026l[?2026h[?25l[A[A[A[1Ggathering model components [K
copying file sha256:8875b53e09efb8221ff4f1c02a167e968d20c6331faa7c7206a5b57aa5316202 100% [K
parsing GGUF [K
verifying conversion ⠼ [K[?25h[?2026l[?2026h[?25l[A[A[A[1Ggathering model components [K
copying file sha256:8875b53e09efb8221ff4f1c02a167e968d20c6331faa7c7206a5b57aa5316202 100% [K
parsing GGUF [K
verifying conversion ⠴ [K[?25h[?2026l[?2026h[?25l[A[A[A[1Ggathering model components [K
copying file sha256:8875b53e09efb8221ff4f1c02a167e968d20c6331faa7c7206a5b57aa5316202 100% [K
parsing GGUF [K
verifying conversion ⠦ [K[?25h[?2026l[?2026h[?25l[A[A[A[1Ggathering model components [K
copying file sha256:8875b53e09efb8221ff4f1c02a167e968d20c6331faa7c7206a5b57aa5316202 100% [K
parsing GGUF [K
verifying conversion ⠧ [K[?25h[?2026l[?2026h[?25l[A[A[A[1Ggathering model components [K
copying file sha256:8875b53e09efb8221ff4f1c02a167e968d20c6331faa7c7206a5b57aa5316202 100% [K
parsing GGUF [K
verifying conversion ⠇ [K[?25h[?2026l[?2026h[?25l[A[A[A[1Ggathering model components [K
copying file sha256:8875b53e09efb8221ff4f1c02a167e968d20c6331faa7c7206a5b57aa5316202 100% [K
parsing GGUF [K
verifying conversion ⠏ [K[?25h[?2026l[?2026h[?25l[A[A[A[1Ggathering model components [K
copying file sha256:8875b53e09efb8221ff4f1c02a167e968d20c6331faa7c7206a5b57aa5316202 100% [K
parsing GGUF [K
verifying conversion ⠋ [K[?25h[?2026l[?2026h[?25l[A[A[A[1Ggathering model components [K
copying file sha256:8875b53e09efb8221ff4f1c02a167e968d20c6331faa7c7206a5b57aa5316202 100% [K
parsing GGUF [K
verifying conversion ⠙ [K[?25h[?2026l[?2026h[?25l[A[A[A[1Ggathering model components [K
copying file sha256:8875b53e09efb8221ff4f1c02a167e968d20c6331faa7c7206a5b57aa5316202 100% [K
parsing GGUF [K
verifying conversion ⠹ [K[?25h[?2026l[?2026h[?25l[A[A[A[1Ggathering model components [K
copying file sha256:8875b53e09efb8221ff4f1c02a167e968d20c6331faa7c7206a5b57aa5316202 100% [K
parsing GGUF [K
verifying conversion ⠸ [K[?25h[?2026l[?2026h[?25l[A[A[A[1Ggathering model components [K
copying file sha256:8875b53e09efb8221ff4f1c02a167e968d20c6331faa7c7206a5b57aa5316202 100% [K
parsing GGUF [K
verifying conversion ⠼ [K[?25h[?2026l[?2026h[?25l[A[A[A[1Ggathering model components [K
copying file sha256:8875b53e09efb8221ff4f1c02a167e968d20c6331faa7c7206a5b57aa5316202 100% [K
parsing GGUF [K
verifying conversion ⠴ [K[?25h[?2026l[?2026h[?25l[A[A[A[1Ggathering model components [K
copying file sha256:8875b53e09efb8221ff4f1c02a167e968d20c6331faa7c7206a5b57aa5316202 100% [K
parsing GGUF [K
verifying conversion ⠦ [K[?25h[?2026l[?2026h[?25l[A[A[A[1Ggathering model components [K
copying file sha256:8875b53e09efb8221ff4f1c02a167e968d20c6331faa7c7206a5b57aa5316202 100% [K
parsing GGUF [K
verifying conversion ⠧ [K[?25h[?2026l[?2026h[?25l[A[A[A[1Ggathering model components [K
copying file sha256:8875b53e09efb8221ff4f1c02a167e968d20c6331faa7c7206a5b57aa5316202 100% [K
parsing GGUF [K
verifying conversion ⠇ [K[?25h[?2026l[?2026h[?25l[A[A[A[1Ggathering model components [K
copying file sha256:8875b53e09efb8221ff4f1c02a167e968d20c6331faa7c7206a5b57aa5316202 100% [K
parsing GGUF [K
verifying conversion ⠏ [K[?25h[?2026l[?2026h[?25l[A[A[A[1Ggathering model components [K
copying file sha256:8875b53e09efb8221ff4f1c02a167e968d20c6331faa7c7206a5b57aa5316202 100% [K
parsing GGUF [K
verifying conversion ⠋ [K[?25h[?2026l[?2026h[?25l[A[A[A[1Ggathering model components [K
copying file sha256:8875b53e09efb8221ff4f1c02a167e968d20c6331faa7c7206a5b57aa5316202 100% [K
parsing GGUF [K
verifying conversion ⠙ [K[?25h[?2026l[?2026h[?25l[A[A[A[1Ggathering model components [K
copying file sha256:8875b53e09efb8221ff4f1c02a167e968d20c6331faa7c7206a5b57aa5316202 100% [K
parsing GGUF [K
verifying conversion ⠹ [K[?25h[?2026l[?2026h[?25l[A[A[A[1Ggathering model components [K
copying file sha256:8875b53e09efb8221ff4f1c02a167e968d20c6331faa7c7206a5b57aa5316202 100% [K
parsing GGUF [K
verifying conversion ⠸ [K[?25h[?2026l[?2026h[?25l[A[A[A[1Ggathering model components [K
copying file sha256:8875b53e09efb8221ff4f1c02a167e968d20c6331faa7c7206a5b57aa5316202 100% [K
parsing GGUF [K
verifying conversion ⠼ [K[?25h[?2026l[?2026h[?25l[A[A[A[1Ggathering model components [K
copying file sha256:8875b53e09efb8221ff4f1c02a167e968d20c6331faa7c7206a5b57aa5316202 100% [K
parsing GGUF [K
verifying conversion ⠴ [K[?25h[?2026l[?2026h[?25l[A[A[A[1Ggathering model components [K
copying file sha256:8875b53e09efb8221ff4f1c02a167e968d20c6331faa7c7206a5b57aa5316202 100% [K
parsing GGUF [K
verifying conversion ⠦ [K[?25h[?2026l[?2026h[?25l[A[A[A[1Ggathering model components [K
copying file sha256:8875b53e09efb8221ff4f1c02a167e968d20c6331faa7c7206a5b57aa5316202 100% [K
parsing GGUF [K
verifying conversion ⠧ [K[?25h[?2026l[?2026h[?25l[A[A[A[1Ggathering model components [K
copying file sha256:8875b53e09efb8221ff4f1c02a167e968d20c6331faa7c7206a5b57aa5316202 100% [K
parsing GGUF [K
verifying conversion ⠇ [K[?25h[?2026l[?2026h[?25l[A[A[A[1Ggathering model components [K
copying file sha256:8875b53e09efb8221ff4f1c02a167e968d20c6331faa7c7206a5b57aa5316202 100% [K
parsing GGUF [K
verifying conversion ⠏ [K[?25h[?2026l[?2026h[?25l[A[A[A[1Ggathering model components [K
copying file sha256:8875b53e09efb8221ff4f1c02a167e968d20c6331faa7c7206a5b57aa5316202 100% [K
parsing GGUF [K
verifying conversion ⠋ [K[?25h[?2026l[?2026h[?25l[A[A[A[1Ggathering model components [K
copying file sha256:8875b53e09efb8221ff4f1c02a167e968d20c6331faa7c7206a5b57aa5316202 100% [K
parsing GGUF [K
verifying conversion ⠙ [K[?25h[?2026l[?2026h[?25l[A[A[A[1Ggathering model components [K
copying file sha256:8875b53e09efb8221ff4f1c02a167e968d20c6331faa7c7206a5b57aa5316202 100% [K
parsing GGUF [K
verifying conversion ⠹ [K[?25h[?2026l[?2026h[?25l[A[A[A[1Ggathering model components [K
copying file sha256:8875b53e09efb8221ff4f1c02a167e968d20c6331faa7c7206a5b57aa5316202 100% [K
parsing GGUF [K
verifying conversion ⠸ [K[?25h[?2026l[?2026h[?25l[A[A[A[1Ggathering model components [K
copying file sha256:8875b53e09efb8221ff4f1c02a167e968d20c6331faa7c7206a5b57aa5316202 100% [K
parsing GGUF [K
verifying conversion ⠼ [K[?25h[?2026l[?2026h[?25l[A[A[A[1Ggathering model components [K
copying file sha256:8875b53e09efb8221ff4f1c02a167e968d20c6331faa7c7206a5b57aa5316202 100% [K
parsing GGUF [K
verifying conversion ⠴ [K[?25h[?2026l[?2026h[?25l[A[A[A[1Ggathering model components [K
copying file sha256:8875b53e09efb8221ff4f1c02a167e968d20c6331faa7c7206a5b57aa5316202 100% [K
parsing GGUF [K
verifying conversion ⠦ [K[?25h[?2026l[?2026h[?25l[A[A[A[1Ggathering model components [K
copying file sha256:8875b53e09efb8221ff4f1c02a167e968d20c6331faa7c7206a5b57aa5316202 100% [K
parsing GGUF [K
verifying conversion ⠧ [K[?25h[?2026l[?2026h[?25l[A[A[A[1Ggathering model components [K
copying file sha256:8875b53e09efb8221ff4f1c02a167e968d20c6331faa7c7206a5b57aa5316202 100% [K
parsing GGUF [K
verifying conversion ⠇ [K[?25h[?2026l[?2026h[?25l[A[A[A[1Ggathering model components [K
copying file sha256:8875b53e09efb8221ff4f1c02a167e968d20c6331faa7c7206a5b57aa5316202 100% [K
parsing GGUF [K
verifying conversion ⠏ [K[?25h[?2026l[?2026h[?25l[A[A[A[1Ggathering model components [K
copying file sha256:8875b53e09efb8221ff4f1c02a167e968d20c6331faa7c7206a5b57aa5316202 100% [K
parsing GGUF [K
verifying conversion ⠋ [K[?25h[?2026l[?2026h[?25l[A[A[A[1Ggathering model components [K
copying file sha256:8875b53e09efb8221ff4f1c02a167e968d20c6331faa7c7206a5b57aa5316202 100% [K
parsing GGUF [K
verifying conversion ⠙ [K[?25h[?2026l[?2026h[?25l[A[A[A[1Ggathering model components [K
copying file sha256:8875b53e09efb8221ff4f1c02a167e968d20c6331faa7c7206a5b57aa5316202 100% [K
parsing GGUF [K
verifying conversion ⠹ [K[?25h[?2026l[?2026h[?25l[A[A[A[1Ggathering model components [K
copying file sha256:8875b53e09efb8221ff4f1c02a167e968d20c6331faa7c7206a5b57aa5316202 100% [K
parsing GGUF [K
verifying conversion ⠸ [K[?25h[?2026l[?2026h[?25l[A[A[A[1Ggathering model components [K
copying file sha256:8875b53e09efb8221ff4f1c02a167e968d20c6331faa7c7206a5b57aa5316202 100% [K
parsing GGUF [K
verifying conversion ⠼ [K[?25h[?2026l[?2026h[?25l[A[A[A[1Ggathering model components [K
copying file sha256:8875b53e09efb8221ff4f1c02a167e968d20c6331faa7c7206a5b57aa5316202 100% [K
parsing GGUF [K
verifying conversion ⠴ [K[?25h[?2026l[?2026h[?25l[A[A[A[1Ggathering model components [K
copying file sha256:8875b53e09efb8221ff4f1c02a167e968d20c6331faa7c7206a5b57aa5316202 100% [K
parsing GGUF [K
verifying conversion ⠦ [K[?25h[?2026l[?2026h[?25l[A[A[A[1Ggathering model components [K
copying file sha256:8875b53e09efb8221ff4f1c02a167e968d20c6331faa7c7206a5b57aa5316202 100% [K
parsing GGUF [K
verifying conversion ⠧ [K[?25h[?2026l[?2026h[?25l[A[A[A[1Ggathering model components [K
copying file sha256:8875b53e09efb8221ff4f1c02a167e968d20c6331faa7c7206a5b57aa5316202 100% [K
parsing GGUF [K
verifying conversion ⠇ [K[?25h[?2026l[?2026h[?25l[A[A[A[1Ggathering model components [K
copying file sha256:8875b53e09efb8221ff4f1c02a167e968d20c6331faa7c7206a5b57aa5316202 100% [K
parsing GGUF [K
verifying conversion ⠏ [K[?25h[?2026l[?2026h[?25l[A[A[A[1Ggathering model components [K
copying file sha256:8875b53e09efb8221ff4f1c02a167e968d20c6331faa7c7206a5b57aa5316202 100% [K
parsing GGUF [K
verifying conversion ⠋ [K[?25h[?2026l[?2026h[?25l[A[A[A[1Ggathering model components [K
copying file sha256:8875b53e09efb8221ff4f1c02a167e968d20c6331faa7c7206a5b57aa5316202 100% [K
parsing GGUF [K
verifying conversion ⠙ [K[?25h[?2026l[?2026h[?25l[A[A[A[1Ggathering model components [K
copying file sha256:8875b53e09efb8221ff4f1c02a167e968d20c6331faa7c7206a5b57aa5316202 100% [K
parsing GGUF [K
verifying conversion ⠹ [K[?25h[?2026l[?2026h[?25l[A[A[A[1Ggathering model components [K
copying file sha256:8875b53e09efb8221ff4f1c02a167e968d20c6331faa7c7206a5b57aa5316202 100% [K
parsing GGUF [K
verifying conversion ⠸ [K[?25h[?2026l[?2026h[?25l[A[A[A[1Ggathering model components [K
copying file sha256:8875b53e09efb8221ff4f1c02a167e968d20c6331faa7c7206a5b57aa5316202 100% [K
parsing GGUF [K
verifying conversion ⠼ [K[?25h[?2026l[?2026h[?25l[A[A[A[1Ggathering model components [K
copying file sha256:8875b53e09efb8221ff4f1c02a167e968d20c6331faa7c7206a5b57aa5316202 100% [K
parsing GGUF [K
verifying conversion ⠴ [K[?25h[?2026l[?2026h[?25l[A[A[A[1Ggathering model components [K
copying file sha256:8875b53e09efb8221ff4f1c02a167e968d20c6331faa7c7206a5b57aa5316202 100% [K
parsing GGUF [K
verifying conversion ⠦ [K[?25h[?2026l[?2026h[?25l[A[A[A[1Ggathering model components [K
copying file sha256:8875b53e09efb8221ff4f1c02a167e968d20c6331faa7c7206a5b57aa5316202 100% [K
parsing GGUF [K
verifying conversion ⠧ [K[?25h[?2026l[?2026h[?25l[A[A[A[1Ggathering model components [K
copying file sha256:8875b53e09efb8221ff4f1c02a167e968d20c6331faa7c7206a5b57aa5316202 100% [K
parsing GGUF [K
verifying conversion ⠇ [K[?25h[?2026l[?2026h[?25l[A[A[A[1Ggathering model components [K
copying file sha256:8875b53e09efb8221ff4f1c02a167e968d20c6331faa7c7206a5b57aa5316202 100% [K
parsing GGUF [K
verifying conversion ⠏ [K[?25h[?2026l[?2026h[?25l[A[A[A[1Ggathering model components [K
copying file sha256:8875b53e09efb8221ff4f1c02a167e968d20c6331faa7c7206a5b57aa5316202 100% [K
parsing GGUF [K
verifying conversion ⠋ [K[?25h[?2026l[?2026h[?25l[A[A[A[1Ggathering model components [K
copying file sha256:8875b53e09efb8221ff4f1c02a167e968d20c6331faa7c7206a5b57aa5316202 100% [K
parsing GGUF [K
verifying conversion ⠙ [K[?25h[?2026l[?2026h[?25l[A[A[A[1Ggathering model components [K
copying file sha256:8875b53e09efb8221ff4f1c02a167e968d20c6331faa7c7206a5b57aa5316202 100% [K
parsing GGUF [K
verifying conversion ⠹ [K[?25h[?2026l[?2026h[?25l[A[A[A[1Ggathering model components [K
copying file sha256:8875b53e09efb8221ff4f1c02a167e968d20c6331faa7c7206a5b57aa5316202 100% [K
parsing GGUF [K
verifying conversion ⠸ [K[?25h[?2026l[?2026h[?25l[A[A[A[1Ggathering model components [K
copying file sha256:8875b53e09efb8221ff4f1c02a167e968d20c6331faa7c7206a5b57aa5316202 100% [K
parsing GGUF [K
verifying conversion ⠼ [K[?25h[?2026l[?2026h[?25l[A[A[A[1Ggathering model components [K
copying file sha256:8875b53e09efb8221ff4f1c02a167e968d20c6331faa7c7206a5b57aa5316202 100% [K
parsing GGUF [K
verifying conversion ⠴ [K[?25h[?2026l[?2026h[?25l[A[A[A[1Ggathering model components [K
copying file sha256:8875b53e09efb8221ff4f1c02a167e968d20c6331faa7c7206a5b57aa5316202 100% [K
parsing GGUF [K
verifying conversion ⠦ [K[?25h[?2026l[?2026h[?25l[A[A[A[1Ggathering model components [K
copying file sha256:8875b53e09efb8221ff4f1c02a167e968d20c6331faa7c7206a5b57aa5316202 100% [K
parsing GGUF [K
verifying conversion ⠧ [K[?25h[?2026l[?2026h[?25l[A[A[A[1Ggathering model components [K
copying file sha256:8875b53e09efb8221ff4f1c02a167e968d20c6331faa7c7206a5b57aa5316202 100% [K
parsing GGUF [K
verifying conversion ⠇ [K[?25h[?2026l[?2026h[?25l[A[A[A[1Ggathering model components [K
copying file sha256:8875b53e09efb8221ff4f1c02a167e968d20c6331faa7c7206a5b57aa5316202 100% [K
parsing GGUF [K
verifying conversion ⠏ [K[?25h[?2026l[?2026h[?25l[A[A[A[1Ggathering model components [K
copying file sha256:8875b53e09efb8221ff4f1c02a167e968d20c6331faa7c7206a5b57aa5316202 100% [K
parsing GGUF [K
verifying conversion ⠋ [K[?25h[?2026l[?2026h[?25l[A[A[A[1Ggathering model components [K
copying file sha256:8875b53e09efb8221ff4f1c02a167e968d20c6331faa7c7206a5b57aa5316202 100% [K
parsing GGUF [K
verifying conversion ⠙ [K[?25h[?2026l[?2026h[?25l[A[A[A[1Ggathering model components [K
copying file sha256:8875b53e09efb8221ff4f1c02a167e968d20c6331faa7c7206a5b57aa5316202 100% [K
parsing GGUF [K
verifying conversion ⠹ [K[?25h[?2026l[?2026h[?25l[A[A[A[1Ggathering model components [K
copying file sha256:8875b53e09efb8221ff4f1c02a167e968d20c6331faa7c7206a5b57aa5316202 100% [K
parsing GGUF [K
verifying conversion ⠸ [K[?25h[?2026l[?2026h[?25l[A[A[A[1Ggathering model components [K
copying file sha256:8875b53e09efb8221ff4f1c02a167e968d20c6331faa7c7206a5b57aa5316202 100% [K
parsing GGUF [K
verifying conversion ⠼ [K[?25h[?2026l[?2026h[?25l[A[A[A[1Ggathering model components [K
copying file sha256:8875b53e09efb8221ff4f1c02a167e968d20c6331faa7c7206a5b57aa5316202 100% [K
parsing GGUF [K
verifying conversion ⠴ [K[?25h[?2026l[?2026h[?25l[A[A[A[1Ggathering model components [K
copying file sha256:8875b53e09efb8221ff4f1c02a167e968d20c6331faa7c7206a5b57aa5316202 100% [K
parsing GGUF [K
verifying conversion ⠦ [K[?25h[?2026l[?2026h[?25l[A[A[A[1Ggathering model components [K
copying file sha256:8875b53e09efb8221ff4f1c02a167e968d20c6331faa7c7206a5b57aa5316202 100% [K
parsing GGUF [K
verifying conversion ⠧ [K[?25h[?2026l[?2026h[?25l[A[A[A[1Ggathering model components [K
copying file sha256:8875b53e09efb8221ff4f1c02a167e968d20c6331faa7c7206a5b57aa5316202 100% [K
parsing GGUF [K
verifying conversion ⠇ [K[?25h[?2026l[?2026h[?25l[A[A[A[1Ggathering model components [K
copying file sha256:8875b53e09efb8221ff4f1c02a167e968d20c6331faa7c7206a5b57aa5316202 100% [K
parsing GGUF [K
verifying conversion ⠏ [K[?25h[?2026l[?2026h[?25l[A[A[A[1Ggathering model components [K
copying file sha256:8875b53e09efb8221ff4f1c02a167e968d20c6331faa7c7206a5b57aa5316202 100% [K
parsing GGUF [K
verifying conversion ⠋ [K[?25h[?2026l[?2026h[?25l[A[A[A[1Ggathering model components [K
copying file sha256:8875b53e09efb8221ff4f1c02a167e968d20c6331faa7c7206a5b57aa5316202 100% [K
parsing GGUF [K
verifying conversion ⠙ [K[?25h[?2026l[?2026h[?25l[A[A[A[1Ggathering model components [K
copying file sha256:8875b53e09efb8221ff4f1c02a167e968d20c6331faa7c7206a5b57aa5316202 100% [K
parsing GGUF [K
verifying conversion ⠹ [K[?25h[?2026l[?2026h[?25l[A[A[A[1Ggathering model components [K
copying file sha256:8875b53e09efb8221ff4f1c02a167e968d20c6331faa7c7206a5b57aa5316202 100% [K
parsing GGUF [K
verifying conversion ⠸ [K[?25h[?2026l[?2026h[?25l[A[A[A[1Ggathering model components [K
copying file sha256:8875b53e09efb8221ff4f1c02a167e968d20c6331faa7c7206a5b57aa5316202 100% [K
parsing GGUF [K
verifying conversion ⠼ [K[?25h[?2026l[?2026h[?25l[A[A[A[1Ggathering model components [K
copying file sha256:8875b53e09efb8221ff4f1c02a167e968d20c6331faa7c7206a5b57aa5316202 100% [K
parsing GGUF [K
verifying conversion ⠴ [K[?25h[?2026l[?2026h[?25l[A[A[A[1Ggathering model components [K
copying file sha256:8875b53e09efb8221ff4f1c02a167e968d20c6331faa7c7206a5b57aa5316202 100% [K
parsing GGUF [K
verifying conversion ⠦ [K[?25h[?2026l[?2026h[?25l[A[A[A[1Ggathering model components [K
copying file sha256:8875b53e09efb8221ff4f1c02a167e968d20c6331faa7c7206a5b57aa5316202 100% [K
parsing GGUF [K
verifying conversion ⠧ [K[?25h[?2026l[?2026h[?25l[A[A[A[1Ggathering model components [K
copying file sha256:8875b53e09efb8221ff4f1c02a167e968d20c6331faa7c7206a5b57aa5316202 100% [K
parsing GGUF [K
verifying conversion ⠇ [K[?25h[?2026l[?2026h[?25l[A[A[A[1Ggathering model components [K
copying file sha256:8875b53e09efb8221ff4f1c02a167e968d20c6331faa7c7206a5b57aa5316202 100% [K
parsing GGUF [K
verifying conversion ⠏ [K[?25h[?2026l[?2026h[?25l[A[A[A[1Ggathering model components [K
copying file sha256:8875b53e09efb8221ff4f1c02a167e968d20c6331faa7c7206a5b57aa5316202 100% [K
parsing GGUF [K
verifying conversion ⠋ [K[?25h[?2026l[?2026h[?25l[A[A[A[1Ggathering model components [K
copying file sha256:8875b53e09efb8221ff4f1c02a167e968d20c6331faa7c7206a5b57aa5316202 100% [K
parsing GGUF [K
verifying conversion ⠙ [K[?25h[?2026l[?2026h[?25l[A[A[A[1Ggathering model components [K
copying file sha256:8875b53e09efb8221ff4f1c02a167e968d20c6331faa7c7206a5b57aa5316202 100% [K
parsing GGUF [K
verifying conversion ⠹ [K[?25h[?2026l[?2026h[?25l[A[A[A[1Ggathering model components [K
copying file sha256:8875b53e09efb8221ff4f1c02a167e968d20c6331faa7c7206a5b57aa5316202 100% [K
parsing GGUF [K
verifying conversion ⠸ [K[?25h[?2026l[?2026h[?25l[A[A[A[1Ggathering model components [K
copying file sha256:8875b53e09efb8221ff4f1c02a167e968d20c6331faa7c7206a5b57aa5316202 100% [K
parsing GGUF [K
verifying conversion ⠼ [K[?25h[?2026l[?2026h[?25l[A[A[A[1Ggathering model components [K
copying file sha256:8875b53e09efb8221ff4f1c02a167e968d20c6331faa7c7206a5b57aa5316202 100% [K
parsing GGUF [K
verifying conversion ⠴ [K[?25h[?2026l[?2026h[?25l[A[A[A[1Ggathering model components [K
copying file sha256:8875b53e09efb8221ff4f1c02a167e968d20c6331faa7c7206a5b57aa5316202 100% [K
parsing GGUF [K
verifying conversion ⠦ [K[?25h[?2026l[?2026h[?25l[A[A[A[1Ggathering model components [K
copying file sha256:8875b53e09efb8221ff4f1c02a167e968d20c6331faa7c7206a5b57aa5316202 100% [K
parsing GGUF [K
verifying conversion ⠧ [K[?25h[?2026l[?2026h[?25l[A[A[A[1Ggathering model components [K
copying file sha256:8875b53e09efb8221ff4f1c02a167e968d20c6331faa7c7206a5b57aa5316202 100% [K
parsing GGUF [K
verifying conversion ⠇ [K[?25h[?2026l[?2026h[?25l[A[A[A[1Ggathering model components [K
copying file sha256:8875b53e09efb8221ff4f1c02a167e968d20c6331faa7c7206a5b57aa5316202 100% [K
parsing GGUF [K
verifying conversion ⠏ [K[?25h[?2026l[?2026h[?25l[A[A[A[1Ggathering model components [K
copying file sha256:8875b53e09efb8221ff4f1c02a167e968d20c6331faa7c7206a5b57aa5316202 100% [K
parsing GGUF [K
verifying conversion ⠋ [K[?25h[?2026l[?2026h[?25l[A[A[A[1Ggathering model components [K
copying file sha256:8875b53e09efb8221ff4f1c02a167e968d20c6331faa7c7206a5b57aa5316202 100% [K
parsing GGUF [K
verifying conversion ⠙ [K[?25h[?2026l[?2026h[?25l[A[A[A[1Ggathering model components [K
copying file sha256:8875b53e09efb8221ff4f1c02a167e968d20c6331faa7c7206a5b57aa5316202 100% [K
parsing GGUF [K
verifying conversion ⠹ [K[?25h[?2026l[?2026h[?25l[A[A[A[1Ggathering model components [K
copying file sha256:8875b53e09efb8221ff4f1c02a167e968d20c6331faa7c7206a5b57aa5316202 100% [K
parsing GGUF [K
verifying conversion ⠸ [K[?25h[?2026l[?2026h[?25l[A[A[A[1Ggathering model components [K
copying file sha256:8875b53e09efb8221ff4f1c02a167e968d20c6331faa7c7206a5b57aa5316202 100% [K
parsing GGUF [K
verifying conversion ⠼ [K[?25h[?2026l[?2026h[?25l[A[A[A[1Ggathering model components [K
copying file sha256:8875b53e09efb8221ff4f1c02a167e968d20c6331faa7c7206a5b57aa5316202 100% [K
parsing GGUF [K
verifying conversion ⠴ [K[?25h[?2026l[?2026h[?25l[A[A[A[1Ggathering model components [K
copying file sha256:8875b53e09efb8221ff4f1c02a167e968d20c6331faa7c7206a5b57aa5316202 100% [K
parsing GGUF [K
verifying conversion ⠦ [K[?25h[?2026l[?2026h[?25l[A[A[A[1Ggathering model components [K
copying file sha256:8875b53e09efb8221ff4f1c02a167e968d20c6331faa7c7206a5b57aa5316202 100% [K
parsing GGUF [K
verifying conversion ⠧ [K[?25h[?2026l[?2026h[?25l[A[A[A[1Ggathering model components [K
copying file sha256:8875b53e09efb8221ff4f1c02a167e968d20c6331faa7c7206a5b57aa5316202 100% [K
parsing GGUF [K
verifying conversion ⠇ [K[?25h[?2026l[?2026h[?25l[A[A[A[1Ggathering model components [K
copying file sha256:8875b53e09efb8221ff4f1c02a167e968d20c6331faa7c7206a5b57aa5316202 100% [K
parsing GGUF [K
verifying conversion ⠏ [K[?25h[?2026l[?2026h[?25l[A[A[A[1Ggathering model components [K
copying file sha256:8875b53e09efb8221ff4f1c02a167e968d20c6331faa7c7206a5b57aa5316202 100% [K
parsing GGUF [K
verifying conversion ⠋ [K[?25h[?2026l[?2026h[?25l[A[A[A[1Ggathering model components [K
copying file sha256:8875b53e09efb8221ff4f1c02a167e968d20c6331faa7c7206a5b57aa5316202 100% [K
parsing GGUF [K
verifying conversion ⠙ [K[?25h[?2026l[?2026h[?25l[A[A[A[1Ggathering model components [K
copying file sha256:8875b53e09efb8221ff4f1c02a167e968d20c6331faa7c7206a5b57aa5316202 100% [K
parsing GGUF [K
verifying conversion ⠹ [K[?25h[?2026l[?2026h[?25l[A[A[A[1Ggathering model components [K
copying file sha256:8875b53e09efb8221ff4f1c02a167e968d20c6331faa7c7206a5b57aa5316202 100% [K
parsing GGUF [K
verifying conversion ⠸ [K[?25h[?2026l[?2026h[?25l[A[A[A[1Ggathering model components [K
copying file sha256:8875b53e09efb8221ff4f1c02a167e968d20c6331faa7c7206a5b57aa5316202 100% [K
parsing GGUF [K
verifying conversion ⠼ [K[?25h[?2026l[?2026h[?25l[A[A[A[1Ggathering model components [K
copying file sha256:8875b53e09efb8221ff4f1c02a167e968d20c6331faa7c7206a5b57aa5316202 100% [K
parsing GGUF [K
verifying conversion ⠴ [K[?25h[?2026l[?2026h[?25l[A[A[A[1Ggathering model components [K
copying file sha256:8875b53e09efb8221ff4f1c02a167e968d20c6331faa7c7206a5b57aa5316202 100% [K
parsing GGUF [K
verifying conversion ⠦ [K[?25h[?2026l[?2026h[?25l[A[A[A[1Ggathering model components [K
copying file sha256:8875b53e09efb8221ff4f1c02a167e968d20c6331faa7c7206a5b57aa5316202 100% [K
parsing GGUF [K
verifying conversion ⠧ [K[?25h[?2026l[?2026h[?25l[A[A[A[1Ggathering model components [K
copying file sha256:8875b53e09efb8221ff4f1c02a167e968d20c6331faa7c7206a5b57aa5316202 100% [K
parsing GGUF [K
verifying conversion ⠇ [K[?25h[?2026l[?2026h[?25l[A[A[A[1Ggathering model components [K
copying file sha256:8875b53e09efb8221ff4f1c02a167e968d20c6331faa7c7206a5b57aa5316202 100% [K
parsing GGUF [K
verifying conversion ⠏ [K[?25h[?2026l[?2026h[?25l[A[A[A[1Ggathering model components [K
copying file sha256:8875b53e09efb8221ff4f1c02a167e968d20c6331faa7c7206a5b57aa5316202 100% [K
parsing GGUF [K
verifying conversion ⠋ [K[?25h[?2026l[?2026h[?25l[A[A[A[1Ggathering model components [K
copying file sha256:8875b53e09efb8221ff4f1c02a167e968d20c6331faa7c7206a5b57aa5316202 100% [K
parsing GGUF [K
verifying conversion ⠙ [K[?25h[?2026l[?2026h[?25l[A[A[A[1Ggathering model components [K
copying file sha256:8875b53e09efb8221ff4f1c02a167e968d20c6331faa7c7206a5b57aa5316202 100% [K
parsing GGUF [K
verifying conversion ⠹ [K[?25h[?2026l[?2026h[?25l[A[A[A[1Ggathering model components [K
copying file sha256:8875b53e09efb8221ff4f1c02a167e968d20c6331faa7c7206a5b57aa5316202 100% [K
parsing GGUF [K
verifying conversion ⠸ [K[?25h[?2026l[?2026h[?25l[A[A[A[1Ggathering model components [K
copying file sha256:8875b53e09efb8221ff4f1c02a167e968d20c6331faa7c7206a5b57aa5316202 100% [K
parsing GGUF [K
verifying conversion ⠼ [K[?25h[?2026l[?2026h[?25l[A[A[A[1Ggathering model components [K
copying file sha256:8875b53e09efb8221ff4f1c02a167e968d20c6331faa7c7206a5b57aa5316202 100% [K
parsing GGUF [K
verifying conversion ⠴ [K[?25h[?2026l[?2026h[?25l[A[A[A[1Ggathering model components [K
copying file sha256:8875b53e09efb8221ff4f1c02a167e968d20c6331faa7c7206a5b57aa5316202 100% [K
parsing GGUF [K
verifying conversion ⠦ [K[?25h[?2026l[?2026h[?25l[A[A[A[1Ggathering model components [K
copying file sha256:8875b53e09efb8221ff4f1c02a167e968d20c6331faa7c7206a5b57aa5316202 100% [K
parsing GGUF [K
verifying conversion ⠧ [K[?25h[?2026l[?2026h[?25l[A[A[A[1Ggathering model components [K
copying file sha256:8875b53e09efb8221ff4f1c02a167e968d20c6331faa7c7206a5b57aa5316202 100% [K
parsing GGUF [K
verifying conversion ⠇ [K[?25h[?2026l[?2026h[?25l[A[A[A[1Ggathering model components [K
copying file sha256:8875b53e09efb8221ff4f1c02a167e968d20c6331faa7c7206a5b57aa5316202 100% [K
parsing GGUF [K
verifying conversion ⠏ [K[?25h[?2026l[?2026h[?25l[A[A[A[1Ggathering model components [K
copying file sha256:8875b53e09efb8221ff4f1c02a167e968d20c6331faa7c7206a5b57aa5316202 100% [K
parsing GGUF [K
verifying conversion ⠋ [K[?25h[?2026l[?2026h[?25l[A[A[A[1Ggathering model components [K
copying file sha256:8875b53e09efb8221ff4f1c02a167e968d20c6331faa7c7206a5b57aa5316202 100% [K
parsing GGUF [K
verifying conversion ⠙ [K[?25h[?2026l[?2026h[?25l[A[A[A[1Ggathering model components [K
copying file sha256:8875b53e09efb8221ff4f1c02a167e968d20c6331faa7c7206a5b57aa5316202 100% [K
parsing GGUF [K
verifying conversion ⠹ [K[?25h[?2026l[?2026h[?25l[A[A[A[1Ggathering model components [K
copying file sha256:8875b53e09efb8221ff4f1c02a167e968d20c6331faa7c7206a5b57aa5316202 100% [K
parsing GGUF [K
verifying conversion ⠸ [K[?25h[?2026l[?2026h[?25l[A[A[A[1Ggathering model components [K
copying file sha256:8875b53e09efb8221ff4f1c02a167e968d20c6331faa7c7206a5b57aa5316202 100% [K
parsing GGUF [K
verifying conversion ⠼ [K[?25h[?2026l[?2026h[?25l[A[A[A[1Ggathering model components [K
copying file sha256:8875b53e09efb8221ff4f1c02a167e968d20c6331faa7c7206a5b57aa5316202 100% [K
parsing GGUF [K
verifying conversion ⠴ [K[?25h[?2026l[?2026h[?25l[A[A[A[1Ggathering model components [K
copying file sha256:8875b53e09efb8221ff4f1c02a167e968d20c6331faa7c7206a5b57aa5316202 100% [K
parsing GGUF [K
verifying conversion ⠦ [K[?25h[?2026l[?2026h[?25l[A[A[A[1Ggathering model components [K
copying file sha256:8875b53e09efb8221ff4f1c02a167e968d20c6331faa7c7206a5b57aa5316202 100% [K
parsing GGUF [K
verifying conversion ⠧ [K[?25h[?2026l[?2026h[?25l[A[A[A[1Ggathering model components [K
copying file sha256:8875b53e09efb8221ff4f1c02a167e968d20c6331faa7c7206a5b57aa5316202 100% [K
parsing GGUF [K
verifying conversion ⠇ [K[?25h[?2026l[?2026h[?25l[A[A[A[1Ggathering model components [K
copying file sha256:8875b53e09efb8221ff4f1c02a167e968d20c6331faa7c7206a5b57aa5316202 100% [K
parsing GGUF [K
verifying conversion ⠏ [K[?25h[?2026l[?2026h[?25l[A[A[A[1Ggathering model components [K
copying file sha256:8875b53e09efb8221ff4f1c02a167e968d20c6331faa7c7206a5b57aa5316202 100% [K
parsing GGUF [K
verifying conversion ⠋ [K[?25h[?2026l[?2026h[?25l[A[A[A[1Ggathering model components [K
copying file sha256:8875b53e09efb8221ff4f1c02a167e968d20c6331faa7c7206a5b57aa5316202 100% [K
parsing GGUF [K
verifying conversion ⠙ [K[?25h[?2026l[?2026h[?25l[A[A[A[1Ggathering model components [K
copying file sha256:8875b53e09efb8221ff4f1c02a167e968d20c6331faa7c7206a5b57aa5316202 100% [K
parsing GGUF [K
verifying conversion ⠹ [K[?25h[?2026l[?2026h[?25l[A[A[A[1Ggathering model components [K
copying file sha256:8875b53e09efb8221ff4f1c02a167e968d20c6331faa7c7206a5b57aa5316202 100% [K
parsing GGUF [K
verifying conversion ⠸ [K[?25h[?2026l[?2026h[?25l[A[A[A[1Ggathering model components [K
copying file sha256:8875b53e09efb8221ff4f1c02a167e968d20c6331faa7c7206a5b57aa5316202 100% [K
parsing GGUF [K
verifying conversion ⠼ [K[?25h[?2026l[?2026h[?25l[A[A[A[1Ggathering model components [K
copying file sha256:8875b53e09efb8221ff4f1c02a167e968d20c6331faa7c7206a5b57aa5316202 100% [K
parsing GGUF [K
verifying conversion ⠴ [K[?25h[?2026l[?2026h[?25l[A[A[A[1Ggathering model components [K
copying file sha256:8875b53e09efb8221ff4f1c02a167e968d20c6331faa7c7206a5b57aa5316202 100% [K
parsing GGUF [K
verifying conversion ⠦ [K[?25h[?2026l[?2026h[?25l[A[A[A[1Ggathering model components [K
copying file sha256:8875b53e09efb8221ff4f1c02a167e968d20c6331faa7c7206a5b57aa5316202 100% [K
parsing GGUF [K
verifying conversion ⠧ [K[?25h[?2026l[?2026h[?25l[A[A[A[1Ggathering model components [K
copying file sha256:8875b53e09efb8221ff4f1c02a167e968d20c6331faa7c7206a5b57aa5316202 100% [K
parsing GGUF [K
verifying conversion ⠇ [K[?25h[?2026l[?2026h[?25l[A[A[A[1Ggathering model components [K
copying file sha256:8875b53e09efb8221ff4f1c02a167e968d20c6331faa7c7206a5b57aa5316202 100% [K
parsing GGUF [K
verifying conversion ⠏ [K[?25h[?2026l[?2026h[?25l[A[A[A[1Ggathering model components [K
copying file sha256:8875b53e09efb8221ff4f1c02a167e968d20c6331faa7c7206a5b57aa5316202 100% [K
parsing GGUF [K
verifying conversion ⠋ [K[?25h[?2026l[?2026h[?25l[A[A[A[1Ggathering model components [K
copying file sha256:8875b53e09efb8221ff4f1c02a167e968d20c6331faa7c7206a5b57aa5316202 100% [K
parsing GGUF [K
verifying conversion ⠙ [K[?25h[?2026l[?2026h[?25l[A[A[A[1Ggathering model components [K
copying file sha256:8875b53e09efb8221ff4f1c02a167e968d20c6331faa7c7206a5b57aa5316202 100% [K
parsing GGUF [K
verifying conversion ⠹ [K[?25h[?2026l[?2026h[?25l[A[A[A[1Ggathering model components [K
copying file sha256:8875b53e09efb8221ff4f1c02a167e968d20c6331faa7c7206a5b57aa5316202 100% [K
parsing GGUF [K
verifying conversion ⠸ [K[?25h[?2026l[?2026h[?25l[A[A[A[1Ggathering model components [K
copying file sha256:8875b53e09efb8221ff4f1c02a167e968d20c6331faa7c7206a5b57aa5316202 100% [K
parsing GGUF [K
verifying conversion ⠼ [K[?25h[?2026l[?2026h[?25l[A[A[A[1Ggathering model components [K
copying file sha256:8875b53e09efb8221ff4f1c02a167e968d20c6331faa7c7206a5b57aa5316202 100% [K
parsing GGUF [K
verifying conversion ⠴ [K[?25h[?2026l[?2026h[?25l[A[A[A[1Ggathering model components [K
copying file sha256:8875b53e09efb8221ff4f1c02a167e968d20c6331faa7c7206a5b57aa5316202 100% [K
parsing GGUF [K
verifying conversion ⠦ [K[?25h[?2026l[?2026h[?25l[A[A[A[1Ggathering model components [K
copying file sha256:8875b53e09efb8221ff4f1c02a167e968d20c6331faa7c7206a5b57aa5316202 100% [K
parsing GGUF [K
verifying conversion ⠧ [K[?25h[?2026l[?2026h[?25l[A[A[A[1Ggathering model components [K
copying file sha256:8875b53e09efb8221ff4f1c02a167e968d20c6331faa7c7206a5b57aa5316202 100% [K
parsing GGUF [K
verifying conversion ⠇ [K[?25h[?2026l[?2026h[?25l[A[A[A[1Ggathering model components [K
copying file sha256:8875b53e09efb8221ff4f1c02a167e968d20c6331faa7c7206a5b57aa5316202 100% [K
parsing GGUF [K
verifying conversion ⠏ [K[?25h[?2026l[?2026h[?25l[A[A[A[1Ggathering model components [K
copying file sha256:8875b53e09efb8221ff4f1c02a167e968d20c6331faa7c7206a5b57aa5316202 100% [K
parsing GGUF [K
verifying conversion ⠋ [K[?25h[?2026l[?2026h[?25l[A[A[A[1Ggathering model components [K
copying file sha256:8875b53e09efb8221ff4f1c02a167e968d20c6331faa7c7206a5b57aa5316202 100% [K
parsing GGUF [K
verifying conversion ⠙ [K[?25h[?2026l[?2026h[?25l[A[A[A[1Ggathering model components [K
copying file sha256:8875b53e09efb8221ff4f1c02a167e968d20c6331faa7c7206a5b57aa5316202 100% [K
parsing GGUF [K
verifying conversion ⠹ [K[?25h[?2026l[?2026h[?25l[A[A[A[1Ggathering model components [K
copying file sha256:8875b53e09efb8221ff4f1c02a167e968d20c6331faa7c7206a5b57aa5316202 100% [K
parsing GGUF [K
verifying conversion ⠸ [K[?25h[?2026l[?2026h[?25l[A[A[A[1Ggathering model components [K
copying file sha256:8875b53e09efb8221ff4f1c02a167e968d20c6331faa7c7206a5b57aa5316202 100% [K
parsing GGUF [K
verifying conversion ⠼ [K[?25h[?2026l[?2026h[?25l[A[A[A[1Ggathering model components [K
copying file sha256:8875b53e09efb8221ff4f1c02a167e968d20c6331faa7c7206a5b57aa5316202 100% [K
parsing GGUF [K
verifying conversion ⠴ [K[?25h[?2026l[?2026h[?25l[A[A[A[1Ggathering model components [K
copying file sha256:8875b53e09efb8221ff4f1c02a167e968d20c6331faa7c7206a5b57aa5316202 100% [K
parsing GGUF [K
verifying conversion ⠦ [K[?25h[?2026l[?2026h[?25l[A[A[A[1Ggathering model components [K
copying file sha256:8875b53e09efb8221ff4f1c02a167e968d20c6331faa7c7206a5b57aa5316202 100% [K
parsing GGUF [K
verifying conversion ⠧ [K[?25h[?2026l[?2026h[?25l[A[A[A[1Ggathering model components [K
copying file sha256:8875b53e09efb8221ff4f1c02a167e968d20c6331faa7c7206a5b57aa5316202 100% [K
parsing GGUF [K
verifying conversion ⠇ [K[?25h[?2026l[?2026h[?25l[A[A[A[1Ggathering model components [K
copying file sha256:8875b53e09efb8221ff4f1c02a167e968d20c6331faa7c7206a5b57aa5316202 100% [K
parsing GGUF [K
verifying conversion ⠏ [K[?25h[?2026l[?2026h[?25l[A[A[A[1Ggathering model components [K
copying file sha256:8875b53e09efb8221ff4f1c02a167e968d20c6331faa7c7206a5b57aa5316202 100% [K
parsing GGUF [K
verifying conversion ⠋ [K[?25h[?2026l[?2026h[?25l[A[A[A[1Ggathering model components [K
copying file sha256:8875b53e09efb8221ff4f1c02a167e968d20c6331faa7c7206a5b57aa5316202 100% [K
parsing GGUF [K
verifying conversion ⠙ [K[?25h[?2026l[?2026h[?25l[A[A[A[1Ggathering model components [K
copying file sha256:8875b53e09efb8221ff4f1c02a167e968d20c6331faa7c7206a5b57aa5316202 100% [K
parsing GGUF [K
verifying conversion ⠹ [K[?25h[?2026l[?2026h[?25l[A[A[A[1Ggathering model components [K
copying file sha256:8875b53e09efb8221ff4f1c02a167e968d20c6331faa7c7206a5b57aa5316202 100% [K
parsing GGUF [K
verifying conversion ⠸ [K[?25h[?2026l[?2026h[?25l[A[A[A[1Ggathering model components [K
copying file sha256:8875b53e09efb8221ff4f1c02a167e968d20c6331faa7c7206a5b57aa5316202 100% [K
parsing GGUF [K
verifying conversion ⠼ [K[?25h[?2026l[?2026h[?25l[A[A[A[1Ggathering model components [K
copying file sha256:8875b53e09efb8221ff4f1c02a167e968d20c6331faa7c7206a5b57aa5316202 100% [K
parsing GGUF [K
verifying conversion ⠴ [K[?25h[?2026l[?2026h[?25l[A[A[A[1Ggathering model components [K
copying file sha256:8875b53e09efb8221ff4f1c02a167e968d20c6331faa7c7206a5b57aa5316202 100% [K
parsing GGUF [K
verifying conversion ⠦ [K[?25h[?2026l[?2026h[?25l[A[A[A[1Ggathering model components [K
copying file sha256:8875b53e09efb8221ff4f1c02a167e968d20c6331faa7c7206a5b57aa5316202 100% [K
parsing GGUF [K
verifying conversion ⠧ [K[?25h[?2026l[?2026h[?25l[A[A[A[1Ggathering model components [K
copying file sha256:8875b53e09efb8221ff4f1c02a167e968d20c6331faa7c7206a5b57aa5316202 100% [K
parsing GGUF [K
verifying conversion ⠇ [K[?25h[?2026l[?2026h[?25l[A[A[A[1Ggathering model components [K
copying file sha256:8875b53e09efb8221ff4f1c02a167e968d20c6331faa7c7206a5b57aa5316202 100% [K
parsing GGUF [K
verifying conversion ⠏ [K[?25h[?2026l[?2026h[?25l[A[A[A[1Ggathering model components [K
copying file sha256:8875b53e09efb8221ff4f1c02a167e968d20c6331faa7c7206a5b57aa5316202 100% [K
parsing GGUF [K
verifying conversion ⠋ [K[?25h[?2026l[?2026h[?25l[A[A[A[1Ggathering model components [K
copying file sha256:8875b53e09efb8221ff4f1c02a167e968d20c6331faa7c7206a5b57aa5316202 100% [K
parsing GGUF [K
verifying conversion ⠙ [K[?25h[?2026l[?2026h[?25l[A[A[A[1Ggathering model components [K
copying file sha256:8875b53e09efb8221ff4f1c02a167e968d20c6331faa7c7206a5b57aa5316202 100% [K
parsing GGUF [K
verifying conversion ⠹ [K[?25h[?2026l[?2026h[?25l[A[A[A[1Ggathering model components [K
copying file sha256:8875b53e09efb8221ff4f1c02a167e968d20c6331faa7c7206a5b57aa5316202 100% [K
parsing GGUF [K
verifying conversion ⠸ [K[?25h[?2026l[?2026h[?25l[A[A[A[1Ggathering model components [K
copying file sha256:8875b53e09efb8221ff4f1c02a167e968d20c6331faa7c7206a5b57aa5316202 100% [K
parsing GGUF [K
verifying conversion ⠼ [K[?25h[?2026l[?2026h[?25l[A[A[A[1Ggathering model components [K
copying file sha256:8875b53e09efb8221ff4f1c02a167e968d20c6331faa7c7206a5b57aa5316202 100% [K
parsing GGUF [K
verifying conversion ⠴ [K[?25h[?2026l[?2026h[?25l[A[A[A[1Ggathering model components [K
copying file sha256:8875b53e09efb8221ff4f1c02a167e968d20c6331faa7c7206a5b57aa5316202 100% [K
parsing GGUF [K
verifying conversion ⠦ [K[?25h[?2026l[?2026h[?25l[A[A[A[1Ggathering model components [K
copying file sha256:8875b53e09efb8221ff4f1c02a167e968d20c6331faa7c7206a5b57aa5316202 100% [K
parsing GGUF [K
verifying conversion ⠧ [K[?25h[?2026l[?2026h[?25l[A[A[A[1Ggathering model components [K
copying file sha256:8875b53e09efb8221ff4f1c02a167e968d20c6331faa7c7206a5b57aa5316202 100% [K
parsing GGUF [K
verifying conversion ⠇ [K[?25h[?2026l[?2026h[?25l[A[A[A[1Ggathering model components [K
copying file sha256:8875b53e09efb8221ff4f1c02a167e968d20c6331faa7c7206a5b57aa5316202 100% [K
parsing GGUF [K
verifying conversion ⠏ [K[?25h[?2026l[?2026h[?25l[A[A[A[1Ggathering model components [K
copying file sha256:8875b53e09efb8221ff4f1c02a167e968d20c6331faa7c7206a5b57aa5316202 100% [K
parsing GGUF [K
verifying conversion ⠋ [K[?25h[?2026l[?2026h[?25l[A[A[A[1Ggathering model components [K
copying file sha256:8875b53e09efb8221ff4f1c02a167e968d20c6331faa7c7206a5b57aa5316202 100% [K
parsing GGUF [K
verifying conversion ⠙ [K[?25h[?2026l[?2026h[?25l[A[A[A[1Ggathering model components [K
copying file sha256:8875b53e09efb8221ff4f1c02a167e968d20c6331faa7c7206a5b57aa5316202 100% [K
parsing GGUF [K
verifying conversion ⠹ [K[?25h[?2026l[?2026h[?25l[A[A[A[1Ggathering model components [K
copying file sha256:8875b53e09efb8221ff4f1c02a167e968d20c6331faa7c7206a5b57aa5316202 100% [K
parsing GGUF [K
verifying conversion ⠸ [K[?25h[?2026l[?2026h[?25l[A[A[A[1Ggathering model components [K
copying file sha256:8875b53e09efb8221ff4f1c02a167e968d20c6331faa7c7206a5b57aa5316202 100% [K
parsing GGUF [K
verifying conversion ⠼ [K[?25h[?2026l[?2026h[?25l[A[A[A[1Ggathering model components [K
copying file sha256:8875b53e09efb8221ff4f1c02a167e968d20c6331faa7c7206a5b57aa5316202 100% [K
parsing GGUF [K
verifying conversion ⠴ [K[?25h[?2026l[?2026h[?25l[A[A[A[1Ggathering model components [K
copying file sha256:8875b53e09efb8221ff4f1c02a167e968d20c6331faa7c7206a5b57aa5316202 100% [K
parsing GGUF [K
verifying conversion ⠦ [K[?25h[?2026l[?2026h[?25l[A[A[A[1Ggathering model components [K
copying file sha256:8875b53e09efb8221ff4f1c02a167e968d20c6331faa7c7206a5b57aa5316202 100% [K
parsing GGUF [K
verifying conversion ⠧ [K[?25h[?2026l[?2026h[?25l[A[A[A[1Ggathering model components [K
copying file sha256:8875b53e09efb8221ff4f1c02a167e968d20c6331faa7c7206a5b57aa5316202 100% [K
parsing GGUF [K
verifying conversion ⠇ [K[?25h[?2026l[?2026h[?25l[A[A[A[1Ggathering model components [K
copying file sha256:8875b53e09efb8221ff4f1c02a167e968d20c6331faa7c7206a5b57aa5316202 100% [K
parsing GGUF [K
verifying conversion ⠏ [K[?25h[?2026l[?2026h[?25l[A[A[A[1Ggathering model components [K
copying file sha256:8875b53e09efb8221ff4f1c02a167e968d20c6331faa7c7206a5b57aa5316202 100% [K
parsing GGUF [K
verifying conversion ⠋ [K[?25h[?2026l[?2026h[?25l[A[A[A[1Ggathering model components [K
copying file sha256:8875b53e09efb8221ff4f1c02a167e968d20c6331faa7c7206a5b57aa5316202 100% [K
parsing GGUF [K
verifying conversion ⠙ [K[?25h[?2026l[?2026h[?25l[A[A[A[1Ggathering model components [K
copying file sha256:8875b53e09efb8221ff4f1c02a167e968d20c6331faa7c7206a5b57aa5316202 100% [K
parsing GGUF [K
verifying conversion ⠹ [K[?25h[?2026l[?2026h[?25l[A[A[A[1Ggathering model components [K
copying file sha256:8875b53e09efb8221ff4f1c02a167e968d20c6331faa7c7206a5b57aa5316202 100% [K
parsing GGUF [K
verifying conversion ⠸ [K[?25h[?2026l[?2026h[?25l[A[A[A[1Ggathering model components [K
copying file sha256:8875b53e09efb8221ff4f1c02a167e968d20c6331faa7c7206a5b57aa5316202 100% [K
parsing GGUF [K
verifying conversion ⠼ [K[?25h[?2026l[?2026h[?25l[A[A[A[1Ggathering model components [K
copying file sha256:8875b53e09efb8221ff4f1c02a167e968d20c6331faa7c7206a5b57aa5316202 100% [K
parsing GGUF [K
verifying conversion ⠴ [K[?25h[?2026l[?2026h[?25l[A[A[A[1Ggathering model components [K
copying file sha256:8875b53e09efb8221ff4f1c02a167e968d20c6331faa7c7206a5b57aa5316202 100% [K
parsing GGUF [K
verifying conversion ⠦ [K[?25h[?2026l[?2026h[?25l[A[A[A[1Ggathering model components [K
copying file sha256:8875b53e09efb8221ff4f1c02a167e968d20c6331faa7c7206a5b57aa5316202 100% [K
parsing GGUF [K
verifying conversion ⠧ [K[?25h[?2026l[?2026h[?25l[A[A[A[1Ggathering model components [K
copying file sha256:8875b53e09efb8221ff4f1c02a167e968d20c6331faa7c7206a5b57aa5316202 100% [K
parsing GGUF [K
verifying conversion ⠇ [K[?25h[?2026l[?2026h[?25l[A[A[A[1Ggathering model components [K
copying file sha256:8875b53e09efb8221ff4f1c02a167e968d20c6331faa7c7206a5b57aa5316202 100% [K
parsing GGUF [K
verifying conversion ⠏ [K[?25h[?2026l[?2026h[?25l[A[A[A[1Ggathering model components [K
copying file sha256:8875b53e09efb8221ff4f1c02a167e968d20c6331faa7c7206a5b57aa5316202 100% [K
parsing GGUF [K
verifying conversion ⠋ [K[?25h[?2026l[?2026h[?25l[A[A[A[1Ggathering model components [K
copying file sha256:8875b53e09efb8221ff4f1c02a167e968d20c6331faa7c7206a5b57aa5316202 100% [K
parsing GGUF [K
verifying conversion ⠙ [K[?25h[?2026l[?2026h[?25l[A[A[A[1Ggathering model components [K
copying file sha256:8875b53e09efb8221ff4f1c02a167e968d20c6331faa7c7206a5b57aa5316202 100% [K
parsing GGUF [K
verifying conversion ⠹ [K[?25h[?2026l[?2026h[?25l[A[A[A[1Ggathering model components [K
copying file sha256:8875b53e09efb8221ff4f1c02a167e968d20c6331faa7c7206a5b57aa5316202 100% [K
parsing GGUF [K
verifying conversion ⠸ [K[?25h[?2026l[?2026h[?25l[A[A[A[1Ggathering model components [K
copying file sha256:8875b53e09efb8221ff4f1c02a167e968d20c6331faa7c7206a5b57aa5316202 100% [K
parsing GGUF [K
verifying conversion ⠼ [K[?25h[?2026l[?2026h[?25l[A[A[A[1Ggathering model components [K
copying file sha256:8875b53e09efb8221ff4f1c02a167e968d20c6331faa7c7206a5b57aa5316202 100% [K
parsing GGUF [K
verifying conversion ⠴ [K[?25h[?2026l[?2026h[?25l[A[A[A[1Ggathering model components [K
copying file sha256:8875b53e09efb8221ff4f1c02a167e968d20c6331faa7c7206a5b57aa5316202 100% [K
parsing GGUF [K
verifying conversion ⠦ [K[?25h[?2026l[?2026h[?25l[A[A[A[1Ggathering model components [K
copying file sha256:8875b53e09efb8221ff4f1c02a167e968d20c6331faa7c7206a5b57aa5316202 100% [K
parsing GGUF [K
verifying conversion ⠧ [K[?25h[?2026l[?2026h[?25l[A[A[A[1Ggathering model components [K
copying file sha256:8875b53e09efb8221ff4f1c02a167e968d20c6331faa7c7206a5b57aa5316202 100% [K
parsing GGUF [K
verifying conversion ⠇ [K[?25h[?2026l[?2026h[?25l[A[A[A[1Ggathering model components [K
copying file sha256:8875b53e09efb8221ff4f1c02a167e968d20c6331faa7c7206a5b57aa5316202 100% [K
parsing GGUF [K
verifying conversion ⠏ [K[?25h[?2026l[?2026h[?25l[A[A[A[1Ggathering model components [K
copying file sha256:8875b53e09efb8221ff4f1c02a167e968d20c6331faa7c7206a5b57aa5316202 100% [K
parsing GGUF [K
verifying conversion ⠋ [K[?25h[?2026l[?2026h[?25l[A[A[A[1Ggathering model components [K
copying file sha256:8875b53e09efb8221ff4f1c02a167e968d20c6331faa7c7206a5b57aa5316202 100% [K
parsing GGUF [K
verifying conversion ⠙ [K[?25h[?2026l[?2026h[?25l[A[A[A[1Ggathering model components [K
copying file sha256:8875b53e09efb8221ff4f1c02a167e968d20c6331faa7c7206a5b57aa5316202 100% [K
parsing GGUF [K
verifying conversion ⠹ [K[?25h[?2026l[?2026h[?25l[A[A[A[1Ggathering model components [K
copying file sha256:8875b53e09efb8221ff4f1c02a167e968d20c6331faa7c7206a5b57aa5316202 100% [K
parsing GGUF [K
verifying conversion ⠸ [K[?25h[?2026l[?2026h[?25l[A[A[A[1Ggathering model components [K
copying file sha256:8875b53e09efb8221ff4f1c02a167e968d20c6331faa7c7206a5b57aa5316202 100% [K
parsing GGUF [K
verifying conversion ⠼ [K[?25h[?2026l[?2026h[?25l[A[A[A[1Ggathering model components [K
copying file sha256:8875b53e09efb8221ff4f1c02a167e968d20c6331faa7c7206a5b57aa5316202 100% [K
parsing GGUF [K
verifying conversion ⠴ [K[?25h[?2026l[?2026h[?25l[A[A[A[1Ggathering model components [K
copying file sha256:8875b53e09efb8221ff4f1c02a167e968d20c6331faa7c7206a5b57aa5316202 100% [K
parsing GGUF [K
verifying conversion ⠦ [K[?25h[?2026l[?2026h[?25l[A[A[A[1Ggathering model components [K
copying file sha256:8875b53e09efb8221ff4f1c02a167e968d20c6331faa7c7206a5b57aa5316202 100% [K
parsing GGUF [K
verifying conversion ⠧ [K[?25h[?2026l[?2026h[?25l[A[A[A[1Ggathering model components [K
copying file sha256:8875b53e09efb8221ff4f1c02a167e968d20c6331faa7c7206a5b57aa5316202 100% [K
parsing GGUF [K
verifying conversion ⠇ [K[?25h[?2026l[?2026h[?25l[A[A[A[1Ggathering model components [K
copying file sha256:8875b53e09efb8221ff4f1c02a167e968d20c6331faa7c7206a5b57aa5316202 100% [K
parsing GGUF [K
verifying conversion ⠏ [K[?25h[?2026l[?2026h[?25l[A[A[A[1Ggathering model components [K
copying file sha256:8875b53e09efb8221ff4f1c02a167e968d20c6331faa7c7206a5b57aa5316202 100% [K
parsing GGUF [K
verifying conversion ⠋ [K[?25h[?2026l[?2026h[?25l[A[A[A[1Ggathering model components [K
copying file sha256:8875b53e09efb8221ff4f1c02a167e968d20c6331faa7c7206a5b57aa5316202 100% [K
parsing GGUF [K
verifying conversion ⠙ [K[?25h[?2026l[?2026h[?25l[A[A[A[1Ggathering model components [K
copying file sha256:8875b53e09efb8221ff4f1c02a167e968d20c6331faa7c7206a5b57aa5316202 100% [K
parsing GGUF [K
verifying conversion ⠹ [K[?25h[?2026l[?2026h[?25l[A[A[A[1Ggathering model components [K
copying file sha256:8875b53e09efb8221ff4f1c02a167e968d20c6331faa7c7206a5b57aa5316202 100% [K
parsing GGUF [K
verifying conversion ⠸ [K[?25h[?2026l[?2026h[?25l[A[A[A[1Ggathering model components [K
copying file sha256:8875b53e09efb8221ff4f1c02a167e968d20c6331faa7c7206a5b57aa5316202 100% [K
parsing GGUF [K
verifying conversion ⠼ [K[?25h[?2026l[?2026h[?25l[A[A[A[1Ggathering model components [K
copying file sha256:8875b53e09efb8221ff4f1c02a167e968d20c6331faa7c7206a5b57aa5316202 100% [K
parsing GGUF [K
verifying conversion ⠴ [K[?25h[?2026l[?2026h[?25l[A[A[A[1Ggathering model components [K
copying file sha256:8875b53e09efb8221ff4f1c02a167e968d20c6331faa7c7206a5b57aa5316202 100% [K
parsing GGUF [K
verifying conversion ⠦ [K[?25h[?2026l[?2026h[?25l[A[A[A[1Ggathering model components [K
copying file sha256:8875b53e09efb8221ff4f1c02a167e968d20c6331faa7c7206a5b57aa5316202 100% [K
parsing GGUF [K
verifying conversion ⠧ [K[?25h[?2026l[?2026h[?25l[A[A[A[1Ggathering model components [K
copying file sha256:8875b53e09efb8221ff4f1c02a167e968d20c6331faa7c7206a5b57aa5316202 100% [K
parsing GGUF [K
verifying conversion ⠇ [K[?25h[?2026l[?2026h[?25l[A[A[A[1Ggathering model components [K
copying file sha256:8875b53e09efb8221ff4f1c02a167e968d20c6331faa7c7206a5b57aa5316202 100% [K
parsing GGUF [K
verifying conversion ⠏ [K[?25h[?2026l[?2026h[?25l[A[A[A[1Ggathering model components [K
copying file sha256:8875b53e09efb8221ff4f1c02a167e968d20c6331faa7c7206a5b57aa5316202 100% [K
parsing GGUF [K
verifying conversion ⠋ [K[?25h[?2026l[?2026h[?25l[A[A[A[1Ggathering model components [K
copying file sha256:8875b53e09efb8221ff4f1c02a167e968d20c6331faa7c7206a5b57aa5316202 100% [K
parsing GGUF [K
verifying conversion ⠙ [K[?25h[?2026l[?2026h[?25l[A[A[A[1Ggathering model components [K
copying file sha256:8875b53e09efb8221ff4f1c02a167e968d20c6331faa7c7206a5b57aa5316202 100% [K
parsing GGUF [K
verifying conversion ⠹ [K[?25h[?2026l[?2026h[?25l[A[A[A[1Ggathering model components [K
copying file sha256:8875b53e09efb8221ff4f1c02a167e968d20c6331faa7c7206a5b57aa5316202 100% [K
parsing GGUF [K
verifying conversion ⠸ [K[?25h[?2026l[?2026h[?25l[A[A[A[1Ggathering model components [K
copying file sha256:8875b53e09efb8221ff4f1c02a167e968d20c6331faa7c7206a5b57aa5316202 100% [K
parsing GGUF [K
verifying conversion ⠼ [K[?25h[?2026l[?2026h[?25l[A[A[A[1Ggathering model components [K
copying file sha256:8875b53e09efb8221ff4f1c02a167e968d20c6331faa7c7206a5b57aa5316202 100% [K
parsing GGUF [K
verifying conversion ⠴ [K[?25h[?2026l[?2026h[?25l[A[A[A[1Ggathering model components [K
copying file sha256:8875b53e09efb8221ff4f1c02a167e968d20c6331faa7c7206a5b57aa5316202 100% [K
parsing GGUF [K
verifying conversion ⠦ [K[?25h[?2026l[?2026h[?25l[A[A[A[1Ggathering model components [K
copying file sha256:8875b53e09efb8221ff4f1c02a167e968d20c6331faa7c7206a5b57aa5316202 100% [K
parsing GGUF [K
verifying conversion ⠧ [K[?25h[?2026l[?2026h[?25l[A[A[A[1Ggathering model components [K
copying file sha256:8875b53e09efb8221ff4f1c02a167e968d20c6331faa7c7206a5b57aa5316202 100% [K
parsing GGUF [K
verifying conversion ⠇ [K[?25h[?2026l[?2026h[?25l[A[A[A[1Ggathering model components [K
copying file sha256:8875b53e09efb8221ff4f1c02a167e968d20c6331faa7c7206a5b57aa5316202 100% [K
parsing GGUF [K
verifying conversion ⠏ [K[?25h[?2026l[?2026h[?25l[A[A[A[1Ggathering model components [K
copying file sha256:8875b53e09efb8221ff4f1c02a167e968d20c6331faa7c7206a5b57aa5316202 100% [K
parsing GGUF [K
verifying conversion ⠋ [K[?25h[?2026l[?2026h[?25l[A[A[A[1Ggathering model components [K
copying file sha256:8875b53e09efb8221ff4f1c02a167e968d20c6331faa7c7206a5b57aa5316202 100% [K
parsing GGUF [K
verifying conversion ⠙ [K[?25h[?2026l[?2026h[?25l[A[A[A[1Ggathering model components [K
copying file sha256:8875b53e09efb8221ff4f1c02a167e968d20c6331faa7c7206a5b57aa5316202 100% [K
parsing GGUF [K
verifying conversion ⠹ [K[?25h[?2026l[?2026h[?25l[A[A[A[1Ggathering model components [K
copying file sha256:8875b53e09efb8221ff4f1c02a167e968d20c6331faa7c7206a5b57aa5316202 100% [K
parsing GGUF [K
verifying conversion ⠸ [K[?25h[?2026l[?2026h[?25l[A[A[A[1Ggathering model components [K
copying file sha256:8875b53e09efb8221ff4f1c02a167e968d20c6331faa7c7206a5b57aa5316202 100% [K
parsing GGUF [K
verifying conversion ⠼ [K[?25h[?2026l[?2026h[?25l[A[A[A[1Ggathering model components [K
copying file sha256:8875b53e09efb8221ff4f1c02a167e968d20c6331faa7c7206a5b57aa5316202 100% [K
parsing GGUF [K
verifying conversion ⠴ [K[?25h[?2026l[?2026h[?25l[A[A[A[1Ggathering model components [K
copying file sha256:8875b53e09efb8221ff4f1c02a167e968d20c6331faa7c7206a5b57aa5316202 100% [K
parsing GGUF [K
verifying conversion ⠦ [K[?25h[?2026l[?2026h[?25l[A[A[A[1Ggathering model components [K
copying file sha256:8875b53e09efb8221ff4f1c02a167e968d20c6331faa7c7206a5b57aa5316202 100% [K
parsing GGUF [K
verifying conversion ⠧ [K[?25h[?2026l[?2026h[?25l[A[A[A[1Ggathering model components [K
copying file sha256:8875b53e09efb8221ff4f1c02a167e968d20c6331faa7c7206a5b57aa5316202 100% [K
parsing GGUF [K
verifying conversion ⠇ [K[?25h[?2026l[?2026h[?25l[A[A[A[1Ggathering model components [K
copying file sha256:8875b53e09efb8221ff4f1c02a167e968d20c6331faa7c7206a5b57aa5316202 100% [K
parsing GGUF [K
verifying conversion ⠏ [K[?25h[?2026l[?2026h[?25l[A[A[A[1Ggathering model components [K
copying file sha256:8875b53e09efb8221ff4f1c02a167e968d20c6331faa7c7206a5b57aa5316202 100% [K
parsing GGUF [K
verifying conversion ⠋ [K[?25h[?2026l[?2026h[?25l[A[A[A[1Ggathering model components [K
copying file sha256:8875b53e09efb8221ff4f1c02a167e968d20c6331faa7c7206a5b57aa5316202 100% [K
parsing GGUF [K
verifying conversion ⠙ [K[?25h[?2026l[?2026h[?25l[A[A[A[1Ggathering model components [K
copying file sha256:8875b53e09efb8221ff4f1c02a167e968d20c6331faa7c7206a5b57aa5316202 100% [K
parsing GGUF [K
verifying conversion ⠹ [K[?25h[?2026l[?2026h[?25l[A[A[A[1Ggathering model components [K
copying file sha256:8875b53e09efb8221ff4f1c02a167e968d20c6331faa7c7206a5b57aa5316202 100% [K
parsing GGUF [K
verifying conversion ⠸ [K[?25h[?2026l[?2026h[?25l[A[A[A[1Ggathering model components [K
copying file sha256:8875b53e09efb8221ff4f1c02a167e968d20c6331faa7c7206a5b57aa5316202 100% [K
parsing GGUF [K
verifying conversion ⠼ [K[?25h[?2026l[?2026h[?25l[A[A[A[1Ggathering model components [K
copying file sha256:8875b53e09efb8221ff4f1c02a167e968d20c6331faa7c7206a5b57aa5316202 100% [K
parsing GGUF [K
verifying conversion ⠴ [K[?25h[?2026l[?2026h[?25l[A[A[A[1Ggathering model components [K
copying file sha256:8875b53e09efb8221ff4f1c02a167e968d20c6331faa7c7206a5b57aa5316202 100% [K
parsing GGUF [K
verifying conversion ⠦ [K[?25h[?2026l[?2026h[?25l[A[A[A[1Ggathering model components [K
copying file sha256:8875b53e09efb8221ff4f1c02a167e968d20c6331faa7c7206a5b57aa5316202 100% [K
parsing GGUF [K
verifying conversion ⠧ [K[?25h[?2026l[?2026h[?25l[A[A[A[1Ggathering model components [K
copying file sha256:8875b53e09efb8221ff4f1c02a167e968d20c6331faa7c7206a5b57aa5316202 100% [K
parsing GGUF [K
verifying conversion ⠇ [K[?25h[?2026l[?2026h[?25l[A[A[A[1Ggathering model components [K
copying file sha256:8875b53e09efb8221ff4f1c02a167e968d20c6331faa7c7206a5b57aa5316202 100% [K
parsing GGUF [K
verifying conversion ⠏ [K[?25h[?2026l[?2026h[?25l[A[A[A[1Ggathering model components [K
copying file sha256:8875b53e09efb8221ff4f1c02a167e968d20c6331faa7c7206a5b57aa5316202 100% [K
parsing GGUF [K
verifying conversion ⠋ [K[?25h[?2026l[?2026h[?25l[A[A[A[1Ggathering model components [K
copying file sha256:8875b53e09efb8221ff4f1c02a167e968d20c6331faa7c7206a5b57aa5316202 100% [K
parsing GGUF [K
verifying conversion ⠙ [K[?25h[?2026l[?2026h[?25l[A[A[A[1Ggathering model components [K
copying file sha256:8875b53e09efb8221ff4f1c02a167e968d20c6331faa7c7206a5b57aa5316202 100% [K
parsing GGUF [K
verifying conversion ⠹ [K[?25h[?2026l[?2026h[?25l[A[A[A[1Ggathering model components [K
copying file sha256:8875b53e09efb8221ff4f1c02a167e968d20c6331faa7c7206a5b57aa5316202 100% [K
parsing GGUF [K
verifying conversion ⠸ [K[?25h[?2026l[?2026h[?25l[A[A[A[1Ggathering model components [K
copying file sha256:8875b53e09efb8221ff4f1c02a167e968d20c6331faa7c7206a5b57aa5316202 100% [K
parsing GGUF [K
verifying conversion ⠼ [K[?25h[?2026l[?2026h[?25l[A[A[A[1Ggathering model components [K
copying file sha256:8875b53e09efb8221ff4f1c02a167e968d20c6331faa7c7206a5b57aa5316202 100% [K
parsing GGUF [K
verifying conversion ⠴ [K[?25h[?2026l[?2026h[?25l[A[A[A[1Ggathering model components [K
copying file sha256:8875b53e09efb8221ff4f1c02a167e968d20c6331faa7c7206a5b57aa5316202 100% [K
parsing GGUF [K
verifying conversion ⠦ [K[?25h[?2026l[?2026h[?25l[A[A[A[1Ggathering model components [K
copying file sha256:8875b53e09efb8221ff4f1c02a167e968d20c6331faa7c7206a5b57aa5316202 100% [K
parsing GGUF [K
verifying conversion ⠧ [K[?25h[?2026l[?2026h[?25l[A[A[A[1Ggathering model components [K
copying file sha256:8875b53e09efb8221ff4f1c02a167e968d20c6331faa7c7206a5b57aa5316202 100% [K
parsing GGUF [K
verifying conversion ⠇ [K[?25h[?2026l[?2026h[?25l[A[A[A[1Ggathering model components [K
copying file sha256:8875b53e09efb8221ff4f1c02a167e968d20c6331faa7c7206a5b57aa5316202 100% [K
parsing GGUF [K
verifying conversion ⠏ [K[?25h[?2026l[?2026h[?25l[A[A[A[1Ggathering model components [K
copying file sha256:8875b53e09efb8221ff4f1c02a167e968d20c6331faa7c7206a5b57aa5316202 100% [K
parsing GGUF [K
verifying conversion ⠋ [K[?25h[?2026l[?2026h[?25l[A[A[A[1Ggathering model components [K
copying file sha256:8875b53e09efb8221ff4f1c02a167e968d20c6331faa7c7206a5b57aa5316202 100% [K
parsing GGUF [K
verifying conversion ⠙ [K[?25h[?2026l[?2026h[?25l[A[A[A[1Ggathering model components [K
copying file sha256:8875b53e09efb8221ff4f1c02a167e968d20c6331faa7c7206a5b57aa5316202 100% [K
parsing GGUF [K
verifying conversion ⠹ [K[?25h[?2026l[?2026h[?25l[A[A[A[1Ggathering model components [K
copying file sha256:8875b53e09efb8221ff4f1c02a167e968d20c6331faa7c7206a5b57aa5316202 100% [K
parsing GGUF [K
verifying conversion ⠸ [K[?25h[?2026l[?2026h[?25l[A[A[A[1Ggathering model components [K
copying file sha256:8875b53e09efb8221ff4f1c02a167e968d20c6331faa7c7206a5b57aa5316202 100% [K
parsing GGUF [K
verifying conversion ⠼ [K[?25h[?2026l[?2026h[?25l[A[A[A[1Ggathering model components [K
copying file sha256:8875b53e09efb8221ff4f1c02a167e968d20c6331faa7c7206a5b57aa5316202 100% [K
parsing GGUF [K
verifying conversion ⠴ [K[?25h[?2026l[?2026h[?25l[A[A[A[1Ggathering model components [K
copying file sha256:8875b53e09efb8221ff4f1c02a167e968d20c6331faa7c7206a5b57aa5316202 100% [K
parsing GGUF [K
verifying conversion ⠦ [K[?25h[?2026l[?2026h[?25l[A[A[A[1Ggathering model components [K
copying file sha256:8875b53e09efb8221ff4f1c02a167e968d20c6331faa7c7206a5b57aa5316202 100% [K
parsing GGUF [K
verifying conversion ⠧ [K[?25h[?2026l[?2026h[?25l[A[A[A[1Ggathering model components [K
copying file sha256:8875b53e09efb8221ff4f1c02a167e968d20c6331faa7c7206a5b57aa5316202 100% [K
parsing GGUF [K
verifying conversion ⠇ [K[?25h[?2026l[?2026h[?25l[A[A[A[1Ggathering model components [K
copying file sha256:8875b53e09efb8221ff4f1c02a167e968d20c6331faa7c7206a5b57aa5316202 100% [K
parsing GGUF [K
verifying conversion ⠏ [K[?25h[?2026l[?2026h[?25l[A[A[A[1Ggathering model components [K
copying file sha256:8875b53e09efb8221ff4f1c02a167e968d20c6331faa7c7206a5b57aa5316202 100% [K
parsing GGUF [K
verifying conversion ⠋ [K[?25h[?2026l[?2026h[?25l[A[A[A[1Ggathering model components [K
copying file sha256:8875b53e09efb8221ff4f1c02a167e968d20c6331faa7c7206a5b57aa5316202 100% [K
parsing GGUF [K
verifying conversion ⠙ [K[?25h[?2026l[?2026h[?25l[A[A[A[1Ggathering model components [K
copying file sha256:8875b53e09efb8221ff4f1c02a167e968d20c6331faa7c7206a5b57aa5316202 100% [K
parsing GGUF [K
verifying conversion ⠹ [K[?25h[?2026l[?2026h[?25l[A[A[A[1Ggathering model components [K
copying file sha256:8875b53e09efb8221ff4f1c02a167e968d20c6331faa7c7206a5b57aa5316202 100% [K
parsing GGUF [K
verifying conversion ⠸ [K[?25h[?2026l[?2026h[?25l[A[A[A[1Ggathering model components [K
copying file sha256:8875b53e09efb8221ff4f1c02a167e968d20c6331faa7c7206a5b57aa5316202 100% [K
parsing GGUF [K
verifying conversion ⠼ [K[?25h[?2026l[?2026h[?25l[A[A[A[1Ggathering model components [K
copying file sha256:8875b53e09efb8221ff4f1c02a167e968d20c6331faa7c7206a5b57aa5316202 100% [K
parsing GGUF [K
verifying conversion ⠴ [K[?25h[?2026l[?2026h[?25l[A[A[A[1Ggathering model components [K
copying file sha256:8875b53e09efb8221ff4f1c02a167e968d20c6331faa7c7206a5b57aa5316202 100% [K
parsing GGUF [K
verifying conversion ⠦ [K[?25h[?2026l[?2026h[?25l[A[A[A[1Ggathering model components [K
copying file sha256:8875b53e09efb8221ff4f1c02a167e968d20c6331faa7c7206a5b57aa5316202 100% [K
parsing GGUF [K
verifying conversion ⠧ [K[?25h[?2026l[?2026h[?25l[A[A[A[1Ggathering model components [K
copying file sha256:8875b53e09efb8221ff4f1c02a167e968d20c6331faa7c7206a5b57aa5316202 100% [K
parsing GGUF [K
verifying conversion ⠇ [K[?25h[?2026l[?2026h[?25l[A[A[A[1Ggathering model components [K
copying file sha256:8875b53e09efb8221ff4f1c02a167e968d20c6331faa7c7206a5b57aa5316202 100% [K
parsing GGUF [K
verifying conversion ⠏ [K[?25h[?2026l[?2026h[?25l[A[A[A[1Ggathering model components [K
copying file sha256:8875b53e09efb8221ff4f1c02a167e968d20c6331faa7c7206a5b57aa5316202 100% [K
parsing GGUF [K
verifying conversion ⠋ [K[?25h[?2026l[?2026h[?25l[A[A[A[1Ggathering model components [K
copying file sha256:8875b53e09efb8221ff4f1c02a167e968d20c6331faa7c7206a5b57aa5316202 100% [K
parsing GGUF [K
verifying conversion ⠙ [K[?25h[?2026l[?2026h[?25l[A[A[A[1Ggathering model components [K
copying file sha256:8875b53e09efb8221ff4f1c02a167e968d20c6331faa7c7206a5b57aa5316202 100% [K
parsing GGUF [K
verifying conversion ⠹ [K[?25h[?2026l[?2026h[?25l[A[A[A[1Ggathering model components [K
copying file sha256:8875b53e09efb8221ff4f1c02a167e968d20c6331faa7c7206a5b57aa5316202 100% [K
parsing GGUF [K
verifying conversion ⠸ [K[?25h[?2026l[?2026h[?25l[A[A[A[1Ggathering model components [K
copying file sha256:8875b53e09efb8221ff4f1c02a167e968d20c6331faa7c7206a5b57aa5316202 100% [K
parsing GGUF [K
verifying conversion ⠼ [K[?25h[?2026l[?2026h[?25l[A[A[A[1Ggathering model components [K
copying file sha256:8875b53e09efb8221ff4f1c02a167e968d20c6331faa7c7206a5b57aa5316202 100% [K
parsing GGUF [K
verifying conversion ⠴ [K[?25h[?2026l[?2026h[?25l[A[A[A[1Ggathering model components [K
copying file sha256:8875b53e09efb8221ff4f1c02a167e968d20c6331faa7c7206a5b57aa5316202 100% [K
parsing GGUF [K
verifying conversion ⠦ [K[?25h[?2026l[?2026h[?25l[A[A[A[1Ggathering model components [K
copying file sha256:8875b53e09efb8221ff4f1c02a167e968d20c6331faa7c7206a5b57aa5316202 100% [K
parsing GGUF [K
verifying conversion ⠧ [K[?25h[?2026l[?2026h[?25l[A[A[A[1Ggathering model components [K
copying file sha256:8875b53e09efb8221ff4f1c02a167e968d20c6331faa7c7206a5b57aa5316202 100% [K
parsing GGUF [K
verifying conversion ⠇ [K[?25h[?2026l[?2026h[?25l[A[A[A[1Ggathering model components [K
copying file sha256:8875b53e09efb8221ff4f1c02a167e968d20c6331faa7c7206a5b57aa5316202 100% [K
parsing GGUF [K
verifying conversion ⠏ [K[?25h[?2026l[?2026h[?25l[A[A[A[1Ggathering model components [K
copying file sha256:8875b53e09efb8221ff4f1c02a167e968d20c6331faa7c7206a5b57aa5316202 100% [K
parsing GGUF [K
verifying conversion ⠋ [K[?25h[?2026l[?2026h[?25l[A[A[A[1Ggathering model components [K
copying file sha256:8875b53e09efb8221ff4f1c02a167e968d20c6331faa7c7206a5b57aa5316202 100% [K
parsing GGUF [K
verifying conversion ⠙ [K[?25h[?2026l[?2026h[?25l[A[A[A[1Ggathering model components [K
copying file sha256:8875b53e09efb8221ff4f1c02a167e968d20c6331faa7c7206a5b57aa5316202 100% [K
parsing GGUF [K
verifying conversion ⠹ [K[?25h[?2026l[?2026h[?25l[A[A[A[1Ggathering model components [K
copying file sha256:8875b53e09efb8221ff4f1c02a167e968d20c6331faa7c7206a5b57aa5316202 100% [K
parsing GGUF [K
verifying conversion ⠸ [K[?25h[?2026l[?2026h[?25l[A[A[A[1Ggathering model components [K
copying file sha256:8875b53e09efb8221ff4f1c02a167e968d20c6331faa7c7206a5b57aa5316202 100% [K
parsing GGUF [K
verifying conversion ⠼ [K[?25h[?2026l[?2026h[?25l[A[A[A[1Ggathering model components [K
copying file sha256:8875b53e09efb8221ff4f1c02a167e968d20c6331faa7c7206a5b57aa5316202 100% [K
parsing GGUF [K
verifying conversion ⠴ [K[?25h[?2026l[?2026h[?25l[A[A[A[1Ggathering model components [K
copying file sha256:8875b53e09efb8221ff4f1c02a167e968d20c6331faa7c7206a5b57aa5316202 100% [K
parsing GGUF [K
verifying conversion ⠦ [K[?25h[?2026l[?2026h[?25l[A[A[A[1Ggathering model components [K
copying file sha256:8875b53e09efb8221ff4f1c02a167e968d20c6331faa7c7206a5b57aa5316202 100% [K
parsing GGUF [K
verifying conversion ⠧ [K[?25h[?2026l[?2026h[?25l[A[A[A[1Ggathering model components [K
copying file sha256:8875b53e09efb8221ff4f1c02a167e968d20c6331faa7c7206a5b57aa5316202 100% [K
parsing GGUF [K
verifying conversion ⠇ [K[?25h[?2026l[?2026h[?25l[A[A[A[1Ggathering model components [K
copying file sha256:8875b53e09efb8221ff4f1c02a167e968d20c6331faa7c7206a5b57aa5316202 100% [K
parsing GGUF [K
verifying conversion ⠏ [K[?25h[?2026l[?2026h[?25l[A[A[A[1Ggathering model components [K
copying file sha256:8875b53e09efb8221ff4f1c02a167e968d20c6331faa7c7206a5b57aa5316202 100% [K
parsing GGUF [K
verifying conversion ⠋ [K[?25h[?2026l[?2026h[?25l[A[A[A[1Ggathering model components [K
copying file sha256:8875b53e09efb8221ff4f1c02a167e968d20c6331faa7c7206a5b57aa5316202 100% [K
parsing GGUF [K
verifying conversion ⠙ [K[?25h[?2026l[?2026h[?25l[A[A[A[1Ggathering model components [K
copying file sha256:8875b53e09efb8221ff4f1c02a167e968d20c6331faa7c7206a5b57aa5316202 100% [K
parsing GGUF [K
verifying conversion ⠹ [K[?25h[?2026l[?2026h[?25l[A[A[A[1Ggathering model components [K
copying file sha256:8875b53e09efb8221ff4f1c02a167e968d20c6331faa7c7206a5b57aa5316202 100% [K
parsing GGUF [K
verifying conversion ⠸ [K[?25h[?2026l[?2026h[?25l[A[A[A[1Ggathering model components [K
copying file sha256:8875b53e09efb8221ff4f1c02a167e968d20c6331faa7c7206a5b57aa5316202 100% [K
parsing GGUF [K
verifying conversion ⠼ [K[?25h[?2026l[?2026h[?25l[A[A[A[1Ggathering model components [K
copying file sha256:8875b53e09efb8221ff4f1c02a167e968d20c6331faa7c7206a5b57aa5316202 100% [K
parsing GGUF [K
verifying conversion ⠴ [K[?25h[?2026l[?2026h[?25l[A[A[A[1Ggathering model components [K
copying file sha256:8875b53e09efb8221ff4f1c02a167e968d20c6331faa7c7206a5b57aa5316202 100% [K
parsing GGUF [K
verifying conversion ⠦ [K[?25h[?2026l[?2026h[?25l[A[A[A[1Ggathering model components [K
copying file sha256:8875b53e09efb8221ff4f1c02a167e968d20c6331faa7c7206a5b57aa5316202 100% [K
parsing GGUF [K
verifying conversion ⠧ [K[?25h[?2026l[?2026h[?25l[A[A[A[1Ggathering model components [K
copying file sha256:8875b53e09efb8221ff4f1c02a167e968d20c6331faa7c7206a5b57aa5316202 100% [K
parsing GGUF [K
verifying conversion ⠇ [K[?25h[?2026l[?2026h[?25l[A[A[A[1Ggathering model components [K
copying file sha256:8875b53e09efb8221ff4f1c02a167e968d20c6331faa7c7206a5b57aa5316202 100% [K
parsing GGUF [K
verifying conversion ⠏ [K[?25h[?2026l[?2026h[?25l[A[A[A[1Ggathering model components [K
copying file sha256:8875b53e09efb8221ff4f1c02a167e968d20c6331faa7c7206a5b57aa5316202 100% [K
parsing GGUF [K
verifying conversion ⠋ [K[?25h[?2026l[?2026h[?25l[A[A[A[1Ggathering model components [K
copying file sha256:8875b53e09efb8221ff4f1c02a167e968d20c6331faa7c7206a5b57aa5316202 100% [K
parsing GGUF [K
verifying conversion ⠙ [K[?25h[?2026l[?2026h[?25l[A[A[A[1Ggathering model components [K
copying file sha256:8875b53e09efb8221ff4f1c02a167e968d20c6331faa7c7206a5b57aa5316202 100% [K
parsing GGUF [K
verifying conversion ⠹ [K[?25h[?2026l[?2026h[?25l[A[A[A[1Ggathering model components [K
copying file sha256:8875b53e09efb8221ff4f1c02a167e968d20c6331faa7c7206a5b57aa5316202 100% [K
parsing GGUF [K
verifying conversion ⠸ [K[?25h[?2026l[?2026h[?25l[A[A[A[1Ggathering model components [K
copying file sha256:8875b53e09efb8221ff4f1c02a167e968d20c6331faa7c7206a5b57aa5316202 100% [K
parsing GGUF [K
verifying conversion ⠼ [K[?25h[?2026l[?2026h[?25l[A[A[A[1Ggathering model components [K
copying file sha256:8875b53e09efb8221ff4f1c02a167e968d20c6331faa7c7206a5b57aa5316202 100% [K
parsing GGUF [K
verifying conversion ⠴ [K[?25h[?2026l[?2026h[?25l[A[A[A[1Ggathering model components [K
copying file sha256:8875b53e09efb8221ff4f1c02a167e968d20c6331faa7c7206a5b57aa5316202 100% [K
parsing GGUF [K
verifying conversion ⠦ [K[?25h[?2026l[?2026h[?25l[A[A[A[1Ggathering model components [K
copying file sha256:8875b53e09efb8221ff4f1c02a167e968d20c6331faa7c7206a5b57aa5316202 100% [K
parsing GGUF [K
verifying conversion ⠧ [K[?25h[?2026l[?2026h[?25l[A[A[A[1Ggathering model components [K
copying file sha256:8875b53e09efb8221ff4f1c02a167e968d20c6331faa7c7206a5b57aa5316202 100% [K
parsing GGUF [K
verifying conversion ⠇ [K[?25h[?2026l[?2026h[?25l[A[A[A[1Ggathering model components [K
copying file sha256:8875b53e09efb8221ff4f1c02a167e968d20c6331faa7c7206a5b57aa5316202 100% [K
parsing GGUF [K
verifying conversion ⠏ [K[?25h[?2026l[?2026h[?25l[A[A[A[1Ggathering model components [K
copying file sha256:8875b53e09efb8221ff4f1c02a167e968d20c6331faa7c7206a5b57aa5316202 100% [K
parsing GGUF [K
verifying conversion ⠋ [K[?25h[?2026l[?2026h[?25l[A[A[A[1Ggathering model components [K
copying file sha256:8875b53e09efb8221ff4f1c02a167e968d20c6331faa7c7206a5b57aa5316202 100% [K
parsing GGUF [K
verifying conversion ⠙ [K[?25h[?2026l[?2026h[?25l[A[A[A[1Ggathering model components [K
copying file sha256:8875b53e09efb8221ff4f1c02a167e968d20c6331faa7c7206a5b57aa5316202 100% [K
parsing GGUF [K
verifying conversion ⠹ [K[?25h[?2026l[?2026h[?25l[A[A[A[1Ggathering model components [K
copying file sha256:8875b53e09efb8221ff4f1c02a167e968d20c6331faa7c7206a5b57aa5316202 100% [K
parsing GGUF [K
verifying conversion ⠸ [K[?25h[?2026l[?2026h[?25l[A[A[A[1Ggathering model components [K
copying file sha256:8875b53e09efb8221ff4f1c02a167e968d20c6331faa7c7206a5b57aa5316202 100% [K
parsing GGUF [K
verifying conversion ⠼ [K[?25h[?2026l[?2026h[?25l[A[A[A[1Ggathering model components [K
copying file sha256:8875b53e09efb8221ff4f1c02a167e968d20c6331faa7c7206a5b57aa5316202 100% [K
parsing GGUF [K
verifying conversion ⠴ [K[?25h[?2026l[?2026h[?25l[A[A[A[1Ggathering model components [K
copying file sha256:8875b53e09efb8221ff4f1c02a167e968d20c6331faa7c7206a5b57aa5316202 100% [K
parsing GGUF [K
verifying conversion ⠦ [K[?25h[?2026l[?2026h[?25l[A[A[A[1Ggathering model components [K
copying file sha256:8875b53e09efb8221ff4f1c02a167e968d20c6331faa7c7206a5b57aa5316202 100% [K
parsing GGUF [K
verifying conversion ⠧ [K[?25h[?2026l[?2026h[?25l[A[A[A[1Ggathering model components [K
copying file sha256:8875b53e09efb8221ff4f1c02a167e968d20c6331faa7c7206a5b57aa5316202 100% [K
parsing GGUF [K
verifying conversion ⠇ [K[?25h[?2026l[?2026h[?25l[A[A[A[1Ggathering model components [K
copying file sha256:8875b53e09efb8221ff4f1c02a167e968d20c6331faa7c7206a5b57aa5316202 100% [K
parsing GGUF [K
verifying conversion ⠏ [K[?25h[?2026l[?2026h[?25l[A[A[A[1Ggathering model components [K
copying file sha256:8875b53e09efb8221ff4f1c02a167e968d20c6331faa7c7206a5b57aa5316202 100% [K
parsing GGUF [K
verifying conversion ⠋ [K[?25h[?2026l[?2026h[?25l[A[A[A[1Ggathering model components [K
copying file sha256:8875b53e09efb8221ff4f1c02a167e968d20c6331faa7c7206a5b57aa5316202 100% [K
parsing GGUF [K
verifying conversion ⠙ [K[?25h[?2026l[?2026h[?25l[A[A[A[1Ggathering model components [K
copying file sha256:8875b53e09efb8221ff4f1c02a167e968d20c6331faa7c7206a5b57aa5316202 100% [K
parsing GGUF [K
verifying conversion ⠹ [K[?25h[?2026l[?2026h[?25l[A[A[A[1Ggathering model components [K
copying file sha256:8875b53e09efb8221ff4f1c02a167e968d20c6331faa7c7206a5b57aa5316202 100% [K
parsing GGUF [K
verifying conversion ⠸ [K[?25h[?2026l[?2026h[?25l[A[A[A[1Ggathering model components [K
copying file sha256:8875b53e09efb8221ff4f1c02a167e968d20c6331faa7c7206a5b57aa5316202 100% [K
parsing GGUF [K
verifying conversion ⠼ [K[?25h[?2026l[?2026h[?25l[A[A[A[1Ggathering model components [K
copying file sha256:8875b53e09efb8221ff4f1c02a167e968d20c6331faa7c7206a5b57aa5316202 100% [K
parsing GGUF [K
verifying conversion ⠴ [K[?25h[?2026l[?2026h[?25l[A[A[A[1Ggathering model components [K
copying file sha256:8875b53e09efb8221ff4f1c02a167e968d20c6331faa7c7206a5b57aa5316202 100% [K
parsing GGUF [K
verifying conversion ⠦ [K[?25h[?2026l[?2026h[?25l[A[A[A[1Ggathering model components [K
copying file sha256:8875b53e09efb8221ff4f1c02a167e968d20c6331faa7c7206a5b57aa5316202 100% [K
parsing GGUF [K
verifying conversion ⠧ [K[?25h[?2026l[?2026h[?25l[A[A[A[1Ggathering model components [K
copying file sha256:8875b53e09efb8221ff4f1c02a167e968d20c6331faa7c7206a5b57aa5316202 100% [K
parsing GGUF [K
verifying conversion ⠇ [K[?25h[?2026l[?2026h[?25l[A[A[A[1Ggathering model components [K
copying file sha256:8875b53e09efb8221ff4f1c02a167e968d20c6331faa7c7206a5b57aa5316202 100% [K
parsing GGUF [K
verifying conversion ⠏ [K[?25h[?2026l[?2026h[?25l[A[A[A[1Ggathering model components [K
copying file sha256:8875b53e09efb8221ff4f1c02a167e968d20c6331faa7c7206a5b57aa5316202 100% [K
parsing GGUF [K
verifying conversion ⠋ [K[?25h[?2026l[?2026h[?25l[A[A[A[1Ggathering model components [K
copying file sha256:8875b53e09efb8221ff4f1c02a167e968d20c6331faa7c7206a5b57aa5316202 100% [K
parsing GGUF [K
verifying conversion ⠙ [K[?25h[?2026l[?2026h[?25l[A[A[A[1Ggathering model components [K
copying file sha256:8875b53e09efb8221ff4f1c02a167e968d20c6331faa7c7206a5b57aa5316202 100% [K
parsing GGUF [K
verifying conversion ⠹ [K[?25h[?2026l[?2026h[?25l[A[A[A[1Ggathering model components [K
copying file sha256:8875b53e09efb8221ff4f1c02a167e968d20c6331faa7c7206a5b57aa5316202 100% [K
parsing GGUF [K
verifying conversion ⠸ [K[?25h[?2026l[?2026h[?25l[A[A[A[1Ggathering model components [K
copying file sha256:8875b53e09efb8221ff4f1c02a167e968d20c6331faa7c7206a5b57aa5316202 100% [K
parsing GGUF [K
verifying conversion ⠼ [K[?25h[?2026l[?2026h[?25l[A[A[A[1Ggathering model components [K
copying file sha256:8875b53e09efb8221ff4f1c02a167e968d20c6331faa7c7206a5b57aa5316202 100% [K
parsing GGUF [K
verifying conversion ⠴ [K[?25h[?2026l[?2026h[?25l[A[A[A[1Ggathering model components [K
copying file sha256:8875b53e09efb8221ff4f1c02a167e968d20c6331faa7c7206a5b57aa5316202 100% [K
parsing GGUF [K
verifying conversion ⠦ [K[?25h[?2026l[?2026h[?25l[A[A[A[1Ggathering model components [K
copying file sha256:8875b53e09efb8221ff4f1c02a167e968d20c6331faa7c7206a5b57aa5316202 100% [K
parsing GGUF [K
verifying conversion ⠧ [K[?25h[?2026l[?2026h[?25l[A[A[A[1Ggathering model components [K
copying file sha256:8875b53e09efb8221ff4f1c02a167e968d20c6331faa7c7206a5b57aa5316202 100% [K
parsing GGUF [K
verifying conversion ⠇ [K[?25h[?2026l[?2026h[?25l[A[A[A[1Ggathering model components [K
copying file sha256:8875b53e09efb8221ff4f1c02a167e968d20c6331faa7c7206a5b57aa5316202 100% [K
parsing GGUF [K
verifying conversion ⠏ [K[?25h[?2026l[?2026h[?25l[A[A[A[1Ggathering model components [K
copying file sha256:8875b53e09efb8221ff4f1c02a167e968d20c6331faa7c7206a5b57aa5316202 100% [K
parsing GGUF [K
verifying conversion ⠋ [K[?25h[?2026l[?2026h[?25l[A[A[A[1Ggathering model components [K
copying file sha256:8875b53e09efb8221ff4f1c02a167e968d20c6331faa7c7206a5b57aa5316202 100% [K
parsing GGUF [K
verifying conversion ⠙ [K[?25h[?2026l[?2026h[?25l[A[A[A[1Ggathering model components [K
copying file sha256:8875b53e09efb8221ff4f1c02a167e968d20c6331faa7c7206a5b57aa5316202 100% [K
parsing GGUF [K
verifying conversion ⠹ [K[?25h[?2026l[?2026h[?25l[A[A[A[1Ggathering model components [K
copying file sha256:8875b53e09efb8221ff4f1c02a167e968d20c6331faa7c7206a5b57aa5316202 100% [K
parsing GGUF [K
verifying conversion ⠸ [K[?25h[?2026l[?2026h[?25l[A[A[A[1Ggathering model components [K
copying file sha256:8875b53e09efb8221ff4f1c02a167e968d20c6331faa7c7206a5b57aa5316202 100% [K
parsing GGUF [K
verifying conversion ⠼ [K[?25h[?2026l[?2026h[?25l[A[A[A[1Ggathering model components [K
copying file sha256:8875b53e09efb8221ff4f1c02a167e968d20c6331faa7c7206a5b57aa5316202 100% [K
parsing GGUF [K
verifying conversion ⠴ [K[?25h[?2026l[?2026h[?25l[A[A[A[1Ggathering model components [K
copying file sha256:8875b53e09efb8221ff4f1c02a167e968d20c6331faa7c7206a5b57aa5316202 100% [K
parsing GGUF [K
verifying conversion ⠦ [K[?25h[?2026l[?2026h[?25l[A[A[A[1Ggathering model components [K
copying file sha256:8875b53e09efb8221ff4f1c02a167e968d20c6331faa7c7206a5b57aa5316202 100% [K
parsing GGUF [K
verifying conversion ⠧ [K[?25h[?2026l[?2026h[?25l[A[A[A[1Ggathering model components [K
copying file sha256:8875b53e09efb8221ff4f1c02a167e968d20c6331faa7c7206a5b57aa5316202 100% [K
parsing GGUF [K
verifying conversion ⠇ [K[?25h[?2026l[?2026h[?25l[A[A[A[1Ggathering model components [K
copying file sha256:8875b53e09efb8221ff4f1c02a167e968d20c6331faa7c7206a5b57aa5316202 100% [K
parsing GGUF [K
verifying conversion ⠏ [K[?25h[?2026l[?2026h[?25l[A[A[A[1Ggathering model components [K
copying file sha256:8875b53e09efb8221ff4f1c02a167e968d20c6331faa7c7206a5b57aa5316202 100% [K
parsing GGUF [K
verifying conversion ⠋ [K[?25h[?2026l[?2026h[?25l[A[A[A[1Ggathering model components [K
copying file sha256:8875b53e09efb8221ff4f1c02a167e968d20c6331faa7c7206a5b57aa5316202 100% [K
parsing GGUF [K
verifying conversion ⠙ [K[?25h[?2026l[?2026h[?25l[A[A[A[1Ggathering model components [K
copying file sha256:8875b53e09efb8221ff4f1c02a167e968d20c6331faa7c7206a5b57aa5316202 100% [K
parsing GGUF [K
verifying conversion ⠹ [K[?25h[?2026l[?2026h[?25l[A[A[A[1Ggathering model components [K
copying file sha256:8875b53e09efb8221ff4f1c02a167e968d20c6331faa7c7206a5b57aa5316202 100% [K
parsing GGUF [K
verifying conversion ⠸ [K[?25h[?2026l[?2026h[?25l[A[A[A[1Ggathering model components [K
copying file sha256:8875b53e09efb8221ff4f1c02a167e968d20c6331faa7c7206a5b57aa5316202 100% [K
parsing GGUF [K
verifying conversion ⠼ [K[?25h[?2026l[?2026h[?25l[A[A[A[1Ggathering model components [K
copying file sha256:8875b53e09efb8221ff4f1c02a167e968d20c6331faa7c7206a5b57aa5316202 100% [K
parsing GGUF [K
verifying conversion ⠴ [K[?25h[?2026l[?2026h[?25l[A[A[A[1Ggathering model components [K
copying file sha256:8875b53e09efb8221ff4f1c02a167e968d20c6331faa7c7206a5b57aa5316202 100% [K
parsing GGUF [K
verifying conversion ⠦ [K[?25h[?2026l[?2026h[?25l[A[A[A[1Ggathering model components [K
copying file sha256:8875b53e09efb8221ff4f1c02a167e968d20c6331faa7c7206a5b57aa5316202 100% [K
parsing GGUF [K
verifying conversion ⠧ [K[?25h[?2026l[?2026h[?25l[A[A[A[1Ggathering model components [K
copying file sha256:8875b53e09efb8221ff4f1c02a167e968d20c6331faa7c7206a5b57aa5316202 100% [K
parsing GGUF [K
verifying conversion ⠇ [K[?25h[?2026l[?2026h[?25l[A[A[A[1Ggathering model components [K
copying file sha256:8875b53e09efb8221ff4f1c02a167e968d20c6331faa7c7206a5b57aa5316202 100% [K
parsing GGUF [K
verifying conversion ⠏ [K[?25h[?2026l[?2026h[?25l[A[A[A[1Ggathering model components [K
copying file sha256:8875b53e09efb8221ff4f1c02a167e968d20c6331faa7c7206a5b57aa5316202 100% [K
parsing GGUF [K
verifying conversion ⠋ [K[?25h[?2026l[?2026h[?25l[A[A[A[1Ggathering model components [K
copying file sha256:8875b53e09efb8221ff4f1c02a167e968d20c6331faa7c7206a5b57aa5316202 100% [K
parsing GGUF [K
verifying conversion ⠙ [K[?25h[?2026l[?2026h[?25l[A[A[A[1Ggathering model components [K
copying file sha256:8875b53e09efb8221ff4f1c02a167e968d20c6331faa7c7206a5b57aa5316202 100% [K
parsing GGUF [K
verifying conversion ⠹ [K[?25h[?2026l[?2026h[?25l[A[A[A[1Ggathering model components [K
copying file sha256:8875b53e09efb8221ff4f1c02a167e968d20c6331faa7c7206a5b57aa5316202 100% [K
parsing GGUF [K
verifying conversion ⠸ [K[?25h[?2026l[?2026h[?25l[A[A[A[1Ggathering model components [K
copying file sha256:8875b53e09efb8221ff4f1c02a167e968d20c6331faa7c7206a5b57aa5316202 100% [K
parsing GGUF [K
verifying conversion ⠼ [K[?25h[?2026l[?2026h[?25l[A[A[A[1Ggathering model components [K
copying file sha256:8875b53e09efb8221ff4f1c02a167e968d20c6331faa7c7206a5b57aa5316202 100% [K
parsing GGUF [K
verifying conversion ⠴ [K[?25h[?2026l[?2026h[?25l[A[A[A[1Ggathering model components [K
copying file sha256:8875b53e09efb8221ff4f1c02a167e968d20c6331faa7c7206a5b57aa5316202 100% [K
parsing GGUF [K
verifying conversion ⠦ [K[?25h[?2026l[?2026h[?25l[A[A[A[1Ggathering model components [K
copying file sha256:8875b53e09efb8221ff4f1c02a167e968d20c6331faa7c7206a5b57aa5316202 100% [K
parsing GGUF [K
verifying conversion ⠧ [K[?25h[?2026l[?2026h[?25l[A[A[A[1Ggathering model components [K
copying file sha256:8875b53e09efb8221ff4f1c02a167e968d20c6331faa7c7206a5b57aa5316202 100% [K
parsing GGUF [K
verifying conversion ⠇ [K[?25h[?2026l[?2026h[?25l[A[A[A[1Ggathering model components [K
copying file sha256:8875b53e09efb8221ff4f1c02a167e968d20c6331faa7c7206a5b57aa5316202 100% [K
parsing GGUF [K
verifying conversion ⠏ [K[?25h[?2026l[?2026h[?25l[A[A[A[1Ggathering model components [K
copying file sha256:8875b53e09efb8221ff4f1c02a167e968d20c6331faa7c7206a5b57aa5316202 100% [K
parsing GGUF [K
verifying conversion ⠋ [K[?25h[?2026l[?2026h[?25l[A[A[A[1Ggathering model components [K
copying file sha256:8875b53e09efb8221ff4f1c02a167e968d20c6331faa7c7206a5b57aa5316202 100% [K
parsing GGUF [K
verifying conversion ⠙ [K[?25h[?2026l[?2026h[?25l[A[A[A[1Ggathering model components [K
copying file sha256:8875b53e09efb8221ff4f1c02a167e968d20c6331faa7c7206a5b57aa5316202 100% [K
parsing GGUF [K
verifying conversion ⠹ [K[?25h[?2026l[?2026h[?25l[A[A[A[1Ggathering model components [K
copying file sha256:8875b53e09efb8221ff4f1c02a167e968d20c6331faa7c7206a5b57aa5316202 100% [K
parsing GGUF [K
verifying conversion ⠸ [K[?25h[?2026l[?2026h[?25l[A[A[A[1Ggathering model components [K
copying file sha256:8875b53e09efb8221ff4f1c02a167e968d20c6331faa7c7206a5b57aa5316202 100% [K
parsing GGUF [K
verifying conversion ⠼ [K[?25h[?2026l[?2026h[?25l[A[A[A[1Ggathering model components [K
copying file sha256:8875b53e09efb8221ff4f1c02a167e968d20c6331faa7c7206a5b57aa5316202 100% [K
parsing GGUF [K
verifying conversion ⠴ [K[?25h[?2026l[?2026h[?25l[A[A[A[1Ggathering model components [K
copying file sha256:8875b53e09efb8221ff4f1c02a167e968d20c6331faa7c7206a5b57aa5316202 100% [K
parsing GGUF [K
verifying conversion ⠦ [K[?25h[?2026l[?2026h[?25l[A[A[A[1Ggathering model components [K
copying file sha256:8875b53e09efb8221ff4f1c02a167e968d20c6331faa7c7206a5b57aa5316202 100% [K
parsing GGUF [K
verifying conversion ⠧ [K[?25h[?2026l[?2026h[?25l[A[A[A[1Ggathering model components [K
copying file sha256:8875b53e09efb8221ff4f1c02a167e968d20c6331faa7c7206a5b57aa5316202 100% [K
parsing GGUF [K
verifying conversion ⠇ [K[?25h[?2026l[?2026h[?25l[A[A[A[1Ggathering model components [K
copying file sha256:8875b53e09efb8221ff4f1c02a167e968d20c6331faa7c7206a5b57aa5316202 100% [K
parsing GGUF [K
verifying conversion ⠏ [K[?25h[?2026l[?2026h[?25l[A[A[A[1Ggathering model components [K
copying file sha256:8875b53e09efb8221ff4f1c02a167e968d20c6331faa7c7206a5b57aa5316202 100% [K
parsing GGUF [K
verifying conversion ⠋ [K[?25h[?2026l[?2026h[?25l[A[A[A[1Ggathering model components [K
copying file sha256:8875b53e09efb8221ff4f1c02a167e968d20c6331faa7c7206a5b57aa5316202 100% [K
parsing GGUF [K
verifying conversion ⠙ [K[?25h[?2026l[?2026h[?25l[A[A[A[1Ggathering model components [K
copying file sha256:8875b53e09efb8221ff4f1c02a167e968d20c6331faa7c7206a5b57aa5316202 100% [K
parsing GGUF [K
verifying conversion ⠹ [K[?25h[?2026l[?2026h[?25l[A[A[A[1Ggathering model components [K
copying file sha256:8875b53e09efb8221ff4f1c02a167e968d20c6331faa7c7206a5b57aa5316202 100% [K
parsing GGUF [K
verifying conversion ⠸ [K[?25h[?2026l[?2026h[?25l[A[A[A[1Ggathering model components [K
copying file sha256:8875b53e09efb8221ff4f1c02a167e968d20c6331faa7c7206a5b57aa5316202 100% [K
parsing GGUF [K
verifying conversion ⠼ [K[?25h[?2026l[?2026h[?25l[A[A[A[1Ggathering model components [K
copying file sha256:8875b53e09efb8221ff4f1c02a167e968d20c6331faa7c7206a5b57aa5316202 100% [K
parsing GGUF [K
verifying conversion ⠴ [K[?25h[?2026l[?2026h[?25l[A[A[A[1Ggathering model components [K
copying file sha256:8875b53e09efb8221ff4f1c02a167e968d20c6331faa7c7206a5b57aa5316202 100% [K
parsing GGUF [K
verifying conversion ⠦ [K[?25h[?2026l[?2026h[?25l[A[A[A[1Ggathering model components [K
copying file sha256:8875b53e09efb8221ff4f1c02a167e968d20c6331faa7c7206a5b57aa5316202 100% [K
parsing GGUF [K
verifying conversion ⠧ [K[?25h[?2026l[?2026h[?25l[A[A[A[1Ggathering model components [K
copying file sha256:8875b53e09efb8221ff4f1c02a167e968d20c6331faa7c7206a5b57aa5316202 100% [K
parsing GGUF [K
verifying conversion ⠇ [K[?25h[?2026l[?2026h[?25l[A[A[A[1Ggathering model components [K
copying file sha256:8875b53e09efb8221ff4f1c02a167e968d20c6331faa7c7206a5b57aa5316202 100% [K
parsing GGUF [K
verifying conversion ⠏ [K[?25h[?2026l[?2026h[?25l[A[A[A[1Ggathering model components [K
copying file sha256:8875b53e09efb8221ff4f1c02a167e968d20c6331faa7c7206a5b57aa5316202 100% [K
parsing GGUF [K
verifying conversion ⠋ [K[?25h[?2026l[?2026h[?25l[A[A[A[1Ggathering model components [K
copying file sha256:8875b53e09efb8221ff4f1c02a167e968d20c6331faa7c7206a5b57aa5316202 100% [K
parsing GGUF [K
verifying conversion ⠙ [K[?25h[?2026l[?2026h[?25l[A[A[A[1Ggathering model components [K
copying file sha256:8875b53e09efb8221ff4f1c02a167e968d20c6331faa7c7206a5b57aa5316202 100% [K
parsing GGUF [K
verifying conversion ⠹ [K[?25h[?2026l[?2026h[?25l[A[A[A[1Ggathering model components [K
copying file sha256:8875b53e09efb8221ff4f1c02a167e968d20c6331faa7c7206a5b57aa5316202 100% [K
parsing GGUF [K
verifying conversion ⠸ [K[?25h[?2026l[?2026h[?25l[A[A[A[1Ggathering model components [K
copying file sha256:8875b53e09efb8221ff4f1c02a167e968d20c6331faa7c7206a5b57aa5316202 100% [K
parsing GGUF [K
verifying conversion ⠼ [K[?25h[?2026l[?2026h[?25l[A[A[A[1Ggathering model components [K
copying file sha256:8875b53e09efb8221ff4f1c02a167e968d20c6331faa7c7206a5b57aa5316202 100% [K
parsing GGUF [K
verifying conversion ⠴ [K[?25h[?2026l[?2026h[?25l[A[A[A[1Ggathering model components [K
copying file sha256:8875b53e09efb8221ff4f1c02a167e968d20c6331faa7c7206a5b57aa5316202 100% [K
parsing GGUF [K
verifying conversion ⠦ [K[?25h[?2026l[?2026h[?25l[A[A[A[1Ggathering model components [K
copying file sha256:8875b53e09efb8221ff4f1c02a167e968d20c6331faa7c7206a5b57aa5316202 100% [K
parsing GGUF [K
verifying conversion ⠧ [K[?25h[?2026l[?2026h[?25l[A[A[A[1Ggathering model components [K
copying file sha256:8875b53e09efb8221ff4f1c02a167e968d20c6331faa7c7206a5b57aa5316202 100% [K
parsing GGUF [K
verifying conversion ⠇ [K[?25h[?2026l[?2026h[?25l[A[A[A[1Ggathering model components [K
copying file sha256:8875b53e09efb8221ff4f1c02a167e968d20c6331faa7c7206a5b57aa5316202 100% [K
parsing GGUF [K
verifying conversion ⠏ [K[?25h[?2026l[?2026h[?25l[A[A[A[1Ggathering model components [K
copying file sha256:8875b53e09efb8221ff4f1c02a167e968d20c6331faa7c7206a5b57aa5316202 100% [K
parsing GGUF [K
verifying conversion ⠋ [K[?25h[?2026l[?2026h[?25l[A[A[A[1Ggathering model components [K
copying file sha256:8875b53e09efb8221ff4f1c02a167e968d20c6331faa7c7206a5b57aa5316202 100% [K
parsing GGUF [K
verifying conversion ⠙ [K[?25h[?2026l[?2026h[?25l[A[A[A[1Ggathering model components [K
copying file sha256:8875b53e09efb8221ff4f1c02a167e968d20c6331faa7c7206a5b57aa5316202 100% [K
parsing GGUF [K
verifying conversion ⠹ [K[?25h[?2026l[?2026h[?25l[A[A[A[1Ggathering model components [K
copying file sha256:8875b53e09efb8221ff4f1c02a167e968d20c6331faa7c7206a5b57aa5316202 100% [K
parsing GGUF [K
verifying conversion ⠸ [K[?25h[?2026l[?2026h[?25l[A[A[A[1Ggathering model components [K
copying file sha256:8875b53e09efb8221ff4f1c02a167e968d20c6331faa7c7206a5b57aa5316202 100% [K
parsing GGUF [K
verifying conversion ⠼ [K[?25h[?2026l[?2026h[?25l[A[A[A[1Ggathering model components [K
copying file sha256:8875b53e09efb8221ff4f1c02a167e968d20c6331faa7c7206a5b57aa5316202 100% [K
parsing GGUF [K
verifying conversion ⠴ [K[?25h[?2026l[?2026h[?25l[A[A[A[1Ggathering model components [K
copying file sha256:8875b53e09efb8221ff4f1c02a167e968d20c6331faa7c7206a5b57aa5316202 100% [K
parsing GGUF [K
verifying conversion ⠦ [K[?25h[?2026l[?2026h[?25l[A[A[A[1Ggathering model components [K
copying file sha256:8875b53e09efb8221ff4f1c02a167e968d20c6331faa7c7206a5b57aa5316202 100% [K
parsing GGUF [K
verifying conversion ⠧ [K[?25h[?2026l[?2026h[?25l[A[A[A[1Ggathering model components [K
copying file sha256:8875b53e09efb8221ff4f1c02a167e968d20c6331faa7c7206a5b57aa5316202 100% [K
parsing GGUF [K
verifying conversion ⠇ [K[?25h[?2026l[?2026h[?25l[A[A[A[1Ggathering model components [K
copying file sha256:8875b53e09efb8221ff4f1c02a167e968d20c6331faa7c7206a5b57aa5316202 100% [K
parsing GGUF [K
verifying conversion ⠏ [K[?25h[?2026l[?2026h[?25l[A[A[A[1Ggathering model components [K
copying file sha256:8875b53e09efb8221ff4f1c02a167e968d20c6331faa7c7206a5b57aa5316202 100% [K
parsing GGUF [K
verifying conversion ⠋ [K[?25h[?2026l[?2026h[?25l[A[A[A[1Ggathering model components [K
copying file sha256:8875b53e09efb8221ff4f1c02a167e968d20c6331faa7c7206a5b57aa5316202 100% [K
parsing GGUF [K
verifying conversion ⠙ [K[?25h[?2026l[?2026h[?25l[A[A[A[1Ggathering model components [K
copying file sha256:8875b53e09efb8221ff4f1c02a167e968d20c6331faa7c7206a5b57aa5316202 100% [K
parsing GGUF [K
verifying conversion ⠹ [K[?25h[?2026l[?2026h[?25l[A[A[A[1Ggathering model components [K
copying file sha256:8875b53e09efb8221ff4f1c02a167e968d20c6331faa7c7206a5b57aa5316202 100% [K
parsing GGUF [K
verifying conversion ⠸ [K[?25h[?2026l[?2026h[?25l[A[A[A[1Ggathering model components [K
copying file sha256:8875b53e09efb8221ff4f1c02a167e968d20c6331faa7c7206a5b57aa5316202 100% [K
parsing GGUF [K
verifying conversion ⠼ [K[?25h[?2026l[?2026h[?25l[A[A[A[1Ggathering model components [K
copying file sha256:8875b53e09efb8221ff4f1c02a167e968d20c6331faa7c7206a5b57aa5316202 100% [K
parsing GGUF [K
verifying conversion ⠴ [K[?25h[?2026l[?2026h[?25l[A[A[A[1Ggathering model components [K
copying file sha256:8875b53e09efb8221ff4f1c02a167e968d20c6331faa7c7206a5b57aa5316202 100% [K
parsing GGUF [K
verifying conversion ⠦ [K[?25h[?2026l[?2026h[?25l[A[A[A[1Ggathering model components [K
copying file sha256:8875b53e09efb8221ff4f1c02a167e968d20c6331faa7c7206a5b57aa5316202 100% [K
parsing GGUF [K
verifying conversion ⠧ [K[?25h[?2026l[?2026h[?25l[A[A[A[1Ggathering model components [K
copying file sha256:8875b53e09efb8221ff4f1c02a167e968d20c6331faa7c7206a5b57aa5316202 100% [K
parsing GGUF [K
verifying conversion ⠇ [K[?25h[?2026l[?2026h[?25l[A[A[A[1Ggathering model components [K
copying file sha256:8875b53e09efb8221ff4f1c02a167e968d20c6331faa7c7206a5b57aa5316202 100% [K
parsing GGUF [K
verifying conversion ⠏ [K[?25h[?2026l[?2026h[?25l[A[A[A[1Ggathering model components [K
copying file sha256:8875b53e09efb8221ff4f1c02a167e968d20c6331faa7c7206a5b57aa5316202 100% [K
parsing GGUF [K
verifying conversion ⠋ [K[?25h[?2026l[?2026h[?25l[A[A[A[1Ggathering model components [K
copying file sha256:8875b53e09efb8221ff4f1c02a167e968d20c6331faa7c7206a5b57aa5316202 100% [K
parsing GGUF [K
verifying conversion ⠙ [K[?25h[?2026l[?2026h[?25l[A[A[A[1Ggathering model components [K
copying file sha256:8875b53e09efb8221ff4f1c02a167e968d20c6331faa7c7206a5b57aa5316202 100% [K
parsing GGUF [K
verifying conversion ⠹ [K[?25h[?2026l[?2026h[?25l[A[A[A[1Ggathering model components [K
copying file sha256:8875b53e09efb8221ff4f1c02a167e968d20c6331faa7c7206a5b57aa5316202 100% [K
parsing GGUF [K
verifying conversion ⠸ [K[?25h[?2026l[?2026h[?25l[A[A[A[1Ggathering model components [K
copying file sha256:8875b53e09efb8221ff4f1c02a167e968d20c6331faa7c7206a5b57aa5316202 100% [K
parsing GGUF [K
verifying conversion ⠼ [K[?25h[?2026l[?2026h[?25l[A[A[A[1Ggathering model components [K
copying file sha256:8875b53e09efb8221ff4f1c02a167e968d20c6331faa7c7206a5b57aa5316202 100% [K
parsing GGUF [K
verifying conversion ⠴ [K[?25h[?2026l[?2026h[?25l[A[A[A[1Ggathering model components [K
copying file sha256:8875b53e09efb8221ff4f1c02a167e968d20c6331faa7c7206a5b57aa5316202 100% [K
parsing GGUF [K
verifying conversion ⠦ [K[?25h[?2026l[?2026h[?25l[A[A[A[1Ggathering model components [K
copying file sha256:8875b53e09efb8221ff4f1c02a167e968d20c6331faa7c7206a5b57aa5316202 100% [K
parsing GGUF [K
verifying conversion ⠧ [K[?25h[?2026l[?2026h[?25l[A[A[A[1Ggathering model components [K
copying file sha256:8875b53e09efb8221ff4f1c02a167e968d20c6331faa7c7206a5b57aa5316202 100% [K
parsing GGUF [K
verifying conversion ⠇ [K[?25h[?2026l[?2026h[?25l[A[A[A[1Ggathering model components [K
copying file sha256:8875b53e09efb8221ff4f1c02a167e968d20c6331faa7c7206a5b57aa5316202 100% [K
parsing GGUF [K
verifying conversion ⠏ [K[?25h[?2026l[?2026h[?25l[A[A[A[1Ggathering model components [K
copying file sha256:8875b53e09efb8221ff4f1c02a167e968d20c6331faa7c7206a5b57aa5316202 100% [K
parsing GGUF [K
verifying conversion ⠋ [K[?25h[?2026l[?2026h[?25l[A[A[A[1Ggathering model components [K
copying file sha256:8875b53e09efb8221ff4f1c02a167e968d20c6331faa7c7206a5b57aa5316202 100% [K
parsing GGUF [K
verifying conversion ⠙ [K[?25h[?2026l[?2026h[?25l[A[A[A[1Ggathering model components [K
copying file sha256:8875b53e09efb8221ff4f1c02a167e968d20c6331faa7c7206a5b57aa5316202 100% [K
parsing GGUF [K
verifying conversion ⠹ [K[?25h[?2026l[?2026h[?25l[A[A[A[1Ggathering model components [K
copying file sha256:8875b53e09efb8221ff4f1c02a167e968d20c6331faa7c7206a5b57aa5316202 100% [K
parsing GGUF [K
verifying conversion ⠸ [K[?25h[?2026l[?2026h[?25l[A[A[A[1Ggathering model components [K
copying file sha256:8875b53e09efb8221ff4f1c02a167e968d20c6331faa7c7206a5b57aa5316202 100% [K
parsing GGUF [K
verifying conversion ⠼ [K[?25h[?2026l[?2026h[?25l[A[A[A[1Ggathering model components [K
copying file sha256:8875b53e09efb8221ff4f1c02a167e968d20c6331faa7c7206a5b57aa5316202 100% [K
parsing GGUF [K
verifying conversion ⠴ [K[?25h[?2026l[?2026h[?25l[A[A[A[1Ggathering model components [K
copying file sha256:8875b53e09efb8221ff4f1c02a167e968d20c6331faa7c7206a5b57aa5316202 100% [K
parsing GGUF [K
verifying conversion ⠦ [K[?25h[?2026l[?2026h[?25l[A[A[A[1Ggathering model components [K
copying file sha256:8875b53e09efb8221ff4f1c02a167e968d20c6331faa7c7206a5b57aa5316202 100% [K
parsing GGUF [K
verifying conversion ⠧ [K[?25h[?2026l[?2026h[?25l[A[A[A[1Ggathering model components [K
copying file sha256:8875b53e09efb8221ff4f1c02a167e968d20c6331faa7c7206a5b57aa5316202 100% [K
parsing GGUF [K
verifying conversion ⠇ [K[?25h[?2026l[?2026h[?25l[A[A[A[1Ggathering model components [K
copying file sha256:8875b53e09efb8221ff4f1c02a167e968d20c6331faa7c7206a5b57aa5316202 100% [K
parsing GGUF [K
verifying conversion ⠏ [K[?25h[?2026l[?2026h[?25l[A[A[A[1Ggathering model components [K
copying file sha256:8875b53e09efb8221ff4f1c02a167e968d20c6331faa7c7206a5b57aa5316202 100% [K
parsing GGUF [K
verifying conversion ⠋ [K[?25h[?2026l[?2026h[?25l[A[A[A[1Ggathering model components [K
copying file sha256:8875b53e09efb8221ff4f1c02a167e968d20c6331faa7c7206a5b57aa5316202 100% [K
parsing GGUF [K
verifying conversion ⠙ [K[?25h[?2026l[?2026h[?25l[A[A[A[1Ggathering model components [K
copying file sha256:8875b53e09efb8221ff4f1c02a167e968d20c6331faa7c7206a5b57aa5316202 100% [K
parsing GGUF [K
verifying conversion ⠹ [K[?25h[?2026l[?2026h[?25l[A[A[A[1Ggathering model components [K
copying file sha256:8875b53e09efb8221ff4f1c02a167e968d20c6331faa7c7206a5b57aa5316202 100% [K
parsing GGUF [K
verifying conversion ⠸ [K[?25h[?2026l[?2026h[?25l[A[A[A[1Ggathering model components [K
copying file sha256:8875b53e09efb8221ff4f1c02a167e968d20c6331faa7c7206a5b57aa5316202 100% [K
parsing GGUF [K
verifying conversion ⠼ [K[?25h[?2026l[?2026h[?25l[A[A[A[1Ggathering model components [K
copying file sha256:8875b53e09efb8221ff4f1c02a167e968d20c6331faa7c7206a5b57aa5316202 100% [K
parsing GGUF [K
verifying conversion ⠴ [K[?25h[?2026l[?2026h[?25l[A[A[A[1Ggathering model components [K
copying file sha256:8875b53e09efb8221ff4f1c02a167e968d20c6331faa7c7206a5b57aa5316202 100% [K
parsing GGUF [K
verifying conversion ⠦ [K[?25h[?2026l[?2026h[?25l[A[A[A[1Ggathering model components [K
copying file sha256:8875b53e09efb8221ff4f1c02a167e968d20c6331faa7c7206a5b57aa5316202 100% [K
parsing GGUF [K
verifying conversion ⠧ [K[?25h[?2026l[?2026h[?25l[A[A[A[1Ggathering model components [K
copying file sha256:8875b53e09efb8221ff4f1c02a167e968d20c6331faa7c7206a5b57aa5316202 100% [K
parsing GGUF [K
verifying conversion ⠇ [K[?25h[?2026l[?2026h[?25l[A[A[A[1Ggathering model components [K
copying file sha256:8875b53e09efb8221ff4f1c02a167e968d20c6331faa7c7206a5b57aa5316202 100% [K
parsing GGUF [K
verifying conversion ⠏ [K[?25h[?2026l[?2026h[?25l[A[A[A[1Ggathering model components [K
copying file sha256:8875b53e09efb8221ff4f1c02a167e968d20c6331faa7c7206a5b57aa5316202 100% [K
parsing GGUF [K
verifying conversion ⠋ [K[?25h[?2026l[?2026h[?25l[A[A[A[1Ggathering model components [K
copying file sha256:8875b53e09efb8221ff4f1c02a167e968d20c6331faa7c7206a5b57aa5316202 100% [K
parsing GGUF [K
verifying conversion ⠙ [K[?25h[?2026l[?2026h[?25l[A[A[A[1Ggathering model components [K
copying file sha256:8875b53e09efb8221ff4f1c02a167e968d20c6331faa7c7206a5b57aa5316202 100% [K
parsing GGUF [K
verifying conversion ⠹ [K[?25h[?2026l[?2026h[?25l[A[A[A[1Ggathering model components [K
copying file sha256:8875b53e09efb8221ff4f1c02a167e968d20c6331faa7c7206a5b57aa5316202 100% [K
parsing GGUF [K
verifying conversion ⠸ [K[?25h[?2026l[?2026h[?25l[A[A[A[1Ggathering model components [K
copying file sha256:8875b53e09efb8221ff4f1c02a167e968d20c6331faa7c7206a5b57aa5316202 100% [K
parsing GGUF [K
verifying conversion ⠼ [K[?25h[?2026l[?2026h[?25l[A[A[A[1Ggathering model components [K
copying file sha256:8875b53e09efb8221ff4f1c02a167e968d20c6331faa7c7206a5b57aa5316202 100% [K
parsing GGUF [K
verifying conversion ⠴ [K[?25h[?2026l[?2026h[?25l[A[A[A[1Ggathering model components [K
copying file sha256:8875b53e09efb8221ff4f1c02a167e968d20c6331faa7c7206a5b57aa5316202 100% [K
parsing GGUF [K
verifying conversion ⠦ [K[?25h[?2026l[?2026h[?25l[A[A[A[1Ggathering model components [K
copying file sha256:8875b53e09efb8221ff4f1c02a167e968d20c6331faa7c7206a5b57aa5316202 100% [K
parsing GGUF [K
verifying conversion ⠧ [K[?25h[?2026l[?2026h[?25l[A[A[A[1Ggathering model components [K
copying file sha256:8875b53e09efb8221ff4f1c02a167e968d20c6331faa7c7206a5b57aa5316202 100% [K
parsing GGUF [K
verifying conversion ⠇ [K[?25h[?2026l[?2026h[?25l[A[A[A[1Ggathering model components [K
copying file sha256:8875b53e09efb8221ff4f1c02a167e968d20c6331faa7c7206a5b57aa5316202 100% [K
parsing GGUF [K
verifying conversion ⠏ [K[?25h[?2026l[?2026h[?25l[A[A[A[1Ggathering model components [K
copying file sha256:8875b53e09efb8221ff4f1c02a167e968d20c6331faa7c7206a5b57aa5316202 100% [K
parsing GGUF [K
verifying conversion ⠋ [K[?25h[?2026l[?2026h[?25l[A[A[A[1Ggathering model components [K
copying file sha256:8875b53e09efb8221ff4f1c02a167e968d20c6331faa7c7206a5b57aa5316202 100% [K
parsing GGUF [K
verifying conversion ⠙ [K[?25h[?2026l[?2026h[?25l[A[A[A[1Ggathering model components [K
copying file sha256:8875b53e09efb8221ff4f1c02a167e968d20c6331faa7c7206a5b57aa5316202 100% [K
parsing GGUF [K
verifying conversion ⠹ [K[?25h[?2026l[?2026h[?25l[A[A[A[1Ggathering model components [K
copying file sha256:8875b53e09efb8221ff4f1c02a167e968d20c6331faa7c7206a5b57aa5316202 100% [K
parsing GGUF [K
verifying conversion ⠸ [K[?25h[?2026l[?2026h[?25l[A[A[A[1Ggathering model components [K
copying file sha256:8875b53e09efb8221ff4f1c02a167e968d20c6331faa7c7206a5b57aa5316202 100% [K
parsing GGUF [K
verifying conversion ⠼ [K[?25h[?2026l[?2026h[?25l[A[A[A[1Ggathering model components [K
copying file sha256:8875b53e09efb8221ff4f1c02a167e968d20c6331faa7c7206a5b57aa5316202 100% [K
parsing GGUF [K
verifying conversion ⠴ [K[?25h[?2026l[?2026h[?25l[A[A[A[1Ggathering model components [K
copying file sha256:8875b53e09efb8221ff4f1c02a167e968d20c6331faa7c7206a5b57aa5316202 100% [K
parsing GGUF [K
verifying conversion ⠦ [K[?25h[?2026l[?2026h[?25l[A[A[A[1Ggathering model components [K
copying file sha256:8875b53e09efb8221ff4f1c02a167e968d20c6331faa7c7206a5b57aa5316202 100% [K
parsing GGUF [K
verifying conversion ⠧ [K[?25h[?2026l[?2026h[?25l[A[A[A[1Ggathering model components [K
copying file sha256:8875b53e09efb8221ff4f1c02a167e968d20c6331faa7c7206a5b57aa5316202 100% [K
parsing GGUF [K
verifying conversion ⠇ [K[?25h[?2026l[?2026h[?25l[A[A[A[1Ggathering model components [K
copying file sha256:8875b53e09efb8221ff4f1c02a167e968d20c6331faa7c7206a5b57aa5316202 100% [K
parsing GGUF [K
verifying conversion ⠏ [K[?25h[?2026l[?2026h[?25l[A[A[A[1Ggathering model components [K
copying file sha256:8875b53e09efb8221ff4f1c02a167e968d20c6331faa7c7206a5b57aa5316202 100% [K
parsing GGUF [K
verifying conversion ⠋ [K[?25h[?2026l[?2026h[?25l[A[A[A[1Ggathering model components [K
copying file sha256:8875b53e09efb8221ff4f1c02a167e968d20c6331faa7c7206a5b57aa5316202 100% [K
parsing GGUF [K
verifying conversion ⠙ [K[?25h[?2026l[?2026h[?25l[A[A[A[1Ggathering model components [K
copying file sha256:8875b53e09efb8221ff4f1c02a167e968d20c6331faa7c7206a5b57aa5316202 100% [K
parsing GGUF [K
verifying conversion ⠹ [K[?25h[?2026l[?2026h[?25l[A[A[A[1Ggathering model components [K
copying file sha256:8875b53e09efb8221ff4f1c02a167e968d20c6331faa7c7206a5b57aa5316202 100% [K
parsing GGUF [K
verifying conversion ⠸ [K[?25h[?2026l[?2026h[?25l[A[A[A[1Ggathering model components [K
copying file sha256:8875b53e09efb8221ff4f1c02a167e968d20c6331faa7c7206a5b57aa5316202 100% [K
parsing GGUF [K
verifying conversion ⠼ [K[?25h[?2026l[?2026h[?25l[A[A[A[1Ggathering model components [K
copying file sha256:8875b53e09efb8221ff4f1c02a167e968d20c6331faa7c7206a5b57aa5316202 100% [K
parsing GGUF [K
verifying conversion ⠴ [K[?25h[?2026l[?2026h[?25l[A[A[A[1Ggathering model components [K
copying file sha256:8875b53e09efb8221ff4f1c02a167e968d20c6331faa7c7206a5b57aa5316202 100% [K
parsing GGUF [K
verifying conversion ⠦ [K[?25h[?2026l[?2026h[?25l[A[A[A[1Ggathering model components [K
copying file sha256:8875b53e09efb8221ff4f1c02a167e968d20c6331faa7c7206a5b57aa5316202 100% [K
parsing GGUF [K
verifying conversion ⠧ [K[?25h[?2026l[?2026h[?25l[A[A[A[1Ggathering model components [K
copying file sha256:8875b53e09efb8221ff4f1c02a167e968d20c6331faa7c7206a5b57aa5316202 100% [K
parsing GGUF [K
verifying conversion ⠇ [K[?25h[?2026l[?2026h[?25l[A[A[A[1Ggathering model components [K
copying file sha256:8875b53e09efb8221ff4f1c02a167e968d20c6331faa7c7206a5b57aa5316202 100% [K
parsing GGUF [K
verifying conversion ⠏ [K[?25h[?2026l[?2026h[?25l[A[A[A[1Ggathering model components [K
copying file sha256:8875b53e09efb8221ff4f1c02a167e968d20c6331faa7c7206a5b57aa5316202 100% [K
parsing GGUF [K
verifying conversion ⠋ [K[?25h[?2026l[?2026h[?25l[A[A[A[1Ggathering model components [K
copying file sha256:8875b53e09efb8221ff4f1c02a167e968d20c6331faa7c7206a5b57aa5316202 100% [K
parsing GGUF [K
verifying conversion ⠙ [K[?25h[?2026l[?2026h[?25l[A[A[A[1Ggathering model components [K
copying file sha256:8875b53e09efb8221ff4f1c02a167e968d20c6331faa7c7206a5b57aa5316202 100% [K
parsing GGUF [K
verifying conversion ⠹ [K[?25h[?2026l[?2026h[?25l[A[A[A[1Ggathering model components [K
copying file sha256:8875b53e09efb8221ff4f1c02a167e968d20c6331faa7c7206a5b57aa5316202 100% [K
parsing GGUF [K
verifying conversion ⠸ [K[?25h[?2026l[?2026h[?25l[A[A[A[1Ggathering model components [K
copying file sha256:8875b53e09efb8221ff4f1c02a167e968d20c6331faa7c7206a5b57aa5316202 100% [K
parsing GGUF [K
verifying conversion ⠼ [K[?25h[?2026l[?2026h[?25l[A[A[A[1Ggathering model components [K
copying file sha256:8875b53e09efb8221ff4f1c02a167e968d20c6331faa7c7206a5b57aa5316202 100% [K
parsing GGUF [K
verifying conversion ⠴ [K[?25h[?2026l[?2026h[?25l[A[A[A[1Ggathering model components [K
copying file sha256:8875b53e09efb8221ff4f1c02a167e968d20c6331faa7c7206a5b57aa5316202 100% [K
parsing GGUF [K
verifying conversion ⠦ [K[?25h[?2026l[?2026h[?25l[A[A[A[1Ggathering model components [K
copying file sha256:8875b53e09efb8221ff4f1c02a167e968d20c6331faa7c7206a5b57aa5316202 100% [K
parsing GGUF [K
verifying conversion ⠧ [K[?25h[?2026l[?2026h[?25l[A[A[A[1Ggathering model components [K
copying file sha256:8875b53e09efb8221ff4f1c02a167e968d20c6331faa7c7206a5b57aa5316202 100% [K
parsing GGUF [K
verifying conversion ⠇ [K[?25h[?2026l[?2026h[?25l[A[A[A[1Ggathering model components [K
copying file sha256:8875b53e09efb8221ff4f1c02a167e968d20c6331faa7c7206a5b57aa5316202 100% [K
parsing GGUF [K
verifying conversion ⠏ [K[?25h[?2026l[?2026h[?25l[A[A[A[1Ggathering model components [K
copying file sha256:8875b53e09efb8221ff4f1c02a167e968d20c6331faa7c7206a5b57aa5316202 100% [K
parsing GGUF [K
verifying conversion ⠋ [K[?25h[?2026l[?2026h[?25l[A[A[A[1Ggathering model components [K
copying file sha256:8875b53e09efb8221ff4f1c02a167e968d20c6331faa7c7206a5b57aa5316202 100% [K
parsing GGUF [K
verifying conversion ⠙ [K[?25h[?2026l[?2026h[?25l[A[A[A[1Ggathering model components [K
copying file sha256:8875b53e09efb8221ff4f1c02a167e968d20c6331faa7c7206a5b57aa5316202 100% [K
parsing GGUF [K
verifying conversion ⠹ [K[?25h[?2026l[?2026h[?25l[A[A[A[1Ggathering model components [K
copying file sha256:8875b53e09efb8221ff4f1c02a167e968d20c6331faa7c7206a5b57aa5316202 100% [K
parsing GGUF [K
verifying conversion ⠸ [K[?25h[?2026l[?2026h[?25l[A[A[A[1Ggathering model components [K
copying file sha256:8875b53e09efb8221ff4f1c02a167e968d20c6331faa7c7206a5b57aa5316202 100% [K
parsing GGUF [K
verifying conversion ⠼ [K[?25h[?2026l[?2026h[?25l[A[A[A[1Ggathering model components [K
copying file sha256:8875b53e09efb8221ff4f1c02a167e968d20c6331faa7c7206a5b57aa5316202 100% [K
parsing GGUF [K
verifying conversion ⠴ [K[?25h[?2026l[?2026h[?25l[A[A[A[1Ggathering model components [K
copying file sha256:8875b53e09efb8221ff4f1c02a167e968d20c6331faa7c7206a5b57aa5316202 100% [K
parsing GGUF [K
verifying conversion ⠦ [K[?25h[?2026l[?2026h[?25l[A[A[A[1Ggathering model components [K
copying file sha256:8875b53e09efb8221ff4f1c02a167e968d20c6331faa7c7206a5b57aa5316202 100% [K
parsing GGUF [K
verifying conversion ⠧ [K[?25h[?2026l[?2026h[?25l[A[A[A[1Ggathering model components [K
copying file sha256:8875b53e09efb8221ff4f1c02a167e968d20c6331faa7c7206a5b57aa5316202 100% [K
parsing GGUF [K
verifying conversion [K
creating new layer sha256:f7621ec3fca2148259efb41661971e0c4a1d6432b90dd3a2c1f89f662089489a [K
creating new layer sha256:05750015afa8e8d6ab40f23aef2252bb9868a0aa8e5c31c7d81a1788ac1a32b4 [K
creating new layer sha256:74119a7659cdeadb204c18db323b1faf813098c8da0a64eca02b80fb5d60784d [K
writing manifest [K
success [K[?25h[?2026l
✅ DEPLOYMENT COMPLETE!
🌐 The chat website is running on http://localhost:3000
